unique_id,semester,time,consent_pre,plan,level,english_first_language,reading_ability,writing_ability,prior_bio,age,race_complete,gender_complete,PELL_complete,sbu_admit_type_category,citizenship,country_citizenship,family_income,first_generation,high_school_gpa_band,high_school_gpa,cum_college_gpa,PlacementMathScore,PlacementWritingScore,SAT1600Score,SATMathScore,SATVerbalScore,SATWritingScore,SATEssayScore,SATCompScore,cins_01,cins_02,cins_03,cins_04,cins_05,cins_06,cins_07,cins_08,cins_09,cins_10,cins_11,cins_12,cins_13,cins_14,cins_15,cins_16,cins_17,cins_18,cins_19,cins_20,cins_total_pre,cans_01,cans_02,cans_03,cans_04,cans_05,cans_06,cans_07,cans_08,cans_09,cans_10,cans_11,cans_12,cans_13,cans_14,cans_15,cans_16,cans_17,cans_18,cans_19,cans_20,cans_21,cans_22,cans_23,cans_24,cans_total_pre
F13_100,F13,pre,I consent.,2,5,1,4,5,0,28,White,1,0,New,Native,United States,"$105,000+",,95 - 100,99.5,,7,3,1440,740,700,,,1440,1,1,0,1,1,1,0,1,1,1,1,0,1,1,0,1,1,0,1,0,14,,,,,,,,,,,,,,,,,,,,,,,,,
F13_277,F13,pre,I consent.,1,5,1,4,4,3,30,White,1,0,New,Native,United States,NA,,80 - 84.9,83.3,2.3,,,1130,570,560,,,1130,1,1,1,0,1,1,1,0,0,0,1,1,0,1,1,1,1,0,1,1,14,,,,,,,,,,,,,,,,,,,,,,,,,
F13_213,F13,pre,I consent.,2,4,1,5,5,3,18,Asian,0,0,Transfer,Naturalized,Unknown,"$65,000-84,999",,85 - 89.9,87,2.3,,3,1160,610,550,,,1160,1,1,1,1,1,0,1,1,0,0,0,0,0,1,1,1,0,1,0,1,12,,,,,,,,,,,,,,,,,,,,,,,,,
F13_124,F13,pre,I consent.,3,6,2,2,2,0,26,Asian,1,0,New,Native,United States,"$85,000-104,999",,80 - 84.9,84.33,3.09,,3,970,550,420,,,970,1,0,0,0,0,0,0,0,1,0,0,0,0,1,0,1,1,0,0,0,5,,,,,,,,,,,,,,,,,,,,,,,,,
F13_098,F13,pre,I consent.,3,6,1,5,5,3,25,White,1,0,New,Native,United States,NA,,85 - 89.9,87,,,,1130,620,510,530,8,1130,0,1,1,1,1,1,1,1,1,0,1,1,1,1,1,1,1,0,1,1,17,,,,,,,,,,,,,,,,,,,,,,,,,
F13_063,F13,pre,I consent.,3,5,2,5,5,3,24,White,0,0,Transfer,Naturalized,Brazil,NA,,90 - 94.9,91,3.17,,,1290,700,590,600,9,1290,1,1,1,0,1,1,0,1,1,1,1,1,1,1,1,1,0,1,1,1,17,,,,,,,,,,,,,,,,,,,,,,,,,
F13_202,F13,pre,I consent.,2,5,2,3,4,0,23,Black/African American,0,1,Transfer,Native,United States,"$85,000-104,999",,Unknown,,2.39,,,960,500,460,410,8,960,1,1,1,1,1,0,1,0,1,1,1,0,1,1,1,1,0,1,1,1,16,,,,,,,,,,,,,,,,,,,,,,,,,
F13_101,F13,pre,I consent.,2,4,3,3,4,0,20,Asian,1,0,Transfer,Native,United States,"$185,000+",,90 - 94.9,94.56,1.68,,,1410,670,640,570,,1310,0,1,1,0,1,0,1,0,0,0,1,1,1,0,1,0,0,1,1,0,10,,,,,,,,,,,,,,,,,,,,,,,,,
F13_099,F13,pre,I consent.,1,5,,,3,3,22,Black/African American,0,0,Transfer,Native,United States,"$85,000-104,999",,Unknown,,3.16,,,1040,600,440,450,6,1040,1,1,0,0,1,0,0,1,0,0,1,1,0,0,0,1,1,0,1,0,9,,,,,,,,,,,,,,,,,,,,,,,,,
F13_005,F13,pre,I consent.,1,3,3,3,2,2,15,tive Hawaiian/Other Pacific Island,0,0,Transfer,Native,United States,"$15,000-29,999",,90 - 94.9,91,,,,1270,610,660,560,9,1270,1,1,1,0,0,0,1,1,0,0,0,0,1,0,0,1,0,0,0,0,7,,,,,,,,,,,,,,,,,,,,,,,,,
F13_012,F13,pre,I consent.,3,6,1,2,2,3,23,Asian,1,0,Transfer,Native,United States,"105,000-124,999",,85 - 89.9,89,3.46,3,,1060,550,510,510,10,1060,1,1,1,0,0,0,1,1,1,1,1,0,0,1,0,0,0,1,0,1,11,,,,,,,,,,,,,,,,,,,,,,,,,
F13_019,F13,pre,I consent.,2,5,1,4,3,0,22,Black/African American,0,1,Transfer,Native,United States,"$30,000-44,999",,Below 75,70,2.71,1,,,,,,,,1,0,1,0,0,0,0,0,1,0,0,0,0,0,0,0,0,0,0,0,3,,,,,,,,,,,,,,,,,,,,,,,,,
F13_209,F13,pre,I consent.,1,4,2,5,5,2,23,Black/African American,1,1,Transfer,Native,United States,"$0-14,999",,Unknown,,3.09,,,770,,,,,,1,1,1,0,1,0,0,0,0,0,1,0,1,1,1,0,0,0,0,0,8,,,,,,,,,,,,,,,,,,,,,,,,,
F13_138,F13,pre,I consent.,1,5,1,5,5,3,19,White,1,0,New,Native,United States,"$185,000+",,95 - 100,99,,8,,1450,750,700,700,11,1450,1,1,1,0,1,1,1,1,0,0,1,1,1,1,0,1,1,0,1,1,15,,,,,,,,,,,,,,,,,,,,,,,,,
F13_223,F13,pre,I consent.,1,4,1,4,3,3,22,Hispanic of any race,0,1,Transfer,Native,United States,"$0-14,999",,80 - 84.9,83,3.04,,,720,380,340,340,8,720,0,1,1,0,1,0,0,0,1,1,0,1,1,1,1,1,0,1,1,1,13,,,,,,,,,,,,,,,,,,,,,,,,,
F13_126,F13,pre,I consent.,1,3,1,3,3,0,19,White,1,0,Transfer,Native,United States,"$85,000-104,999",,Unknown,,3.34,4,,1220,610,560,540,,1170,1,1,1,0,1,0,1,0,1,0,1,1,0,1,1,0,0,1,0,0,11,,,,,,,,,,,,,,,,,,,,,,,,,
F13_015,F13,pre,I consent.,3,4,1,5,5,0,22,Hispanic of any race,1,0,Transfer,Native,United States,"$65,000-84,999",,Unknown,,3.15,2.5,,1050,530,520,470,8,1050,1,1,1,0,0,0,0,0,0,1,0,1,0,1,0,0,0,0,0,0,6,,,,,,,,,,,,,,,,,,,,,,,,,
F13_159,F13,pre,I consent.,1,5,1,3,3,3,22,Asian,1,0,New,Alien Permanent,India,NA,,85 - 89.9,89,,4,,1150,610,540,500,9,1150,0,1,0,0,1,1,1,1,0,1,0,0,0,0,1,0,0,0,1,0,8,,,,,,,,,,,,,,,,,,,,,,,,,
F13_198,F13,pre,I consent.,3,6,1,4,3,0,21,Asian,1,0,Transfer,Native,United States,NA,,90 - 94.9,92,,,,1120,590,440,550,8,1030,1,1,1,1,1,1,1,1,1,1,1,1,1,1,1,1,1,1,1,1,20,,,,,,,,,,,,,,,,,,,,,,,,,
F13_195,F13,pre,I consent.,2,4,2,5,3,0,22,Asian,1,1,New,Native,United States,"$30,000-44,999",,90 - 94.9,91,,4,,1210,670,540,540,6,1210,1,1,1,1,0,1,1,1,1,1,1,0,1,1,0,1,1,1,1,1,17,,,,,,,,,,,,,,,,,,,,,,,,,
F13_073,F13,pre,I consent.,2,5,1,3,3,3,22,Asian,0,1,New,Native,United States,"$30,000-44,999",,90 - 94.9,94,,4,,1130,,,,,,0,1,1,0,0,1,0,0,1,1,1,1,0,1,1,1,1,1,1,1,14,,,,,,,,,,,,,,,,,,,,,,,,,
F13_263,F13,pre,I consent.,1,5,1,5,5,3,21,Black/African American,1,0,New,Native,United States,NA,,95 - 100,98,,,,1380,730,650,690,7,1380,1,1,1,0,1,1,1,1,1,1,1,1,0,1,1,1,1,1,0,1,17,,,,,,,,,,,,,,,,,,,,,,,,,
F13_240,F13,pre,I consent.,1,4,1,5,5,2,22,White,0,1,New,Native,United States,"$45,000-64,999",,90 - 94.9,90,,3,,1100,570,530,500,8,1100,0,0,1,0,0,1,0,1,0,0,0,1,0,1,0,1,0,1,0,0,7,,,,,,,,,,,,,,,,,,,,,,,,,
F13_120,F13,pre,I consent.,3,5,2,5,4,3,21,Asian,1,0,New,Naturalized,Unknown,NA,,90 - 94.9,94,,3,,1240,600,640,560,8,1240,1,1,1,0,1,0,1,0,1,1,0,0,0,0,0,1,0,1,1,1,11,,,,,,,,,,,,,,,,,,,,,,,,,
F13_293,F13,pre,I consent.,1,5,2,4,5,3,22,Asian,1,1,New,Alien Permanent,Chi,"$15,000-29,999",,85 - 89.9,88,,,2,1260,770,490,490,6,1260,1,1,1,0,1,1,0,1,0,0,0,0,0,1,0,0,0,1,0,1,9,,,,,,,,,,,,,,,,,,,,,,,,,
F13_003,F13,pre,I consent.,1,5,2,4,4,3,21,Asian,1,1,Other,Naturalized,Bangladesh,"$15,000-29,999",,95 - 100,96,,3,,950,510,440,410,,950,1,1,1,0,1,1,1,1,0,1,1,1,0,1,1,0,1,0,1,1,15,,,,,,,,,,,,,,,,,,,,,,,,,
F13_150,F13,pre,I consent.,1,4,2,5,5,3,21,White,0,0,Transfer,Naturalized,South Africa,"$65,000-84,999",,90 - 94.9,93,3.11,,,1040,600,440,540,6,1040,1,1,1,0,1,1,1,1,1,1,0,1,0,0,1,1,1,1,1,1,16,,,,,,,,,,,,,,,,,,,,,,,,,
F13_289,F13,pre,I consent.,1,5,1,4,4,3,21,Asian,0,1,Transfer,Native,United States,"$15,000-29,999",,85 - 89.9,89,,4,,1070,570,500,490,8,1070,1,1,0,0,1,0,0,0,0,1,1,1,0,1,1,1,1,1,1,1,13,,,,,,,,,,,,,,,,,,,,,,,,,
F13_291,F13,pre,I consent.,1,5,1,3,3,3,21,Asian,1,1,New,Native,United States,"$45,000-64,999",,90 - 94.9,93,,6,,1230,690,540,620,9,1230,1,1,1,0,0,0,1,0,0,1,0,0,0,0,0,1,0,0,1,1,8,,,,,,,,,,,,,,,,,,,,,,,,,
F13_251,F13,pre,I consent.,2,5,1,3,3,0,20,White,0,0,New,Native,United States,"105,000-124,999",,95 - 100,97.1,,4,,1150,600,540,560,9,1140,1,1,1,0,1,0,0,0,1,1,1,0,1,1,0,0,0,0,0,0,9,,,,,,,,,,,,,,,,,,,,,,,,,
F13_004,F13,pre,I consent.,1,5,2,4,4,3,20,Asian,1,0,New,Native,United States,"$145,000-164,999",,95 - 100,99.46,,5,,1370,730,640,750,11,1370,1,1,1,0,0,1,0,1,0,0,1,0,1,0,0,0,1,1,1,0,10,,,,,,,,,,,,,,,,,,,,,,,,,
F13_191,F13,pre,I consent.,1,5,1,5,5,3,20,Asian,1,0,New,Native,United States,"$45,000-64,999",,95 - 100,95,,8,,1380,740,640,740,11,1380,1,1,1,1,1,1,1,1,0,1,1,1,1,0,1,0,1,0,1,1,16,,,,,,,,,,,,,,,,,,,,,,,,,
F13_296,F13,pre,I consent.,2,4,1,3,3,0,21,White,1,0,Transfer,Native,United States,"$165,000-184,999",,75 - 79.9,79,3.04,4,,1260,630,630,630,8,1260,1,1,1,0,1,1,1,1,0,1,1,1,0,1,1,0,1,1,1,1,16,,,,,,,,,,,,,,,,,,,,,,,,,
F13_026,F13,pre,I consent.,2,5,2,4,4,3,20,Asian,0,0,New,Native,United States,NA,,85 - 89.9,88,,3,,1200,610,590,650,8,1200,1,1,1,0,1,1,1,0,1,1,1,1,0,1,1,1,1,1,1,1,17,,,,,,,,,,,,,,,,,,,,,,,,,
F13_129,F13,pre,I consent.,2,5,2,3,3,3,21,Asian,0,1,Other,Native,United States,NA,,90 - 94.9,94,,5,4,1170,630,540,570,8,1170,1,1,1,0,1,0,0,0,0,1,1,1,0,0,0,1,0,0,0,0,8,,,,,,,,,,,,,,,,,,,,,,,,,
F13_229,F13,pre,I consent.,1,3,1,5,4,1,20,Asian,1,1,New,Native,United States,"$30,000-44,999",,90 - 94.9,90,,4,,1130,640,490,600,9,1130,1,1,1,0,0,0,1,0,0,1,1,1,0,0,1,1,0,0,0,0,9,,,,,,,,,,,,,,,,,,,,,,,,,
F13_271,F13,pre,I consent.,1,4,1,4,4,3,21,Hispanic of any race,1,1,New,Native,United States,NA,,85 - 89.9,86,,3,,1160,590,570,540,6,1160,1,1,1,0,0,0,0,1,0,0,1,0,0,1,0,0,0,0,1,0,7,,,,,,,,,,,,,,,,,,,,,,,,,
F13_238,F13,pre,I consent.,1,5,1,4,5,3,21,Asian,0,1,Other,Native,United States,"$15,000-29,999",,90 - 94.9,93,,7,,1220,640,580,640,10,1220,0,1,1,0,1,0,0,0,1,1,0,1,0,1,1,1,0,1,0,0,10,,,,,,,,,,,,,,,,,,,,,,,,,
F13_052,F13,pre,I consent.,1,5,1,5,5,3,20,White,1,0,New,Native,United States,"$125,000-144,999",,95 - 100,100,,4,,1210,,,,,,1,1,1,0,0,1,1,0,1,1,1,1,0,1,1,1,0,1,1,1,15,,,,,,,,,,,,,,,,,,,,,,,,,
F13_044,F13,pre,I consent.,1,4,1,3,3,3,21,Black/African American,0,0,Transfer,Native,United States,"$85,000-104,999",,Unknown,,3.25,,,830,450,380,400,,830,0,0,0,0,1,0,0,0,0,1,1,0,0,1,0,1,0,0,0,0,5,,,,,,,,,,,,,,,,,,,,,,,,,
F13_292,F13,pre,I consent.,2,5,2,5,5,3,21,Hispanic of any race,0,1,Transfer,Native,United States,"$15,000-29,999",,80 - 84.9,83,3.07,,,950,530,420,460,8,950,1,0,1,0,0,0,0,0,0,0,1,1,0,0,0,1,0,1,0,0,6,,,,,,,,,,,,,,,,,,,,,,,,,
F13_033,F13,pre,I consent.,1,5,1,4,3,3,21,Asian,0,0,New,Native,United States,"$15,000-29,999",,95 - 100,95,,,,1280,670,610,540,10,1280,1,1,1,0,1,0,1,0,1,0,1,0,0,0,0,0,1,1,1,0,10,,,,,,,,,,,,,,,,,,,,,,,,,
F13_054,F13,pre,I consent.,1,5,1,5,5,3,21,White,0,0,New,Native,United States,"$45,000-64,999",,95 - 100,97.43,,7,,1270,680,590,610,8,1270,1,1,1,1,1,1,1,1,0,0,0,1,0,0,0,0,1,0,0,1,11,,,,,,,,,,,,,,,,,,,,,,,,,
F13_265,F13,pre,I consent.,1,3,1,5,5,1,20,White,1,0,New,Native,United States,"$65,000-84,999",,90 - 94.9,91,,3,,1270,640,600,590,,1240,1,1,1,1,1,1,1,1,0,1,1,1,1,1,1,1,1,1,1,1,19,,,,,,,,,,,,,,,,,,,,,,,,,
F13_152,F13,pre,I consent.,2,5,2,2,2,0,22,Asian,1,0,New,Naturalized,Chi,NA,,90 - 94.9,91,,,1,1170,730,440,420,6,1170,1,1,1,0,1,1,0,0,0,1,0,0,0,1,1,1,0,1,1,0,11,,,,,,,,,,,,,,,,,,,,,,,,,
F13_219,F13,pre,I consent.,1,5,2,5,4,3,21,Asian,0,1,New,Alien Permanent,Indonesia,"$15,000-29,999",,90 - 94.9,93.01,,4,,1230,650,580,580,8,1230,0,1,1,1,1,1,0,0,0,1,1,0,1,0,1,1,0,0,1,0,11,,,,,,,,,,,,,,,,,,,,,,,,,
F13_085,F13,pre,I consent.,1,5,1,3,3,3,23,White,0,1,Transfer,Native,United States,"$30,000-44,999",,Unknown,,3.4,2,,,,,,,,1,1,1,0,1,0,0,0,1,1,1,1,0,1,1,1,1,1,0,0,13,,,,,,,,,,,,,,,,,,,,,,,,,
F13_075,F13,pre,I consent.,3,3,1,5,5,0,20,White,0,1,Transfer,Native,United States,NA,,90 - 94.9,92,1.6,,,1080,520,440,500,,960,1,1,1,0,1,0,1,1,1,1,1,1,0,1,1,1,1,0,1,1,16,,,,,,,,,,,,,,,,,,,,,,,,,
F13_226,F13,pre,I consent.,1,3,2,5,5,0,20,Hispanic of any race,0,1,New,Native,United States,"$0-14,999",,85 - 89.9,85,,3,,960,440,520,450,6,960,1,1,1,0,0,1,0,1,0,1,1,1,0,1,1,0,0,0,1,1,12,,,,,,,,,,,,,,,,,,,,,,,,,
F13_188,F13,pre,I consent.,2,4,1,4,4,1,19,White,1,0,New,Native,United States,NA,,95 - 100,99,4,5,,1250,660,590,590,,1250,0,1,1,0,0,0,1,1,1,1,1,1,0,0,0,1,1,0,1,0,11,,,,,,,,,,,,,,,,,,,,,,,,,
F13_246,F13,pre,I consent.,1,5,2,5,5,3,19,White,1,0,New,Native,United States,"105,000-124,999",,95 - 100,98,4,4,,1290,700,590,590,9,1290,0,1,1,0,0,0,0,1,0,1,1,1,0,0,1,0,0,1,0,0,8,,,,,,,,,,,,,,,,,,,,,,,,,
F13_283,F13,pre,I consent.,2,4,3,3,2,2,19,White,1,0,New,Native,United States,"$85,000-104,999",,90 - 94.9,90,,5,,1250,650,600,630,8,1250,1,1,1,0,0,0,1,0,0,0,0,0,0,0,0,1,1,1,1,0,8,,,,,,,,,,,,,,,,,,,,,,,,,
F13_115,F13,pre,I consent.,1,4,1,2,2,3,19,Asian,0,0,New,Alien Temporary,Cada,"$185,000+",,85 - 89.9,87,,5,,1160,650,510,550,9,1160,1,1,1,0,1,0,1,0,1,0,1,1,0,0,0,0,0,1,1,0,10,,,,,,,,,,,,,,,,,,,,,,,,,
F13_136,F13,pre,I consent.,1,4,1,4,4,3,20,White,1,0,New,Native,United States,NA,,95 - 100,99,,4,,1490,700,790,620,9,1490,1,1,1,0,1,1,0,1,0,1,1,1,1,1,1,0,0,0,1,0,13,,,,,,,,,,,,,,,,,,,,,,,,,
F13_278,F13,pre,I consent.,2,4,2,2,2,3,23,Asian,0,1,Other,Alien Permanent,Chi,"$15,000-29,999",,95 - 100,99,,,2,1150,690,460,480,8,1150,0,0,1,1,1,0,0,1,1,0,1,1,1,1,0,1,0,1,1,1,13,,,,,,,,,,,,,,,,,,,,,,,,,
F13_108,F13,pre,I consent.,1,4,1,5,5,3,20,Asian,0,0,New,Native,United States,NA,,85 - 89.9,85,,2,,1160,570,570,590,9,1140,1,1,0,0,1,0,0,0,1,1,1,1,0,0,0,1,0,0,1,0,9,,,,,,,,,,,,,,,,,,,,,,,,,
F13_116,F13,pre,I consent.,1,4,1,5,5,0,19,White,0,0,Transfer,Native,United States,"105,000-124,999",,90 - 94.9,90,3.6,,,1160,570,590,630,9,1160,1,1,1,0,1,0,0,1,0,1,1,1,0,1,0,0,1,0,0,0,10,,,,,,,,,,,,,,,,,,,,,,,,,
F13_285,F13,pre,I consent.,1,4,1,3,4,3,19,White,0,0,Other,Native,United States,"$85,000-104,999",,90 - 94.9,94,,5,,1240,690,550,590,8,1240,1,1,1,0,1,1,1,1,1,1,1,1,1,1,1,1,0,1,1,1,18,,,,,,,,,,,,,,,,,,,,,,,,,
F13_058,F13,pre,I consent.,1,4,1,5,5,3,20,White,1,0,New,Native,United States,NA,,90 - 94.9,94,,2.5,,1210,,,,,,1,1,1,0,0,1,1,0,1,1,0,1,1,1,0,0,1,1,1,1,14,,,,,,,,,,,,,,,,,,,,,,,,,
F13_232,F13,pre,I consent.,1,4,1,5,4,2,20,Asian,1,0,New,Alien Temporary,India,"$125,000-144,999",,85 - 89.9,87,,3,,1100,570,530,440,8,1100,1,0,1,1,1,0,0,1,0,1,0,1,0,0,0,0,0,1,1,0,9,,,,,,,,,,,,,,,,,,,,,,,,,
F13_014,F13,pre,I consent.,2,3,3,2,2,3,20,Asian,0,1,New,Native,United States,"$45,000-64,999",,90 - 94.9,92,,,,1180,580,600,490,8,1180,0,1,1,0,0,1,0,1,0,0,0,1,1,0,0,0,0,0,0,0,6,,,,,,,,,,,,,,,,,,,,,,,,,
F13_103,F13,pre,I consent.,2,4,2,5,5,3,19,Asian,1,0,New,Native,United States,"$30,000-44,999",,80 - 84.9,82,,4,,1380,730,650,600,8,1380,0,1,1,0,1,0,1,0,0,0,1,1,0,1,1,0,0,1,0,0,9,,,,,,,,,,,,,,,,,,,,,,,,,
F13_158,F13,pre,I consent.,1,4,1,5,5,3,20,Hispanic of any race,1,0,Transfer,Native,United States,"$145,000-164,999",,90 - 94.9,90,,,,1210,630,580,600,8,1210,1,1,1,0,1,1,1,1,0,1,1,1,0,1,1,0,1,1,1,0,15,,,,,,,,,,,,,,,,,,,,,,,,,
F13_216,F13,pre,I consent.,3,3,1,5,5,0,20,White,1,0,Transfer,Native,United States,"$125,000-144,999",,90 - 94.9,94,2.9,2.5,,1080,510,570,540,8,1080,1,1,0,0,0,0,1,1,0,0,0,0,1,0,0,0,1,0,1,1,8,,,,,,,,,,,,,,,,,,,,,,,,,
F13_171,F13,pre,I consent.,2,4,2,4,4,0,19,Hispanic of any race,1,1,New,Native,United States,"$0-14,999",,95 - 100,96,,4,,1010,570,440,500,10,1010,1,1,1,0,1,0,0,0,0,0,0,1,0,1,0,1,0,0,0,0,7,,,,,,,,,,,,,,,,,,,,,,,,,
F13_059,F13,pre,I consent.,2,5,2,3,3,3,19,Asian,1,1,New,Naturalized,Unknown,"$30,000-44,999",,85 - 89.9,88,2.7,4,,1340,660,680,640,10,1340,0,1,0,1,0,0,0,0,0,0,0,0,1,0,0,1,0,0,1,0,5,,,,,,,,,,,,,,,,,,,,,,,,,
F13_259,F13,pre,I consent.,1,4,1,4,4,3,19,Asian,0,0,New,Native,United States,"$65,000-84,999",,95 - 100,99,,6,,1340,670,670,650,10,1340,1,1,1,0,1,1,1,1,0,0,0,0,1,0,0,1,1,1,1,0,12,,,,,,,,,,,,,,,,,,,,,,,,,
F13_051,F13,pre,I consent.,1,3,1,5,5,3,20,White,1,0,New,Native,United States,"$85,000-104,999",,90 - 94.9,94,,4,,1120,540,480,540,9,1020,0,1,1,1,1,0,1,1,1,0,1,1,1,1,0,1,0,0,0,0,12,,,,,,,,,,,,,,,,,,,,,,,,,
F13_031,F13,pre,I consent.,1,4,2,1,1,0,20,Asian,0,1,Transfer,Naturalized,Chi,"$15,000-29,999",,90 - 94.9,92,,7,2,1140,750,390,430,7,1140,0,1,1,0,0,0,0,0,0,1,1,0,0,1,1,1,0,0,0,0,7,,,,,,,,,,,,,,,,,,,,,,,,,
F13_025,F13,pre,I consent.,2,3,1,3,3,3,19,Hispanic of any race,1,0,New,Native,United States,"$85,000-104,999",,85 - 89.9,86,,2.5,,1300,630,670,610,10,1300,1,1,0,1,1,1,1,0,1,0,1,0,1,0,0,0,0,1,0,0,10,,,,,,,,,,,,,,,,,,,,,,,,,
F13_163,F13,pre,I consent.,1,4,1,2,2,3,20,Asian,1,0,Transfer,Alien Permanent,India,"$65,000-84,999",,85 - 89.9,88,3.3,,,860,430,430,390,8,860,1,1,1,0,0,0,0,0,0,0,0,0,0,0,0,0,0,1,1,0,5,,,,,,,,,,,,,,,,,,,,,,,,,
F13_112,F13,pre,I consent.,1,4,2,2,2,3,20,Asian,0,0,New,Native,United States,NA,,90 - 94.9,91,,,,1230,590,640,600,10,1230,1,0,1,0,1,1,0,1,1,0,0,0,1,0,0,0,1,0,0,0,8,,,,,,,,,,,,,,,,,,,,,,,,,
F13_078,F13,pre,I consent.,1,4,1,2,3,3,20,Black/African American,0,1,New,Native,United States,"$30,000-44,999",,85 - 89.9,89,,8,,980,530,450,520,10,980,1,1,1,0,1,0,0,1,0,1,1,1,0,1,0,0,0,0,0,1,10,,,,,,,,,,,,,,,,,,,,,,,,,
F13_244,F13,pre,I consent.,3,4,1,5,5,3,19,Asian,0,0,New,Native,United States,"$85,000-104,999",,95 - 100,97,,6,,1130,530,600,660,11,1130,0,1,1,0,1,0,0,1,0,1,0,1,0,1,1,1,0,1,1,0,11,,,,,,,,,,,,,,,,,,,,,,,,,
F13_079,F13,pre,I consent.,1,4,1,5,5,1,19,White,1,0,Transfer,Native,United States,NA,,90 - 94.9,91,3.47,,,,,,,,,1,1,1,0,0,0,1,0,0,1,1,0,0,0,1,1,0,0,1,0,9,,,,,,,,,,,,,,,,,,,,,,,,,
F13_048,F13,pre,I consent.,1,4,1,5,5,2,22,White,0,0,Transfer,Native,United States,NA,,95 - 100,96,3.46,,,1250,650,600,640,,1250,1,1,1,0,1,0,0,0,1,1,1,1,0,1,1,1,0,0,0,0,11,,,,,,,,,,,,,,,,,,,,,,,,,
F13_089,F13,pre,I consent.,2,3,1,5,5,2,19,Asian,1,0,Transfer,Native,United States,"$185,000+",,Unknown,,2.5,3,,1120,610,510,540,8,1120,1,1,1,0,1,0,0,1,0,1,1,1,0,1,1,1,0,0,0,1,12,,,,,,,,,,,,,,,,,,,,,,,,,
F13_161,F13,pre,I consent.,1,5,1,5,5,3,20,White,1,0,New,Native,United States,"$65,000-84,999",,95 - 100,99,,4,,1390,670,720,670,10,1390,1,1,1,1,1,1,1,1,1,1,1,1,1,1,1,0,1,1,1,1,19,,,,,,,,,,,,,,,,,,,,,,,,,
F13_008,F13,pre,I consent.,2,4,1,5,4,2,19,Asian,0,0,New,Native,United States,"$85,000-104,999",,95 - 100,96,,3,,1100,530,570,660,11,1100,0,1,1,0,0,0,0,0,0,0,0,0,0,1,1,0,0,1,1,0,6,,,,,,,,,,,,,,,,,,,,,,,,,
F13_102,F13,pre,I consent.,2,4,1,3,3,0,20,Asian,0,1,New,Native,United States,"$45,000-64,999",,95 - 100,95,,3,,1150,570,580,580,,1150,1,1,1,0,0,0,0,0,1,1,1,1,1,0,0,0,0,1,0,0,9,,,,,,,,,,,,,,,,,,,,,,,,,
F13_224,F13,pre,I consent.,1,4,1,4,4,3,20,Asian,1,1,New,Native,United States,NA,,85 - 89.9,87,,4,,1350,670,680,660,10,1350,1,1,1,0,0,0,0,0,0,1,0,0,0,0,0,0,0,0,0,1,5,,,,,,,,,,,,,,,,,,,,,,,,,
F13_016,F13,pre,I consent.,2,3,1,5,5,0,20,White,1,0,New,Native,United States,"$65,000-84,999",,85 - 89.9,88,,3,,1280,640,640,630,6,1280,1,1,1,1,1,1,1,1,0,1,1,1,1,1,1,1,1,0,1,1,18,,,,,,,,,,,,,,,,,,,,,,,,,
F13_290,F13,pre,I consent.,1,5,1,3,2,3,20,Asian,0,0,New,Native,United States,"$45,000-64,999",,90 - 94.9,90,,8,,1340,710,630,710,9,1340,1,1,1,1,1,0,0,1,1,0,1,1,1,1,0,1,0,1,1,0,14,,,,,,,,,,,,,,,,,,,,,,,,,
F13_295,F13,pre,I consent.,1,4,2,4,4,0,19,Asian,0,1,Transfer,Native,United States,"$15,000-29,999",,95 - 100,96,,5,,1140,620,520,560,9,1140,1,1,1,1,1,1,1,0,1,1,0,1,0,1,1,1,0,1,0,0,14,,,,,,,,,,,,,,,,,,,,,,,,,
F13_135,F13,pre,I consent.,1,4,1,3,3,3,20,White,0,0,New,Native,United States,"$185,000+",,95 - 100,99,,8,,1260,690,530,620,10,1220,1,1,0,0,1,0,0,0,0,1,1,0,0,0,0,1,0,1,0,0,7,,,,,,,,,,,,,,,,,,,,,,,,,
F13_074,F13,pre,I consent.,2,4,1,5,4,0,20,White,0,0,New,Native,United States,"$85,000-104,999",,95 - 100,96,,5,,1270,680,590,640,9,1270,1,1,1,0,0,0,0,0,1,1,1,1,0,1,1,1,0,0,0,0,10,,,,,,,,,,,,,,,,,,,,,,,,,
F13_017,F13,pre,I consent.,2,4,2,4,4,0,19,Hispanic of any race,1,1,New,Native,United States,"$0-14,999",,80 - 84.9,81,,3,,910,480,430,460,,910,1,1,0,0,0,0,0,0,0,1,1,0,1,0,0,0,0,0,1,0,6,,,,,,,,,,,,,,,,,,,,,,,,,
F13_020,F13,pre,I consent.,1,4,1,5,5,3,19,Black/African American,0,1,New,Native,United States,NA,,95 - 100,97,,2,,1100,550,550,520,9,1100,0,0,0,1,0,0,0,0,0,0,0,0,0,0,0,0,0,1,0,0,2,,,,,,,,,,,,,,,,,,,,,,,,,
F13_162,F13,pre,I consent.,2,4,2,3,4,3,20,Asian,1,0,New,Naturalized,Unknown,"$85,000-104,999",,95 - 100,99,,5,,1380,710,670,610,8,1380,1,1,1,0,1,1,1,1,1,0,1,1,0,1,1,1,1,0,0,0,14,,,,,,,,,,,,,,,,,,,,,,,,,
F13_143,F13,pre,I consent.,2,4,2,3,3,3,20,Asian,0,0,New,Alien Temporary,Chi,NA,,90 - 94.9,93,,5,2,,,,,,,0,1,1,0,1,0,0,0,0,1,1,0,0,1,0,1,0,1,0,0,8,,,,,,,,,,,,,,,,,,,,,,,,,
F13_067,F13,pre,I consent.,1,4,1,5,5,3,20,Asian,1,0,New,Native,United States,NA,,95 - 100,98,,5,,1210,590,620,570,9,1210,1,1,1,0,1,1,1,0,0,1,1,1,0,1,1,0,1,1,1,1,15,,,,,,,,,,,,,,,,,,,,,,,,,
F13_096,F13,pre,I consent.,1,5,1,4,4,3,19,,0,0,New,Native,United States,NA,,90 - 94.9,93,,,,1420,,,,,,1,1,1,0,0,1,0,1,0,0,1,1,0,1,0,0,0,1,1,1,11,,,,,,,,,,,,,,,,,,,,,,,,,
F13_275,F13,pre,I consent.,1,4,1,5,5,3,19,White,1,0,New,Native,United States,"$125,000-144,999",,90 - 94.9,91,,5,,1410,780,630,660,10,1410,1,1,1,1,1,1,1,1,1,1,1,1,1,1,1,1,1,1,1,1,20,,,,,,,,,,,,,,,,,,,,,,,,,
F13_155,F13,pre,I consent.,1,4,1,5,4,3,20,Asian,1,0,New,Naturalized,Unknown,"$65,000-84,999",,85 - 89.9,87,,3,,1320,710,610,670,12,1320,1,1,1,0,1,0,0,0,1,0,1,1,1,1,1,0,0,1,0,0,11,,,,,,,,,,,,,,,,,,,,,,,,,
F13_181,F13,pre,I consent.,1,4,1,5,4,2,20,Asian,0,0,New,Native,United States,"$85,000-104,999",,95 - 100,95,,3,,1270,630,640,630,9,1270,0,1,1,0,0,0,1,0,0,1,0,0,0,0,0,1,1,0,0,0,6,,,,,,,,,,,,,,,,,,,,,,,,,
F13_147,F13,pre,I consent.,1,4,1,4,4,3,20,Asian,0,0,Other,Native,United States,NA,,80 - 84.9,82,,4,,1260,680,580,550,4,1260,0,1,1,1,1,1,1,0,0,0,1,1,1,1,1,1,1,0,1,1,15,,,,,,,,,,,,,,,,,,,,,,,,,
F13_245,F13,pre,I consent.,2,4,1,4,2,0,20,,1,0,Transfer,Native,United States,NA,,NA,,3.1,,,1150,570,580,520,9,1150,1,1,1,0,1,0,0,0,0,0,0,0,0,1,0,1,0,0,0,0,6,,,,,,,,,,,,,,,,,,,,,,,,,
F13_233,F13,pre,I consent.,1,4,1,3,3,3,19,Asian,0,0,New,Native,United States,"$65,000-84,999",,85 - 89.9,87,,3,,1060,540,520,480,8,1060,1,0,1,0,1,0,0,0,1,0,1,1,0,1,0,1,0,0,0,1,9,,,,,,,,,,,,,,,,,,,,,,,,,
F13_172,F13,pre,I consent.,1,5,2,3,3,3,19,White,0,0,New,Alien Temporary,Israel,"$15,000-29,999",,95 - 100,99,3.88,5,,1170,640,530,590,8,1170,0,1,1,0,1,0,1,0,1,0,1,1,0,1,1,1,1,1,1,1,14,,,,,,,,,,,,,,,,,,,,,,,,,
F13_082,F13,pre,I consent.,2,4,1,5,5,0,20,White,1,0,New,Native,United States,"$125,000-144,999",,90 - 94.9,92,,4,,1230,600,570,590,,1170,1,1,0,0,1,0,0,0,1,0,1,1,0,0,0,1,0,0,0,0,7,,,,,,,,,,,,,,,,,,,,,,,,,
F13_269,F13,pre,I consent.,1,5,1,4,4,3,20,Asian,0,1,New,Native,United States,NA,,90 - 94.9,93,3.77,,,1340,800,540,670,9,1340,0,0,1,0,1,1,1,0,1,0,0,1,0,1,1,1,0,1,0,1,11,,,,,,,,,,,,,,,,,,,,,,,,,
F13_009,F13,pre,I consent.,1,4,1,4,4,3,20,Asian,0,1,Transfer,Native,United States,"$45,000-64,999",,95 - 100,99,,3,,1140,600,540,590,9,1140,1,1,1,1,1,1,1,1,1,1,1,1,1,0,1,0,1,1,1,0,17,,,,,,,,,,,,,,,,,,,,,,,,,
F13_211,F13,pre,I consent.,1,4,2,3,3,2,20,Asian,0,1,Other,Alien Permanent,Chi,"$30,000-44,999",,90 - 94.9,93,3.8,,,1090,690,400,440,8,1090,1,1,1,1,1,1,1,1,1,0,0,1,1,1,0,0,1,0,0,0,13,,,,,,,,,,,,,,,,,,,,,,,,,
F13_266,F13,pre,I consent.,1,4,1,5,4,3,20,Hispanic of any race,0,0,New,Naturalized,Unknown,NA,,95 - 100,95,,2.5,,1210,530,650,590,9,1180,1,1,1,0,1,1,1,1,0,0,0,0,0,1,1,0,1,0,1,1,12,,,,,,,,,,,,,,,,,,,,,,,,,
F13_206,F13,pre,I consent.,2,3,1,4,4,0,20,Hispanic of any race,1,0,New,Native,United States,NA,,85 - 89.9,89,,3,,1220,580,640,550,6,1220,1,0,1,0,0,0,1,0,0,0,1,1,0,0,1,0,1,0,1,1,9,,,,,,,,,,,,,,,,,,,,,,,,,
F13_204,F13,pre,I consent.,1,4,1,3,3,3,19,Asian,1,1,New,Native,United States,NA,,85 - 89.9,86,,6,,1220,640,580,580,8,1220,1,1,0,0,1,0,1,1,0,0,1,0,1,0,0,0,0,1,1,1,10,,,,,,,,,,,,,,,,,,,,,,,,,
F13_287,F13,pre,I consent.,1,5,2,3,3,3,21,Asian,0,1,Other,Native,United States,NA,,90 - 94.9,91,,4,,1240,710,530,570,10,1240,1,1,1,0,1,0,0,0,1,1,1,1,0,1,1,1,0,1,1,0,13,,,,,,,,,,,,,,,,,,,,,,,,,
F13_199,F13,pre,I consent.,1,5,1,3,2,3,20,Asian,1,0,New,Native,United States,"$45,000-64,999",,95 - 100,98,,4,,1340,640,700,620,9,1340,1,1,1,0,0,0,1,1,0,1,0,0,0,1,1,1,0,1,1,1,12,,,,,,,,,,,,,,,,,,,,,,,,,
F13_134,F13,pre,I consent.,1,5,2,3,3,2,19,Asian,0,1,New,Naturalized,Hong Kong,"$0-14,999",,90 - 94.9,90,,,,1310,800,510,570,8,1310,1,1,1,0,1,0,0,0,0,1,1,1,0,1,1,0,0,1,0,0,10,,,,,,,,,,,,,,,,,,,,,,,,,
F13_179,F13,pre,I consent.,1,4,2,3,3,3,20,Asian,1,0,Transfer,Native,United States,NA,,75 - 79.9,76,3.4,,,1450,750,700,660,10,1450,1,1,1,1,1,1,1,1,1,1,1,1,1,0,0,1,0,0,1,0,15,,,,,,,,,,,,,,,,,,,,,,,,,
F13_104,F13,pre,I consent.,1,4,1,5,5,3,20,Asian,1,0,New,Native,United States,NA,,80 - 84.9,84,4,5,,1330,,,,,,1,1,1,0,1,1,1,1,1,1,1,1,1,1,1,1,1,0,1,0,17,,,,,,,,,,,,,,,,,,,,,,,,,
F13_088,F13,pre,I consent.,2,5,1,5,5,0,22,White,0,1,Other,Native,United States,NA,,75 - 79.9,76,,2,,,,,,,,1,0,0,1,0,0,0,0,0,0,0,0,0,0,0,1,0,0,0,0,3,,,,,,,,,,,,,,,,,,,,,,,,,
F13_053,F13,pre,I consent.,3,5,1,4,4,2,22,White,0,0,Transfer,Native,United States,"$85,000-104,999",,80 - 84.9,81,2.61,3,,,,,,,,1,1,1,0,1,0,0,0,1,0,1,1,0,0,0,1,1,1,0,0,10,,,,,,,,,,,,,,,,,,,,,,,,,
F13_164,F13,pre,I consent.,2,4,1,3,3,0,19,Hispanic of any race,0,0,New,Native,United States,"$85,000-104,999",,80 - 84.9,84,,3,,1070,550,520,500,8,1070,1,0,1,0,0,1,1,0,0,1,1,0,1,0,0,1,0,0,1,0,9,,,,,,,,,,,,,,,,,,,,,,,,,
F13_201,F13,pre,I consent.,2,4,1,5,5,2,19,White,1,0,New,Native,United States,NA,,95 - 100,99,,,,1350,700,650,600,8,1350,1,1,1,0,1,1,1,1,1,1,1,1,1,0,0,0,1,1,1,1,16,,,,,,,,,,,,,,,,,,,,,,,,,
F13_190,F13,pre,I consent.,2,3,2,5,4,2,22,White,1,0,New,Alien Temporary,Norway,NA,,85 - 89.9,85,,2,3,,,,,,,1,1,1,1,1,0,0,0,1,1,1,1,0,1,1,0,0,0,0,0,11,,,,,,,,,,,,,,,,,,,,,,,,,
F13_210,F13,pre,I consent.,1,3,1,5,5,3,19,White,1,1,New,Native,United States,NA,,85 - 89.9,87,,5,,1290,,,,,,1,1,1,0,1,0,1,0,0,0,1,1,0,1,0,1,0,0,0,0,9,,,,,,,,,,,,,,,,,,,,,,,,,
F13_207,F13,pre,I consent.,1,4,1,5,5,3,19,White,0,0,New,Native,United States,NA,,95 - 100,99,,8,,1450,,,,,,1,1,1,0,1,1,1,0,0,0,1,1,1,1,1,1,1,1,1,1,16,,,,,,,,,,,,,,,,,,,,,,,,,
F13_071,F13,pre,I consent.,3,3,1,2,2,3,20,Asian,1,1,Transfer,Native,United States,"$45,000-64,999",,95 - 100,95,,2,,1170,590,580,610,10,1170,1,1,1,0,1,0,1,0,0,1,1,1,0,1,1,0,1,1,0,0,12,,,,,,,,,,,,,,,,,,,,,,,,,
F13_255,F13,pre,I consent.,1,5,2,4,3,0,22,Asian,1,0,Transfer,Alien Temporary,Chi,NA,,NA,,,,2,,,,,,,0,1,1,0,1,0,0,1,0,1,1,0,0,0,0,0,0,0,0,0,6,,,,,,,,,,,,,,,,,,,,,,,,,
F13_050,F13,pre,I consent.,2,3,1,3,4,0,19,Black/African American,0,0,Transfer,Native,United States,NA,,90 - 94.9,91,2.71,3,,1060,500,560,550,8,1060,1,1,1,1,1,1,1,0,0,0,0,1,0,0,0,0,0,0,0,1,9,,,,,,,,,,,,,,,,,,,,,,,,,
F13_021,F13,pre,I consent.,1,3,1,4,3,3,21,White,0,0,New,Native,United States,NA,,90 - 94.9,90,,3,,1270,620,650,560,6,1270,1,1,1,1,1,1,1,1,1,1,1,1,1,1,1,1,1,1,1,1,20,,,,,,,,,,,,,,,,,,,,,,,,,
F13_151,F13,pre,I consent.,1,3,2,5,5,2,18,White,0,1,New,Native,United States,"$15,000-29,999",,90 - 94.9,91,,3,,1190,630,560,670,8,1190,1,1,1,0,1,1,1,1,1,0,1,1,0,1,1,1,1,1,1,1,17,,,,,,,,,,,,,,,,,,,,,,,,,
F13_006,F13,pre,I consent.,1,3,1,4,3,3,19,Asian,1,0,New,Native,United States,NA,,95 - 100,98,,8,,1240,640,570,550,8,1210,1,1,1,0,1,0,1,0,1,0,1,1,0,1,0,1,1,0,1,1,13,,,,,,,,,,,,,,,,,,,,,,,,,
F13_250,F13,pre,I consent.,2,3,1,5,5,0,18,White,0,0,New,Alien Permanent,Cada,"$65,000-84,999",,95 - 100,99,3.23,4,,1210,590,620,550,9,1210,0,1,1,0,0,0,0,0,0,0,1,1,0,0,1,1,1,1,1,1,10,,,,,,,,,,,,,,,,,,,,,,,,,
F13_197,F13,pre,I consent.,2,4,1,5,4,0,19,White,0,0,New,Native,United States,NA,,95 - 100,99,,7,,1340,670,670,670,10,1340,1,1,1,0,1,0,0,0,0,1,1,1,0,0,1,1,0,1,0,1,11,,,,,,,,,,,,,,,,,,,,,,,,,
F13_282,F13,pre,I consent.,1,4,1,5,5,2,19,White,1,0,New,Native,United States,NA,,95 - 100,99,3.93,,,1520,780,740,680,6,1520,0,1,1,1,1,1,1,1,1,1,1,1,1,1,1,1,1,1,1,1,19,,,,,,,,,,,,,,,,,,,,,,,,,
F13_076,F13,pre,I consent.,1,3,1,3,3,0,19,White,0,0,New,Native,United States,NA,,90 - 94.9,94,,2,,1140,480,520,450,7,1000,1,1,1,0,1,0,0,1,1,0,1,1,0,0,1,0,0,0,0,0,9,,,,,,,,,,,,,,,,,,,,,,,,,
F13_080,F13,pre,I consent.,2,3,1,5,5,0,19,White,0,0,New,Native,United States,"$65,000-84,999",,90 - 94.9,94,,2.5,,1130,560,570,520,6,1130,1,1,1,0,0,0,0,0,1,0,1,1,0,0,1,1,0,1,0,0,9,,,,,,,,,,,,,,,,,,,,,,,,,
F13_040,F13,pre,I consent.,1,3,2,4,3,2,18,Asian,0,0,New,Alien Permanent,"Korea, Republic of",NA,,95 - 100,97,,5,,1360,760,600,520,8,1360,1,1,1,0,1,0,1,0,1,1,1,1,1,1,1,1,1,1,1,1,17,,,,,,,,,,,,,,,,,,,,,,,,,
F13_254,F13,pre,I consent.,1,3,1,3,4,2,18,Asian,0,1,New,Alien Permanent,"Korea, Republic of",NA,,90 - 94.9,93,,4,,1320,760,560,700,9,1320,1,1,1,0,1,0,1,1,0,1,1,1,1,0,1,1,1,1,1,0,15,,,,,,,,,,,,,,,,,,,,,,,,,
F13_062,F13,pre,I consent.,3,4,1,5,4,0,19,White,0,0,New,Native,United States,"$65,000-84,999",,95 - 100,99,,5,,1310,670,610,710,10,1280,1,1,1,0,1,1,1,0,0,0,1,1,1,1,1,0,1,0,1,1,14,,,,,,,,,,,,,,,,,,,,,,,,,
F13_060,F13,pre,I consent.,2,3,1,3,3,3,19,Hispanic of any race,1,0,New,Native,United States,NA,,85 - 89.9,88,,5,,1170,570,600,480,8,1170,1,1,1,1,1,1,1,0,1,0,1,0,0,1,0,0,1,1,1,0,13,,,,,,,,,,,,,,,,,,,,,,,,,
F13_130,F13,pre,I consent.,3,3,1,5,5,2,19,White,0,0,New,Native,United States,"105,000-124,999",,95 - 100,95,,4,,1310,640,650,660,10,1290,1,1,0,0,1,0,1,0,0,0,1,1,0,1,1,1,1,1,0,0,11,,,,,,,,,,,,,,,,,,,,,,,,,
F13_260,F13,pre,I consent.,1,3,1,4,3,0,19,White,1,0,New,Native,United States,"$85,000-104,999",,85 - 89.9,87,,3,,1270,650,620,630,11,1270,1,0,1,0,1,0,0,0,1,0,1,1,0,0,1,0,0,0,1,1,9,,,,,,,,,,,,,,,,,,,,,,,,,
F13_013,F13,pre,I consent.,2,3,3,5,5,0,19,Hispanic of any race,0,1,New,Native,United States,"$0-14,999",,85 - 89.9,88,,2,,860,420,440,400,7,860,1,1,1,0,1,0,0,0,1,0,1,0,0,1,0,0,0,0,0,0,7,,,,,,,,,,,,,,,,,,,,,,,,,
F13_141,F13,pre,I consent.,1,3,1,5,5,0,19,Black/African American,1,0,New,Native,United States,"$45,000-64,999",,85 - 89.9,89,,2.5,,1220,560,660,590,9,1220,1,1,1,0,1,1,1,1,0,1,1,1,1,1,1,0,1,1,1,1,17,,,,,,,,,,,,,,,,,,,,,,,,,
F13_090,F13,pre,I consent.,1,3,3,5,5,0,18,Black/African American,0,1,New,Native,United States,"$45,000-64,999",,90 - 94.9,93,,4,,1190,610,580,470,8,1190,0,1,1,1,0,1,1,0,1,1,1,1,0,0,0,0,0,0,0,0,9,,,,,,,,,,,,,,,,,,,,,,,,,
F13_145,F13,pre,I consent.,1,3,1,4,5,2,18,Hispanic of any race,1,0,New,Naturalized,Unknown,NA,,90 - 94.9,91,3,4,,1230,640,590,570,8,1230,0,1,1,0,1,0,0,1,0,1,0,1,0,0,1,1,1,1,0,0,10,,,,,,,,,,,,,,,,,,,,,,,,,
F13_176,F13,pre,I consent.,1,4,1,5,4,3,19,White,0,0,Transfer,Native,United States,NA,,95 - 100,97,3.8,8,,1150,610,540,600,10,1150,0,1,1,0,1,0,1,1,1,0,0,0,1,1,1,1,1,0,1,0,12,,,,,,,,,,,,,,,,,,,,,,,,,
F13_118,F13,pre,I consent.,2,4,1,4,4,1,19,White,0,0,New,Native,United States,NA,,90 - 94.9,92,,2,,1090,520,570,530,7,1090,1,1,1,1,1,0,1,1,1,1,1,1,1,1,1,0,0,1,1,1,17,,,,,,,,,,,,,,,,,,,,,,,,,
F13_010,F13,pre,I consent.,1,3,1,5,5,3,19,Hispanic of any race,0,0,New,Native,United States,NA,,95 - 100,96,4,2.5,,1220,630,590,570,8,1220,1,1,1,1,1,1,1,1,1,0,1,1,0,1,1,1,1,1,1,0,17,,,,,,,,,,,,,,,,,,,,,,,,,
F13_212,F13,pre,I consent.,2,3,1,5,5,0,19,White,1,1,New,Naturalized,Unknown,NA,,90 - 94.9,94,3.7,2.5,,1070,530,540,530,9,1070,1,1,0,0,1,0,0,0,0,1,1,1,0,1,1,0,0,1,0,0,9,,,,,,,,,,,,,,,,,,,,,,,,,
F13_055,F13,pre,I consent.,1,3,1,3,3,2,19,White,0,1,New,Native,United States,NA,,90 - 94.9,92,,,,1190,640,550,530,9,1190,0,1,1,1,1,1,1,0,0,1,1,0,0,0,0,0,0,1,0,0,9,,,,,,,,,,,,,,,,,,,,,,,,,
F13_024,F13,pre,I consent.,1,3,1,5,5,2,18,White,0,0,Transfer,Native,United States,NA,,90 - 94.9,91,,3,,1250,,,,,,1,1,1,0,1,0,0,0,0,0,0,1,0,1,1,1,0,1,0,0,9,,,,,,,,,,,,,,,,,,,,,,,,,
F13_043,F13,pre,I consent.,1,3,2,2,1,2,19,Asian,0,0,Transfer,Native,United States,"$65,000-84,999",,90 - 94.9,92,,8,,1330,750,580,760,10,1330,1,1,1,0,1,0,0,1,0,1,0,0,1,1,0,0,1,1,1,1,12,,,,,,,,,,,,,,,,,,,,,,,,,
F13_228,F13,pre,I consent.,1,4,1,4,4,2,19,White,0,0,New,Native,United States,NA,,95 - 100,99,,7,,1230,620,530,570,10,1150,1,1,1,0,1,1,1,1,0,1,0,1,0,1,1,1,1,1,1,1,16,,,,,,,,,,,,,,,,,,,,,,,,,
F13_205,F13,pre,I consent.,3,3,1,5,4,0,19,Hispanic of any race,0,1,New,Native,United States,"$15,000-29,999",,90 - 94.9,91,,2,3,910,430,480,510,,910,0,0,1,0,0,0,1,0,1,0,1,1,1,1,0,1,0,0,1,0,9,,,,,,,,,,,,,,,,,,,,,,,,,
F13_264,F13,pre,I consent.,1,3,1,4,5,0,19,Asian,0,0,New,Alien Temporary,Indonesia,"$0-14,999",,85 - 89.9,89,,3,,1100,560,540,510,9,1100,0,1,1,0,0,0,0,0,0,1,1,0,0,0,1,0,0,1,0,0,6,,,,,,,,,,,,,,,,,,,,,,,,,
F13_042,F13,pre,I consent.,1,3,2,3,3,2,18,Asian,1,0,New,Native,United States,NA,,85 - 89.9,89,,5,,1280,780,500,660,10,1280,1,1,1,1,1,1,0,0,0,0,0,0,0,0,0,1,0,0,1,0,8,,,,,,,,,,,,,,,,,,,,,,,,,
F13_066,F13,pre,I consent.,2,4,1,4,4,1,19,Hispanic of any race,0,1,New,Native,United States,NA,,95 - 100,98,,,,1210,650,560,560,9,1210,1,1,1,0,1,0,1,1,1,0,1,1,0,1,1,0,1,0,1,1,14,,,,,,,,,,,,,,,,,,,,,,,,,
F13_242,F13,pre,I consent.,1,3,1,5,4,2,18,White,1,0,New,Native,United States,NA,,90 - 94.9,94,,4,,1410,660,650,600,8,1310,1,1,1,1,1,1,1,1,1,1,1,1,1,1,1,1,1,1,1,1,20,,,,,,,,,,,,,,,,,,,,,,,,,
F13_276,F13,pre,I consent.,2,3,1,5,5,2,19,White,0,0,New,Native,United States,NA,,90 - 94.9,93,,2.5,,1250,630,620,620,9,1250,1,1,1,0,1,0,0,1,0,1,0,0,1,0,0,1,0,1,1,1,11,,,,,,,,,,,,,,,,,,,,,,,,,
F13_077,F13,pre,I consent.,1,3,1,5,4,0,19,White,0,0,New,Native,United States,NA,,90 - 94.9,92,,4,,1230,700,530,570,8,1230,0,1,1,0,1,0,0,0,0,1,0,1,0,0,1,1,0,1,0,0,8,,,,,,,,,,,,,,,,,,,,,,,,,
F13_142,F13,pre,I consent.,1,3,1,5,5,0,19,Black/African American,0,0,New,Alien Permanent,Trinidad and Tobago,NA,,85 - 89.9,88,,2.5,,1110,540,570,550,8,1110,0,1,1,0,1,1,0,0,0,0,1,1,0,0,0,0,0,0,0,0,6,,,,,,,,,,,,,,,,,,,,,,,,,
F13_070,F13,pre,I consent.,2,3,1,5,5,2,19,White,1,0,New,Native,United States,NA,,90 - 94.9,93,,5,,1260,,,,,,1,0,1,0,1,0,1,1,0,0,1,1,0,1,0,1,0,0,1,0,10,,,,,,,,,,,,,,,,,,,,,,,,,
F13_166,F13,pre,I consent.,1,4,1,5,5,3,18,White,0,0,New,Native,United States,NA,,95 - 100,98,,8,,1490,690,800,730,10,1490,1,1,1,1,1,1,1,1,1,1,1,1,1,1,1,1,1,1,1,1,20,,,,,,,,,,,,,,,,,,,,,,,,,
F13_294,F13,pre,I consent.,1,3,2,3,2,3,24,Asian,0,1,New,Alien Permanent,Chi,NA,,90 - 94.9,91,,9,,1370,790,580,660,10,1370,1,1,1,1,1,0,1,1,1,1,1,1,1,0,0,1,0,1,0,0,14,,,,,,,,,,,,,,,,,,,,,,,,,
F13_187,F13,pre,I consent.,2,3,1,4,4,1,19,White,1,0,New,Native,United States,NA,,90 - 94.9,92,3.5,2,,1230,550,600,560,8,1150,1,0,1,0,1,1,0,0,1,1,1,1,0,1,1,1,0,1,0,0,12,,,,,,,,,,,,,,,,,,,,,,,,,
F13_261,F13,pre,I consent.,1,3,1,5,5,1,19,White,0,0,Other,Native,United States,NA,,95 - 100,95,,2.5,,1220,600,620,590,10,1220,0,0,1,0,1,0,1,0,1,1,0,1,0,0,0,1,1,1,0,1,10,,,,,,,,,,,,,,,,,,,,,,,,,
F13_170,F13,pre,I consent.,1,4,1,5,4,3,19,White,0,0,New,Native,United States,NA,,95 - 100,99,,2.5,,1170,600,570,580,8,1170,1,1,1,0,1,1,1,1,1,1,0,1,0,1,1,0,1,1,1,1,16,,,,,,,,,,,,,,,,,,,,,,,,,
F13_140,F13,pre,I consent.,1,3,1,5,5,2,19,White,1,0,New,Native,United States,NA,,90 - 94.9,90,3.21,4,,1250,640,610,670,10,1250,1,0,1,0,0,0,0,0,0,0,1,0,0,0,0,0,0,1,0,0,4,,,,,,,,,,,,,,,,,,,,,,,,,
F13_065,F13,pre,I consent.,3,3,1,4,5,2,19,White,1,0,New,Native,United States,NA,,85 - 89.9,88,,3,,1100,540,530,550,8,1070,1,1,1,0,1,0,1,0,1,1,1,1,0,0,1,1,0,0,0,1,12,,,,,,,,,,,,,,,,,,,,,,,,,
F13_087,F13,pre,I consent.,1,3,1,5,5,2,18,Black/African American,0,0,New,Native,United States,"$45,000-64,999",,95 - 100,95,,6,,1110,560,550,610,9,1110,1,1,1,1,1,0,0,1,1,1,1,1,0,1,1,1,1,1,1,0,16,,,,,,,,,,,,,,,,,,,,,,,,,
F13_156,F13,pre,I consent.,1,3,1,4,5,3,19,White,1,0,New,Native,United States,NA,,95 - 100,99,,5,,1260,590,670,610,8,1260,1,1,1,1,1,1,1,1,0,1,1,0,1,1,1,0,1,1,1,1,17,,,,,,,,,,,,,,,,,,,,,,,,,
F13_030,F13,pre,I consent.,2,3,2,5,5,1,19,Asian,1,1,New,Native,United States,NA,,95 - 100,97,,4,,1280,,,,,,0,1,1,0,1,0,0,0,0,1,1,1,0,1,1,1,0,0,0,0,9,,,,,,,,,,,,,,,,,,,,,,,,,
F13_057,F13,pre,I consent.,2,3,1,5,4,1,18,Hispanic of any race,0,1,New,Native,United States,NA,,90 - 94.9,94,,4,,1240,650,590,640,9,1240,0,1,1,0,1,1,1,1,1,0,0,1,0,0,1,0,1,0,1,0,11,,,,,,,,,,,,,,,,,,,,,,,,,
F13_249,F13,pre,I consent.,3,3,1,5,5,0,18,Asian,0,0,New,Native,United States,NA,,95 - 100,96,,4,,1170,620,550,670,10,1170,1,1,1,0,1,1,1,1,0,0,1,1,0,0,0,0,0,0,1,0,10,,,,,,,,,,,,,,,,,,,,,,,,,
F13_230,F13,pre,I consent.,2,3,1,5,5,2,19,White,1,0,New,Native,United States,NA,,90 - 94.9,94,,4,,1360,600,760,780,11,1360,1,1,1,1,1,0,0,1,1,1,1,0,1,1,1,1,0,1,1,1,16,,,,,,,,,,,,,,,,,,,,,,,,,
F13_083,F13,pre,I consent.,2,3,1,5,5,0,18,White,0,0,New,Native,United States,NA,,90 - 94.9,93,,2,,1260,530,730,630,9,1260,1,1,0,0,0,0,1,0,0,0,0,0,0,0,0,0,0,0,0,1,4,,,,,,,,,,,,,,,,,,,,,,,,,
F13_248,F13,pre,I consent.,3,3,1,3,4,0,18,White,1,0,New,Native,United States,NA,,90 - 94.9,94,3.72,3,,1230,690,540,640,11,1230,1,1,0,0,1,0,0,1,0,0,0,0,0,0,1,1,0,0,0,0,6,,,,,,,,,,,,,,,,,,,,,,,,,
F13_180,F13,pre,I consent.,3,3,2,4,4,1,20,Asian,1,1,Transfer,Native,United States,NA,,90 - 94.9,94,3.1,,,1240,610,510,480,8,1120,1,1,1,0,1,0,1,1,1,0,1,1,0,1,1,1,0,1,1,0,14,,,,,,,,,,,,,,,,,,,,,,,,,
F13_114,F13,pre,I consent.,2,5,1,5,5,2,22,White,0,1,Transfer,Native,United States,"$15,000-29,999",,Unknown,,3.2,,,,,,,,,1,1,0,0,1,0,1,0,0,1,0,1,0,0,0,1,0,1,0,0,8,,,,,,,,,,,,,,,,,,,,,,,,,
F13_029,F13,pre,I consent.,2,3,1,3,4,3,18,Asian,1,1,New,Native,United States,NA,,85 - 89.9,89,,8,,1250,700,550,580,8,1250,1,1,0,0,1,0,0,0,0,0,1,1,0,0,1,0,0,1,0,0,7,,,,,,,,,,,,,,,,,,,,,,,,,
F13_128,F13,pre,I consent.,1,3,1,4,4,0,18,Asian,1,0,New,Native,United States,NA,,85 - 89.9,89,,4,,1310,690,620,560,8,1310,0,1,1,1,1,0,1,0,1,1,1,1,1,0,0,0,0,0,0,1,11,,,,,,,,,,,,,,,,,,,,,,,,,
F13_105,F13,pre,I consent.,1,3,1,5,4,2,19,Asian,1,0,New,Native,United States,NA,,90 - 94.9,93,,7,,1270,690,580,650,8,1270,1,1,1,0,1,0,1,0,1,1,1,1,0,1,1,1,0,1,1,0,14,,,,,,,,,,,,,,,,,,,,,,,,,
F13_153,F13,pre,I consent.,3,3,1,3,2,0,19,Black/African American,1,0,New,Native,United States,NA,,95 - 100,99,,4,3,1160,620,540,490,,1160,1,1,1,0,1,0,1,0,0,1,0,0,1,0,1,1,0,1,1,0,11,,,,,,,,,,,,,,,,,,,,,,,,,
F13_241,F13,pre,I consent.,2,3,1,4,4,2,19,Asian,0,0,New,Native,United States,"$85,000-104,999",,90 - 94.9,93,,3,,1150,530,620,620,10,1150,1,1,1,0,1,0,0,0,0,1,1,1,0,1,0,1,0,1,0,0,10,,,,,,,,,,,,,,,,,,,,,,,,,
F13_039,F13,pre,I consent.,2,3,1,3,3,0,19,White,1,1,New,Native,United States,NA,,85 - 89.9,88,,3,,1210,630,580,470,6,1210,1,1,1,0,1,1,1,1,1,1,1,1,1,1,1,0,1,0,1,1,17,,,,,,,,,,,,,,,,,,,,,,,,,
F13_148,F13,pre,I consent.,1,3,1,5,5,2,19,White,1,1,New,Naturalized,Unknown,NA,,90 - 94.9,93,,3,,1230,620,610,700,10,1230,0,1,1,0,1,1,1,1,1,1,1,1,1,1,1,1,1,0,1,1,17,,,,,,,,,,,,,,,,,,,,,,,,,
F13_121,F13,pre,I consent.,1,3,1,5,5,2,19,Asian,0,1,New,Native,United States,NA,,90 - 94.9,92,,5,,1320,690,630,670,8,1320,1,1,1,0,1,0,0,1,0,1,0,0,1,0,0,0,0,1,0,0,8,,,,,,,,,,,,,,,,,,,,,,,,,
F13_049,F13,pre,I consent.,1,3,1,5,4,0,19,White,0,0,Transfer,Native,United States,NA,,85 - 89.9,87,,2.5,,1240,590,650,490,8,1240,1,1,1,1,1,0,1,0,1,1,0,1,0,0,1,0,1,1,0,1,13,,,,,,,,,,,,,,,,,,,,,,,,,
F13_133,F13,pre,I consent.,1,3,1,5,5,2,19,White,0,0,New,Native,United States,NA,,95 - 100,97,3.52,4,,1440,660,780,720,8,1440,1,1,1,1,1,1,1,1,1,1,1,1,1,1,1,0,1,1,1,1,19,,,,,,,,,,,,,,,,,,,,,,,,,
F13_086,F13,pre,I consent.,2,3,2,5,4,2,18,White,0,0,Other,Native,United States,NA,,95 - 100,98,,3,,1240,590,650,680,10,1240,1,1,1,0,1,1,1,1,0,1,1,1,0,1,1,0,1,1,1,0,15,,,,,,,,,,,,,,,,,,,,,,,,,
F13_068,F13,pre,I consent.,2,3,1,3,3,2,18,White,1,0,New,Native,United States,NA,,90 - 94.9,92,,5,,1170,650,520,550,7,1170,1,1,0,0,0,0,0,0,0,0,1,0,0,1,1,1,0,0,0,0,6,,,,,,,,,,,,,,,,,,,,,,,,,
F13_225,F13,pre,I consent.,1,3,1,5,4,0,19,White,0,0,New,Native,United States,"105,000-124,999",,85 - 89.9,88,,3,,1230,570,630,530,8,1200,1,1,1,1,1,1,1,1,1,1,1,1,1,0,1,1,1,1,1,1,19,,,,,,,,,,,,,,,,,,,,,,,,,
F13_272,F13,pre,I consent.,2,3,1,4,4,0,19,White,1,0,New,Native,United States,"$185,000+",,85 - 89.9,89,,4,,1240,620,620,560,8,1240,1,1,1,0,1,0,1,1,1,0,1,1,1,0,0,1,0,1,0,0,12,,,,,,,,,,,,,,,,,,,,,,,,,
F13_267,F13,pre,I consent.,2,3,1,5,4,0,19,White,1,1,New,Native,United States,NA,,90 - 94.9,92,,7,,1260,650,610,570,8,1260,0,1,1,0,1,0,0,0,1,0,1,1,0,1,1,1,0,0,0,0,9,,,,,,,,,,,,,,,,,,,,,,,,,
F13_023,F13,pre,I consent.,1,4,1,4,4,1,19,White,1,0,New,Native,United States,NA,,95 - 100,95,,,,1320,670,650,640,9,1320,1,1,1,1,1,1,1,0,0,1,1,1,1,1,1,0,0,1,1,1,16,,,,,,,,,,,,,,,,,,,,,,,,,
F13_018,F13,pre,I consent.,1,3,2,3,3,2,19,White,1,0,New,Naturalized,Unknown,NA,,90 - 94.9,92,,3,,1260,610,650,650,9,1260,0,0,0,0,0,0,0,0,0,1,0,0,1,0,1,0,0,1,0,1,5,,,,,,,,,,,,,,,,,,,,,,,,,
F13_208,F13,pre,I consent.,1,2,1,5,4,1,18,Asian,1,0,New,Native,United States,NA,,85 - 89.9,88,,2,,1200,550,650,620,9,1200,1,1,1,0,1,0,1,0,0,0,1,1,0,1,0,0,1,0,0,0,9,,,,,,,,,,,,,,,,,,,,,,,,,
F13_182,F13,pre,I consent.,1,3,2,4,4,2,19,Asian,0,1,New,Native,United States,NA,,95 - 100,96,,4,,1270,660,600,620,8,1260,1,1,1,0,1,0,0,0,0,0,1,1,0,0,1,1,0,0,1,0,9,,,,,,,,,,,,,,,,,,,,,,,,,
F13_093,F13,pre,I consent.,3,2,1,5,4,0,19,White,1,0,New,Naturalized,Unknown,NA,,90 - 94.9,93,,5,,1220,570,650,590,8,1220,1,1,1,0,1,0,1,1,0,1,1,0,0,1,0,1,0,0,1,0,11,,,,,,,,,,,,,,,,,,,,,,,,,
F13_091,F13,pre,I consent.,1,3,1,5,5,2,18,White,0,0,Transfer,Native,United States,NA,,95 - 100,96,3.38,,,1210,560,630,640,8,1190,0,0,1,0,0,0,0,1,0,1,0,1,0,0,1,0,0,1,0,0,6,,,,,,,,,,,,,,,,,,,,,,,,,
F13_175,F13,pre,I consent.,1,3,1,5,4,3,18,Asian,0,0,New,Native,United States,NA,,90 - 94.9,92,,7,,1230,590,640,540,,1230,1,1,1,0,0,0,0,0,0,0,1,1,0,1,0,1,1,0,0,1,9,,,,,,,,,,,,,,,,,,,,,,,,,
F13_037,F13,pre,I consent.,1,3,1,5,5,1,19,Asian,0,0,New,Native,United States,"$85,000-104,999",,90 - 94.9,92,,8,,1240,620,620,660,10,1240,0,1,1,0,1,0,0,1,0,1,0,1,0,0,1,1,1,0,1,0,10,,,,,,,,,,,,,,,,,,,,,,,,,
F13_273,F13,pre,I consent.,1,3,1,5,5,3,18,White,1,1,New,Native,United States,NA,,95 - 100,99,,7,,1150,610,540,570,8,1150,1,1,1,1,1,1,1,1,1,1,1,1,1,1,1,1,1,1,1,1,20,,,,,,,,,,,,,,,,,,,,,,,,,
F13_032,F13,pre,I consent.,2,3,2,1,1,0,20,Asian,1,0,New,Alien Temporary,Chi,NA,,80 - 84.9,84,,4,2,,,,,,,1,1,1,0,1,1,1,1,0,1,1,1,0,0,1,0,1,1,1,1,15,,,,,,,,,,,,,,,,,,,,,,,,,
F13_167,F13,pre,I consent.,1,2,1,4,4,0,19,Asian,1,1,New,Native,United States,NA,,85 - 89.9,87,,3,,1280,640,640,540,8,1280,1,1,1,1,1,0,1,1,0,0,1,1,1,1,0,1,0,1,0,1,14,,,,,,,,,,,,,,,,,,,,,,,,,
F13_036,F13,pre,I consent.,2,3,2,5,5,2,18,Asian,0,0,New,Native,United States,NA,,85 - 89.9,87,,7,,1270,700,570,570,8,1270,0,1,1,0,0,0,1,0,1,1,0,1,0,1,0,0,1,1,0,0,9,,,,,,,,,,,,,,,,,,,,,,,,,
F13_094,F13,pre,I consent.,3,3,1,3,4,0,18,Asian,1,0,New,Naturalized,Unknown,NA,,85 - 89.9,89,,5,,1350,690,660,760,10,1350,0,0,0,0,1,1,0,1,1,0,1,1,0,0,1,0,1,1,0,0,9,,,,,,,,,,,,,,,,,,,,,,,,,
F13_169,F13,pre,I consent.,2,3,1,3,2,0,18,White,1,0,New,Native,United States,NA,,90 - 94.9,92,,4,,1210,600,610,530,8,1210,1,1,1,0,1,1,1,0,1,0,1,1,0,0,1,0,1,0,1,1,13,,,,,,,,,,,,,,,,,,,,,,,,,
F13_157,F13,pre,I consent.,1,3,1,5,4,0,19,Hispanic of any race,0,0,New,Naturalized,Unknown,NA,,90 - 94.9,93,,4,,1250,620,630,590,8,1250,1,1,1,0,1,0,0,1,0,1,1,1,0,0,0,0,1,0,1,1,11,,,,,,,,,,,,,,,,,,,,,,,,,
F13_279,F13,pre,I consent.,3,3,1,5,5,1,19,,1,0,New,Alien Temporary,India,NA,,85 - 89.9,85,,3,,1070,590,480,500,9,1070,0,0,1,0,0,0,0,0,0,1,1,0,1,0,0,0,0,0,0,0,4,,,,,,,,,,,,,,,,,,,,,,,,,
F13_127,F13,pre,I consent.,1,3,1,5,5,2,19,Black/African American,0,0,New,Native,United States,NA,,85 - 89.9,87,,5,,1310,620,690,730,11,1310,0,1,1,0,1,1,1,1,0,1,1,1,1,0,1,1,1,1,1,1,16,,,,,,,,,,,,,,,,,,,,,,,,,
F13_072,F13,pre,I consent.,3,3,1,3,3,2,18,Hispanic of any race,1,1,New,Native,United States,NA,,90 - 94.9,90,,,,1320,720,600,640,9,1320,0,0,1,0,0,0,1,1,0,0,1,0,0,0,0,0,0,1,0,0,5,,,,,,,,,,,,,,,,,,,,,,,,,
F13_221,F13,pre,I consent.,2,3,2,5,3,2,19,Asian,0,0,New,Alien Temporary,Philippines,NA,,85 - 89.9,88,,3,,990,490,500,560,9,990,0,1,0,0,0,0,0,1,1,0,1,1,1,0,0,1,0,0,0,0,7,,,,,,,,,,,,,,,,,,,,,,,,,
F13_203,F13,pre,I consent.,3,3,1,3,3,1,18,Asian,0,0,New,Native,United States,NA,,95 - 100,95,,5,,1360,640,720,700,7,1360,1,1,1,0,1,1,1,1,1,1,0,0,0,1,1,1,1,1,1,1,16,,,,,,,,,,,,,,,,,,,,,,,,,
F13_234,F13,pre,I consent.,1,3,1,5,5,1,19,Asian,1,0,New,Native,United States,NA,,90 - 94.9,90,,5,,1320,700,620,550,9,1320,1,1,1,0,0,0,1,0,0,1,1,1,0,0,0,0,1,1,0,1,10,,,,,,,,,,,,,,,,,,,,,,,,,
F13_132,F13,pre,I consent.,1,4,1,4,4,0,20,,0,0,Transfer,Native,United States,NA,,NA,,3.14,,,750,420,330,380,7,750,1,0,1,1,0,1,1,0,0,0,0,0,1,0,0,0,1,0,0,0,7,,,,,,,,,,,,,,,,,,,,,,,,,
F13_173,F13,pre,I consent.,1,5,1,5,5,2,22,White,0,1,Transfer,Native,United States,NA,,80 - 84.9,83,3.6,1,,,,,,,,1,1,1,0,1,0,1,0,0,1,1,1,0,0,0,1,0,1,0,1,11,,,,,,,,,,,,,,,,,,,,,,,,,
F13_193,F13,pre,I consent.,1,3,1,5,3,2,18,White,0,0,Transfer,Native,United States,NA,,90 - 94.9,92,3.07,,,1030,,,,,,0,1,1,0,1,0,1,1,1,1,0,0,0,1,1,1,1,1,0,0,12,,,,,,,,,,,,,,,,,,,,,,,,,
F13_286,F13,pre,I consent.,2,3,1,4,4,0,19,Asian,1,0,New,Native,United States,NA,,85 - 89.9,89.24,,8,,1440,680,760,680,9,1440,1,0,1,1,0,1,1,1,1,1,0,1,0,0,1,1,1,1,1,0,14,,,,,,,,,,,,,,,,,,,,,,,,,
F13_220,F13,pre,I consent.,1,2,2,2,1,0,19,Asian,0,0,New,Alien Temporary,"Korea, Republic of","$85,000-104,999",,85 - 89.9,85,,4,2,1160,710,450,560,8,1160,0,1,1,0,0,0,1,0,1,0,0,0,0,1,0,0,0,0,1,0,6,,,,,,,,,,,,,,,,,,,,,,,,,
F13_217,F13,pre,I consent.,1,4,1,3,3,3,19,White,1,0,New,Native,United States,NA,,85 - 89.9,87,,4,,1220,600,620,550,8,1220,1,1,1,1,1,1,1,0,1,1,1,1,0,1,1,0,1,1,1,1,17,,,,,,,,,,,,,,,,,,,,,,,,,
F13_252,F13,pre,I consent.,1,3,3,5,5,1,19,Asian,1,0,New,Native,United States,"$185,000+",,90 - 94.9,91,,3,,1200,610,590,640,8,1200,1,1,1,0,1,0,0,0,0,1,1,1,0,0,1,1,1,0,1,0,11,,,,,,,,,,,,,,,,,,,,,,,,,
F13_110,F13,pre,I consent.,3,3,3,2,1,0,19,Asian,0,0,Transfer,Alien Temporary,"Korea, Republic of",NA,,NA,,,5,2,,,,,,,1,0,0,0,0,0,0,1,0,0,1,0,0,1,0,1,0,0,0,0,5,,,,,,,,,,,,,,,,,,,,,,,,,
F13_288,F13,pre,I consent.,2,3,2,3,3,0,21,Asian,0,0,Transfer,Alien Temporary,"Korea, Republic of",NA,,80 - 84.9,84,,3,2,,,,,,,1,0,0,0,0,0,0,1,1,0,1,1,0,0,0,1,0,0,0,0,6,,,,,,,,,,,,,,,,,,,,,,,,,
F13_270,F13,pre,I consent.,1,5,2,5,5,3,21,Hispanic of any race,0,1,Transfer,Native,United States,"$15,000-29,999",,Unknown,,,,,,,,,,,1,1,1,0,1,0,1,0,1,0,1,1,0,0,1,1,1,1,1,1,14,,,,,,,,,,,,,,,,,,,,,,,,,
F13_214,F13,pre,I consent.,1,5,1,3,4,3,21,White,1,0,Transfer,Native,United States,NA,,85 - 89.9,85,3.17,,,,,,,,,1,1,1,0,1,0,1,0,0,0,0,1,1,0,0,0,0,0,0,0,7,,,,,,,,,,,,,,,,,,,,,,,,,
F13_061,F13,pre,I consent.,2,4,1,4,4,0,20,White,1,1,Transfer,Native,United States,"$0-14,999",,Unknown,,3.27,,,,,,,,,1,1,1,0,1,0,0,0,1,0,0,1,0,1,1,1,0,0,0,0,9,,,,,,,,,,,,,,,,,,,,,,,,,
F13_002,F13,pre,I consent.,1,4,1,4,4,2,20,Asian,1,1,Transfer,Native,United States,"$30,000-44,999",,90 - 94.9,91,2.8,,,,,,,,,1,1,0,1,1,1,1,1,1,1,1,1,1,1,1,1,1,1,1,1,19,,,,,,,,,,,,,,,,,,,,,,,,,
F13_186,F13,pre,I consent.,1,3,2,4,4,3,27,Asian,0,1,Transfer,Naturalized,Myanmar,NA,,NA,,3.38,,,,,,,,,0,1,1,0,1,0,1,0,1,1,1,0,0,1,0,1,0,0,1,0,10,,,,,,,,,,,,,,,,,,,,,,,,,
F13_117,F13,pre,I consent.,1,5,1,5,4,2,32,White,1,1,Transfer,Native,United States,"$0-14,999",,Unknown,,3.8,,,,,,,,,1,1,1,1,1,0,0,0,1,1,1,1,0,1,1,1,1,1,0,1,15,,,,,,,,,,,,,,,,,,,,,,,,,
F13_131,F13,pre,I consent.,3,3,2,2,1,2,20,Asian,0,0,Transfer,Alien Temporary,"Korea, Republic of",NA,,85 - 89.9,85,,5,2,,,,,,,1,1,1,1,0,0,0,0,0,0,1,0,0,0,1,1,0,1,0,0,8,,,,,,,,,,,,,,,,,,,,,,,,,
F13_168,F13,pre,I consent.,3,4,1,4,4,2,19,Hispanic of any race,0,1,Other,Native,United States,NA,,95 - 100,95,3.23,4,,,,,,,,1,1,1,1,1,1,1,1,1,1,0,0,1,1,1,0,1,1,1,1,17,,,,,,,,,,,,,,,,,,,,,,,,,
F13_001,F13,pre,I consent.,1,4,1,4,4,0,22,Hispanic of any race,0,1,Transfer,Native,United States,"$0-14,999",,Unknown,,3.61,1,,,,,,,,0,0,0,0,0,0,0,0,1,1,0,1,0,0,0,0,0,1,0,0,4,,,,,,,,,,,,,,,,,,,,,,,,,
F13_177,F13,pre,I consent.,1,4,2,4,4,2,26,Hispanic of any race,0,1,Transfer,Alien Permanent,Costa Rica,NA,,NA,,3.7,1,,,,,,,,1,1,1,0,1,0,1,1,0,1,0,0,0,0,1,1,0,1,0,0,10,,,,,,,,,,,,,,,,,,,,,,,,,
F13_111,F13,pre,I consent.,1,2,1,4,3,0,18,Asian,0,1,New,Naturalized,India,NA,,95 - 100,96,,2.5,,1180,640,540,610,10,1180,1,1,0,0,1,0,0,0,0,0,1,0,0,0,1,0,0,1,0,1,7,,,,,,,,,,,,,,,,,,,,,,,,,
F13_284,F13,pre,I consent.,3,4,1,5,5,0,21,White,0,0,Transfer,Native,United States,NA,,90 - 94.9,91,3.34,1,,,,,,,,1,1,1,0,1,0,1,0,0,0,1,0,1,0,0,0,1,0,0,0,8,,,,,,,,,,,,,,,,,,,,,,,,,
F13_236,F13,pre,I consent.,3,2,1,3,3,1,17,Asian,1,1,New,Native,United States,"$15,000-29,999",,85 - 89.9,89,,3,,1130,590,540,530,8,1130,1,1,1,0,1,1,0,0,0,1,1,1,0,0,0,0,0,1,0,0,9,,,,,,,,,,,,,,,,,,,,,,,,,
F13_281,F13,pre,I consent.,1,5,1,5,5,3,22,White,0,0,Transfer,Native,United States,NA,,95 - 100,96,3.15,2,,,,,,,,0,1,1,1,1,1,1,1,1,1,0,1,1,1,1,0,1,1,1,1,17,,,,,,,,,,,,,,,,,,,,,,,,,
F13_092,F13,pre,I consent.,2,4,1,3,4,0,22,White,0,0,Transfer,Native,United States,"$45,000-64,999",,95 - 100,95,3.1,2.5,,,,,,,,1,1,1,0,1,0,0,0,0,0,1,1,0,1,1,1,0,0,1,0,10,,,,,,,,,,,,,,,,,,,,,,,,,
F13_235,F13,pre,I consent.,1,4,1,4,4,3,21,Hispanic of any race,0,1,Transfer,Native,United States,"$0-14,999",,Unknown,,3.28,,,,,,,,,1,1,0,0,1,0,0,1,1,0,1,1,0,0,1,1,1,1,0,0,11,,,,,,,,,,,,,,,,,,,,,,,,,
F13_106,F13,pre,I consent.,1,3,2,5,5,3,21,Asian,0,0,Transfer,Native,United States,NA,,85 - 89.9,88,3.9,,,1150,600,550,550,8,1150,0,1,1,0,0,0,1,0,1,0,1,1,0,0,0,1,0,0,1,1,9,,,,,,,,,,,,,,,,,,,,,,,,,
F13_137,F13,pre,I consent.,2,2,1,5,5,1,18,White,1,0,New,Native,United States,"$85,000-104,999",,95 - 100,99,,,,1180,610,550,540,8,1160,1,1,1,0,1,0,0,0,0,1,1,1,0,1,1,0,0,1,0,0,10,,,,,,,,,,,,,,,,,,,,,,,,,
F13_139,F13,pre,I consent.,2,2,1,5,5,0,18,White,1,0,New,Native,United States,NA,,95 - 100,96,,6,,1240,620,620,650,11,1240,1,1,0,0,1,0,0,0,1,0,1,1,0,0,1,1,0,0,0,0,8,,,,,,,,,,,,,,,,,,,,,,,,,
F13_119,F13,pre,I consent.,2,3,1,5,5,0,18,White,0,1,New,Native,United States,"$30,000-44,999",,90 - 94.9,94,,,,1280,640,640,690,9,1280,1,1,1,0,1,0,1,1,0,1,1,1,0,1,1,0,1,0,0,0,12,,,,,,,,,,,,,,,,,,,,,,,,,
F13_123,F13,pre,I consent.,1,3,1,5,5,1,18,Asian,0,1,New,Naturalized,Unknown,NA,,95 - 100,97,,4,,1330,,,,,,1,1,1,0,1,1,0,1,1,1,1,1,0,0,1,1,0,0,1,1,14,,,,,,,,,,,,,,,,,,,,,,,,,
F13_184,F13,pre,I consent.,1,2,1,3,3,0,17,Hispanic of any race,0,0,New,Native,United States,NA,,90 - 94.9,93,,4,,1130,560,550,590,10,1110,1,1,1,0,1,1,1,0,0,1,1,1,0,1,0,0,1,1,1,1,14,,,,,,,,,,,,,,,,,,,,,,,,,
F13_243,F13,pre,I consent.,1,3,2,3,3,0,18,Asian,0,1,New,Naturalized,Unknown,"$30,000-44,999",,95 - 100,99,,,,1230,700,530,640,9,1230,1,1,1,0,1,0,0,1,0,1,0,1,0,1,1,1,0,0,0,0,10,,,,,,,,,,,,,,,,,,,,,,,,,
F13_257,F13,pre,I consent.,1,2,1,4,3,0,18,Black/African American,1,1,New,Native,United States,"$15,000-29,999",,85 - 89.9,89,,3,,960,500,460,430,6,960,1,1,1,0,1,0,1,0,0,0,1,0,0,0,1,1,0,0,0,1,9,,,,,,,,,,,,,,,,,,,,,,,,,
F13_122,F13,pre,I consent.,1,4,1,4,4,0,18,Asian,0,0,New,Native,United States,NA,,90 - 94.9,90,3.07,,,1240,640,600,590,9,1240,1,1,0,0,1,0,0,1,0,1,1,0,1,0,1,0,0,0,0,0,8,,,,,,,,,,,,,,,,,,,,,,,,,
F13_262,F13,pre,I consent.,1,4,2,4,2,0,20,Asian,0,0,Transfer,Alien Temporary,Chi,NA,,NA,,,,4,,,,,,,1,1,1,0,1,1,0,1,1,0,1,1,0,1,1,1,0,1,1,1,15,,,,,,,,,,,,,,,,,,,,,,,,,
F13_247,F13,pre,I consent.,2,3,1,2,3,0,18,White,1,0,New,Native,United States,NA,,90 - 94.9,90,3.56,4,,1220,590,630,610,8,1220,1,1,1,0,1,1,1,1,1,0,1,1,1,1,1,1,0,1,1,0,16,,,,,,,,,,,,,,,,,,,,,,,,,
F13_045,F13,pre,I consent.,1,3,1,5,5,1,18,White,1,0,New,Native,United States,NA,,95 - 100,96,,,,1320,660,660,670,11,1320,0,1,1,0,1,1,1,1,1,1,0,1,1,1,1,0,1,0,1,0,14,,,,,,,,,,,,,,,,,,,,,,,,,
F13_194,F13,pre,I consent.,1,2,2,5,4,1,18,Asian,1,0,New,Alien Permanent,India,NA,,90 - 94.9,94,,8,,1460,750,710,740,10,1460,1,1,1,0,1,1,0,1,1,1,1,1,1,1,1,0,1,1,1,1,17,,,,,,,,,,,,,,,,,,,,,,,,,
F13_038,F13,pre,I consent.,2,2,1,5,5,0,17,Asian,1,0,New,Native,United States,NA,,90 - 94.9,93,,,,1470,750,720,690,8,1470,1,1,1,0,0,1,0,0,1,1,1,1,0,0,1,0,1,0,0,0,10,,,,,,,,,,,,,,,,,,,,,,,,,
F13_109,F13,pre,I consent.,3,2,1,5,5,1,18,White,0,0,New,Native,United States,"$85,000-104,999",,95 - 100,96,,3,,1160,600,560,610,8,1160,0,1,1,1,0,1,1,1,0,1,0,1,1,1,1,0,1,1,1,1,15,,,,,,,,,,,,,,,,,,,,,,,,,
F13_222,F13,pre,I consent.,1,2,1,4,4,0,19,White,0,0,Other,Alien Temporary,New Zealand,NA,,90 - 94.9,94,,,,1260,700,560,620,8,1260,1,1,1,0,1,0,1,1,0,0,1,1,1,1,0,1,1,1,1,1,15,,,,,,,,,,,,,,,,,,,,,,,,,
F13_022,F13,pre,I consent.,1,2,1,5,5,1,18,White,1,0,New,Native,United States,NA,,95 - 100,98,,,,1290,,,,,,1,1,0,1,1,1,1,1,0,1,1,1,1,1,1,0,1,1,1,1,17,,,,,,,,,,,,,,,,,,,,,,,,,
F13_144,F13,pre,I consent.,2,2,2,5,3,0,19,Asian,0,0,New,Alien Temporary,Chi,"$15,000-29,999",,90 - 94.9,93,3.25,4,,1340,720,620,580,8,1340,1,1,1,0,0,1,0,0,0,0,0,1,0,1,0,1,1,1,1,1,11,,,,,,,,,,,,,,,,,,,,,,,,,
F13_280,F13,pre,I consent.,2,4,1,5,4,0,20,White,0,1,Transfer,Native,United States,NA,,95 - 100,99,3.94,,,,,,,,,0,1,1,1,1,1,0,1,0,0,1,0,1,1,1,0,0,1,1,1,13,,,,,,,,,,,,,,,,,,,,,,,,,
F13_028,F13,pre,I consent.,1,3,1,5,5,1,18,Asian,0,0,New,Native,United States,NA,,90 - 94.9,94,,9,,1530,750,780,800,12,1530,1,1,1,0,1,0,0,1,1,1,1,1,0,1,0,1,0,1,0,1,13,,,,,,,,,,,,,,,,,,,,,,,,,
F13_215,F13,pre,I consent.,3,2,1,5,5,0,18,Asian,0,1,New,Native,United States,"$0-14,999",,90 - 94.9,93,,3,,1190,520,670,600,11,1190,1,1,1,1,1,1,1,1,1,1,1,0,1,1,1,1,1,1,1,1,19,,,,,,,,,,,,,,,,,,,,,,,,,
F13_064,F13,pre,I consent.,3,2,1,4,4,0,18,Black/African American,0,1,Other,Native,United States,NA,,85 - 89.9,86,,4,,1020,500,520,400,6,1020,0,1,1,0,1,0,1,1,1,1,1,0,0,0,1,1,1,1,0,1,13,,,,,,,,,,,,,,,,,,,,,,,,,
F13_165,F13,pre,I consent.,1,3,1,4,4,0,18,White,0,0,Transfer,Naturalized,Unknown,NA,,90 - 94.9,94,3.9,,,1100,550,550,570,9,1100,1,1,1,0,1,0,0,0,1,1,1,0,0,1,0,1,0,0,0,0,9,,,,,,,,,,,,,,,,,,,,,,,,,
F13_113,F13,pre,I consent.,2,2,2,3,3,0,20,Asian,1,0,New,Alien Temporary,"Korea, Republic of",NA,,NA,,,,,1120,650,470,490,7,1120,0,1,0,0,0,0,0,0,0,0,0,1,0,0,0,0,0,0,0,0,2,,,,,,,,,,,,,,,,,,,,,,,,,
F13_192,F13,pre,I consent.,3,2,2,3,3,0,18,Asian,1,0,New,Native,United States,"$45,000-64,999",,85 - 89.9,87,,9,,1390,,,,,,1,1,1,0,1,0,1,0,0,1,1,1,0,0,1,1,1,1,1,0,13,,,,,,,,,,,,,,,,,,,,,,,,,
F13_237,F13,pre,I consent.,1,2,1,3,4,0,17,Asian,1,0,New,Native,United States,"$45,000-64,999",,90 - 94.9,91,,5,,1390,680,710,620,9,1390,1,1,1,1,1,1,1,1,1,1,1,1,1,1,1,1,1,1,1,1,20,,,,,,,,,,,,,,,,,,,,,,,,,
F13_256,F13,pre,I consent.,1,3,1,4,4,2,19,White,1,0,Transfer,Naturalized,Unknown,NA,,95 - 100,96,3.48,,,,,,,,,1,1,1,1,1,1,1,1,1,0,1,1,1,1,1,1,1,0,1,1,18,,,,,,,,,,,,,,,,,,,,,,,,,
F13_253,F13,pre,I consent.,1,3,2,2,1,0,21,Asian,0,0,Transfer,Alien Permanent,"Korea, Republic of",NA,,NA,,3.75,,,,,,,,,0,0,1,0,1,0,0,1,1,0,0,0,0,0,0,1,0,1,1,0,7,,,,,,,,,,,,,,,,,,,,,,,,,
F13_239,F13,pre,I consent.,3,3,1,5,4,3,19,Hispanic of any race,0,1,Transfer,Native,United States,"$15,000-29,999",,Unknown,,3.5,,,,,,,,,1,1,1,0,1,1,1,1,0,1,0,0,0,1,1,1,1,0,1,1,14,,,,,,,,,,,,,,,,,,,,,,,,,
F13_056,F13,pre,I consent.,2,3,1,4,3,0,19,White,0,0,Transfer,Native,United States,"$125,000-144,999",,95 - 100,98,3.85,2.5,,1210,620,540,590,10,1160,1,1,1,0,0,0,0,0,0,0,0,0,0,0,1,1,0,1,0,1,7,,,,,,,,,,,,,,,,,,,,,,,,,
F13_274,F13,pre,I consent.,1,3,1,3,4,0,19,,0,0,Transfer,Native,United States,NA,,85 - 89.9,87,3.3,,,1330,680,650,740,10,1330,1,1,1,0,1,0,0,1,0,1,1,1,1,1,1,0,1,1,1,0,14,,,,,,,,,,,,,,,,,,,,,,,,,
F13_183,F13,pre,I consent.,1,3,1,3,4,2,20,White,1,1,Transfer,Native,United States,NA,,NA,,,,3,,,,,,,1,1,1,0,1,0,0,0,1,0,0,1,0,1,0,0,0,0,1,1,9,,,,,,,,,,,,,,,,,,,,,,,,,
F13_034,F13,pre,I consent.,2,4,2,3,2,0,21,Asian,1,0,Transfer,Alien Temporary,Chi,NA,,NA,,,9,1,,,,,,,1,1,0,1,1,1,1,1,1,1,1,1,1,0,1,1,0,0,1,1,16,,,,,,,,,,,,,,,,,,,,,,,,,
F13_107,F13,pre,I consent.,2,4,1,5,5,0,21,Hispanic of any race,1,0,Transfer,Alien Permanent,Honduras,NA,,85 - 89.9,88,3.64,,,,,,,,,0,1,1,0,0,0,1,0,0,0,0,0,0,0,1,0,0,1,0,0,5,,,,,,,,,,,,,,,,,,,,,,,,,
F13_149,F13,pre,I consent.,3,6,1,4,4,2,29,White,0,0,Transfer,Native,United States,NA,,NA,,,,,,,,,,,1,1,1,0,1,0,1,0,1,1,0,1,0,1,1,1,1,1,1,1,15,,,,,,,,,,,,,,,,,,,,,,,,,
F13_146,F13,pre,I consent.,2,5,1,4,4,0,25,White,1,0,Transfer,Native,United States,"$0-14,999",,75 - 79.9,78,3.2,,,,,,,,,1,0,0,0,1,1,0,0,0,0,1,0,0,1,0,0,0,0,0,0,5,,,,,,,,,,,,,,,,,,,,,,,,,
F13_047,F13,pre,I consent.,1,4,2,4,4,0,21,Hispanic of any race,1,1,Transfer,Native,United States,NA,,85 - 89.9,85,3.9,,,,,,,,,1,1,1,0,1,0,0,0,1,1,0,0,0,1,0,1,0,1,0,0,9,,,,,,,,,,,,,,,,,,,,,,,,,
F13_125,F13,pre,I consent.,1,4,2,5,3,0,27,Asian,1,0,Transfer,Alien Temporary,"Korea, Republic of",NA,,NA,,2.93,5,2,,,,,,,1,1,1,1,1,1,1,0,1,1,0,1,1,0,1,0,1,1,1,1,16,,,,,,,,,,,,,,,,,,,,,,,,,
F13_081,F13,pre,I consent.,1,3,2,4,3,2,35,Hispanic of any race,0,0,Transfer,Alien Permanent,Brazil,"105,000-124,999",,Unknown,,3.33,,,,,,,,,1,1,1,0,1,1,1,1,0,0,1,1,0,0,1,0,1,1,0,1,13,,,,,,,,,,,,,,,,,,,,,,,,,
F15_042,F15,pre,I consent.,3,6,1,5,5,2,36,White,0,0,Other,Native,United States,NA,,NA,,,,,,,,,,,1,1,1,0,0,0,1,1,0,1,1,0,0,1,0,0,1,0,0,1,10,,,,,,,,,,,,,,,,,,,,,,,,,
F15_155,F15,pre,I consent.,1,5,1,5,5,3,27,Asian,1,1,Transfer,Native,United States,"$85,000-104,999",,Unknown,,2.97,,,1310,640,670,610,,1310,1,1,1,1,1,1,1,0,1,1,1,1,1,1,1,1,1,1,1,1,19,,,,,,,,,,,,,,,,,,,,,,,,,
F15_169,F15,pre,I consent.,2,5,1,2,4,0,25,Asian,1,1,Transfer,Native,United States,"105,000-124,999",,Unknown,,2.33,,,1410,680,730,700,8,1410,1,1,0,0,1,1,1,1,0,0,1,1,0,0,1,0,1,1,1,1,13,,,,,,,,,,,,,,,,,,,,,,,,,
F15_231,F15,pre,I consent.,1,5,1,4,3,3,24,White,1,0,New,Native,United States,NA,,90 - 94.9,90,,6,,1170,620,550,550,8,1170,1,1,1,1,1,1,1,1,1,1,1,1,1,1,1,0,1,1,1,1,19,,,,,,,,,,,,,,,,,,,,,,,,,
F15_262,F15,pre,I consent.,2,5,1,4,3,0,23,White,1,1,Transfer,Native,United States,"$185,000+",,Unknown,,3.7,3,,1350,680,670,660,8,1350,1,1,1,1,1,1,1,1,1,1,1,1,1,1,1,1,1,1,1,1,20,,,,,,,,,,,,,,,,,,,,,,,,,
F15_303,F15,pre,I consent.,2,4,2,1,1,2,20,White,0,1,New,Native,United States,NA,,95 - 100,98,,3,3,1170,,,,,,1,1,0,1,0,1,0,0,0,1,0,0,0,0,1,1,0,0,1,0,8,,,,,,,,,,,,,,,,,,,,,,,,,
F15_312,F15,pre,I consent.,2,5,1,5,5,3,21,White,0,0,Transfer,Alien Permanent,Turkey,"$30,000-44,999",,90 - 94.9,92,,,4,1000,500,500,460,,1000,1,1,1,1,1,0,1,0,1,1,0,0,1,0,1,0,1,1,0,1,13,,,,,,,,,,,,,,,,,,,,,,,,,
F15_297,F15,pre,I consent.,1,5,1,4,4,3,20,Asian,0,0,New,Native,United States,NA,,95 - 100,96,,9,,1360,690,620,690,10,1310,0,1,1,1,1,1,1,0,1,1,1,1,0,1,1,0,1,1,1,1,16,,,,,,,,,,,,,,,,,,,,,,,,,
F15_218,F15,pre,I consent.,2,4,1,4,4,0,20,White,1,0,New,Native,United States,NA,,90 - 94.9,90,,2,,1230,620,610,580,8,1230,0,0,1,0,1,0,1,0,0,0,0,0,0,0,1,1,1,0,0,0,6,,,,,,,,,,,,,,,,,,,,,,,,,
F15_059,F15,pre,I consent.,1,4,1,4,4,0,20,White,0,1,Transfer,Native,United States,"$30,000-44,999",,Unknown,,3.59,,,1050,500,550,510,8,1050,1,1,1,0,1,1,1,1,0,1,1,1,0,0,1,1,0,1,1,0,14,,,,,,,,,,,,,,,,,,,,,,,,,
F15_070,F15,pre,I consent.,2,5,1,3,2,2,22,White,0,0,New,Native,United States,"$185,000+",,85 - 89.9,86,,4,,1220,610,610,580,8,1220,1,1,1,0,1,0,1,0,0,1,1,1,1,1,1,0,1,1,1,1,15,,,,,,,,,,,,,,,,,,,,,,,,,
F15_294,F15,pre,I consent.,2,5,1,5,5,2,22,White,0,0,Transfer,Native,United States,NA,,90 - 94.9,91,2.84,,,,,,,,,0,0,1,1,1,0,1,0,0,1,0,1,0,1,1,1,1,0,0,0,10,,,,,,,,,,,,,,,,,,,,,,,,,
F15_054,F15,pre,I consent.,3,5,2,3,2,0,21,Asian,1,0,Transfer,Native,United States,"$15,000-29,999",,85 - 89.9,89,4,2.5,,960,550,410,410,7,960,1,1,1,0,0,0,1,1,0,1,0,1,0,0,0,0,1,0,0,0,8,,,,,,,,,,,,,,,,,,,,,,,,,
F15_071,F15,pre,I consent.,2,5,1,5,4,0,24,Hispanic of any race,0,1,Transfer,Native,United States,"$85,000-104,999",,Unknown,,3.5,4,,,,,,,,0,1,1,0,1,0,0,0,0,0,1,1,0,1,1,0,0,0,1,1,9,,,,,,,,,,,,,,,,,,,,,,,,,
F15_302,F15,pre,I consent.,2,5,2,5,5,0,21,Asian,1,0,New,Naturalized,Myanmar,NA,,85 - 89.9,87,,3,,1240,640,600,490,8,1240,1,0,0,1,0,0,0,1,0,0,0,0,0,0,1,0,0,1,1,1,7,,,,,,,,,,,,,,,,,,,,,,,,,
F15_107,F15,pre,I consent.,1,4,2,5,5,0,22,Hispanic of any race,1,1,Transfer,Native,United States,"$45,000-64,999",,Unknown,,3.02,1,,840,400,440,450,9,840,1,1,1,0,1,0,0,0,1,0,1,0,0,1,1,1,0,0,1,0,10,,,,,,,,,,,,,,,,,,,,,,,,,
F15_333,F15,pre,I consent.,1,5,2,3,2,3,22,Asian,0,1,New,Native,United States,"$0-14,999",,85 - 89.9,85,,4,,870,430,440,430,9,870,0,1,0,0,0,0,0,1,1,1,1,0,0,0,0,0,0,1,1,1,8,,,,,,,,,,,,,,,,,,,,,,,,,
F15_036,F15,pre,I consent.,1,3,1,5,5,2,22,White,1,0,New,Native,United States,NA,,80 - 84.9,83,,3,,1230,610,620,600,9,1230,1,1,1,0,1,0,0,1,1,1,1,1,0,1,1,1,1,1,0,0,14,,,,,,,,,,,,,,,,,,,,,,,,,
F15_041,F15,pre,I consent.,1,5,1,4,4,3,21,Hispanic of any race,0,1,Transfer,Native,United States,"$15,000-29,999",,85 - 89.9,88,3.39,,,1020,500,520,540,7,1020,1,1,1,0,0,0,1,0,0,1,1,0,0,1,1,1,1,0,0,0,10,,,,,,,,,,,,,,,,,,,,,,,,,
F15_239,F15,pre,I consent.,1,4,1,3,2,2,18,Asian,0,0,Transfer,Native,United States,NA,N,90 - 94.9,92,3.7,,,1180,600,580,570,8,1180,0,1,1,0,1,0,0,0,0,1,0,1,0,1,0,0,1,1,1,0,9,,,,,,,,,,,,,,,,,,,,,,,,,
F15_159,F15,pre,I consent.,2,4,1,5,5,3,20,White,0,0,Transfer,Native,United States,NA,,85 - 89.9,87,2.96,2.5,,1160,520,540,550,8,1060,1,1,0,1,1,0,1,1,0,0,0,1,0,0,0,1,1,0,0,0,9,,,,,,,,,,,,,,,,,,,,,,,,,
F15_184,F15,pre,I consent.,1,5,1,2,2,3,21,Asian,1,0,New,Native,United States,NA,,95 - 100,99,,6,,1150,660,490,480,8,1150,0,1,1,1,0,0,0,1,0,0,0,1,0,0,0,0,0,0,1,1,7,,,,,,,,,,,,,,,,,,,,,,,,,
F15_091,F15,pre,I consent.,2,5,2,5,5,3,25,Hispanic of any race,0,0,Other,Native,United States,NA,,85 - 89.9,85,2.96,2,,,,,,,,1,1,0,0,1,0,1,1,0,0,1,0,0,0,1,0,0,1,0,0,8,,,,,,,,,,,,,,,,,,,,,,,,,
F15_058,F15,pre,I consent.,2,5,1,4,3,0,21,Asian,0,0,Transfer,Native,United States,NA,,90 - 94.9,91,3.6,3,,1330,630,700,660,10,1330,1,1,1,0,1,0,1,0,0,0,0,1,0,1,0,1,0,0,0,1,9,,,,,,,,,,,,,,,,,,,,,,,,,
F15_123,F15,pre,I consent.,3,4,1,4,4,0,20,Black/African American,1,1,New,Native,United States,"$30,000-44,999",,85 - 89.9,85,,5,,1060,560,500,440,7,1060,1,1,1,0,0,0,1,0,1,0,0,0,0,0,1,0,0,0,0,0,6,,,,,,,,,,,,,,,,,,,,,,,,,
F15_205,F15,pre,I consent.,2,5,1,4,4,0,21,White,1,0,New,Native,United States,NA,,85 - 89.9,88,,2.5,,1030,490,540,510,8,1030,1,1,1,0,0,0,0,0,0,1,1,0,0,1,0,1,0,1,1,0,9,,,,,,,,,,,,,,,,,,,,,,,,,
F15_319,F15,pre,I consent.,1,5,2,4,4,3,21,Hispanic of any race,1,1,New,Naturalized,Ecuador,"$15,000-29,999",,90 - 94.9,94,,8,,1180,680,500,570,8,1180,0,1,0,0,1,0,1,1,1,1,1,1,0,0,1,1,1,0,1,0,12,,,,,,,,,,,,,,,,,,,,,,,,,
F15_318,F15,pre,I consent.,1,5,1,5,5,3,21,White,0,1,New,Native,United States,NA,,90 - 94.9,91,,3,,1400,700,700,690,10,1400,1,1,1,1,1,0,1,1,1,0,1,1,1,0,1,1,1,0,1,0,15,,,,,,,,,,,,,,,,,,,,,,,,,
F15_248,F15,pre,I consent.,2,4,1,4,5,0,21,Black/African American,1,1,Transfer,Native,United States,"$30,000-44,999",,80 - 84.9,84,3.57,,,990,520,470,410,6,990,1,1,0,0,1,0,1,1,0,1,1,0,0,1,1,1,0,0,0,0,10,,,,,,,,,,,,,,,,,,,,,,,,,
F15_024,F15,pre,I consent.,2,5,1,5,5,3,21,White,0,0,New,Native,United States,NA,,95 - 100,97,,3,,1160,570,590,570,6,1160,0,1,1,1,1,0,1,1,1,1,0,1,0,1,1,0,0,1,0,0,12,,,,,,,,,,,,,,,,,,,,,,,,,
F15_047,F15,pre,I consent.,1,5,1,5,5,0,21,White,0,1,Transfer,Native,United States,NA,,85 - 89.9,89,3.1,,,1150,440,570,540,8,1010,0,0,1,0,0,0,1,0,0,0,1,0,0,1,0,1,0,0,0,0,5,,,,,,,,,,,,,,,,,,,,,,,,,
F15_292,F15,pre,I consent.,1,5,2,5,5,3,21,,1,1,New,Native,United States,"$30,000-44,999",,85 - 89.9,88,,4,,1300,660,640,570,10,1300,1,1,1,0,1,0,0,0,0,0,1,1,1,1,1,1,0,0,0,1,11,,,,,,,,,,,,,,,,,,,,,,,,,
F15_291,F15,pre,I consent.,1,5,2,3,3,3,21,Asian,0,1,New,Native,United States,"$15,000-29,999",,85 - 89.9,88,,5,,1120,590,460,510,9,1050,0,1,1,0,1,0,1,0,0,1,1,1,0,1,0,1,0,1,0,0,10,,,,,,,,,,,,,,,,,,,,,,,,,
F15_067,F15,pre,I consent.,1,5,1,5,5,3,21,Asian,0,0,New,Naturalized,Unknown,NA,,90 - 94.9,90,,4,,1240,630,610,560,10,1240,1,1,1,0,1,1,1,1,0,1,1,1,0,1,1,1,1,1,1,1,17,,,,,,,,,,,,,,,,,,,,,,,,,
F15_195,F15,pre,I consent.,2,5,1,5,5,3,20,White,1,0,New,Native,United States,"$65,000-84,999",,95 - 100,96,,,,1520,,,,,,1,1,1,0,1,1,1,1,0,1,1,1,0,1,1,1,0,0,0,0,13,,,,,,,,,,,,,,,,,,,,,,,,,
F15_104,F15,pre,I consent.,2,5,1,5,4,3,21,Asian,1,1,Transfer,Native,United States,NA,,90 - 94.9,91,3.06,,,1110,610,500,510,9,1110,1,1,1,0,1,0,1,0,1,0,0,1,0,1,1,1,0,0,0,0,10,,,,,,,,,,,,,,,,,,,,,,,,,
F15_086,F15,pre,I consent.,1,5,1,3,5,2,21,Asian,1,1,New,Native,United States,"$45,000-64,999",,90 - 94.9,91,,8,,1310,690,620,570,8,1310,1,1,0,1,1,1,0,1,0,1,1,0,1,1,1,0,1,1,1,0,14,,,,,,,,,,,,,,,,,,,,,,,,,
F15_102,F15,pre,I consent.,1,5,2,4,2,3,21,Asian,0,1,New,Naturalized,Unknown,NA,,95 - 100,96,2.7,,,1200,630,480,590,11,1110,1,1,1,0,1,1,0,1,1,0,0,1,0,1,1,1,0,1,0,0,12,,,,,,,,,,,,,,,,,,,,,,,,,
F15_095,F15,pre,I consent.,2,5,1,4,4,3,21,White,0,0,Transfer,Native,United States,"$125,000-144,999",,90 - 94.9,92,3.76,,,970,500,440,430,10,940,0,1,1,1,1,0,1,0,1,0,0,1,0,0,0,1,1,0,1,0,10,,,,,,,,,,,,,,,,,,,,,,,,,
F15_282,F15,pre,I consent.,2,4,1,5,4,0,21,White,1,0,Transfer,Native,United States,"$125,000-144,999",,90 - 94.9,94,3.7,,,1200,670,530,540,7,1200,1,1,1,0,1,1,0,0,1,1,1,1,0,1,1,1,0,1,1,0,14,,,,,,,,,,,,,,,,,,,,,,,,,
F15_287,F15,pre,I consent.,2,4,1,4,3,0,21,Asian,1,1,Transfer,Native,United States,"$15,000-29,999",,85 - 89.9,87,3.06,,,1010,540,470,450,,1010,0,0,1,0,1,0,0,1,1,1,1,0,0,1,0,0,0,1,0,0,8,,,,,,,,,,,,,,,,,,,,,,,,,
F15_289,F15,pre,I consent.,1,5,1,4,4,3,21,,1,0,Transfer,Native,United States,"$85,000-104,999",,95 - 100,99,3.7,,,1350,660,690,700,10,1350,0,1,1,1,1,0,0,0,1,1,0,1,0,1,0,0,0,0,0,1,9,,,,,,,,,,,,,,,,,,,,,,,,,
F15_173,F15,pre,I consent.,1,5,2,5,5,3,21,Asian,1,0,Transfer,Naturalized,Unknown,NA,,90 - 94.9,92,,5,,1290,690,590,580,10,1280,1,1,1,1,1,1,1,1,1,1,1,1,1,1,1,1,1,1,1,1,20,,,,,,,,,,,,,,,,,,,,,,,,,
F15_246,F15,pre,I consent.,3,5,1,0,4,2,20,tive Hawaiian/Other Pacific Island,0,0,Transfer,Native,United States,NA,,95 - 100,96,,6,,1310,630,680,640,10,1310,1,1,1,0,0,1,1,1,0,1,1,1,0,1,1,1,0,1,0,0,13,,,,,,,,,,,,,,,,,,,,,,,,,
F15_139,F15,pre,I consent.,1,5,1,5,5,3,20,Asian,0,0,Other,Native,United States,NA,,90 - 94.9,94,,7,,1380,660,570,670,8,1230,0,1,1,0,1,1,1,0,1,1,1,1,0,1,1,0,1,0,1,0,13,,,,,,,,,,,,,,,,,,,,,,,,,
F15_121,F15,pre,I consent.,1,4,1,4,4,2,20,White,0,1,Transfer,Native,United States,"$15,000-29,999",,Unknown,,3.5,2.5,,1280,,,,,,1,1,1,1,1,1,1,1,1,1,1,1,1,1,1,1,1,1,1,1,20,,,,,,,,,,,,,,,,,,,,,,,,,
F15_081,F15,pre,I consent.,2,4,1,5,5,0,21,Black/African American,0,1,New,Native,United States,NA,,80 - 84.9,83,,3,,1140,610,530,590,8,1140,1,1,1,0,0,0,0,1,0,1,0,1,0,0,1,1,1,1,1,0,11,,,,,,,,,,,,,,,,,,,,,,,,,
F14_130,F15,pre,I consent.,2,5,2,1,1,0,22,Asian,0,1,New,Alien Permanent,Chi,NA,,90 - 94.9,93,,5,,1050,700,350,550,10,1050,0,1,0,1,0,1,0,0,0,0,0,0,0,0,1,0,0,0,0,1,5,,,,,,,,,,,,,,,,,,,,,,,,,
F15_072,F15,pre,I consent.,1,5,1,5,5,3,21,White,1,0,New,Native,United States,NA,,95 - 100,95,,7,,1220,600,620,650,9,1220,0,1,1,1,1,0,1,1,1,1,0,1,0,1,0,0,1,1,0,1,13,,,,,,,,,,,,,,,,,,,,,,,,,
F15_090,F15,pre,I consent.,3,3,1,5,3,0,21,Hispanic of any race,1,0,New,Native,United States,"$15,000-29,999",,90 - 94.9,90,,4,,1370,650,720,580,6,1370,1,1,1,1,1,1,1,1,0,1,1,1,1,1,1,0,1,1,1,1,18,,,,,,,,,,,,,,,,,,,,,,,,,
F15_313,F15,pre,I consent.,2,5,1,5,4,3,21,Black/African American,1,0,New,Native,United States,NA,,95 - 100,99,,,,1210,630,580,600,9,1210,1,1,1,1,1,1,1,1,0,0,1,1,1,1,1,1,0,0,1,0,15,,,,,,,,,,,,,,,,,,,,,,,,,
F15_193,F15,pre,I consent.,1,4,2,5,5,3,21,Asian,0,0,New,Alien Permanent,Chi,NA,,90 - 94.9,94,,5,,1590,790,800,790,8,1590,1,1,1,1,1,1,1,1,0,1,1,1,1,1,1,1,1,1,1,1,19,,,,,,,,,,,,,,,,,,,,,,,,,
F15_022,F15,pre,I consent.,1,5,2,3,3,3,21,Asian,0,1,New,Alien Permanent,Pakistan,NA,,90 - 94.9,94,,6,,1390,710,680,690,8,1390,0,1,1,1,1,1,0,1,0,0,1,1,1,1,1,1,0,1,1,1,15,,,,,,,,,,,,,,,,,,,,,,,,,
F15_020,F15,pre,I consent.,2,3,1,4,4,0,20,White,1,0,New,Native,United States,NA,,90 - 94.9,90,,4,,1270,660,610,570,8,1270,1,0,0,0,1,0,0,0,0,0,1,1,1,0,0,1,0,0,0,0,6,,,,,,,,,,,,,,,,,,,,,,,,,
F15_005,F15,pre,I consent.,1,5,2,2,2,3,20,Asian,0,1,New,Naturalized,Unknown,NA,,85 - 89.9,89,3.49,5,,1370,690,680,800,10,1370,1,1,1,0,1,1,1,1,1,1,1,1,1,1,1,1,1,1,1,1,19,,,,,,,,,,,,,,,,,,,,,,,,,
F15_088,F15,pre,I consent.,2,5,1,5,5,2,20,Asian,0,0,New,Native,United States,NA,,90 - 94.9,92,,3,,1340,650,690,620,8,1340,0,1,1,0,0,0,0,0,0,1,0,0,1,0,0,0,0,1,1,1,7,,,,,,,,,,,,,,,,,,,,,,,,,
F15_361,F15,pre,I consent.,1,5,1,4,3,0,21,Asian,0,1,New,Native,United States,NA,,90 - 94.9,94,,5,,1420,720,700,680,9,1420,0,1,1,1,1,1,1,1,1,1,1,1,1,1,1,1,1,1,1,1,19,,,,,,,,,,,,,,,,,,,,,,,,,
F15_174,F15,pre,I consent.,2,4,2,4,4,2,22,Asian,0,1,New,Alien Permanent,"Korea, Republic of",NA,,85 - 89.9,85,,4,,1180,680,500,480,8,1180,1,1,1,0,1,0,0,0,1,1,0,1,0,0,1,1,1,0,0,0,10,,,,,,,,,,,,,,,,,,,,,,,,,
F15_034,F15,pre,I consent.,1,5,2,4,4,0,20,White,1,0,New,Alien Temporary,Russian Federation,NA,,85 - 89.9,85,,5,,890,550,340,390,6,890,1,1,1,1,0,0,1,0,1,1,1,1,1,1,0,1,0,1,1,1,15,,,,,,,,,,,,,,,,,,,,,,,,,
F15_222,F15,pre,I consent.,2,5,1,5,5,2,23,Hispanic of any race,1,1,Transfer,Native,United States,"$15,000-29,999",,75 - 79.9,75,3.01,2,,830,440,390,470,6,830,1,1,1,0,1,0,0,0,0,1,0,0,1,1,0,0,0,1,0,1,9,,,,,,,,,,,,,,,,,,,,,,,,,
F15_120,F15,pre,I consent.,2,5,1,3,5,0,26,White,1,0,Transfer,Native,United States,"$45,000-64,999",,85 - 89.9,86,2.8,,,,,,,,,0,1,1,0,1,0,1,0,0,1,0,0,0,1,0,0,1,0,1,1,9,,,,,,,,,,,,,,,,,,,,,,,,,
F15_316,F15,pre,I consent.,2,5,1,3,0,0,35,White,1,0,Transfer,Native,United States,NA,,85 - 89.9,88,3.7,2.5,,,,,,,,1,1,1,1,1,0,0,0,1,1,0,1,0,0,1,0,0,1,0,0,10,,,,,,,,,,,,,,,,,,,,,,,,,
F15_131,F15,pre,I consent.,2,3,1,4,5,0,19,White,0,0,New,Native,United States,NA,N,90 - 94.9,94,,2,,1200,540,590,620,10,1130,1,1,1,0,1,0,1,0,1,0,1,1,1,1,1,1,1,0,1,0,14,,,,,,,,,,,,,,,,,,,,,,,,,
F15_268,F15,pre,I consent.,1,3,1,5,5,2,19,Hispanic of any race,1,0,New,Native,United States,NA,N,95 - 100,99,,4,,1150,610,540,600,10,1150,1,1,1,0,1,1,1,0,1,1,1,1,0,1,1,1,1,1,1,1,17,,,,,,,,,,,,,,,,,,,,,,,,,
F15_077,F15,pre,I consent.,1,5,1,5,5,3,20,,0,0,Transfer,Native,United States,"$165,000-184,999",,95 - 100,99,4,,,1250,670,580,700,10,1250,1,1,1,1,1,1,1,1,0,1,1,1,1,1,1,1,1,1,1,1,19,,,,,,,,,,,,,,,,,,,,,,,,,
F15_224,F15,pre,I consent.,1,3,1,5,5,0,19,White,1,0,New,Native,United States,NA,N,95 - 100,95,,4,,1290,700,590,650,10,1290,1,1,1,0,1,0,0,0,1,0,1,0,0,1,1,1,0,1,0,0,10,,,,,,,,,,,,,,,,,,,,,,,,,
F15_185,F15,pre,I consent.,2,4,1,4,4,0,21,White,0,1,Transfer,Native,United States,NA,,NA,,3.53,2.5,,,,,,,,1,1,0,0,1,0,1,0,0,1,1,1,0,0,1,1,0,1,0,1,11,,,,,,,,,,,,,,,,,,,,,,,,,
F15_207,F15,pre,I consent.,1,3,1,4,4,3,19,tive Hawaiian/Other Pacific Island,0,0,New,Native,United States,NA,Y,90 - 94.9,93,,3,,1210,600,610,580,8,1210,1,1,1,0,1,0,1,0,0,0,1,1,0,1,1,1,0,1,0,0,11,,,,,,,,,,,,,,,,,,,,,,,,,
F15_349,F15,pre,I consent.,2,3,2,4,4,0,20,Black/African American,0,0,Transfer,Native,United States,NA,,80 - 84.9,81,3.4,,,1430,740,690,420,,1430,1,1,0,0,0,0,0,0,0,0,0,0,0,0,0,1,0,1,1,1,6,,,,,,,,,,,,,,,,,,,,,,,,,
F15_112,F15,pre,I consent.,2,4,1,5,3,1,20,Black/African American,1,1,New,Native,United States,NA,,85 - 89.9,87,,3,,880,400,480,440,8,880,0,1,1,0,0,0,0,0,0,1,0,1,1,0,1,1,0,0,1,1,9,,,,,,,,,,,,,,,,,,,,,,,,,
F15_076,F15,pre,I consent.,2,4,1,5,5,1,20,Hispanic of any race,0,1,New,Native,United States,"$0-14,999",,90 - 94.9,91,,,,1190,620,570,550,8,1190,1,1,1,1,1,0,1,1,1,1,1,1,1,1,1,1,1,0,1,1,18,,,,,,,,,,,,,,,,,,,,,,,,,
F15_051,F15,pre,I consent.,2,4,1,5,5,2,20,Asian,0,1,New,Naturalized,Unknown,NA,,90 - 94.9,93,,7,,1230,590,640,630,10,1230,1,1,1,1,1,1,1,1,1,1,1,1,1,1,1,1,1,1,0,1,19,,,,,,,,,,,,,,,,,,,,,,,,,
F15_050,F15,pre,I consent.,2,5,1,5,5,2,20,Asian,0,1,New,Naturalized,Unknown,NA,,90 - 94.9,94.5,,,,1240,600,640,720,11,1240,1,1,1,1,1,1,1,0,1,1,1,1,1,1,1,1,1,1,1,1,19,,,,,,,,,,,,,,,,,,,,,,,,,
F15_025,F15,pre,I consent.,1,4,2,5,5,3,20,Hispanic of any race,0,0,Transfer,Undocumented Alien,Ecuador,"$30,000-44,999",,95 - 100,95,,3,,1210,630,580,560,8,1210,1,1,1,0,0,0,0,1,0,0,0,0,0,0,1,0,1,0,0,0,6,,,,,,,,,,,,,,,,,,,,,,,,,
F15_353,F15,pre,I consent.,2,5,3,3,3,0,19,Asian,1,1,New,Native,United States,NA,,90 - 94.9,91,,,,1370,760,610,570,8,1370,1,1,1,1,1,1,1,1,1,1,1,1,1,1,1,1,1,1,1,1,20,,,,,,,,,,,,,,,,,,,,,,,,,
F15_166,F15,pre,I consent.,2,4,1,4,4,0,21,White,1,0,New,Native,United States,NA,,85 - 89.9,87,,4,,1180,590,590,560,8,1180,0,0,1,0,0,0,0,1,0,0,0,0,0,0,0,1,0,0,1,0,4,,,,,,,,,,,,,,,,,,,,,,,,,
F15_299,F15,pre,I consent.,1,4,1,0,5,2,20,Asian,0,0,New,Naturalized,Unknown,NA,,90 - 94.9,91,,3,,1320,,,,,,1,1,1,0,0,0,1,1,0,1,1,0,0,0,0,0,0,0,0,0,7,,,,,,,,,,,,,,,,,,,,,,,,,
F15_277,F15,pre,I consent.,1,3,1,5,4,0,20,Hispanic of any race,1,0,Transfer,Native,United States,NA,,85 - 89.9,88,3.43,,,1120,540,580,540,6,1120,1,1,1,0,1,0,0,1,0,1,1,0,0,1,1,1,0,1,1,1,13,,,,,,,,,,,,,,,,,,,,,,,,,
F15_053,F15,pre,I consent.,1,3,1,5,5,1,20,Asian,0,0,New,Native,United States,NA,,85 - 89.9,89,,4,,1200,680,520,510,6,1200,0,0,1,0,1,1,0,0,1,1,1,1,1,1,1,1,1,1,1,1,15,,,,,,,,,,,,,,,,,,,,,,,,,
F15_179,F15,pre,I consent.,3,4,2,5,5,0,20,White,1,0,New,Naturalized,Unknown,NA,,90 - 94.9,94,,4,,1380,690,690,690,8,1380,1,1,1,0,1,1,1,1,1,0,1,1,1,1,0,1,0,0,0,1,14,,,,,,,,,,,,,,,,,,,,,,,,,
F15_261,F15,pre,I consent.,1,4,1,5,5,3,20,White,0,0,New,Native,United States,NA,,95 - 100,95,,5,,1380,660,720,720,9,1380,1,1,1,1,1,1,1,1,1,1,1,1,1,1,1,1,1,1,1,1,20,,,,,,,,,,,,,,,,,,,,,,,,,
F15_298,F15,pre,I consent.,1,5,1,4,4,3,20,Asian,0,1,New,Native,United States,NA,,95 - 100,99,,6,,1220,620,600,650,10,1220,0,1,0,1,1,1,0,1,0,1,1,1,1,1,1,1,1,1,1,1,16,,,,,,,,,,,,,,,,,,,,,,,,,
F15_192,F15,pre,I consent.,2,4,1,5,5,3,20,Asian,0,0,New,Native,United States,"$45,000-64,999",,85 - 89.9,88,,5,,1420,660,760,780,8,1420,1,1,1,1,1,1,1,1,0,1,1,1,1,1,1,0,1,1,1,1,18,,,,,,,,,,,,,,,,,,,,,,,,,
F15_163,F15,pre,I consent.,2,4,1,4,5,2,20,White,1,0,New,Native,United States,NA,,90 - 94.9,91,,,,1300,680,620,590,9,1300,1,1,1,0,1,1,1,1,1,0,1,1,1,1,1,1,1,0,1,1,17,,,,,,,,,,,,,,,,,,,,,,,,,
F15_212,F15,pre,I consent.,1,5,1,5,5,3,19,White,1,0,New,Native,United States,NA,,95 - 100,99,,4,,1290,660,630,620,8,1290,0,1,1,0,1,1,1,1,0,0,0,0,1,0,0,0,0,1,0,0,8,,,,,,,,,,,,,,,,,,,,,,,,,
F15_013,F15,pre,I consent.,1,4,1,5,5,3,19,Asian,0,0,New,Native,United States,NA,,90 - 94.9,94,,6,,1240,640,560,580,9,1200,1,0,1,0,0,0,0,0,0,1,1,0,0,0,0,1,0,1,1,1,8,,,,,,,,,,,,,,,,,,,,,,,,,
F15_009,F15,pre,I consent.,1,4,1,5,5,3,19,Asian,1,1,New,Native,United States,NA,,95 - 100,97,,7,,1280,650,630,550,,1280,0,1,1,1,1,1,1,1,0,1,1,0,1,1,1,0,1,1,1,0,15,,,,,,,,,,,,,,,,,,,,,,,,,
F15_007,F15,pre,I consent.,1,3,1,4,3,3,19,Asian,1,1,New,Native,United States,NA,,90 - 94.9,90,,5,,1190,640,550,450,8,1190,1,1,1,0,0,1,0,1,1,0,0,1,0,0,0,1,0,1,0,0,9,,,,,,,,,,,,,,,,,,,,,,,,,
F15_263,F15,pre,I consent.,1,5,1,5,5,3,20,White,1,0,New,Native,United States,NA,,95 - 100,97,4,,,1380,740,640,620,10,1380,1,1,1,0,0,1,1,1,1,1,1,1,0,0,1,1,0,0,1,0,13,,,,,,,,,,,,,,,,,,,,,,,,,
F15_309,F15,pre,I consent.,1,5,2,5,5,3,19,Asian,0,1,New,Alien Permanent,Hong Kong,"$15,000-29,999",,95 - 100,99,,6,,1270,620,650,660,8,1270,1,1,1,0,1,1,1,1,0,0,1,1,0,0,1,0,1,0,1,1,13,,,,,,,,,,,,,,,,,,,,,,,,,
F15_129,F15,pre,I consent.,2,3,1,5,5,0,20,Asian,0,1,Transfer,Native,United States,"$15,000-29,999",,85 - 89.9,88,2.86,,,1010,550,460,530,9,1010,0,0,1,0,0,0,0,1,0,1,0,0,1,0,0,0,0,0,0,1,5,,,,,,,,,,,,,,,,,,,,,,,,,
F15_314,F15,pre,I consent.,2,4,1,5,5,3,20,Asian,1,1,New,Naturalized,Unknown,NA,,90 - 94.9,93,,2.5,3,1200,590,510,450,,1100,1,1,1,0,1,1,0,1,0,0,0,0,1,0,0,1,1,1,1,0,11,,,,,,,,,,,,,,,,,,,,,,,,,
F15_271,F15,pre,I consent.,1,4,1,5,5,3,20,Asian,1,0,New,Native,United States,NA,,85 - 89.9,87,,4,,1150,580,570,640,11,1150,0,0,0,0,0,1,1,1,1,0,0,1,0,0,1,1,0,0,1,0,8,,,,,,,,,,,,,,,,,,,,,,,,,
F15_258,F15,pre,I consent.,1,5,1,4,4,3,19,Asian,0,0,New,Native,United States,NA,,95 - 100,99,,5,,1370,750,620,700,9,1370,1,1,1,0,0,0,1,0,1,1,1,0,1,1,0,1,1,1,0,1,13,,,,,,,,,,,,,,,,,,,,,,,,,
F15_068,F15,pre,I consent.,1,5,1,5,5,3,20,Asian,1,0,New,Native,United States,NA,,95 - 100,98,,5,,1420,710,710,670,10,1420,1,1,1,1,1,1,1,1,1,1,1,1,1,1,1,1,1,1,1,1,20,,,,,,,,,,,,,,,,,,,,,,,,,
F15_293,F15,pre,I consent.,1,5,1,4,4,3,20,Black/African American,0,1,New,Native,United States,NA,,95 - 100,99,,7,,1180,600,580,560,8,1180,1,1,1,1,1,0,1,1,0,1,1,1,1,1,1,0,0,1,1,1,16,,,,,,,,,,,,,,,,,,,,,,,,,
F15_254,F15,pre,I consent.,1,5,1,5,5,3,19,White,0,0,New,Naturalized,Unknown,NA,,90 - 94.9,91,,3,,1230,600,630,630,9,1230,1,1,1,0,0,0,1,1,0,1,1,0,0,1,1,0,0,0,0,0,9,,,,,,,,,,,,,,,,,,,,,,,,,
F15_118,F15,pre,I consent.,1,4,1,3,0,2,20,White,1,0,Transfer,Native,United States,"$45,000-64,999",,Unknown,,3.73,,,1050,590,460,480,8,1050,1,1,1,0,1,0,0,1,0,1,1,1,0,1,1,1,1,0,1,1,14,,,,,,,,,,,,,,,,,,,,,,,,,
F15_315,F15,pre,I consent.,2,4,1,4,4,1,19,Asian,1,0,New,Native,United States,NA,,90 - 94.9,90,,3,,1240,670,570,610,8,1240,1,1,1,0,1,0,1,0,1,0,0,1,0,0,1,1,0,1,0,0,10,,,,,,,,,,,,,,,,,,,,,,,,,
F15_307,F15,pre,I consent.,1,4,1,3,3,3,20,Asian,1,1,New,Naturalized,Unknown,NA,,90 - 94.9,94,,,,1320,680,550,640,11,1230,0,1,1,0,1,0,0,0,0,0,0,0,0,1,0,1,0,0,0,0,5,,,,,,,,,,,,,,,,,,,,,,,,,
F15_141,F15,pre,I consent.,1,4,2,4,4,3,19,Asian,0,1,New,Naturalized,Unknown,NA,,90 - 94.9,91,,5,,1410,780,630,700,10,1410,1,1,1,0,0,0,0,0,0,0,1,1,0,1,1,0,0,1,0,0,8,,,,,,,,,,,,,,,,,,,,,,,,,
F15_330,F15,pre,I consent.,1,4,1,5,5,3,19,White,0,0,Transfer,Native,United States,NA,N,90 - 94.9,93,3.7,5,,1440,690,750,670,8,1440,1,0,1,0,1,1,1,0,1,1,1,1,0,1,1,1,1,1,1,1,16,,,,,,,,,,,,,,,,,,,,,,,,,
F15_288,F15,pre,I consent.,1,3,1,5,5,2,19,Black/African American,0,1,New,Native,United States,NA,,90 - 94.9,94,,3,,1200,570,630,560,6,1200,1,0,1,1,0,0,1,1,1,1,0,0,1,0,0,1,0,1,0,0,10,,,,,,,,,,,,,,,,,,,,,,,,,
F15_171,F15,pre,I consent.,1,5,1,4,4,3,20,Asian,0,0,Transfer,Native,United States,NA,,95 - 100,99,,,,1470,770,700,670,10,1470,1,1,1,0,1,1,1,1,1,1,1,0,0,1,1,1,0,1,1,1,16,,,,,,,,,,,,,,,,,,,,,,,,,
F15_233,F15,pre,I consent.,1,5,1,5,5,2,19,White,1,0,New,Native,United States,NA,,90 - 94.9,90,,,,1490,770,720,660,9,1490,1,1,0,1,1,1,1,1,0,1,1,1,1,1,1,0,1,1,1,1,17,,,,,,,,,,,,,,,,,,,,,,,,,
F15_182,F15,pre,I consent.,2,4,2,4,4,2,20,Asian,0,1,New,Naturalized,Chi,NA,,95 - 100,98,,5,,1290,650,640,610,8,1290,1,1,1,0,1,1,0,1,0,1,0,1,0,1,0,0,0,1,1,0,11,,,,,,,,,,,,,,,,,,,,,,,,,
F15_037,F15,pre,I consent.,1,5,1,5,4,3,20,White,0,0,New,Native,United States,NA,,95 - 100,95,,5,,1270,640,630,630,10,1270,1,1,1,1,1,1,1,1,0,1,1,1,1,1,1,0,1,1,1,1,18,,,,,,,,,,,,,,,,,,,,,,,,,
F15_181,F15,pre,I consent.,1,5,1,4,4,3,20,Asian,0,0,New,Native,United States,NA,,90 - 94.9,94,,,,1300,760,540,560,8,1300,0,1,1,0,1,0,0,0,1,0,1,1,1,1,0,1,1,0,0,0,10,,,,,,,,,,,,,,,,,,,,,,,,,
F15_180,F15,pre,I consent.,1,5,1,5,5,3,19,Asian,0,0,New,Native,United States,NA,,95 - 100,96,,7,,1330,670,660,660,11,1330,1,1,1,1,1,1,1,1,1,1,1,1,1,1,1,1,0,1,1,1,19,,,,,,,,,,,,,,,,,,,,,,,,,
F15_346,F15,pre,I consent.,1,4,1,5,4,3,20,Asian,0,1,New,Native,United States,"$30,000-44,999",,90 - 94.9,93,,5,,1300,680,620,630,9,1300,0,1,1,0,1,1,0,1,1,1,1,0,0,1,1,0,0,0,1,1,12,,,,,,,,,,,,,,,,,,,,,,,,,
F15_244,F15,pre,I consent.,1,5,1,4,5,2,20,Asian,0,1,New,Native,United States,NA,,95 - 100,97,,6,,1230,610,620,670,11,1230,1,1,1,1,1,1,1,1,1,1,1,1,0,1,1,1,1,1,1,1,19,,,,,,,,,,,,,,,,,,,,,,,,,
F15_345,F15,pre,I consent.,2,4,2,3,2,0,20,Asian,0,0,New,Alien Temporary,Chi,NA,,90 - 94.9,92,,,1,,,,,,,1,1,1,0,0,0,0,0,1,1,1,1,1,1,1,1,1,1,1,1,15,,,,,,,,,,,,,,,,,,,,,,,,,
F15_326,F15,pre,I consent.,1,4,1,4,4,3,20,Hispanic of any race,0,1,Transfer,Native,United States,"$0-14,999",,90 - 94.9,91,3.1,,,1020,470,550,580,10,1020,1,1,1,1,1,1,1,1,1,1,1,1,1,1,1,1,1,1,1,1,20,,,,,,,,,,,,,,,,,,,,,,,,,
F15_324,F15,pre,I consent.,2,4,1,4,4,0,19,White,0,0,New,Native,United States,NA,,95 - 100,98,,3,,1130,610,520,670,10,1130,0,1,0,0,1,0,0,1,0,1,1,1,1,1,1,0,0,0,1,0,10,,,,,,,,,,,,,,,,,,,,,,,,,
F15_019,F15,pre,I consent.,1,3,1,3,3,0,20,White,1,1,Transfer,Native,United States,NA,,85 - 89.9,87,3.34,,,1210,580,630,580,8,1210,0,1,1,0,0,0,0,0,0,1,0,1,0,0,0,1,0,0,1,1,7,,,,,,,,,,,,,,,,,,,,,,,,,
F15_021,F15,pre,I consent.,1,3,1,3,3,0,20,White,1,0,New,Native,United States,NA,,90 - 94.9,93,,2,,1290,620,670,680,10,1290,1,1,1,1,1,1,1,1,1,1,1,1,1,1,1,1,1,1,1,1,20,,,,,,,,,,,,,,,,,,,,,,,,,
F15_152,F15,pre,I consent.,1,4,1,5,4,3,20,,0,1,New,Native,United States,NA,,95 - 100,99,,6,,1280,680,600,560,8,1280,1,1,1,0,1,1,1,0,0,0,1,0,1,0,1,1,0,0,1,1,12,,,,,,,,,,,,,,,,,,,,,,,,,
F15_242,F15,pre,I consent.,1,5,1,4,4,3,20,White,0,0,New,Native,United States,NA,,95 - 100,99,,7,,1230,,,,,,1,1,1,1,1,1,1,1,1,1,1,1,1,1,1,0,1,1,1,1,19,,,,,,,,,,,,,,,,,,,,,,,,,
F15_028,F15,pre,I consent.,1,5,1,5,5,3,19,White,0,0,New,Native,United States,NA,,95 - 100,96,3.34,,,1470,,,,,,1,1,1,0,1,0,0,0,0,1,0,1,0,0,0,0,0,1,0,1,8,,,,,,,,,,,,,,,,,,,,,,,,,
F15_172,F15,pre,I consent.,2,4,1,5,4,3,20,Asian,0,0,Other,Native,United States,NA,,95 - 100,99,,4,,1320,650,610,730,8,1260,0,1,1,0,1,0,1,0,0,1,0,1,1,1,1,1,1,1,1,1,14,,,,,,,,,,,,,,,,,,,,,,,,,
F15_203,F15,pre,I consent.,2,3,2,5,4,2,19,Asian,1,0,New,Naturalized,Nepal,NA,,90 - 94.9,91,,3,,1190,560,630,560,9,1190,1,1,1,0,1,0,0,0,0,0,1,1,0,0,1,1,0,0,0,0,8,,,,,,,,,,,,,,,,,,,,,,,,,
F15_208,F15,pre,I consent.,1,4,2,2,2,3,20,Asian,1,0,New,Naturalized,Unknown,NA,,90 - 94.9,92,,4,,1180,610,570,590,8,1180,1,1,1,1,1,0,1,0,1,1,0,1,1,0,0,0,0,1,0,0,11,,,,,,,,,,,,,,,,,,,,,,,,,
F15_305,F15,pre,I consent.,1,4,1,5,5,3,20,White,1,1,New,Native,United States,NA,,95 - 100,99,,5,,1220,620,600,610,8,1220,1,1,0,1,1,1,1,1,0,1,0,0,0,0,0,1,0,0,1,0,10,,,,,,,,,,,,,,,,,,,,,,,,,
F15_116,F15,pre,I consent.,1,4,1,4,4,3,20,Asian,0,0,New,Native,United States,NA,,95 - 100,99,,3,,1230,660,570,590,9,1230,1,1,1,1,1,1,1,1,1,0,1,1,0,1,0,0,0,0,0,1,13,,,,,,,,,,,,,,,,,,,,,,,,,
F15_230,F15,pre,I consent.,2,3,1,5,5,1,20,White,1,1,New,Native,United States,NA,,90 - 94.9,91,4,4,,1230,640,590,530,8,1230,0,1,1,0,1,0,1,0,1,1,1,0,0,1,1,0,1,1,1,1,13,,,,,,,,,,,,,,,,,,,,,,,,,
F15_140,F15,pre,I consent.,2,4,1,5,5,0,20,White,1,0,New,Native,United States,NA,,95 - 100,96,,3,,1130,540,590,480,6,1130,1,1,1,0,1,1,1,1,1,1,1,0,0,1,1,0,0,1,1,1,15,,,,,,,,,,,,,,,,,,,,,,,,,
F15_186,F15,pre,I consent.,2,3,2,4,2,0,20,Asian,1,1,New,Native,United States,NA,,85 - 89.9,88,,5,,1520,770,750,610,8,1520,1,1,1,0,1,1,1,1,0,1,1,1,0,1,1,0,1,1,1,1,16,,,,,,,,,,,,,,,,,,,,,,,,,
F15_074,F15,pre,I consent.,3,4,1,4,4,0,20,White,1,0,New,Native,United States,NA,,90 - 94.9,92,,,,1360,710,650,670,8,1360,1,1,1,0,1,1,1,1,1,1,1,1,0,1,0,1,1,1,1,1,17,,,,,,,,,,,,,,,,,,,,,,,,,
F15_153,F15,pre,I consent.,2,5,1,5,5,1,21,,0,0,Transfer,Native,United States,NA,,75 - 79.9,79,3.2,,,,,,,,,0,1,0,0,0,1,0,1,0,1,0,1,0,0,0,0,0,1,0,0,6,,,,,,,,,,,,,,,,,,,,,,,,,
F15_252,F15,pre,I consent.,1,2,1,4,3,0,18,Hispanic of any race,0,0,New,Native,United States,NA,N,95 - 100,96,,4,,1250,620,630,560,8,1250,0,1,1,0,0,0,1,0,0,1,1,1,0,0,1,1,0,0,1,0,9,,,,,,,,,,,,,,,,,,,,,,,,,
F15_255,F15,pre,I consent.,1,5,1,2,2,3,22,Asian,1,0,Transfer,Undocumented Alien,"Korea, Republic of","$30,000-44,999",,75 - 79.9,79,3.64,,,,,,,,,1,1,0,0,0,1,0,0,0,0,1,1,0,1,1,1,1,1,1,1,12,,,,,,,,,,,,,,,,,,,,,,,,,
F15_364,F15,pre,I consent.,3,3,1,4,3,1,19,Asian,1,0,New,Native,United States,NA,,90 - 94.9,90,,,,1320,640,640,640,7,1280,0,1,1,0,1,0,1,1,1,1,0,1,0,1,1,1,0,0,1,0,12,,,,,,,,,,,,,,,,,,,,,,,,,
F15_170,F15,pre,I consent.,2,3,1,5,5,0,19,White,1,0,New,Native,United States,NA,N,95 - 100,97,,4,,1290,620,670,600,8,1290,1,1,1,0,1,1,1,1,0,0,1,1,1,1,1,1,1,0,1,0,15,,,,,,,,,,,,,,,,,,,,,,,,,
F15_228,F15,pre,I consent.,1,4,1,5,4,2,19,White,0,0,Transfer,Native,United States,NA,N,95 - 100,99,,,,1390,,,,,,1,1,0,0,1,0,1,1,0,1,1,1,0,1,1,1,0,1,1,1,14,,,,,,,,,,,,,,,,,,,,,,,,,
F15_265,F15,pre,I consent.,1,3,1,4,4,3,19,White,1,0,New,Native,United States,NA,N,95 - 100,99,,4,,1320,580,740,530,7,1320,1,1,1,1,1,1,1,1,0,1,1,1,1,0,1,1,1,1,1,1,18,,,,,,,,,,,,,,,,,,,,,,,,,
F15_358,F15,pre,I consent.,1,2,2,3,2,0,21,Asian,1,0,New,Alien Temporary,Chi,NA,N,NA,,,5,3,,,,,,,1,0,1,1,0,1,1,0,1,1,1,0,1,1,1,1,1,1,1,1,16,,,,,,,,,,,,,,,,,,,,,,,,,
F15_283,F15,pre,I consent.,1,3,1,5,5,2,19,Hispanic of any race,0,0,New,Native,United States,NA,N,95 - 100,98,,3,,1240,620,620,610,9,1240,0,1,1,0,1,1,0,0,0,1,0,0,1,0,0,1,0,1,0,0,8,,,,,,,,,,,,,,,,,,,,,,,,,
F15_260,F15,pre,I consent.,1,4,2,4,0,3,23,,1,0,Transfer,Alien Temporary,Brazil,"$185,000+",,Unknown,,3.29,,,,,,,,,1,1,1,0,0,0,1,0,0,1,0,0,0,0,0,0,0,1,0,1,7,,,,,,,,,,,,,,,,,,,,,,,,,
F15_167,F15,pre,I consent.,3,3,2,2,2,0,19,Asian,0,0,New,Alien Temporary,"Taiwan, Province of Chi",NA,N,90 - 94.9,92,,,,1010,580,430,360,8,1010,1,1,1,0,0,0,0,0,0,0,0,0,0,0,0,1,0,0,1,1,6,,,,,,,,,,,,,,,,,,,,,,,,,
F15_165,F15,pre,I consent.,2,4,1,5,5,3,19,White,0,0,New,Native,United States,NA,N,95 - 100,99,,4,,1330,700,630,670,10,1330,0,1,1,0,1,0,1,1,1,0,0,1,0,0,0,1,0,1,0,0,9,,,,,,,,,,,,,,,,,,,,,,,,,
F15_134,F15,pre,I consent.,1,3,1,5,5,0,19,White,0,1,New,Native,United States,"$0-14,999",,90 - 94.9,93,3,,,1200,610,590,590,9,1200,1,1,1,0,1,0,0,0,1,1,0,1,0,0,0,1,1,1,0,0,10,,,,,,,,,,,,,,,,,,,,,,,,,
F15_176,F15,pre,I consent.,1,3,1,5,5,1,19,White,0,0,New,Native,United States,"$165,000-184,999",,95 - 100,96,,3,,1190,630,560,550,8,1190,1,1,1,0,1,0,0,0,1,1,1,0,0,1,0,0,0,1,0,0,9,,,,,,,,,,,,,,,,,,,,,,,,,
F15_006,F15,pre,I consent.,2,3,1,4,3,3,19,Asian,1,1,New,Naturalized,Unknown,NA,Y,95 - 100,95,,4,,1230,590,640,550,9,1230,1,1,1,0,0,0,1,0,0,0,0,1,0,1,0,1,0,0,1,0,8,,,,,,,,,,,,,,,,,,,,,,,,,
F15_241,F15,pre,I consent.,1,3,1,2,3,2,19,Asian,1,1,New,Native,United States,NA,Y,90 - 94.9,91,,5,,1370,770,600,680,8,1370,1,1,1,0,0,0,0,0,0,0,0,0,0,0,0,0,0,1,0,0,4,,,,,,,,,,,,,,,,,,,,,,,,,
F15_272,F15,pre,I consent.,3,3,2,2,2,0,20,Asian,1,0,New,Alien Temporary,Chi,NA,N,90 - 94.9,91,,4,1,,,,,,,1,1,1,0,1,0,1,0,1,1,0,0,0,1,0,1,0,0,0,0,9,,,,,,,,,,,,,,,,,,,,,,,,,
F15_278,F15,pre,I consent.,1,3,1,4,3,0,19,Hispanic of any race,0,0,New,Native,United States,NA,N,90 - 94.9,91,,4,,1200,,,,,,0,1,1,0,0,1,0,0,0,1,1,1,0,0,1,0,0,1,0,1,9,,,,,,,,,,,,,,,,,,,,,,,,,
F15_003,F15,pre,I consent.,2,5,2,2,2,3,21,Asian,0,0,Transfer,Naturalized,Unknown,NA,,NA,,3.13,,,,,,,,,1,0,0,0,1,0,1,0,1,1,1,0,0,0,0,1,1,0,0,0,8,,,,,,,,,,,,,,,,,,,,,,,,,
F15_084,F15,pre,I consent.,2,3,2,5,5,0,19,Asian,0,1,New,Native,United States,"$0-14,999",,90 - 94.9,94,,3,,1190,590,600,550,8,1190,1,1,1,0,0,0,1,0,0,0,0,0,0,0,1,0,0,0,1,1,7,,,,,,,,,,,,,,,,,,,,,,,,,
F15_214,F15,pre,I consent.,1,2,1,5,5,0,19,Asian,0,0,New,Native,United States,NA,N,95 - 100,96,,5,,1240,590,650,690,11,1240,1,1,1,0,1,0,1,0,1,0,1,0,0,1,1,1,0,1,0,0,11,,,,,,,,,,,,,,,,,,,,,,,,,
F15_206,F15,pre,I consent.,2,3,1,4,4,2,19,White,0,0,New,Native,United States,NA,N,90 - 94.9,92,3.44,3,,1210,620,590,660,8,1210,0,0,1,1,0,0,0,0,0,1,0,0,1,0,0,1,0,0,0,0,5,,,,,,,,,,,,,,,,,,,,,,,,,
F15_270,F15,pre,I consent.,1,2,2,3,3,1,19,Asian,0,1,New,Native,United States,NA,Y,95 - 100,95,,4,,1250,670,580,680,10,1250,0,1,1,0,1,0,1,0,0,0,0,1,0,0,0,0,1,0,0,0,6,,,,,,,,,,,,,,,,,,,,,,,,,
F15_348,F15,pre,I consent.,2,3,1,4,4,3,19,Asian,0,0,New,Native,United States,"$85,000-104,999",,95 - 100,95,,6,,1270,710,560,580,10,1270,0,1,1,0,1,0,0,1,1,1,1,1,0,1,0,1,1,0,0,0,11,,,,,,,,,,,,,,,,,,,,,,,,,
F15_343,F15,pre,I consent.,2,3,1,5,3,2,19,Asian,1,0,New,Native,United States,NA,,95 - 100,96,,7,,1270,670,600,560,8,1270,1,1,1,0,0,0,1,1,0,0,0,1,0,1,1,1,1,0,0,1,11,,,,,,,,,,,,,,,,,,,,,,,,,
F15_130,F15,pre,I consent.,1,3,1,5,5,0,19,White,0,0,New,Native,United States,NA,N,95 - 100,99,,3,,1320,620,650,610,8,1270,0,1,1,0,1,0,1,1,0,0,0,1,1,1,0,1,0,0,0,0,9,,,,,,,,,,,,,,,,,,,,,,,,,
F15_125,F15,pre,I consent.,1,4,1,4,4,1,18,White,0,0,New,Native,United States,NA,N,95 - 100,97,4,,,1240,600,640,610,7,1240,0,1,1,1,1,1,1,1,1,0,1,1,1,1,1,1,1,0,1,0,16,,,,,,,,,,,,,,,,,,,,,,,,,
F15_100,F15,pre,I consent.,2,2,1,5,4,0,18,White,0,0,New,Native,United States,NA,N,90 - 94.9,91,,4,,1110,540,570,540,7,1110,0,1,1,0,1,0,0,1,0,0,0,1,0,1,1,0,1,0,0,0,8,,,,,,,,,,,,,,,,,,,,,,,,,
F15_069,F15,pre,I consent.,2,4,1,5,2,0,19,Black/African American,1,0,New,Native,United States,NA,N,90 - 94.9,91,,7,,1400,720,680,560,7,1400,1,1,0,1,1,1,1,1,1,0,1,1,1,1,1,0,1,1,1,1,17,,,,,,,,,,,,,,,,,,,,,,,,,
F15_194,F15,pre,I consent.,3,3,1,4,4,0,19,White,1,0,Transfer,Native,United States,NA,N,NA,,2.8,,,1280,660,590,610,8,1250,1,1,1,0,0,1,0,0,0,1,1,1,0,1,1,0,1,1,1,0,12,,,,,,,,,,,,,,,,,,,,,,,,,
F15_238,F15,pre,I consent.,1,3,1,5,5,3,19,Asian,1,1,New,Native,United States,"$15,000-29,999",,90 - 94.9,91,,7,,1200,630,570,600,10,1200,1,1,1,0,1,0,1,0,0,1,1,1,0,1,0,1,1,1,1,1,14,,,,,,,,,,,,,,,,,,,,,,,,,
F15_079,F15,pre,I consent.,1,3,1,5,5,2,19,Asian,1,0,New,Native,United States,NA,N,95 - 100,99,,,,1320,690,630,670,8,1320,1,1,1,0,1,1,1,1,0,1,1,1,1,1,1,1,1,1,1,1,18,,,,,,,,,,,,,,,,,,,,,,,,,
F15_033,F15,pre,I consent.,2,3,1,5,5,0,19,White,0,0,New,Native,United States,NA,N,95 - 100,99,,3,,1160,,,,,,1,1,1,0,1,0,0,1,1,0,0,0,0,1,1,1,0,1,0,1,11,,,,,,,,,,,,,,,,,,,,,,,,,
F15_295,F15,pre,I consent.,1,3,1,5,4,3,19,White,1,0,New,Native,United States,NA,N,90 - 94.9,91,2.95,,,1280,640,590,510,8,1230,1,1,1,0,1,1,0,1,1,1,1,1,1,1,1,1,1,1,1,1,18,,,,,,,,,,,,,,,,,,,,,,,,,
F15_149,F15,pre,I consent.,1,4,1,5,5,2,19,White,0,0,New,Native,United States,NA,N,90 - 94.9,90,3.8,,,1350,650,600,560,9,1250,1,1,1,1,1,1,1,1,0,1,0,1,1,1,1,1,1,1,1,1,18,,,,,,,,,,,,,,,,,,,,,,,,,
F15_285,F15,pre,I consent.,1,3,1,4,5,2,19,,1,0,New,Alien Permanent,Iran (Islamic Republic Of),NA,N,90 - 94.9,94,,5,,1170,650,520,570,8,1170,1,1,1,1,1,1,1,1,1,1,1,1,1,1,1,1,1,0,1,1,19,,,,,,,,,,,,,,,,,,,,,,,,,
F15_225,F15,pre,I consent.,3,4,1,3,0,0,21,Asian,1,1,Transfer,Alien Permanent,India,NA,,NA,,3.32,2.5,,,,,,,,0,0,0,0,0,0,0,0,0,1,0,0,0,0,0,0,1,1,0,0,3,,,,,,,,,,,,,,,,,,,,,,,,,
F15_191,F15,pre,I consent.,1,3,1,3,4,3,19,Asian,0,0,Transfer,Native,United States,NA,N,95 - 100,96,,4,,1330,660,670,700,10,1330,1,1,1,0,1,0,0,0,0,1,1,0,0,1,1,0,1,0,1,1,11,,,,,,,,,,,,,,,,,,,,,,,,,
F15_337,F15,pre,I consent.,3,3,2,2,2,0,21,Asian,0,0,New,Alien Permanent,Chi,"$15,000-29,999",,90 - 94.9,93,,,,1420,700,720,670,9,1420,1,1,1,1,1,1,1,1,1,1,1,1,1,1,1,1,1,1,1,1,20,,,,,,,,,,,,,,,,,,,,,,,,,
F15_018,F15,pre,I consent.,1,3,1,5,5,0,19,White,0,0,Transfer,Native,United States,NA,Y,NA,,3.4,2,,1050,480,570,560,8,1050,1,1,1,0,1,0,1,1,1,1,0,0,0,1,1,0,0,1,0,1,12,,,,,,,,,,,,,,,,,,,,,,,,,
F15_014,F15,pre,I consent.,2,3,1,4,4,1,19,Hispanic of any race,0,0,New,Native,United States,NA,N,90 - 94.9,93,,7,,1320,720,600,610,8,1320,1,1,1,0,1,1,1,1,0,1,1,1,0,1,1,1,1,1,1,1,17,,,,,,,,,,,,,,,,,,,,,,,,,
F15_097,F15,pre,I consent.,2,3,1,4,4,1,19,White,0,0,Other,Native,United States,NA,Y,90 - 94.9,93,,2,,1200,590,610,620,8,1200,1,1,0,0,1,0,1,0,1,1,0,1,0,1,0,0,1,0,0,1,10,,,,,,,,,,,,,,,,,,,,,,,,,
F15_243,F15,pre,I consent.,2,3,1,5,5,2,19,White,0,1,New,Native,United States,NA,Y,95 - 100,97,,5,,1280,670,610,690,10,1280,1,1,1,0,1,1,0,1,0,0,1,1,0,1,0,0,0,0,1,0,10,,,,,,,,,,,,,,,,,,,,,,,,,
F15_161,F15,pre,I consent.,1,3,1,5,2,2,19,White,0,0,New,Native,United States,NA,N,90 - 94.9,93,,3,,1320,,,,,,1,1,1,0,1,0,1,1,1,1,0,1,1,1,1,1,1,1,1,1,17,,,,,,,,,,,,,,,,,,,,,,,,,
F15_301,F15,pre,I consent.,2,3,2,4,4,0,19,Hispanic of any race,1,0,New,Native,United States,NA,N,90 - 94.9,93,,4,,1210,640,570,580,8,1210,1,1,1,0,1,0,1,0,0,1,1,1,1,1,1,1,1,1,1,1,16,,,,,,,,,,,,,,,,,,,,,,,,,
F15_002,F15,pre,I consent.,1,3,1,5,5,1,19,White,1,1,New,Native,United States,"$65,000-84,999",,95 - 100,95,3.5,2.5,,1240,600,550,570,8,1150,1,1,1,0,1,1,1,0,1,1,1,1,1,1,1,1,1,1,1,0,17,,,,,,,,,,,,,,,,,,,,,,,,,
F15_151,F15,pre,I consent.,2,3,1,5,4,0,19,,0,1,New,Native,United States,NA,Y,85 - 89.9,88,,3,,1300,640,660,630,,1300,0,1,1,0,1,0,1,0,0,1,0,0,1,1,0,0,0,0,0,1,8,,,,,,,,,,,,,,,,,,,,,,,,,
F15_274,F15,pre,I consent.,1,4,1,5,5,2,19,Asian,0,0,New,Native,United States,NA,N,95 - 100,99,,,,1400,710,690,710,10,1400,0,0,0,1,0,1,0,1,0,1,1,0,0,0,1,0,0,0,1,0,7,,,,,,,,,,,,,,,,,,,,,,,,,
F15_049,F15,pre,I consent.,2,3,2,4,4,0,19,White,1,0,New,Native,United States,NA,Y,90 - 94.9,90,,4,,1220,630,590,690,9,1220,0,0,0,0,1,0,0,0,0,0,0,0,1,0,0,1,0,1,0,0,4,,,,,,,,,,,,,,,,,,,,,,,,,
F15_264,F15,pre,I consent.,3,3,2,5,5,2,19,Hispanic of any race,0,1,New,Naturalized,Pama,"$0-14,999",,90 - 94.9,91,,6,3,1070,620,450,470,,1070,1,1,1,0,0,0,0,0,0,0,0,1,1,0,1,0,0,0,0,0,6,,,,,,,,,,,,,,,,,,,,,,,,,
F15_083,F15,pre,I consent.,2,3,1,5,5,0,18,Asian,1,0,New,Native,United States,NA,N,90 - 94.9,92,,,,1210,610,600,560,8,1210,0,1,1,0,1,1,0,1,1,0,0,1,0,1,1,0,0,1,0,0,10,,,,,,,,,,,,,,,,,,,,,,,,,
F15_354,F15,pre,I consent.,1,3,3,5,5,2,19,Asian,1,1,New,Native,United States,NA,N,90 - 94.9,91,,4,,1350,760,590,710,10,1350,0,1,1,0,1,0,1,1,0,0,1,1,1,0,0,1,0,0,0,0,9,,,,,,,,,,,,,,,,,,,,,,,,,
F15_332,F15,pre,I consent.,2,4,1,4,4,3,18,White,1,0,New,Native,United States,NA,N,95 - 100,99,,,,1450,770,680,670,9,1450,1,1,1,1,1,1,1,1,1,1,1,1,1,1,1,1,1,1,1,1,20,,,,,,,,,,,,,,,,,,,,,,,,,
F15_099,F15,pre,I consent.,2,3,1,4,4,1,19,White,1,1,New,Naturalized,Italy,NA,N,95 - 100,97,,4,,1240,610,540,620,10,1150,1,1,1,0,1,1,1,1,0,1,1,1,1,1,1,1,1,0,1,1,17,,,,,,,,,,,,,,,,,,,,,,,,,
F15_031,F15,pre,I consent.,2,3,2,3,3,0,18,Hispanic of any race,0,1,New,Native,United States,"$15,000-29,999",,90 - 94.9,92,,7,3,1080,620,460,440,8,1080,0,1,1,0,1,1,0,1,0,1,0,1,0,0,0,0,0,0,1,1,9,,,,,,,,,,,,,,,,,,,,,,,,,
F15_199,F15,pre,I consent.,2,3,1,3,5,1,19,Asian,1,0,New,Native,United States,"$85,000-104,999",,90 - 94.9,93,,3,,1220,650,570,710,10,1220,1,1,1,0,1,0,1,1,0,1,0,1,0,1,1,1,0,1,0,1,13,,,,,,,,,,,,,,,,,,,,,,,,,
F15_323,F15,pre,I consent.,1,3,1,3,3,0,19,Hispanic of any race,1,1,Other,Native,United States,"$30,000-44,999",Y,90 - 94.9,91,3.13,,,1060,530,530,540,8,1060,1,1,1,0,1,0,0,0,1,0,0,1,0,0,1,1,0,0,0,1,9,,,,,,,,,,,,,,,,,,,,,,,,,
F15_235,F15,pre,I consent.,1,4,1,5,5,3,19,White,0,0,New,Native,United States,NA,N,95 - 100,99,,3,,1400,660,740,730,10,1400,1,1,1,0,1,0,1,1,0,1,1,1,1,1,1,1,1,1,1,0,16,,,,,,,,,,,,,,,,,,,,,,,,,
F15_275,F15,pre,I consent.,1,4,1,5,5,2,19,Asian,0,0,New,Native,United States,NA,N,95 - 100,98,,,,1270,640,630,670,11,1270,1,0,1,0,0,0,0,0,1,0,1,1,1,0,0,1,0,0,0,0,7,,,,,,,,,,,,,,,,,,,,,,,,,
F15_080,F15,pre,I consent.,1,3,2,4,5,3,18,Asian,1,0,New,Alien Permanent,India,NA,N,90 - 94.9,94,4,5,,1250,670,580,530,6,1250,1,1,1,1,1,0,1,0,1,1,1,1,1,1,1,0,1,1,1,0,16,,,,,,,,,,,,,,,,,,,,,,,,,
F15_089,F15,pre,I consent.,2,3,1,5,5,1,19,Asian,0,0,New,Native,United States,NA,N,90 - 94.9,94,,,,1180,610,570,490,7,1180,1,1,1,0,1,0,1,1,1,0,1,1,1,0,0,0,0,0,0,0,10,,,,,,,,,,,,,,,,,,,,,,,,,
F15_162,F15,pre,I consent.,2,3,1,4,4,0,18,White,1,0,Transfer,Native,United States,NA,N,75 - 79.9,79,3.22,3,,1170,580,590,640,6,1170,0,1,1,1,1,1,1,1,1,1,0,1,0,1,1,0,1,0,1,0,14,,,,,,,,,,,,,,,,,,,,,,,,,
F15_145,F15,pre,I consent.,1,4,1,5,5,3,18,Asian,0,0,New,Native,United States,NA,N,95 - 100,99,,,,1360,670,690,720,10,1360,0,1,1,0,1,0,0,1,1,1,0,1,0,1,1,1,0,0,1,0,11,,,,,,,,,,,,,,,,,,,,,,,,,
F15_128,F15,pre,I consent.,3,3,1,5,5,0,19,Asian,0,0,New,Native,United States,NA,N,95 - 100,98,,6,,1370,660,710,760,8,1370,1,1,1,0,1,0,1,0,0,0,0,0,0,0,1,0,0,0,0,1,7,,,,,,,,,,,,,,,,,,,,,,,,,
F15_012,F15,pre,I consent.,1,4,1,5,5,3,18,Asian,0,0,New,Native,United States,NA,N,95 - 100,99,,,,1530,670,720,700,,1390,0,1,1,0,1,0,1,1,1,1,0,1,0,0,1,1,1,0,1,1,13,,,,,,,,,,,,,,,,,,,,,,,,,
F15_124,F15,pre,I consent.,2,3,1,5,5,2,19,White,1,0,New,Native,United States,NA,Y,95 - 100,99,3.2,4,,1160,580,580,540,8,1160,1,1,1,1,1,0,1,0,1,1,0,1,0,1,1,1,1,1,0,1,15,,,,,,,,,,,,,,,,,,,,,,,,,
F15_073,F15,pre,I consent.,1,3,1,4,4,3,19,White,0,1,New,Native,United States,NA,N,95 - 100,99,,3,,1220,570,650,570,10,1220,1,1,1,0,1,0,1,1,0,1,1,1,0,1,1,1,1,1,1,1,16,,,,,,,,,,,,,,,,,,,,,,,,,
F15_017,F15,pre,I consent.,1,2,1,5,5,0,17,Black/African American,0,0,New,Native,United States,NA,N,90 - 94.9,92,,4,,1420,660,760,680,9,1420,0,1,1,0,0,0,0,0,0,0,0,0,0,1,1,0,1,1,0,1,7,,,,,,,,,,,,,,,,,,,,,,,,,
F15_359,F15,pre,I consent.,2,3,3,2,2,0,19,Asian,1,0,New,Alien Temporary,Chi,NA,N,90 - 94.9,90,,,,1150,570,580,540,6,1150,0,0,1,0,0,1,0,1,0,0,0,0,0,1,1,1,0,0,0,0,6,,,,,,,,,,,,,,,,,,,,,,,,,
F15_338,F15,pre,I consent.,2,3,2,4,4,0,21,Asian,0,0,New,Alien Temporary,Chi,NA,N,95 - 100,95,,,3,,,,,,,1,0,0,0,0,0,0,0,1,0,1,1,0,0,0,1,0,1,0,0,6,,,,,,,,,,,,,,,,,,,,,,,,,
F15_259,F15,pre,I consent.,1,3,1,4,4,0,19,Asian,1,0,New,Native,United States,"$65,000-84,999",,90 - 94.9,91,,3,,1350,700,610,730,8,1310,1,0,1,0,1,1,1,1,0,1,0,1,0,0,1,0,0,0,0,0,9,,,,,,,,,,,,,,,,,,,,,,,,,
F15_119,F15,pre,I consent.,2,3,1,5,4,0,19,White,0,0,New,Native,United States,NA,N,95 - 100,97,,3,,1200,550,640,530,8,1190,0,1,1,0,1,0,0,1,1,1,0,1,0,1,0,1,1,1,0,0,11,,,,,,,,,,,,,,,,,,,,,,,,,
F15_334,F15,pre,I consent.,2,3,2,3,3,1,18,Asian,0,0,Transfer,Native,United States,NA,Y,90 - 94.9,92,,,4,1250,,,,,,1,1,1,1,1,1,0,0,0,1,1,0,1,0,0,0,0,1,1,0,11,,,,,,,,,,,,,,,,,,,,,,,,,
F15_078,F15,pre,I consent.,2,3,1,5,5,0,19,Black/African American,0,1,New,Native,United States,NA,Y,85 - 89.9,89,,5,,1240,670,570,640,10,1240,0,1,1,1,1,0,1,0,0,0,0,0,0,1,1,0,1,0,0,0,8,,,,,,,,,,,,,,,,,,,,,,,,,
F15_247,F15,pre,I consent.,3,3,1,4,4,0,19,Hispanic of any race,1,1,New,Native,United States,"$30,000-44,999",,80 - 84.9,84,,5,,1140,570,570,500,7,1140,1,1,1,0,0,0,1,1,0,0,0,0,0,1,0,1,0,0,0,1,8,,,,,,,,,,,,,,,,,,,,,,,,,
F15_177,F15,pre,I consent.,1,3,1,4,4,0,19,White,1,0,New,Native,United States,NA,N,95 - 100,99,,6,,1350,,,,,,1,1,1,0,1,0,1,0,0,1,0,1,0,0,1,1,0,0,0,0,9,,,,,,,,,,,,,,,,,,,,,,,,,
F15_216,F15,pre,I consent.,1,3,1,2,2,3,18,Black/African American,0,0,New,Alien Permanent,Jamaica,NA,N,95 - 100,98,,4,,1220,600,620,550,9,1220,1,1,1,0,1,0,1,1,1,0,1,1,0,1,1,1,0,0,1,0,13,,,,,,,,,,,,,,,,,,,,,,,,,
F15_223,F15,pre,I consent.,2,4,1,5,5,2,18,White,0,0,New,Native,United States,NA,N,95 - 100,99,,5,,1350,,,,,,1,1,1,1,0,0,1,1,0,0,0,0,0,1,0,1,0,0,0,0,8,,,,,,,,,,,,,,,,,,,,,,,,,
F15_150,F15,pre,I consent.,2,4,1,5,5,1,19,White,0,1,New,Native,United States,NA,N,95 - 100,97,3.1,2.5,,1190,580,610,590,8,1190,1,1,1,0,1,0,1,1,1,0,1,0,0,1,0,1,1,1,1,0,13,,,,,,,,,,,,,,,,,,,,,,,,,
F15_213,F15,pre,I consent.,1,3,1,5,5,0,18,White,1,1,New,Native,United States,"$65,000-84,999",,90 - 94.9,92,,3,,1210,600,610,610,9,1210,1,1,0,1,1,1,1,1,0,1,1,1,0,1,1,0,0,1,1,1,15,,,,,,,,,,,,,,,,,,,,,,,,,
F15_311,F15,pre,I consent.,2,4,1,5,5,0,18,Asian,1,0,New,Native,United States,NA,N,95 - 100,99,4,,,1440,710,730,650,9,1440,1,1,1,0,1,0,1,0,0,1,0,0,1,1,1,1,1,1,1,1,14,,,,,,,,,,,,,,,,,,,,,,,,,
F15_219,F15,pre,I consent.,2,4,1,5,5,1,18,White,0,0,New,Native,United States,NA,N,90 - 94.9,94,2.5,2,,1240,590,560,650,,1150,1,1,1,0,1,0,0,0,0,0,1,1,0,1,1,0,0,1,1,1,11,,,,,,,,,,,,,,,,,,,,,,,,,
F15_321,F15,pre,I consent.,2,3,2,3,3,0,20,Asian,0,0,New,Naturalized,Unknown,NA,N,95 - 100,97,,5,,1220,690,530,630,9,1220,1,1,1,0,1,0,0,0,1,0,1,1,0,1,0,1,1,0,0,0,10,,,,,,,,,,,,,,,,,,,,,,,,,
F15_154,F15,pre,I consent.,1,4,1,5,5,3,18,Asian,1,0,New,Native,United States,NA,N,90 - 94.9,93,,,,1280,640,640,580,8,1280,1,1,1,1,1,1,1,1,1,0,1,1,1,0,1,1,1,1,1,1,18,,,,,,,,,,,,,,,,,,,,,,,,,
F15_008,F15,pre,I consent.,2,3,1,4,3,2,19,Asian,1,0,New,Native,United States,NA,Y,85 - 89.9,86,,3,,1380,700,680,570,8,1380,1,1,1,1,1,1,1,0,1,1,1,1,1,0,0,0,1,1,1,0,15,,,,,,,,,,,,,,,,,,,,,,,,,
F15_360,F15,pre,I consent.,2,3,1,5,5,0,18,Asian,0,1,New,Naturalized,Unknown,NA,Y,85 - 89.9,88,,3,,1300,640,660,680,9,1300,0,1,1,0,1,0,1,1,1,1,0,0,0,1,1,1,0,1,0,0,11,,,,,,,,,,,,,,,,,,,,,,,,,
F15_253,F15,pre,I consent.,1,3,2,3,3,1,19,Asian,0,0,New,Native,United States,NA,N,90 - 94.9,92,,2,,1280,580,700,650,8,1280,0,1,1,0,1,1,1,1,0,1,0,1,0,1,1,1,1,0,1,1,14,,,,,,,,,,,,,,,,,,,,,,,,,
F15_229,F15,pre,I consent.,1,3,1,4,4,3,19,White,1,1,New,Native,United States,NA,N,90 - 94.9,94,,9,,1380,730,650,610,8,1380,1,1,1,0,1,1,1,1,0,0,1,1,0,0,1,0,1,0,1,1,13,,,,,,,,,,,,,,,,,,,,,,,,,
F15_250,F15,pre,I consent.,2,3,1,5,5,0,19,White,0,0,New,Native,United States,NA,N,95 - 100,98,,3,,1150,580,570,580,10,1150,1,1,1,0,0,0,1,1,0,0,1,1,0,0,0,0,0,0,1,0,8,,,,,,,,,,,,,,,,,,,,,,,,,
F15_189,F15,pre,I consent.,2,2,2,5,5,0,19,Asian,0,0,New,Native,United States,NA,Y,85 - 89.9,88,,5,,1240,720,520,690,10,1240,1,1,0,0,1,1,1,0,0,1,0,0,0,0,0,1,0,1,1,0,9,,,,,,,,,,,,,,,,,,,,,,,,,
F15_362,F15,pre,I consent.,1,4,3,2,2,1,19,Asian,0,1,New,Native,United States,NA,Y,90 - 94.9,94,3.32,,,1210,620,590,560,8,1210,1,0,1,1,0,0,1,0,0,1,1,1,1,0,1,0,0,0,1,1,11,,,,,,,,,,,,,,,,,,,,,,,,,
F15_190,F15,pre,I consent.,1,3,2,4,4,3,18,Asian,1,1,New,Native,United States,NA,Y,85 - 89.9,89,,7,,1360,690,670,640,9,1360,1,1,1,0,1,1,1,1,0,1,1,1,0,1,1,1,1,1,1,1,17,,,,,,,,,,,,,,,,,,,,,,,,,
F15_198,F15,pre,I consent.,1,2,2,5,3,0,20,Asian,0,0,New,Alien Temporary,"Taiwan, Province of Chi",NA,Y,85 - 89.9,88,,,,1090,620,470,500,8,1090,1,0,0,1,1,0,1,0,1,1,1,0,0,0,0,1,0,0,0,0,8,,,,,,,,,,,,,,,,,,,,,,,,,
F15_160,F15,pre,I consent.,2,3,1,5,5,0,19,Asian,0,1,New,Native,United States,NA,Y,90 - 94.9,93,3.35,4,,1300,620,680,630,8,1300,1,1,1,0,1,1,1,1,1,0,1,1,0,1,1,1,1,1,1,1,17,,,,,,,,,,,,,,,,,,,,,,,,,
F15_183,F15,pre,I consent.,1,4,2,5,5,3,19,Asian,1,1,New,Native,United States,NA,Y,90 - 94.9,92,,,,1390,760,630,670,10,1390,0,1,1,1,1,1,1,1,0,0,1,0,1,0,0,0,1,1,0,1,12,,,,,,,,,,,,,,,,,,,,,,,,,
F15_300,F15,pre,I consent.,3,3,2,2,2,0,19,Asian,1,1,New,Naturalized,Italy,NA,Y,85 - 89.9,89,,7,,1320,710,610,700,8,1320,1,1,1,0,0,1,1,1,0,1,1,0,0,1,1,1,1,1,1,0,14,,,,,,,,,,,,,,,,,,,,,,,,,
F15_344,F15,pre,I consent.,3,3,2,5,4,2,19,Hispanic of any race,0,0,New,Native,United States,NA,N,90 - 94.9,91,,6,,1360,770,590,630,9,1360,0,1,1,0,1,1,1,1,1,0,1,1,0,0,1,1,0,0,0,0,11,,,,,,,,,,,,,,,,,,,,,,,,,
F15_296,F15,pre,I consent.,1,4,2,4,4,2,18,Asian,0,0,Other,Native,United States,NA,N,95 - 100,99,,7,,1290,620,670,640,9,1290,1,1,1,0,1,0,1,0,1,1,1,1,0,1,1,1,1,1,1,1,16,,,,,,,,,,,,,,,,,,,,,,,,,
F15_322,F15,pre,I consent.,1,3,1,5,4,0,19,White,0,0,New,Native,United States,NA,Y,90 - 94.9,92,,3,,1190,650,540,540,8,1190,1,1,1,0,1,0,1,0,1,1,1,1,0,1,1,1,0,1,0,0,13,,,,,,,,,,,,,,,,,,,,,,,,,
F15_339,F15,pre,I consent.,1,3,1,4,4,2,18,Asian,0,1,New,Native,United States,NA,Y,95 - 100,95,,,,1240,690,550,600,10,1240,1,1,1,0,1,1,1,1,1,1,1,1,1,1,1,1,1,1,1,0,18,,,,,,,,,,,,,,,,,,,,,,,,,
F15_156,F15,pre,I consent.,3,3,3,2,2,0,19,Asian,0,0,New,Alien Temporary,"Korea, Republic of",NA,N,90 - 94.9,92,,3,2,1050,660,390,480,9,1050,1,1,0,0,0,0,0,0,0,0,0,1,1,0,0,0,0,1,0,0,5,,,,,,,,,,,,,,,,,,,,,,,,,
F15_127,F15,pre,I consent.,2,3,2,3,3,0,19,Asian,1,0,New,Alien Temporary,Chi,NA,Y,90 - 94.9,90,,,,1200,680,520,480,8,1200,1,1,0,0,0,0,0,1,1,1,1,1,0,0,0,1,0,0,0,0,8,,,,,,,,,,,,,,,,,,,,,,,,,
F15_046,F15,pre,I consent.,3,2,2,2,2,0,19,Asian,1,0,New,Alien Temporary,Chi,NA,N,85 - 89.9,89,,4,2,1190,780,410,490,8,1190,1,1,1,0,0,0,0,0,0,1,0,0,1,0,1,0,0,1,1,0,8,,,,,,,,,,,,,,,,,,,,,,,,,
F15_048,F15,pre,I consent.,1,3,1,5,5,2,19,Hispanic of any race,1,0,New,Native,United States,NA,Y,90 - 94.9,94,,4,,1260,630,630,570,8,1260,1,1,1,0,1,1,1,1,0,0,0,1,0,1,1,1,0,0,1,1,13,,,,,,,,,,,,,,,,,,,,,,,,,
F15_341,F15,pre,I consent.,1,3,1,2,2,3,19,Asian,0,0,New,Native,United States,NA,Y,95 - 100,95,,7,,1360,750,610,670,9,1360,1,1,1,0,1,1,1,1,0,1,1,1,0,1,1,1,1,1,1,1,17,,,,,,,,,,,,,,,,,,,,,,,,,
F15_157,F15,pre,I consent.,2,3,2,3,4,2,20,Asian,1,1,New,Alien Permanent,"Korea, Republic of",NA,Y,90 - 94.9,90,,3,,1470,800,670,760,9,1470,1,1,1,0,1,1,1,0,0,0,1,1,0,1,1,1,0,0,0,0,11,,,,,,,,,,,,,,,,,,,,,,,,,
F15_011,F15,pre,I consent.,1,3,1,5,5,0,19,White,0,0,New,Native,United States,NA,N,95 - 100,97,4,,,1340,680,660,710,10,1340,0,1,1,0,1,1,0,1,1,1,1,1,0,0,1,1,1,0,1,1,14,,,,,,,,,,,,,,,,,,,,,,,,,
F15_234,F15,pre,I consent.,1,3,1,5,5,2,19,White,0,0,New,Native,United States,NA,Y,90 - 94.9,94,,4,,1270,640,630,610,8,1270,1,1,1,1,1,1,1,1,0,1,1,0,1,1,1,0,1,1,1,1,17,,,,,,,,,,,,,,,,,,,,,,,,,
F15_284,F15,pre,I consent.,3,3,1,4,4,0,19,,1,0,New,Alien Temporary,India,NA,N,90 - 94.9,90,,,,1250,680,570,590,9,1250,1,0,0,0,1,1,1,1,0,0,0,1,0,0,0,1,0,0,1,1,9,,,,,,,,,,,,,,,,,,,,,,,,,
F15_063,F15,pre,I consent.,1,3,2,2,3,3,19,Asian,0,0,New,Alien Temporary,"Korea, Republic of",NA,N,85 - 89.9,88,,,,1180,710,470,530,8,1180,1,1,1,0,0,1,0,0,0,0,1,1,0,0,0,1,0,1,0,0,8,,,,,,,,,,,,,,,,,,,,,,,,,
F15_027,F15,pre,I consent.,2,3,1,5,4,0,19,White,1,0,New,Native,United States,NA,N,85 - 89.9,86,,3,,1120,580,540,580,9,1120,1,0,0,1,1,0,1,1,0,1,1,1,1,0,1,0,1,0,1,1,13,,,,,,,,,,,,,,,,,,,,,,,,,
F15_115,F15,pre,I consent.,1,3,2,4,3,2,19,Asian,0,0,New,Alien Temporary,Chi,NA,Y,90 - 94.9,90,,5,,1350,730,620,570,7,1350,1,1,1,1,0,1,1,1,0,1,1,1,1,1,0,0,1,0,1,0,14,,,,,,,,,,,,,,,,,,,,,,,,,
F15_351,F15,pre,I consent.,1,3,1,4,4,2,18,White,1,0,Transfer,Native,United States,"105,000-124,999",N,90 - 94.9,94,4,,,1280,670,600,560,8,1270,1,1,1,1,1,1,1,1,1,0,0,0,0,1,1,1,1,0,0,0,13,,,,,,,,,,,,,,,,,,,,,,,,,
F15_110,F15,pre,I consent.,2,3,1,5,4,0,18,White,1,0,New,Native,United States,NA,N,90 - 94.9,90,,3,,1230,600,630,580,9,1230,0,1,1,0,0,1,1,1,0,1,0,1,0,0,0,0,0,1,1,0,9,,,,,,,,,,,,,,,,,,,,,,,,,
F15_336,F15,pre,I consent.,1,3,1,2,3,2,20,Asian,0,1,New,Native,United States,NA,Y,90 - 94.9,92,,4,,1200,650,550,510,8,1200,1,1,1,0,0,0,1,1,0,0,0,1,0,0,1,1,0,0,0,0,8,,,,,,,,,,,,,,,,,,,,,,,,,
F15_335,F15,pre,I consent.,1,3,1,5,2,2,19,Asian,1,0,New,Native,United States,NA,Y,90 - 94.9,94,,,,1490,700,790,720,11,1490,0,1,1,1,1,1,1,1,0,1,1,1,1,1,1,0,1,1,1,1,17,,,,,,,,,,,,,,,,,,,,,,,,,
F15_267,F15,pre,I consent.,1,3,1,5,5,3,18,Asian,0,1,New,Naturalized,Bangladesh,NA,N,90 - 94.9,92,,5,,1390,740,650,630,9,1390,1,1,1,1,1,1,1,1,1,1,1,1,1,1,1,1,1,1,1,1,20,,,,,,,,,,,,,,,,,,,,,,,,,
F15_065,F15,pre,I consent.,2,3,2,2,1,0,21,Asian,1,0,New,Alien Temporary,"Korea, Republic of",NA,N,85 - 89.9,85,,,,1200,730,470,520,6,1200,1,1,1,1,0,0,1,0,1,1,0,1,1,0,0,0,0,1,0,0,10,,,,,,,,,,,,,,,,,,,,,,,,,
F15_329,F15,pre,I consent.,1,3,2,5,5,1,19,Asian,1,0,New,Native,United States,NA,Y,95 - 100,99,,5,,1300,640,660,610,10,1300,1,1,1,1,1,1,1,1,0,1,1,1,1,1,1,1,1,1,1,1,19,,,,,,,,,,,,,,,,,,,,,,,,,
F15_363,F15,pre,I consent.,1,3,2,3,3,3,19,Asian,1,1,New,Native,United States,NA,Y,90 - 94.9,93,,7,,1330,740,590,580,9,1330,1,1,1,0,1,1,1,1,0,0,1,1,0,0,1,1,1,1,1,1,15,,,,,,,,,,,,,,,,,,,,,,,,,
F15_187,F15,pre,I consent.,3,3,3,2,2,0,18,Asian,1,0,New,Native,United States,NA,Y,85 - 89.9,89,,4,,1320,710,610,600,9,1320,1,0,1,0,1,1,0,0,0,0,0,1,0,0,0,0,0,1,0,0,6,,,,,,,,,,,,,,,,,,,,,,,,,
F15_085,F15,pre,I consent.,2,3,2,4,5,0,19,Asian,1,1,New,Naturalized,Unknown,NA,Y,90 - 94.9,93,,4,,1380,720,660,700,8,1380,1,1,1,1,1,1,1,1,1,1,1,1,1,1,1,1,1,0,1,1,19,,,,,,,,,,,,,,,,,,,,,,,,,
F15_158,F15,pre,I consent.,1,2,2,2,3,0,18,Asian,0,1,New,Native,United States,NA,Y,90 - 94.9,90,,4,,1330,750,580,660,10,1330,1,1,1,1,1,0,1,0,1,1,1,1,0,1,1,0,0,0,0,1,13,,,,,,,,,,,,,,,,,,,,,,,,,
F15_144,F15,pre,I consent.,1,4,1,4,3,3,19,White,0,0,New,Native,United States,NA,N,95 - 100,96,,9,,1160,,,,,,1,1,1,0,0,1,1,1,0,1,1,1,0,1,1,0,1,0,0,1,13,,,,,,,,,,,,,,,,,,,,,,,,,
F15_052,F15,pre,I consent.,1,4,1,5,5,2,19,,1,0,New,Native,United States,NA,N,90 - 94.9,90,,5,,1330,710,620,670,8,1330,1,1,1,1,1,0,0,1,0,0,1,0,1,0,0,0,1,0,1,0,10,,,,,,,,,,,,,,,,,,,,,,,,,
F15_133,F15,pre,I consent.,1,3,1,5,5,3,18,Asian,1,0,New,Native,United States,NA,N,85 - 89.9,89,,,,1490,800,690,730,8,1490,1,1,1,0,1,1,1,1,1,1,1,1,1,0,1,1,1,1,1,1,18,,,,,,,,,,,,,,,,,,,,,,,,,
F15_060,F15,pre,I consent.,2,4,1,5,5,0,19,Asian,1,0,New,Native,United States,NA,N,95 - 100,95,,,,1510,800,710,700,9,1510,1,1,1,0,1,1,1,1,0,1,1,1,0,0,1,1,0,1,1,0,14,,,,,,,,,,,,,,,,,,,,,,,,,
F15_064,F15,pre,I consent.,3,3,2,4,4,0,20,Asian,1,0,New,Alien Temporary,"Korea, Republic of","$65,000-84,999",,Unknown,,,2.5,2,,,,,,,1,0,1,0,0,0,0,0,0,1,1,0,0,1,0,1,0,0,0,1,7,,,,,,,,,,,,,,,,,,,,,,,,,
F15_029,F15,pre,I consent.,1,3,2,4,4,2,22,Hispanic of any race,0,1,Transfer,Alien Permanent,Colombia,"$15,000-29,999",,Unknown,,3.46,,,,,,,,,1,1,1,0,1,0,0,0,0,0,1,1,0,0,0,0,0,0,0,0,6,,,,,,,,,,,,,,,,,,,,,,,,,
F15_306,F15,pre,I consent.,2,3,2,2,2,0,22,Asian,0,0,New,Alien Temporary,"Korea, Republic of",NA,N,85 - 89.9,85,,,,1240,,,,,,1,1,1,0,1,1,1,1,0,0,1,1,0,1,1,1,1,0,1,0,14,,,,,,,,,,,,,,,,,,,,,,,,,
F15_178,F15,pre,I consent.,2,4,1,5,3,0,21,Asian,1,1,Transfer,Native,United States,NA,,90 - 94.9,91,3.75,,,,,,,,,1,0,0,0,0,0,0,0,1,0,0,0,0,1,1,0,1,0,0,1,6,,,,,,,,,,,,,,,,,,,,,,,,,
F15_227,F15,pre,I consent.,2,3,2,5,5,0,21,Hispanic of any race,0,0,Transfer,Alien Permanent,Spain,"$45,000-64,999",,Unknown,,3.39,2,,940,440,500,450,9,940,1,1,1,0,0,0,0,0,0,1,1,0,0,0,0,0,0,0,0,1,6,,,,,,,,,,,,,,,,,,,,,,,,,
F15_087,F15,pre,I consent.,1,5,1,4,0,3,24,White,1,1,Transfer,Native,United States,NA,,NA,,3.4,,,,,,,,,1,1,1,1,1,1,1,1,1,1,1,1,1,1,1,1,1,1,1,1,20,,,,,,,,,,,,,,,,,,,,,,,,,
F15_136,F15,pre,I consent.,2,4,1,5,5,0,20,White,0,1,Transfer,Native,United States,"$65,000-84,999",,90 - 94.9,90,3.44,,,,,,,,,0,1,1,0,1,0,0,0,0,1,1,0,0,1,0,0,0,0,1,0,7,,,,,,,,,,,,,,,,,,,,,,,,,
F15_023,F15,pre,I consent.,1,5,1,4,4,0,20,White,0,0,Transfer,Native,United States,"$125,000-144,999",,80 - 84.9,84,3.8,,,,,,,,,1,1,1,0,1,0,1,0,0,0,1,1,0,1,0,1,0,0,1,0,10,,,,,,,,,,,,,,,,,,,,,,,,,
F15_026,F15,pre,I consent.,1,4,2,3,3,1,23,Hispanic of any race,0,0,Other,Naturalized,Unknown,NA,,NA,,3.4,,,,,,,,,0,0,1,0,0,0,0,0,0,1,1,0,0,1,0,0,0,0,1,0,5,,,,,,,,,,,,,,,,,,,,,,,,,
F15_137,F15,pre,I consent.,2,4,1,5,3,0,21,White,0,0,Transfer,Native,United States,"$30,000-44,999",,75 - 79.9,77,3.6,2,,1010,490,520,490,8,1010,1,1,1,0,0,0,1,1,0,1,1,0,0,0,0,1,1,0,1,0,10,,,,,,,,,,,,,,,,,,,,,,,,,
F15_197,F15,pre,I consent.,1,4,2,5,5,3,19,Hispanic of any race,1,1,Transfer,Native,United States,NA,,NA,,3.3,,4,,,,,,,1,1,0,0,1,0,1,0,1,1,0,1,0,0,1,1,0,1,0,0,10,,,,,,,,,,,,,,,,,,,,,,,,,
F15_245,F15,pre,I consent.,1,3,1,5,5,1,18,Asian,0,1,New,Native,United States,NA,N,95 - 100,97,,9,,1350,,,,,,0,1,1,0,1,0,0,0,1,1,0,0,0,1,1,0,0,1,0,0,8,,,,,,,,,,,,,,,,,,,,,,,,,
F15_016,F15,pre,I consent.,3,1,1,4,4,0,15,Black/African American,0,0,New,Native,United States,NA,N,90 - 94.9,90,,3,,1070,460,610,590,7,1070,1,1,1,1,1,1,1,1,1,1,1,1,1,1,1,1,1,1,1,1,20,,,,,,,,,,,,,,,,,,,,,,,,,
F15_106,F15,pre,I consent.,1,4,1,5,5,0,22,White,1,1,Transfer,Native,United States,"$15,000-29,999",,80 - 84.9,83,3.3,2,,,,,,,,1,0,1,0,1,0,1,0,1,0,0,0,0,1,1,1,1,1,1,1,12,,,,,,,,,,,,,,,,,,,,,,,,,
F15_210,F15,pre,I consent.,2,4,1,4,2,0,21,White,0,0,Other,Native,United States,"$185,000+",,80 - 84.9,83,2.94,,,,,,,,,1,0,1,1,1,1,1,1,1,1,1,0,1,1,1,1,1,1,0,1,17,,,,,,,,,,,,,,,,,,,,,,,,,
F15_056,F15,pre,I consent.,1,4,2,4,3,2,20,Black/African American,0,1,Transfer,Native,United States,NA,,85 - 89.9,85,3.44,,,,,,,,,1,1,0,0,1,0,0,1,1,0,1,0,1,0,1,0,0,0,0,1,9,,,,,,,,,,,,,,,,,,,,,,,,,
F15_357,F15,pre,I consent.,1,4,2,3,2,2,19,Asian,1,0,Transfer,Alien Temporary,Chi,NA,N,NA,,,8,4,,,,,,,1,1,1,0,1,1,0,1,0,1,1,1,1,1,1,0,0,0,1,1,14,,,,,,,,,,,,,,,,,,,,,,,,,
F15_256,F15,pre,I consent.,2,5,2,5,3,3,23,Asian,0,0,Transfer,Alien Temporary,"Korea, Republic of",NA,N,NA,,,,1,,,,,,,1,1,0,0,0,1,0,1,0,1,1,1,0,0,0,0,1,1,0,1,10,,,,,,,,,,,,,,,,,,,,,,,,,
F15_108,F15,pre,I consent.,2,3,1,5,0,2,18,White,0,0,New,Native,United States,"$85,000-104,999",,95 - 100,96,,4,,1320,660,660,700,12,1320,0,1,1,0,1,1,1,1,1,1,0,1,1,1,1,1,0,1,1,1,16,,,,,,,,,,,,,,,,,,,,,,,,,
F15_030,F15,pre,I consent.,1,3,1,4,5,1,19,White,1,0,Transfer,Native,United States,NA,,NA,,,3,,1280,640,630,660,9,1270,1,1,1,1,1,1,1,1,1,1,1,1,1,1,1,1,1,1,1,1,20,,,,,,,,,,,,,,,,,,,,,,,,,
F15_164,F15,pre,I consent.,2,2,1,4,3,0,17,Asian,0,1,New,Native,United States,"$15,000-29,999",,90 - 94.9,93,,3,,1190,560,630,540,9,1190,0,1,1,0,0,0,1,0,0,1,0,1,1,0,0,0,0,0,0,0,6,,,,,,,,,,,,,,,,,,,,,,,,,
F15_188,F15,pre,I consent.,3,2,2,2,2,0,20,Asian,1,0,New,Alien Temporary,Chi,NA,Y,90 - 94.9,91,,5,3,1160,750,410,500,6,1160,1,1,1,1,1,1,1,0,0,1,1,1,0,1,1,1,1,0,1,1,16,,,,,,,,,,,,,,,,,,,,,,,,,
F15_138,F15,pre,I consent.,1,4,1,5,3,0,21,White,0,1,Transfer,Native,United States,NA,,NA,,2.83,,,,,,,,,0,0,1,0,1,0,0,1,0,1,0,0,0,0,1,1,1,1,1,0,9,,,,,,,,,,,,,,,,,,,,,,,,,
F15_010,F15,pre,I consent.,2,4,2,4,4,0,21,Asian,0,1,Transfer,Naturalized,Unknown,"$30,000-44,999",,80 - 84.9,80,3.3,1,,,,,,,,1,1,0,1,0,0,0,0,0,0,1,0,0,1,1,1,0,0,0,1,8,,,,,,,,,,,,,,,,,,,,,,,,,
F15_092,F15,pre,I consent.,1,4,1,5,5,0,21,White,1,1,Transfer,Native,United States,NA,,85 - 89.9,88,3.9,3,,,,,,,,1,1,1,0,0,0,1,1,1,1,1,1,0,1,1,1,1,1,1,0,15,,,,,,,,,,,,,,,,,,,,,,,,,
F15_331,F15,pre,I consent.,2,4,1,5,4,0,23,White,0,0,Transfer,Native,United States,NA,,80 - 84.9,80,3.7,3,,,,,,,,0,1,1,0,1,1,1,0,0,1,1,1,0,1,1,1,0,0,0,0,11,,,,,,,,,,,,,,,,,,,,,,,,,
F15_032,F15,pre,I consent.,2,3,1,4,4,1,20,White,0,0,Transfer,Native,United States,NA,,90 - 94.9,93,3.28,,,,,,,,,1,1,0,1,1,0,0,0,0,1,1,1,1,1,1,0,0,1,1,1,13,,,,,,,,,,,,,,,,,,,,,,,,,
F15_148,F15,pre,I consent.,1,3,2,2,2,0,20,Asian,1,0,New,Alien Temporary,"Korea, Republic of",NA,N,80 - 84.9,80,,5,3,,,,,,,1,1,1,0,0,0,1,0,1,0,1,1,1,1,1,1,1,1,0,0,13,,,,,,,,,,,,,,,,,,,,,,,,,
F15_015,F15,pre,I consent.,3,2,1,5,4,1,18,Asian,0,1,New,Naturalized,Bangladesh,"$30,000-44,999",,90 - 94.9,93,,,,1300,690,610,750,10,1300,1,1,1,0,1,1,0,1,0,0,1,1,0,1,1,1,0,0,0,1,12,,,,,,,,,,,,,,,,,,,,,,,,,
F15_257,F15,pre,I consent.,2,5,2,5,3,0,23,Asian,1,0,Transfer,Alien Temporary,"Korea, Republic of",NA,,NA,,3.38,,,,,,,,,0,1,1,0,0,1,1,1,1,1,1,1,0,1,0,0,0,0,0,0,10,,,,,,,,,,,,,,,,,,,,,,,,,
F15_045,F15,pre,I consent.,2,4,1,4,4,2,22,White,0,1,Transfer,Native,United States,"$85,000-104,999",,75 - 79.9,77,3.4,1,,,,,,,,1,1,1,0,1,0,1,1,1,0,1,0,0,1,1,0,1,1,1,1,14,,,,,,,,,,,,,,,,,,,,,,,,,
F15_109,F15,pre,I consent.,1,4,1,5,3,0,20,Hispanic of any race,0,1,Transfer,Native,United States,"$0-14,999",,85 - 89.9,88,3.21,,,,,,,,,1,1,1,0,1,0,1,1,0,1,1,0,1,0,1,0,0,0,0,1,11,,,,,,,,,,,,,,,,,,,,,,,,,
F15_126,F15,pre,I consent.,2,4,2,4,4,0,19,White,1,0,Transfer,Native,United States,NA,,85 - 89.9,87,3.67,,,,,,,,,1,1,1,0,1,0,1,0,0,0,1,0,0,1,0,1,1,0,0,0,9,,,,,,,,,,,,,,,,,,,,,,,,,
F15_075,F15,pre,I consent.,1,4,2,2,1,2,21,Hispanic of any race,0,1,Transfer,Alien Permanent,Dominican Republic,NA,N,85 - 89.9,85,3.62,2,,,,,,,,1,1,1,0,1,1,1,0,0,0,0,1,0,0,1,1,0,0,0,0,9,,,,,,,,,,,,,,,,,,,,,,,,,
F15_281,F15,pre,I consent.,3,2,1,5,4,0,18,White,0,0,New,Native,United States,NA,N,95 - 100,99,,3,,1260,610,650,670,10,1260,1,1,1,0,1,1,1,1,0,1,0,1,0,1,1,0,0,0,1,0,12,,,,,,,,,,,,,,,,,,,,,,,,,
F15_290,F15,pre,I consent.,1,2,2,4,4,0,18,Black/African American,1,1,New,Native,United States,"$30,000-44,999",,95 - 100,99,,4,,1160,570,490,590,8,1060,1,1,0,0,1,0,1,1,1,0,1,1,0,0,1,0,0,0,0,0,9,,,,,,,,,,,,,,,,,,,,,,,,,
F15_232,F15,pre,I consent.,1,3,1,4,3,1,18,,0,1,New,Native,United States,NA,N,95 - 100,95,,,,1320,560,760,610,8,1320,0,1,1,1,1,0,1,0,1,1,0,1,1,1,1,1,1,1,1,0,15,,,,,,,,,,,,,,,,,,,,,,,,,
F15_057,F15,pre,I consent.,1,2,2,0,0,0,22,Asian,1,1,New,Native,United States,"$30,000-44,999",,90 - 94.9,93,,5,,1270,700,570,540,8,1270,1,0,1,1,0,0,1,1,1,1,1,0,0,0,1,0,0,0,1,1,11,,,,,,,,,,,,,,,,,,,,,,,,,
F15_249,F15,pre,I consent.,1,3,2,4,4,1,18,White,1,0,New,Naturalized,Turkey,"$85,000-104,999",,95 - 100,96,,,,1320,700,620,630,9,1320,1,1,1,1,1,1,1,0,0,0,1,1,1,0,1,1,0,0,1,1,14,,,,,,,,,,,,,,,,,,,,,,,,,
F15_200,F15,pre,I consent.,1,3,1,5,5,1,18,White,0,0,New,Native,United States,NA,N,95 - 100,99,,,,1380,690,690,660,11,1380,1,1,1,0,1,0,1,0,1,1,1,1,0,1,1,1,1,1,1,0,15,,,,,,,,,,,,,,,,,,,,,,,,,
F15_211,F15,pre,I consent.,1,2,1,4,4,0,18,Hispanic of any race,1,0,Other,Native,United States,NA,N,90 - 94.9,90,,,,1300,640,660,610,10,1300,1,1,1,0,1,0,0,0,0,0,1,1,0,0,0,1,1,0,1,1,10,,,,,,,,,,,,,,,,,,,,,,,,,
F15_142,F15,pre,I consent.,2,3,1,4,4,0,19,Asian,0,0,New,Native,United States,NA,Y,90 - 94.9,94,,,,1390,680,710,650,8,1390,1,1,1,1,0,1,1,0,0,0,1,1,1,1,1,0,1,1,0,1,14,,,,,,,,,,,,,,,,,,,,,,,,,
F15_117,F15,pre,I consent.,3,6,1,5,5,2,31,White,1,0,New,Native,United States,NA,,NA,,,,,,,,,,,1,1,0,1,1,1,1,0,1,1,1,1,1,1,1,1,1,1,1,1,18,,,,,,,,,,,,,,,,,,,,,,,,,
F15_114,F15,pre,I consent.,2,2,1,5,5,1,18,White,1,0,New,Native,United States,"$145,000-164,999",,90 - 94.9,91,2.5,2.5,,1320,620,570,550,8,1190,1,1,1,0,1,0,1,1,1,1,1,1,0,1,1,1,1,1,0,0,15,,,,,,,,,,,,,,,,,,,,,,,,,
F15_350,F15,pre,I consent.,1,2,1,2,4,1,18,Asian,0,1,New,Native,United States,"$0-14,999",,95 - 100,99,,5,,1310,690,620,640,10,1310,0,1,1,0,1,0,0,1,1,1,0,1,0,0,1,1,0,1,0,0,10,,,,,,,,,,,,,,,,,,,,,,,,,
F15_101,F15,pre,I consent.,1,2,2,3,2,0,18,Asian,1,0,New,Alien Temporary,Chi,NA,N,90 - 94.9,92,,,4,,,,,,,1,0,1,0,0,0,0,1,1,1,1,0,0,1,1,0,1,1,1,0,11,,,,,,,,,,,,,,,,,,,,,,,,,
F15_226,F15,pre,I consent.,1,3,2,5,5,1,17,Asian,0,0,New,Alien Permanent,India,NA,N,95 - 100,97,,5,,1430,670,740,730,8,1410,1,0,1,1,1,0,1,0,1,1,1,1,1,1,1,1,1,1,0,0,15,,,,,,,,,,,,,,,,,,,,,,,,,
F15_098,F15,pre,I consent.,1,3,2,5,5,0,26,Hispanic of any race,0,0,Transfer,Alien Permanent,Colombia,NA,,85 - 89.9,85,3.5,3,,,,,,,,1,1,0,0,1,0,1,1,1,0,1,1,0,1,1,0,0,0,1,0,11,,,,,,,,,,,,,,,,,,,,,,,,,
F15_327,F15,pre,I consent.,1,2,1,4,4,2,18,Hispanic of any race,0,0,New,Native,United States,"105,000-124,999",,95 - 100,97,,4,,1280,,,,,,0,1,1,0,0,0,1,0,1,1,0,0,1,0,0,1,1,0,0,0,8,,,,,,,,,,,,,,,,,,,,,,,,,
F15_040,F15,pre,I consent.,2,3,1,5,5,0,17,White,1,0,New,Native,United States,NA,N,95 - 100,95,,,,1320,580,640,650,9,1220,1,1,1,0,0,1,1,1,0,1,1,1,0,0,1,1,1,1,1,1,15,,,,,,,,,,,,,,,,,,,,,,,,,
F15_237,F15,pre,I consent.,1,2,1,4,3,0,18,White,0,1,New,Native,United States,NA,N,90 - 94.9,91,3.66,4,,1340,690,650,670,9,1340,1,1,1,0,1,1,0,0,1,1,0,1,0,1,1,0,1,1,1,1,14,,,,,,,,,,,,,,,,,,,,,,,,,
F15_236,F15,pre,I consent.,1,3,2,4,4,0,19,White,1,0,New,Alien Temporary,Uzbekistan,NA,Y,95 - 100,98,,,,1160,630,530,650,11,1160,1,0,0,0,0,0,1,0,0,1,1,1,0,0,0,1,0,1,0,0,7,,,,,,,,,,,,,,,,,,,,,,,,,
F15_111,F15,pre,I consent.,1,4,1,1,1,0,21,White,0,1,Transfer,Native,United States,"$0-14,999",,90 - 94.9,90,3.7,,,,,,,,,1,1,1,0,1,0,0,1,0,1,1,1,1,0,0,0,1,1,1,1,13,,,,,,,,,,,,,,,,,,,,,,,,,
F15_366,F15,pre,I consent.,1,2,2,4,4,1,17,Asian,0,0,New,Native,United States,NA,Y,90 - 94.9,93,,3,,1240,630,610,560,9,1240,1,1,1,0,1,0,1,0,0,0,1,1,0,0,1,1,0,0,0,0,9,,,,,,,,,,,,,,,,,,,,,,,,,
F15_175,F15,pre,I consent.,1,2,1,5,5,0,17,,0,1,New,Native,United States,NA,Y,95 - 100,95,,,,1230,620,610,630,9,1230,1,1,1,1,1,1,1,1,1,1,1,1,1,1,1,1,1,1,1,1,20,,,,,,,,,,,,,,,,,,,,,,,,,
F15_365,F15,pre,I consent.,2,4,1,5,5,0,20,White,0,0,Transfer,Native,United States,"$45,000-64,999",,90 - 94.9,94,3.28,,,,,,,,,1,1,1,0,1,0,0,1,1,0,0,1,0,0,0,1,1,1,0,0,10,,,,,,,,,,,,,,,,,,,,,,,,,
F15_001,F15,pre,I consent.,2,4,1,4,4,2,22,Hispanic of any race,1,1,Transfer,Alien Permanent,Colombia,"$45,000-64,999",,Unknown,,2.9,2,,,,,,,,1,1,1,0,0,0,0,1,1,0,1,0,1,0,1,0,1,0,0,0,9,0,0,0,0,0,0,0,0,0,0,0,0,0,0,0,1,1,1,1,1,0,1,0,0,6
F15_240,F15,pre,I consent.,1,3,1,4,4,1,18,Asian,1,1,New,Native,United States,NA,Y,95 - 100,95,,7,,1270,720,550,620,10,1270,0,1,1,0,1,1,1,0,1,1,0,0,1,1,1,1,0,1,1,0,13,,,,,,,,,,,,,,,,,,,,,,,,,
F15_355,F15,pre,I consent.,2,2,2,1,1,0,20,Asian,1,0,New,Alien Temporary,Chi,NA,N,90 - 94.9,93,,,1.5,,,,,,,1,1,1,0,1,0,0,1,0,0,1,1,0,1,0,1,0,0,1,0,10,,,,,,,,,,,,,,,,,,,,,,,,,
F15_276,F15,pre,I consent.,2,3,1,5,5,0,18,Asian,0,0,New,Native,United States,NA,N,95 - 100,99,,5,,1530,710,690,780,9,1400,1,1,1,0,1,0,1,1,0,0,1,1,0,1,0,1,1,0,1,0,12,,,,,,,,,,,,,,,,,,,,,,,,,
F15_317,F15,pre,I consent.,1,2,3,4,3,1,18,Asian,1,0,New,Native,United States,NA,Y,85 - 89.9,89,,7,,1390,,,,,,0,0,1,0,1,0,0,0,0,1,1,0,0,0,0,1,0,1,0,0,6,,,,,,,,,,,,,,,,,,,,,,,,,
F15_061,F15,pre,I consent.,1,2,1,3,2,0,18,Asian,1,0,New,Native,United States,NA,N,95 - 100,97,,,,1390,,,,,,1,1,1,0,1,0,0,0,1,1,1,1,0,1,0,1,0,0,0,0,10,,,,,,,,,,,,,,,,,,,,,,,,,
F15_132,F15,pre,I consent.,1,2,2,5,5,0,17,Asian,1,0,New,Alien Permanent,Pakistan,NA,N,90 - 94.9,94,4,,,1320,700,620,610,7,1320,1,1,1,0,1,0,0,0,0,1,0,1,0,0,0,1,0,1,0,0,8,,,,,,,,,,,,,,,,,,,,,,,,,
F15_202,F15,pre,I consent.,1,3,2,5,5,1,18,White,1,0,New,Naturalized,Israel,NA,Y,95 - 100,99,,,,1530,,,,,,1,1,1,1,1,1,1,1,1,0,1,1,1,1,1,1,1,1,1,1,19,,,,,,,,,,,,,,,,,,,,,,,,,
F15_004,F15,pre,I consent.,1,3,2,5,5,1,18,White,0,0,New,Undocumented Alien,Lithuania,NA,N,85 - 89.9,87,,4,,1480,,,,,,1,1,1,0,1,1,1,0,1,1,1,0,1,0,1,0,1,1,1,1,15,,,,,,,,,,,,,,,,,,,,,,,,,
F15_039,F15,pre,I consent.,1,2,2,5,5,0,17,Asian,0,1,New,Naturalized,Unknown,NA,Y,90 - 94.9,94,,4,,1290,670,620,560,8,1290,1,1,1,1,1,1,1,1,1,1,1,1,1,1,1,1,1,1,1,0,19,,,,,,,,,,,,,,,,,,,,,,,,,
F15_310,F15,pre,I consent.,3,3,1,3,3,0,18,Asian,1,1,New,Native,United States,NA,Y,95 - 100,99,,7,,1310,720,590,630,8,1310,1,1,1,1,1,0,0,0,0,0,1,0,0,0,0,0,0,0,0,1,7,,,,,,,,,,,,,,,,,,,,,,,,,
F15_347,F15,pre,I consent.,1,3,1,5,5,1,18,White,1,0,New,Native,United States,NA,N,90 - 94.9,91,,,,1530,,,,,,1,1,1,1,1,1,1,1,1,1,1,1,0,0,1,1,1,1,1,0,17,,,,,,,,,,,,,,,,,,,,,,,,,
F15_146,F15,pre,I consent.,2,2,1,4,2,0,17,Asian,0,0,New,Undocumented Alien,"Korea, Republic of",NA,N,90 - 94.9,92,,,,1450,740,710,720,10,1450,0,1,1,0,0,1,1,1,0,1,1,1,1,0,1,1,0,1,1,0,13,,,,,,,,,,,,,,,,,,,,,,,,,
F15_093,F15,pre,I consent.,1,3,2,3,1,2,25,Black/African American,0,1,Transfer,Alien Permanent,Burki Faso,"$15,000-29,999",,Unknown,,3.62,,,,,,,,,0,1,1,0,1,0,0,1,0,0,1,0,0,0,0,0,1,1,0,1,8,,,,,,,,,,,,,,,,,,,,,,,,,
F15_342,F15,pre,I consent.,1,2,1,4,4,0,18,Asian,1,1,New,Native,United States,NA,N,85 - 89.9,88,,6,,1480,,,,,,1,1,1,0,1,0,1,0,0,0,1,0,0,1,0,1,0,0,0,1,9,,,,,,,,,,,,,,,,,,,,,,,,,
F15_096,F15,pre,I consent.,3,2,1,4,4,0,18,Asian,1,0,New,Alien Temporary,India,NA,N,80 - 84.9,80,,4,,1080,620,460,550,8,1080,1,1,1,0,1,0,0,0,1,0,0,0,0,0,1,1,0,0,1,0,8,,,,,,,,,,,,,,,,,,,,,,,,,
F15_328,F15,pre,I consent.,2,3,1,3,3,0,20,White,0,0,Transfer,Native,United States,NA,,NA,,3.1,,,,,,,,,1,1,1,0,1,0,0,0,0,0,0,0,0,1,0,0,1,0,1,0,7,,,,,,,,,,,,,,,,,,,,,,,,,
F15_220,F15,pre,I consent.,1,3,1,4,0,3,24,Black/African American,1,1,Transfer,Alien Permanent,Gha,"$30,000-44,999",,Unknown,,3.71,,,,,,,,,1,1,1,1,0,0,1,1,0,0,0,0,1,1,0,0,0,1,0,0,9,,,,,,,,,,,,,,,,,,,,,,,,,
F15_325,F15,pre,I consent.,1,4,1,4,4,0,19,Hispanic of any race,0,1,Transfer,Native,United States,NA,,90 - 94.9,94,3.81,,,,,,,,,1,1,1,0,1,1,1,1,1,1,0,1,0,1,1,1,1,1,1,1,17,,,,,,,,,,,,,,,,,,,,,,,,,
F15_196,F15,pre,I consent.,1,5,1,3,3,0,21,White,1,0,Transfer,Native,United States,NA,,85 - 89.9,86,3.06,,,,,,,,,1,0,0,0,1,1,1,0,1,1,1,1,1,0,1,1,0,0,0,0,11,,,,,,,,,,,,,,,,,,,,,,,,,
F15_062,F15,pre,I consent.,2,4,2,3,2,0,22,Asian,0,0,Transfer,Alien Temporary,"Korea, Republic of",NA,N,NA,,,8,3,,,,,,,1,1,1,0,1,0,0,0,0,0,0,1,1,1,0,0,0,1,0,0,8,,,,,,,,,,,,,,,,,,,,,,,,,
F15_279,F15,pre,I consent.,1,4,2,3,3,1,21,Hispanic of any race,0,1,Transfer,Native,United States,"$15,000-29,999",,85 - 89.9,89,3.25,,,,,,,,,0,1,1,0,1,0,0,0,1,0,0,1,0,0,0,1,0,0,0,1,7,,,,,,,,,,,,,,,,,,,,,,,,,
F15_082,F15,pre,I consent.,3,4,1,4,4,0,19,White,0,0,Transfer,Native,United States,NA,,85 - 89.9,85,3.6,2,,,,,,,,1,1,0,0,0,0,1,0,0,1,1,0,0,0,0,1,0,0,0,0,6,,,,,,,,,,,,,,,,,,,,,,,,,
F15_147,F15,pre,I consent.,3,3,2,3,3,0,19,Asian,1,0,Transfer,Alien Temporary,Chi,NA,Y,NA,,3.67,5,,,,,,,,1,1,1,0,0,0,0,0,1,0,1,0,0,0,0,0,0,0,0,1,6,,,,,,,,,,,,,,,,,,,,,,,,,
F15_217,F15,pre,I consent.,1,3,1,4,4,2,19,White,0,0,Transfer,Native,United States,"$85,000-104,999",,85 - 89.9,89,3.62,,,,,,,,,1,0,1,0,0,0,0,0,0,0,0,1,0,1,1,0,0,0,1,1,7,,,,,,,,,,,,,,,,,,,,,,,,,
F15_280,F15,pre,I consent.,1,3,2,3,2,0,19,Hispanic of any race,0,0,Transfer,Native,United States,NA,,85 - 89.9,89,3.74,3,,820,430,390,360,7,820,0,0,1,0,0,0,1,0,0,0,0,0,0,0,1,1,0,1,0,0,5,,,,,,,,,,,,,,,,,,,,,,,,,
F15_103,F15,pre,I consent.,1,3,2,4,4,0,19,Asian,0,0,Transfer,Alien Temporary,Bangladesh,NA,N,NA,,3.9,,,,,,,,,0,1,1,0,1,0,0,0,0,0,0,1,0,1,0,0,0,1,0,0,6,,,,,,,,,,,,,,,,,,,,,,,,,
F15_044,F15,pre,I consent.,1,3,1,5,5,1,19,tive Hawaiian/Other Pacific Island,1,1,Transfer,Native,United States,NA,N,90 - 94.9,90,3.25,5,,1170,610,560,680,8,1170,1,1,1,0,1,0,0,0,0,0,1,0,0,1,1,0,0,1,0,0,8,,,,,,,,,,,,,,,,,,,,,,,,,
F15_251,F15,pre,I consent.,1,4,1,4,3,2,31,White,1,1,Transfer,Native,United States,NA,,NA,,3.9,,,,,,,,,1,1,1,0,1,1,1,1,1,1,1,0,1,1,1,1,1,1,1,0,17,,,,,,,,,,,,,,,,,,,,,,,,,
F15_105,F15,pre,I consent.,1,3,2,4,4,0,21,Asian,0,1,Transfer,Naturalized,Unknown,NA,Y,NA,,3.32,,,,,,,,,1,1,1,1,0,0,0,1,1,0,0,0,0,1,0,0,0,0,0,1,8,,,,,,,,,,,,,,,,,,,,,,,,,
F15_266,F15,pre,I consent.,1,4,1,3,4,3,18,Asian,1,0,Transfer,Native,United States,NA,N,NA,,3.34,,,,,,,,,1,1,0,0,1,0,0,0,1,1,0,1,0,0,1,1,1,1,0,1,11,,,,,,,,,,,,,,,,,,,,,,,,,
F15_308,F15,pre,I consent.,1,4,2,3,2,0,20,Asian,0,0,Transfer,Alien Temporary,Chi,NA,,NA,,,5,3,,,,,,,1,1,1,0,1,0,0,0,1,1,1,1,1,1,0,0,0,1,0,0,11,,,,,,,,,,,,,,,,,,,,,,,,,
F15_113,F15,pre,I consent.,1,4,1,3,3,2,30,White,1,0,Transfer,Native,United States,NA,,Below 75,74,,1,,,,,,,,1,1,1,0,1,0,1,0,1,0,1,1,0,0,1,0,0,0,0,0,9,,,,,,,,,,,,,,,,,,,,,,,,,
F15_352,F15,pre,I consent.,1,4,2,5,5,2,19,White,1,1,Transfer,Naturalized,Ukraine,"$15,000-29,999",,Unknown,,,7,,,,,,,,1,1,1,1,1,1,1,1,1,0,1,1,1,1,1,1,0,1,1,1,18,,,,,,,,,,,,,,,,,,,,,,,,,
F15_273,F15,pre,I consent.,2,4,1,5,5,0,22,Black/African American,1,1,Transfer,Native,United States,"$15,000-29,999",,Unknown,,3.22,6,,810,,,,,,1,1,0,0,1,0,0,0,0,0,1,1,0,1,1,1,1,1,1,1,12,,,,,,,,,,,,,,,,,,,,,,,,,
F15_320,F15,pre,I consent.,2,3,1,5,4,0,18,White,0,0,Transfer,Native,United States,NA,,85 - 89.9,88,3.79,4,,,,,,,,0,1,1,0,1,0,1,0,0,1,0,0,1,1,1,1,1,0,0,1,11,,,,,,,,,,,,,,,,,,,,,,,,,
F15_204,F15,pre,I consent.,3,6,1,5,5,2,26,White,1,0,Other,Native,United States,NA,,NA,,,,,,,,,,,1,1,1,1,1,1,1,1,1,1,0,1,1,1,1,1,1,1,1,1,19,,,,,,,,,,,,,,,,,,,,,,,,,
F16_342,F16,pre,I consent.,2,5,1,5,5,0,32,White,0,0,Other,Native,United States,"$105,000+",,85 - 89.9,89,3.23,3,,1080,580,500,,,1080,1,1,1,0,1,0,1,0,1,1,0,0,0,0,1,1,0,0,1,0,10,,,,,,,,,,,,,,,,,,,,,,,,,
F16_295,F16,pre,I consent.,1,5,1,5,4,2,31,White,1,1,Transfer,Native,United States,"$105,000+",,85 - 89.9,87,3.6,5,3,1260,650,610,,,1260,1,1,1,0,1,1,1,0,1,1,1,1,0,1,1,1,1,1,1,1,17,,,,,,,,,,,,,,,,,,,,,,,,,
F16_173,F16,pre,I consent.,3,6,1,5,5,2,28,White,1,0,Other,Native,United States,"$185,000+",,Unknown,,2.69,2.5,,1220,610,610,520,6,1220,1,1,1,0,1,1,1,1,0,1,1,1,1,1,1,1,1,1,1,1,18,,,,,,,,,,,,,,,,,,,,,,,,,
F16_185,F16,pre,I consent.,3,6,1,5,4,2,24,White,1,0,New,Native,United States,NA,,95 - 100,96,,,,1190,650,540,520,9,1190,1,1,0,1,0,1,0,1,0,0,1,1,1,1,0,0,0,0,0,0,9,,,,,,,,,,,,,,,,,,,,,,,,,
F16_369,F16,pre,I consent.,3,6,2,4,4,3,26,Asian,1,0,New,Native,United States,"$15,000-29,999",,90 - 94.9,92.11,,4,,1130,630,500,530,10,1130,1,1,1,0,1,1,1,1,1,1,1,1,1,1,1,1,1,0,1,1,18,,,,,,,,,,,,,,,,,,,,,,,,,
F16_150,F16,pre,I consent.,1,5,1,5,5,3,21,Asian,0,1,New,Native,United States,NA,,95 - 100,95,,4,,1260,660,600,670,8,1260,0,1,1,1,1,1,1,1,0,1,0,1,0,1,1,1,0,1,1,0,14,,,,,,,,,,,,,,,,,,,,,,,,,
F16_242,F16,pre,I consent.,1,5,2,4,4,3,21,Hispanic of any race,0,1,Transfer,Native,United States,"$30,000-44,999",,Unknown,,3.1,,,1060,540,520,510,9,1060,1,1,1,0,1,1,1,0,0,1,1,0,1,0,0,1,1,0,1,1,13,,,,,,,,,,,,,,,,,,,,,,,,,
F16_305,F16,pre,I consent.,3,6,1,5,5,3,23,Asian,0,0,New,Native,United States,"$65,000-84,999",,85 - 89.9,88,,3,,1200,570,560,510,,1130,0,1,1,0,1,0,0,1,0,1,0,0,0,0,1,1,0,1,0,1,9,,,,,,,,,,,,,,,,,,,,,,,,,
F16_226,F16,pre,I consent.,2,5,1,4,4,0,23,White,1,0,Transfer,Native,United States,"$145,000-164,999",,85 - 89.9,88,3.3,,4,1210,610,600,550,8,1210,1,0,1,0,1,0,1,0,0,0,1,1,1,0,1,0,0,0,1,1,10,,,,,,,,,,,,,,,,,,,,,,,,,
F16_012,F16,pre,I consent.,2,4,1,4,4,0,22,White,0,0,Transfer,Native,United States,"$85,000-104,999",,95 - 100,96,2.99,,,1010,480,530,500,8,1010,1,1,1,0,1,1,1,0,0,0,1,1,0,1,0,0,1,1,1,1,13,,,,,,,,,,,,,,,,,,,,,,,,,
F16_104,F16,pre,I consent.,3,5,1,5,5,3,30,White,1,1,Transfer,Native,United States,"$30,000-44,999",,80 - 84.9,81,1.5,2,,,,,,,,1,1,0,0,1,0,1,0,0,1,1,1,0,0,1,1,1,0,1,1,12,,,,,,,,,,,,,,,,,,,,,,,,,
F16_360,F16,pre,I consent.,2,5,1,4,2,2,23,Asian,0,0,New,Native,United States,"$30,000-44,999",,90 - 94.9,91,,5,,1210,640,550,540,8,1190,1,1,1,1,1,0,1,1,1,1,0,1,1,1,1,1,1,0,1,1,17,,,,,,,,,,,,,,,,,,,,,,,,,
F16_002,F16,pre,I consent.,3,6,1,5,5,3,23,Asian,1,0,Other,Native,United States,"$65,000-84,999",,95 - 100,95,,,,1260,,,,,,1,1,1,1,1,1,1,1,0,1,1,1,1,1,1,0,1,1,1,1,18,,,,,,,,,,,,,,,,,,,,,,,,,
F16_130,F16,pre,I consent.,3,6,1,5,5,0,22,Hispanic of any race,0,0,Transfer,Native,United States,NA,,Unknown,,2.61,,,980,490,490,530,9,980,1,1,0,0,0,0,0,1,0,1,0,0,0,1,0,1,0,0,0,0,6,,,,,,,,,,,,,,,,,,,,,,,,,
F16_091,F16,pre,I consent.,2,5,2,5,5,1,22,Black/African American,1,0,Transfer,Native,United States,NA,,90 - 94.9,91,3.43,,,1020,490,530,480,8,1020,0,0,0,1,0,0,1,0,0,1,1,1,0,1,0,0,0,0,1,1,8,,,,,,,,,,,,,,,,,,,,,,,,,
S14_153,F16,pre,I consent.,3,6,1,4,4,2,21,Asian,1,0,New,Native,United States,NA,,95 - 100,95,,7,,1320,720,600,720,11,1320,1,0,1,0,0,0,0,0,0,0,0,0,1,0,0,1,1,1,1,0,7,,,,,,,,,,,,,,,,,,,,,,,,,
F16_081,F16,pre,I consent.,2,5,1,5,5,0,22,Asian,0,0,New,Native,United States,NA,,90 - 94.9,91,,3,,1190,580,610,640,6,1190,1,1,1,0,0,1,0,0,0,1,1,0,1,1,1,1,1,1,0,0,12,,,,,,,,,,,,,,,,,,,,,,,,,
F16_377,F16,pre,I consent.,2,5,2,5,4,1,22,Asian,0,0,New,Native,United States,NA,,90 - 94.9,91,,,,1370,720,650,690,10,1370,1,1,1,0,1,0,0,1,0,1,1,1,0,0,0,0,0,0,0,1,9,,,,,,,,,,,,,,,,,,,,,,,,,
F16_236,F16,pre,I consent.,1,5,1,5,5,3,21,tive Hawaiian/Other Pacific Island,0,0,New,Native,United States,NA,,95 - 100,95,,,,1270,650,620,620,9,1270,1,1,1,0,0,1,0,0,0,1,1,1,0,1,1,0,0,0,0,1,10,,,,,,,,,,,,,,,,,,,,,,,,,
F16_228,F16,pre,I consent.,2,4,2,5,5,3,20,Hispanic of any race,0,1,Transfer,Native,United States,"$15,000-29,999",,Unknown,,3.66,,,,,,,,,1,0,1,1,0,0,0,0,1,0,1,1,0,0,1,1,0,0,0,0,8,,,,,,,,,,,,,,,,,,,,,,,,,
F16_326,F16,pre,I consent.,1,5,1,4,4,3,20,Asian,0,1,Transfer,Native,United States,"$45,000-64,999",,85 - 89.9,89,3.9,,,980,480,500,540,9,980,0,0,1,1,1,0,0,0,0,1,1,0,0,1,0,1,0,0,0,1,8,,,,,,,,,,,,,,,,,,,,,,,,,
F16_316,F16,pre,I consent.,1,4,1,5,5,3,18,Asian,1,0,New,Native,United States,NA,N,95 - 100,99,,,,1590,800,740,790,10,1540,0,1,1,1,1,1,1,1,1,0,0,1,1,0,0,1,1,0,1,1,14,,,,,,,,,,,,,,,,,,,,,,,,,
F16_232,F16,pre,I consent.,1,5,1,5,4,3,20,White,0,0,New,Native,United States,NA,Y,95 - 100,98,,,,1320,690,590,670,8,1280,0,1,1,1,0,1,0,1,1,1,1,1,1,0,1,1,1,1,1,0,15,,,,,,,,,,,,,,,,,,,,,,,,,
F16_019,F16,pre,I consent.,2,3,1,5,4,3,19,White,1,0,New,Native,United States,NA,N,95 - 100,95,,4,,1200,630,550,530,8,1180,1,1,1,1,1,1,1,1,1,1,1,0,1,1,1,1,1,1,1,1,19,,,,,,,,,,,,,,,,,,,,,,,,,
F16_145,F16,pre,I consent.,2,5,1,5,5,2,19,White,0,0,New,Native,United States,NA,N,95 - 100,99,,6,,1480,730,750,690,8,1480,1,1,1,1,1,1,1,1,1,1,1,1,1,1,1,1,1,0,1,1,19,,,,,,,,,,,,,,,,,,,,,,,,,
F16_225,F16,pre,I consent.,3,4,1,5,5,2,21,Hispanic of any race,1,0,New,Native,United States,"$30,000-44,999",,90 - 94.9,93,,7,,1040,570,470,480,9,1040,1,1,1,0,0,0,0,0,0,0,1,1,0,0,0,1,0,0,0,0,6,,,,,,,,,,,,,,,,,,,,,,,,,
F16_331,F16,pre,I consent.,2,5,1,5,3,0,24,,1,0,Transfer,Native,United States,NA,,80 - 84.9,83,3.44,,4,,,,,,,0,1,1,0,1,1,1,0,1,1,1,1,0,1,0,1,0,1,1,1,14,,,,,,,,,,,,,,,,,,,,,,,,,
F16_082,F16,pre,I consent.,2,5,1,5,5,0,21,White,0,0,Transfer,Native,United States,NA,,90 - 94.9,94,4,,,1140,600,540,560,8,1140,1,0,1,1,1,0,0,0,0,0,1,1,0,0,1,1,0,0,0,0,8,,,,,,,,,,,,,,,,,,,,,,,,,
F16_385,F16,pre,I consent.,2,5,2,4,4,0,21,Asian,0,0,New,Alien Temporary,Chi,NA,,95 - 100,95,3.99,,,1270,780,490,690,10,1270,0,1,1,0,1,0,1,0,0,0,1,0,0,0,0,1,0,1,0,1,8,,,,,,,,,,,,,,,,,,,,,,,,,
F16_040,F16,pre,I consent.,2,4,1,5,3,3,21,White,0,0,New,Native,United States,NA,,90 - 94.9,93,,4,3,1150,,,,,,0,0,1,0,1,0,0,1,0,0,0,0,0,1,1,0,0,0,0,0,5,,,,,,,,,,,,,,,,,,,,,,,,,
F16_114,F16,pre,I consent.,1,5,1,4,4,3,21,White,1,0,Transfer,Native,United States,"$85,000-104,999",,Unknown,,2.86,,,1190,680,510,540,8,1190,1,1,1,0,1,0,1,0,1,0,1,1,0,1,0,1,0,0,0,0,10,,,,,,,,,,,,,,,,,,,,,,,,,
F16_317,F16,pre,I consent.,1,5,1,5,5,3,21,Black/African American,0,0,New,Native,United States,NA,,95 - 100,95,,3,,1130,610,520,560,8,1130,1,1,1,0,1,0,0,0,0,1,0,1,0,1,1,0,1,0,1,1,11,,,,,,,,,,,,,,,,,,,,,,,,,
F16_357,F16,pre,I consent.,3,4,1,5,5,0,21,Black/African American,1,0,New,Native,United States,NA,,80 - 84.9,82,,2,3,1040,560,480,500,,1040,1,1,1,0,1,0,0,0,0,0,1,0,0,0,0,1,0,0,0,0,6,,,,,,,,,,,,,,,,,,,,,,,,,
F16_110,F16,pre,I consent.,1,5,1,5,5,3,21,,0,0,New,Native,United States,NA,,95 - 100,99,,3,,1290,650,610,640,,1260,1,1,0,1,0,0,1,0,1,1,1,1,1,1,1,0,0,1,1,0,13,,,,,,,,,,,,,,,,,,,,,,,,,
F16_005,F16,pre,I consent.,2,5,1,5,5,3,21,Asian,0,1,New,Native,United States,NA,,95 - 100,97,,3,,1250,650,600,640,9,1250,1,1,1,0,0,0,1,1,0,0,1,1,0,0,1,1,0,0,0,0,9,,,,,,,,,,,,,,,,,,,,,,,,,
F16_020,F16,pre,I consent.,1,5,1,5,5,3,21,,0,0,New,Native,United States,NA,,90 - 94.9,91,,2.5,,1160,570,590,630,10,1160,1,0,1,0,0,1,0,1,0,1,1,1,0,0,0,0,1,1,1,1,11,,,,,,,,,,,,,,,,,,,,,,,,,
F16_124,F16,pre,I consent.,2,5,2,5,4,3,21,White,0,0,New,Native,United States,NA,,95 - 100,99,,4,,1240,690,550,590,8,1240,1,1,1,0,1,0,0,0,0,1,0,0,0,0,0,1,0,1,1,0,8,,,,,,,,,,,,,,,,,,,,,,,,,
F16_009,F16,pre,I consent.,1,5,2,5,4,3,21,Asian,1,1,New,Naturalized,Unknown,NA,,90 - 94.9,90,,3,,1250,650,600,560,8,1250,1,1,1,0,1,1,0,0,0,0,1,1,0,1,1,0,0,0,0,0,9,,,,,,,,,,,,,,,,,,,,,,,,,
F16_136,F16,pre,I consent.,2,5,1,5,5,0,21,White,0,0,New,Native,United States,NA,,85 - 89.9,88,,2,4,990,,,,,,1,1,0,0,0,0,1,1,1,0,1,1,0,0,0,0,0,0,1,0,8,,,,,,,,,,,,,,,,,,,,,,,,,
F16_156,F16,pre,I consent.,1,5,1,4,4,1,21,Asian,0,0,Transfer,Native,United States,NA,,NA,,2.93,,,1350,660,690,700,10,1350,1,1,1,0,1,1,1,1,1,1,1,1,1,0,0,0,1,1,1,1,16,,,,,,,,,,,,,,,,,,,,,,,,,
F16_286,F16,pre,I consent.,1,4,1,3,4,3,21,Hispanic of any race,1,1,Transfer,Native,United States,"$30,000-44,999",,85 - 89.9,86,3.92,,,1040,570,470,440,7,1040,1,1,1,0,0,1,0,1,1,1,1,1,0,0,1,1,0,1,0,0,12,,,,,,,,,,,,,,,,,,,,,,,,,
F16_344,F16,pre,I consent.,2,5,1,5,5,3,21,,0,0,New,Native,United States,NA,,85 - 89.9,87,,3,,1150,540,610,590,8,1150,0,1,1,1,0,0,0,0,1,0,0,1,0,1,0,1,0,1,0,1,9,,,,,,,,,,,,,,,,,,,,,,,,,
F16_299,F16,pre,I consent.,1,5,1,5,5,3,21,White,1,1,New,Native,United States,NA,,95 - 100,95,,4,,1270,610,660,540,8,1270,0,0,1,0,0,1,1,0,0,0,0,0,0,0,0,1,0,1,0,1,6,,,,,,,,,,,,,,,,,,,,,,,,,
F16_052,F16,pre,I consent.,3,4,1,5,5,0,21,Asian,1,1,New,Native,United States,NA,,85 - 89.9,88,,5,,1320,690,630,700,9,1320,1,1,1,1,1,1,1,1,0,1,1,1,1,1,1,0,1,1,1,1,18,,,,,,,,,,,,,,,,,,,,,,,,,
F16_311,F16,pre,I consent.,1,5,1,4,4,3,20,Asian,0,0,New,Native,United States,NA,,90 - 94.9,93,,8,,1420,750,670,750,11,1420,1,1,1,1,1,1,1,1,0,1,1,1,1,1,1,1,0,1,1,1,18,,,,,,,,,,,,,,,,,,,,,,,,,
F16_202,F16,pre,I consent.,1,5,1,4,4,3,21,Asian,0,0,New,Native,United States,NA,,95 - 100,99,,7,,1320,720,600,630,9,1320,0,1,1,1,1,1,1,1,1,1,1,1,1,1,1,1,1,1,1,1,19,,,,,,,,,,,,,,,,,,,,,,,,,
F16_233,F16,pre,I consent.,1,5,1,4,3,3,21,Asian,0,1,New,Native,United States,NA,,90 - 94.9,91,,8,,1270,720,550,570,10,1270,0,1,1,0,1,0,0,0,1,0,0,0,0,1,1,1,0,1,1,1,10,,,,,,,,,,,,,,,,,,,,,,,,,
F16_147,F16,pre,I consent.,2,5,1,5,5,0,21,White,0,0,New,Native,United States,NA,,95 - 100,98,3.95,,,1300,610,690,510,8,1300,1,1,1,0,1,0,0,0,0,1,1,1,0,1,1,0,1,0,0,0,10,,,,,,,,,,,,,,,,,,,,,,,,,
F16_254,F16,pre,I consent.,3,3,1,5,5,2,18,Hispanic of any race,0,1,New,Naturalized,Unknown,"$30,000-44,999",,90 - 94.9,90,,5,,1130,570,560,530,8,1130,0,0,1,0,1,0,0,0,0,0,1,0,0,0,1,1,0,0,0,0,5,,,,,,,,,,,,,,,,,,,,,,,,,
F16_146,F16,pre,I consent.,2,5,1,5,5,0,21,White,1,0,Transfer,Native,United States,NA,,90 - 94.9,93,3.58,,,1060,510,550,450,7,1060,1,1,1,0,1,1,1,1,0,1,1,1,0,0,1,0,1,0,1,1,14,,,,,,,,,,,,,,,,,,,,,,,,,
F16_007,F16,pre,I consent.,1,5,1,5,5,3,21,White,0,0,New,Native,United States,NA,,95 - 100,99,,,,1520,770,750,800,10,1520,1,1,1,0,1,1,1,0,1,1,0,1,0,1,1,0,0,1,1,1,14,,,,,,,,,,,,,,,,,,,,,,,,,
F16_239,F16,pre,I consent.,1,3,2,3,2,1,21,Asian,1,0,New,Alien Temporary,"Korea, Republic of",NA,,85 - 89.9,87,,,2,1130,710,420,570,8,1130,1,0,1,0,0,0,1,1,1,1,1,1,0,1,0,1,0,1,0,1,12,,,,,,,,,,,,,,,,,,,,,,,,,
F16_198,F16,pre,I consent.,1,5,1,4,4,3,20,Asian,0,0,New,Native,United States,NA,,95 - 100,97,,7,,1370,740,630,670,11,1370,0,1,1,1,1,1,1,0,0,1,1,0,1,1,1,0,1,1,1,1,15,,,,,,,,,,,,,,,,,,,,,,,,,
F16_390,F16,pre,I consent.,1,4,1,3,3,2,21,Asian,1,1,New,Native,United States,NA,,90 - 94.9,91,,5,,1310,680,630,670,10,1310,0,1,1,1,1,1,1,1,1,0,1,1,1,0,1,1,1,1,1,1,17,,,,,,,,,,,,,,,,,,,,,,,,,
F16_348,F16,pre,I consent.,2,4,2,2,2,0,21,Asian,1,0,New,Alien Temporary,Chi,NA,,NA,,,,1,,,,,,,0,1,1,1,0,1,0,1,0,0,0,0,0,0,0,0,0,1,0,1,7,,,,,,,,,,,,,,,,,,,,,,,,,
F16_212,F16,pre,I consent.,1,4,2,5,5,3,21,Black/African American,0,1,Transfer,Native,United States,"$30,000-44,999",,Unknown,,3.25,,,,,,,,,0,0,0,0,1,0,0,0,0,1,0,0,0,0,0,1,0,0,1,0,4,,,,,,,,,,,,,,,,,,,,,,,,,
F16_203,F16,pre,I consent.,1,4,1,2,2,1,19,Asian,1,0,New,Native,United States,NA,N,95 - 100,97,,,,1380,750,630,730,10,1380,1,1,1,1,1,1,1,1,1,1,1,1,1,0,1,1,0,1,1,1,18,,,,,,,,,,,,,,,,,,,,,,,,,
F16_067,F16,pre,I consent.,1,3,1,5,5,1,18,White,0,0,New,Native,United States,NA,N,95 - 100,99,,4,,1390,640,700,790,11,1340,1,1,1,0,1,1,1,1,1,1,1,1,1,1,1,0,1,0,1,1,17,,,,,,,,,,,,,,,,,,,,,,,,,
F16_170,F16,pre,I consent.,1,4,1,5,5,0,20,Asian,1,0,New,Native,United States,NA,N,95 - 100,99,,6,,1290,690,600,630,9,1290,0,1,1,0,1,1,1,1,0,1,1,1,0,1,1,0,0,1,1,1,14,,,,,,,,,,,,,,,,,,,,,,,,,
F16_126,F16,pre,I consent.,1,5,1,5,5,3,19,White,1,0,New,Native,United States,NA,N,95 - 100,99,,,,1390,710,680,750,8,1390,0,1,1,1,1,0,1,1,0,0,0,1,1,1,1,1,0,1,0,0,12,,,,,,,,,,,,,,,,,,,,,,,,,
F16_107,F16,pre,I consent.,2,5,1,2,2,0,24,Hispanic of any race,0,0,Transfer,Alien Permanent,Chile,"$30,000-44,999",,Unknown,,2.95,1,,,,,,,,1,1,0,0,1,0,0,0,1,0,1,1,0,1,1,1,0,0,0,0,9,,,,,,,,,,,,,,,,,,,,,,,,,
F16_321,F16,pre,I consent.,3,5,1,4,4,0,24,White,0,1,Transfer,Native,United States,NA,,90 - 94.9,93,2.92,,,,,,,,,1,1,1,0,1,1,0,0,0,1,1,1,1,0,0,0,1,0,1,1,12,,,,,,,,,,,,,,,,,,,,,,,,,
F16_038,F16,pre,I consent.,1,3,1,5,5,0,20,White,1,0,New,Native,United States,NA,N,95 - 100,99,,4,,1390,610,670,680,11,1280,1,1,1,0,1,1,1,1,1,1,1,1,1,1,1,1,1,1,1,1,19,,,,,,,,,,,,,,,,,,,,,,,,,
F16_117,F16,pre,I consent.,2,4,1,5,5,0,20,White,1,1,New,Native,United States,"$85,000-104,999",,90 - 94.9,93,,4,,1200,650,550,490,8,1200,1,1,1,0,1,0,0,0,0,0,1,1,0,0,1,0,0,0,0,0,7,,,,,,,,,,,,,,,,,,,,,,,,,
F16_177,F16,pre,I consent.,2,4,1,5,3,2,20,White,1,0,New,Native,United States,NA,,90 - 94.9,91,,8,,1470,740,730,560,7,1470,1,1,1,0,1,0,0,1,0,1,1,1,0,1,1,1,0,0,1,0,12,,,,,,,,,,,,,,,,,,,,,,,,,
F16_362,F16,pre,I consent.,2,4,1,5,4,0,20,Asian,1,1,New,Native,United States,NA,Y,90 - 94.9,94,,,,1210,670,540,550,9,1210,0,0,1,0,0,0,0,1,0,0,1,1,0,0,0,1,0,0,0,0,5,,,,,,,,,,,,,,,,,,,,,,,,,
F16_265,F16,pre,I consent.,1,4,2,2,3,3,21,Asian,1,1,New,Naturalized,"Korea, Republic of",NA,N,95 - 100,99,,,,1310,770,540,650,10,1310,0,0,0,1,0,0,0,0,0,0,1,1,0,1,0,1,0,0,1,0,6,,,,,,,,,,,,,,,,,,,,,,,,,
F16_047,F16,pre,I consent.,2,4,1,3,,3,20,Asian,0,0,New,Native,United States,"$30,000-44,999",,95 - 100,96,,8,,1340,720,620,630,8,1340,0,1,1,0,1,1,1,0,0,0,1,1,0,1,1,0,1,1,1,1,13,,,,,,,,,,,,,,,,,,,,,,,,,
F16_141,F16,pre,I consent.,1,5,1,,5,3,20,White,0,1,New,Native,United States,NA,,95 - 100,96,,,,1280,680,600,610,9,1280,1,1,1,1,1,1,1,1,1,1,1,1,1,1,1,1,1,1,1,1,20,,,,,,,,,,,,,,,,,,,,,,,,,
F16_201,F16,pre,I consent.,2,4,1,5,5,1,20,White,0,0,New,Native,United States,NA,N,85 - 89.9,87,,2.5,,1280,,,,,,0,1,0,0,1,1,1,0,1,1,0,1,0,1,1,1,1,0,1,1,13,,,,,,,,,,,,,,,,,,,,,,,,,
F16_064,F16,pre,I consent.,3,5,2,2,1,0,23,Asian,1,0,New,Alien Temporary,"Korea, Republic of",NA,,NA,,,7,1,,,,,,,1,1,0,0,0,0,0,0,0,0,0,1,0,1,0,0,0,0,0,0,4,,,,,,,,,,,,,,,,,,,,,,,,,
F16_257,F16,pre,I consent.,1,5,2,4,4,3,19,Asian,0,1,New,Alien Permanent,Malaysia,"$65,000-84,999",,95 - 100,97,,,,1290,650,640,690,9,1290,0,1,1,1,1,1,0,0,1,1,0,1,1,0,1,0,1,1,1,1,14,,,,,,,,,,,,,,,,,,,,,,,,,
F16_049,F16,pre,I consent.,1,5,1,4,4,3,20,Asian,1,1,New,Native,United States,NA,Y,95 - 100,95,,,,1570,800,770,750,9,1570,1,1,1,0,1,1,0,1,0,0,1,0,0,1,0,1,1,1,1,1,13,,,,,,,,,,,,,,,,,,,,,,,,,
F16_292,F16,pre,I consent.,1,5,1,3,3,2,20,White,0,0,Transfer,Native,United States,NA,N,90 - 94.9,94,4,,,1280,700,580,630,11,1280,0,1,1,0,1,0,0,1,1,1,1,1,0,1,1,0,1,1,1,1,14,,,,,,,,,,,,,,,,,,,,,,,,,
F16_037,F16,pre,I consent.,1,5,1,4,4,3,20,White,0,0,Other,Native,United States,NA,N,95 - 100,99,3.5,,,1220,540,590,560,8,1130,0,1,1,0,1,0,0,1,1,1,0,1,0,1,1,0,0,1,0,1,11,,,,,,,,,,,,,,,,,,,,,,,,,
F16_335,F16,pre,I consent.,1,4,1,5,4,2,20,White,0,1,Transfer,Native,United States,"$45,000-64,999",N,90 - 94.9,90,3.13,2,,1090,470,460,550,8,930,1,1,1,0,0,0,1,1,0,1,1,1,0,1,1,0,0,1,0,1,12,,,,,,,,,,,,,,,,,,,,,,,,,
F16_015,F16,pre,I consent.,2,4,1,5,5,3,20,Asian,0,1,New,Naturalized,Unknown,NA,,90 - 94.9,94,,4,,1200,610,590,600,8,1200,0,1,1,1,0,0,1,1,0,1,1,1,0,1,1,1,0,0,0,0,11,,,,,,,,,,,,,,,,,,,,,,,,,
F16_062,F16,pre,I consent.,1,4,1,2,2,3,20,Asian,0,1,New,Native,United States,"$30,000-44,999",,90 - 94.9,94,,7,,1270,680,590,630,9,1270,1,1,1,0,1,0,0,1,0,1,0,0,0,0,0,0,1,0,1,1,9,,,,,,,,,,,,,,,,,,,,,,,,,
F16_121,F16,pre,I consent.,1,4,2,4,3,3,20,Asian,0,0,New,Naturalized,India,NA,N,90 - 94.9,94,,7,,1360,720,640,640,10,1360,1,1,1,0,1,0,0,0,1,1,1,1,0,1,1,0,1,1,1,0,13,,,,,,,,,,,,,,,,,,,,,,,,,
F16_263,F16,pre,I consent.,1,4,1,5,5,2,19,White,0,0,Transfer,Native,United States,NA,,95 - 100,95,,,,1060,550,510,570,6,1060,1,1,1,0,1,0,0,0,1,1,1,0,0,1,1,1,1,1,0,0,12,,,,,,,,,,,,,,,,,,,,,,,,,
F16_163,F16,pre,I consent.,2,5,1,3,4,2,19,Asian,1,0,New,Native,United States,NA,Y,90 - 94.9,90,,2.5,,1300,670,630,700,9,1300,1,1,1,1,1,1,1,0,0,1,1,1,0,0,0,1,1,1,1,0,14,,,,,,,,,,,,,,,,,,,,,,,,,
F16_375,F16,pre,I consent.,1,4,2,3,3,3,21,Asian,0,1,Transfer,Naturalized,Unknown,"$15,000-29,999",,95 - 100,98,,7,,1210,690,520,570,9,1210,1,1,1,0,1,0,0,1,0,0,0,0,0,1,1,1,0,0,0,0,8,,,,,,,,,,,,,,,,,,,,,,,,,
F16_312,F16,pre,I consent.,2,5,1,5,5,3,19,White,1,0,New,Native,United States,NA,N,95 - 100,97,,5,,1350,,,,,,1,1,1,0,1,0,1,0,0,1,1,1,0,1,1,0,1,1,0,0,12,,,,,,,,,,,,,,,,,,,,,,,,,
F16_085,F16,pre,I consent.,1,4,1,5,3,1,20,Black/African American,0,0,New,Native,United States,NA,N,90 - 94.9,94,,,,1460,700,760,640,8,1460,0,1,1,0,0,1,1,1,0,1,0,0,0,1,1,0,1,1,1,1,12,,,,,,,,,,,,,,,,,,,,,,,,,
F16_022,F16,pre,I consent.,1,3,1,5,4,1,19,White,0,0,New,Native,United States,"105,000-124,999",,95 - 100,96,,3,,1200,570,570,560,8,1140,1,0,1,0,0,0,0,0,0,1,0,0,0,0,1,0,0,0,0,0,4,,,,,,,,,,,,,,,,,,,,,,,,,
F16_255,F16,pre,I consent.,1,3,2,4,3,2,20,Black/African American,0,1,Transfer,Naturalized,Gha,"$0-14,999",,90 - 94.9,91,3.35,,,860,450,410,410,6,860,1,0,0,0,1,0,1,0,0,0,1,0,1,1,1,1,1,0,1,0,10,,,,,,,,,,,,,,,,,,,,,,,,,
F16_043,F16,pre,I consent.,2,4,1,4,4,0,20,White,0,1,New,Native,United States,NA,Y,95 - 100,95,,4,,1200,590,580,540,7,1170,1,1,1,1,1,0,1,0,0,0,1,1,0,0,1,1,1,0,1,1,13,,,,,,,,,,,,,,,,,,,,,,,,,
F16_309,F16,pre,I consent.,2,4,1,5,5,0,20,White,1,1,New,Native,United States,NA,N,95 - 100,97,3.7,,,1240,590,570,540,8,1160,1,1,1,1,1,1,1,1,1,1,1,1,1,1,0,1,0,1,1,1,18,,,,,,,,,,,,,,,,,,,,,,,,,
F16_206,F16,pre,I consent.,1,4,2,3,3,3,20,Asian,0,0,New,Alien Temporary,Chi,NA,,90 - 94.9,91,,,4,,,,,,,1,1,1,0,1,0,1,0,0,0,1,0,0,0,0,1,0,1,1,0,9,,,,,,,,,,,,,,,,,,,,,,,,,
F16_262,F16,pre,I consent.,1,4,1,5,5,3,19,White,0,0,Transfer,Native,United States,"$45,000-64,999",Y,95 - 100,97,3.95,6,,1330,690,640,720,10,1330,1,1,1,0,0,0,0,0,1,1,1,1,0,1,0,0,0,1,1,0,10,,,,,,,,,,,,,,,,,,,,,,,,,
F16_129,F16,pre,I consent.,1,4,2,5,5,3,20,Asian,1,0,New,Naturalized,Unknown,NA,N,95 - 100,96,,5,,1230,690,540,640,11,1230,0,1,1,0,0,0,1,0,0,1,0,0,1,0,0,0,0,0,0,1,6,,,,,,,,,,,,,,,,,,,,,,,,,
F16_224,F16,pre,I consent.,1,5,2,5,4,3,19,White,0,0,New,Native,United States,NA,N,95 - 100,96,3.7,4,,1390,690,630,690,10,1320,1,1,1,0,1,0,0,0,1,0,0,1,0,0,1,0,0,0,0,0,7,,,,,,,,,,,,,,,,,,,,,,,,,
F16_300,F16,pre,I consent.,2,4,1,2,2,1,19,Asian,1,0,Transfer,Native,United States,NA,N,90 - 94.9,90,3.44,,,1150,530,540,470,7,1070,1,1,1,0,1,1,1,1,1,1,1,0,0,1,1,0,0,1,1,0,14,,,,,,,,,,,,,,,,,,,,,,,,,
F16_131,F16,pre,I consent.,1,4,2,4,4,3,19,Hispanic of any race,0,1,New,Native,United States,"$30,000-44,999",,90 - 94.9,91,,3,,1220,640,580,610,8,1220,1,1,1,1,0,0,0,0,0,1,1,0,0,1,0,1,0,0,0,0,8,,,,,,,,,,,,,,,,,,,,,,,,,
F16_306,F16,pre,I consent.,unknown,5,2,5,5,3,20,Asian,1,0,New,Native,United States,NA,N,90 - 94.9,90,,7,,1300,710,590,640,10,1300,1,0,1,0,1,0,0,0,1,1,1,1,0,1,1,0,1,0,0,0,10,,,,,,,,,,,,,,,,,,,,,,,,,
F16_051,F16,pre,I consent.,2,4,1,5,4,0,20,White,1,0,New,Native,United States,NA,N,95 - 100,98,,4,,1380,690,690,680,,1380,0,0,1,0,0,1,1,1,1,1,1,1,0,1,0,1,1,0,1,0,12,,,,,,,,,,,,,,,,,,,,,,,,,
F16_378,F16,pre,I consent.,1,3,1,3,3,3,20,,1,0,New,Native,United States,NA,N,95 - 100,97,,5,,1290,660,630,670,8,1290,1,1,1,0,1,0,1,0,1,1,1,1,1,1,1,1,1,0,1,0,15,,,,,,,,,,,,,,,,,,,,,,,,,
F16_192,F16,pre,I consent.,2,4,1,4,4,0,19,Asian,1,1,New,Native,United States,NA,Y,90 - 94.9,94,,,,1330,720,610,630,8,1330,0,1,1,0,1,0,1,0,1,0,0,1,0,1,0,0,0,0,0,0,7,,,,,,,,,,,,,,,,,,,,,,,,,
F16_058,F16,pre,I consent.,1,4,2,3,3,3,20,Asian,0,1,New,Alien Permanent,Chi,NA,Y,95 - 100,99,,,,1220,720,500,570,10,1220,1,1,1,0,1,1,0,0,0,1,0,1,0,1,1,1,0,1,1,1,13,,,,,,,,,,,,,,,,,,,,,,,,,
F16_008,F16,pre,I consent.,2,5,3,0,2,3,20,Black/African American,1,1,New,Native,United States,NA,N,95 - 100,99,3.8,,,1230,710,520,580,8,1230,0,1,1,0,1,0,1,1,1,1,1,1,1,1,1,1,1,1,1,1,17,,,,,,,,,,,,,,,,,,,,,,,,,
F16_384,F16,pre,I consent.,2,2,2,2,1,0,20,Asian,0,0,New,Alien Temporary,Chi,NA,N,NA,,,5,2,1170,740,430,510,6,1170,1,0,1,0,0,0,0,0,0,0,1,1,0,0,0,1,0,0,0,0,5,,,,,,,,,,,,,,,,,,,,,,,,,
F16_086,F16,pre,I consent.,2,5,1,5,5,0,22,White,0,0,Transfer,Native,United States,"$185,000+",,95 - 100,96,3.5,,,,,,,,,1,1,1,0,1,0,0,1,1,0,1,1,0,1,1,1,0,0,0,1,12,,,,,,,,,,,,,,,,,,,,,,,,,
F16_097,F16,pre,I consent.,1,4,1,4,4,3,20,Asian,0,0,New,Native,United States,NA,N,90 - 94.9,91,,7,,1340,720,620,700,8,1340,1,1,1,0,0,1,1,1,0,1,1,1,1,0,1,1,1,1,1,1,16,,,,,,,,,,,,,,,,,,,,,,,,,
F16_207,F16,pre,I consent.,2,4,1,3,3,0,20,Asian,0,1,Transfer,Native,United States,"$15,000-29,999",Y,90 - 94.9,93,3.51,,,1240,650,590,540,8,1240,1,1,1,0,1,0,0,1,0,1,1,1,0,1,1,1,0,1,0,0,12,,,,,,,,,,,,,,,,,,,,,,,,,
F16_103,F16,pre,I consent.,3,3,1,2,2,3,21,,1,0,New,Native,United States,NA,N,85 - 89.9,86,,3,,1240,650,590,580,8,1240,1,0,0,0,1,0,1,0,0,1,0,1,0,0,0,0,0,0,0,0,5,,,,,,,,,,,,,,,,,,,,,,,,,
F16_182,F16,pre,I consent.,2,3,2,3,,0,20,Asian,1,0,Transfer,Alien Permanent,Cada,"105,000-124,999",N,85 - 89.9,86,3.08,,,960,490,470,550,8,960,0,1,1,0,1,0,1,1,0,0,0,0,0,0,0,0,0,1,0,0,6,,,,,,,,,,,,,,,,,,,,,,,,,
F16_094,F16,pre,I consent.,1,5,2,5,5,3,20,,0,0,New,Native,United States,NA,N,95 - 100,95,,,,1220,680,540,510,8,1220,1,0,1,0,1,1,1,1,0,1,0,1,0,1,1,1,1,1,1,1,15,,,,,,,,,,,,,,,,,,,,,,,,,
F16_153,F16,pre,I consent.,1,4,1,4,3,3,20,,1,1,New,Native,United States,NA,N,85 - 89.9,89,,4,,1220,640,580,550,8,1220,0,1,1,0,0,1,0,0,0,1,1,0,0,0,1,1,1,0,0,0,8,,,,,,,,,,,,,,,,,,,,,,,,,
F16_046,F16,pre,I consent.,3,2,1,5,5,1,20,Hispanic of any race,0,0,New,Native,United States,NA,Y,90 - 94.9,94,,3,,1230,610,620,610,8,1230,1,1,1,0,1,1,1,0,1,0,1,1,0,1,1,1,1,0,0,0,13,,,,,,,,,,,,,,,,,,,,,,,,,
F16_142,F16,pre,I consent.,2,4,1,4,4,0,20,White,0,0,New,Native,United States,NA,N,90 - 94.9,94,,3,,1220,600,620,540,7,1220,1,0,1,0,1,0,0,0,1,0,1,1,1,1,1,1,1,0,0,0,11,,,,,,,,,,,,,,,,,,,,,,,,,
F16_264,F16,pre,I consent.,1,4,1,4,4,3,19,Asian,1,1,New,Native,United States,NA,Y,85 - 89.9,88,,5,,1150,620,530,460,6,1150,1,1,1,0,1,0,0,1,0,1,0,0,0,0,1,0,1,0,0,1,9,,,,,,,,,,,,,,,,,,,,,,,,,
F16_320,F16,pre,I consent.,2,4,2,2,3,0,20,Asian,0,0,New,Alien Temporary,Chi,NA,Y,90 - 94.9,93,,5,2,1120,,,,,,1,1,1,0,1,0,0,0,0,1,1,1,0,1,0,1,0,1,0,1,11,,,,,,,,,,,,,,,,,,,,,,,,,
F16_031,F16,pre,I consent.,2,4,2,4,4,0,20,White,1,0,Transfer,Native,United States,NA,N,85 - 89.9,89,3.42,,,1090,,,,,,0,1,1,0,0,0,1,0,0,1,1,0,1,0,0,0,1,1,0,1,9,,,,,,,,,,,,,,,,,,,,,,,,,
F16_329,F16,pre,I consent.,2,3,1,5,5,2,19,Hispanic of any race,0,1,Transfer,Native,United States,NA,,80 - 84.9,83,3.11,2.5,,1030,490,540,530,7,1030,1,0,1,0,0,0,0,0,0,0,1,0,1,0,0,0,0,0,0,0,4,,,,,,,,,,,,,,,,,,,,,,,,,
F16_125,F16,pre,I consent.,3,2,2,3,3,0,21,Asian,0,0,New,Alien Temporary,"Korea, Republic of",NA,N,85 - 89.9,86,,3,,1050,560,490,590,9,1050,1,0,0,0,0,0,0,0,0,1,1,1,1,0,0,1,0,0,0,0,6,,,,,,,,,,,,,,,,,,,,,,,,,
F16_068,F16,pre,I consent.,1,4,1,5,5,3,19,White,0,0,Other,Native,United States,NA,N,95 - 100,98,,3,,1150,560,590,550,8,1150,0,1,1,0,1,0,0,1,1,1,1,1,0,1,1,1,0,1,0,0,12,,,,,,,,,,,,,,,,,,,,,,,,,
F16_330,F16,pre,I consent.,1,4,1,3,4,3,19,White,0,0,Transfer,Native,United States,NA,N,90 - 94.9,92,3.15,5,,1410,600,650,660,11,1250,1,1,1,0,1,0,1,1,1,0,1,1,0,0,1,1,1,0,1,1,14,,,,,,,,,,,,,,,,,,,,,,,,,
F16_327,F16,pre,I consent.,2,4,1,5,5,3,20,Asian,1,0,New,Native,United States,NA,N,95 - 100,99,,3,,1320,,,,,,0,1,1,0,1,0,0,0,1,0,0,0,0,1,1,0,0,1,0,1,8,,,,,,,,,,,,,,,,,,,,,,,,,
F16_077,F16,pre,I consent.,2,4,1,5,4,0,20,White,1,0,New,Native,United States,NA,N,85 - 89.9,89.1,,5,,1390,630,680,620,8,1310,1,1,1,0,1,1,1,0,1,1,0,1,0,1,1,1,1,1,1,1,16,,,,,,,,,,,,,,,,,,,,,,,,,
F16_325,F16,pre,I consent.,1,4,2,2,2,3,20,Asian,0,0,New,Alien Temporary,Chi,NA,Y,85 - 89.9,86,,,,1200,750,450,520,7,1200,1,1,1,0,1,1,0,0,0,0,1,1,0,1,0,1,0,0,0,0,9,,,,,,,,,,,,,,,,,,,,,,,,,
F16_208,F16,pre,I consent.,1,5,1,4,4,3,19,Asian,0,0,New,Naturalized,Unknown,NA,Y,95 - 100,97,,,,1420,700,720,750,10,1420,1,1,1,0,1,0,0,0,0,1,1,0,0,1,0,0,0,0,0,1,8,,,,,,,,,,,,,,,,,,,,,,,,,
F16_368,F16,pre,I consent.,1,5,1,3,3,3,19,Asian,1,1,New,Native,United States,NA,Y,95 - 100,95,,,,1320,740,580,600,8,1320,1,1,1,0,1,1,0,0,1,1,1,1,1,1,1,1,0,1,1,0,15,,,,,,,,,,,,,,,,,,,,,,,,,
F16_135,F16,pre,I consent.,2,5,1,4,4,0,20,White,1,0,New,Native,United States,NA,N,90 - 94.9,90,,,,1530,,,,,,1,1,1,1,1,1,1,1,1,0,1,1,1,1,1,1,1,0,1,1,18,,,,,,,,,,,,,,,,,,,,,,,,,
F16_234,F16,pre,I consent.,1,3,1,2,2,1,19,Asian,0,1,New,Native,United States,NA,Y,90 - 94.9,91,,3,,1390,750,640,680,10,1390,1,1,1,0,0,0,0,1,0,1,1,1,0,1,1,1,0,1,0,1,12,,,,,,,,,,,,,,,,,,,,,,,,,
F16_059,F16,pre,I consent.,1,3,1,5,5,1,18,,0,1,New,Native,United States,NA,N,90 - 94.9,92,,3,,1250,,,,,,1,1,1,0,0,0,0,0,0,1,1,1,0,1,1,0,0,0,1,1,10,,,,,,,,,,,,,,,,,,,,,,,,,
F16_218,F16,pre,I consent.,2,4,1,4,4,0,20,Black/African American,1,0,Transfer,Native,United States,"$85,000-104,999",,Unknown,,3.09,2.5,,,,,,,,0,1,1,0,1,1,0,1,0,0,1,1,0,1,0,1,0,0,0,0,9,,,,,,,,,,,,,,,,,,,,,,,,,
F16_261,F16,pre,I consent.,2,3,2,3,2,0,21,Asian,1,0,New,Alien Temporary,Chi,NA,N,85 - 89.9,88,,5,1.5,,,,,,,1,1,1,0,0,0,1,0,0,1,0,0,0,0,0,0,0,0,0,0,5,,,,,,,,,,,,,,,,,,,,,,,,,
F16_293,F16,pre,I consent.,1,4,2,5,5,0,19,Asian,0,0,Transfer,Alien Temporary,India,"$65,000-84,999",N,85 - 89.9,85,3.37,,,1290,710,580,660,11,1290,0,1,1,0,1,0,1,0,0,0,1,0,1,0,0,1,1,1,0,1,10,,,,,,,,,,,,,,,,,,,,,,,,,
F16_359,F16,pre,I consent.,1,3,1,5,5,2,18,White,0,0,New,Native,United States,NA,N,95 - 100,99,,8,,1450,770,680,750,8,1450,1,1,1,1,1,1,0,1,0,0,1,1,1,1,1,1,0,1,1,1,16,,,,,,,,,,,,,,,,,,,,,,,,,
F16_178,F16,pre,I consent.,1,4,1,5,5,3,19,White,1,0,New,Native,United States,NA,Y,95 - 100,98,,3,,1530,700,680,660,10,1380,1,1,1,0,1,1,1,0,0,0,0,0,0,0,1,0,0,1,0,0,8,,,,,,,,,,,,,,,,,,,,,,,,,
F16_127,F16,pre,I consent.,1,4,1,3,2,3,18,White,1,0,New,Native,United States,NA,N,95 - 100,99,3.5,,,1290,660,630,510,7,1290,0,1,1,0,1,1,1,1,1,1,1,1,1,1,1,0,1,1,1,1,17,,,,,,,,,,,,,,,,,,,,,,,,,
F16_154,F16,pre,I consent.,2,3,1,5,5,0,19,Asian,0,1,New,Native,United States,"$0-14,999",,85 - 89.9,87,,3,,1350,,,,,,1,1,1,1,1,0,1,0,1,1,1,1,1,1,1,1,1,0,0,1,16,,,,,,,,,,,,,,,,,,,,,,,,,
F16_108,F16,pre,I consent.,1,4,1,5,5,0,21,White,0,0,Transfer,Native,United States,"105,000-124,999",,80 - 84.9,80,3.2,3,,,,,,,,1,1,1,0,1,0,1,0,0,1,0,0,0,1,1,1,0,1,0,0,10,,,,,,,,,,,,,,,,,,,,,,,,,
F16_101,F16,pre,I consent.,2,3,1,5,5,0,19,White,0,0,New,Native,United States,NA,N,95 - 100,96,4,3,,1160,590,560,640,10,1150,1,0,1,0,0,1,0,1,1,0,1,1,0,1,0,1,0,0,1,0,10,,,,,,,,,,,,,,,,,,,,,,,,,
F16_014,F16,pre,I consent.,1,3,1,5,4,2,19,White,1,0,New,Native,United States,NA,N,95 - 100,97,,3,,1320,,,,,,1,1,1,0,1,0,1,0,0,1,1,1,0,1,0,0,0,0,0,0,9,,,,,,,,,,,,,,,,,,,,,,,,,
F16_308,F16,pre,I consent.,3,3,1,5,5,0,18,White,0,0,New,Native,United States,NA,N,90 - 94.9,94,,2,,1240,450,590,510,6,1040,1,1,1,0,1,0,0,1,0,1,1,0,0,1,0,0,1,0,1,0,10,,,,,,,,,,,,,,,,,,,,,,,,,
F16_250,F16,pre,I consent.,3,3,1,5,4,0,18,White,1,0,Other,Native,United States,NA,N,90 - 94.9,93,,3,,1290,640,590,480,8,1230,0,1,1,0,1,1,1,1,1,1,1,1,1,0,0,0,1,1,1,1,15,,,,,,,,,,,,,,,,,,,,,,,,,
F16_029,F16,pre,I consent.,1,3,1,4,4,2,19,White,0,0,New,Native,United States,NA,N,95 - 100,95,,3,,1200,630,570,570,8,1200,1,1,1,1,1,1,1,1,0,1,1,1,1,1,0,1,0,1,1,1,17,,,,,,,,,,,,,,,,,,,,,,,,,
F16_222,F16,pre,I consent.,2,3,1,3,2,0,19,Asian,1,1,New,Native,United States,"$15,000-29,999",,85 - 89.9,88,,4,,1280,680,530,540,9,1210,1,1,1,0,0,0,1,0,0,0,1,1,0,1,0,0,0,0,0,1,8,,,,,,,,,,,,,,,,,,,,,,,,,
F16_223,F16,pre,I consent.,2,3,1,5,5,0,18,Hispanic of any race,0,1,New,Native,United States,"$30,000-44,999",,90 - 94.9,92,,3,,1040,460,580,610,8,1040,1,1,1,0,1,0,1,1,0,1,1,0,0,1,1,0,0,1,0,0,11,,,,,,,,,,,,,,,,,,,,,,,,,
F16_274,F16,pre,I consent.,2,3,1,5,5,2,19,White,0,0,Other,Native,United States,NA,N,90 - 94.9,94,,4,,1140,620,520,600,8,1140,1,1,1,0,1,0,0,1,0,0,0,1,0,1,1,1,0,1,0,0,10,,,,,,,,,,,,,,,,,,,,,,,,,
F16_044,F16,pre,I consent.,1,3,1,5,4,3,19,White,0,0,New,Native,United States,NA,N,95 - 100,97,3.93,,,1350,570,620,600,,1190,1,1,1,0,1,0,1,1,1,1,0,0,0,1,1,1,1,1,0,0,13,,,,,,,,,,,,,,,,,,,,,,,,,
F16_354,F16,pre,I consent.,2,3,2,4,4,0,19,Asian,1,1,New,Naturalized,Unknown,NA,Y,90 - 94.9,94,,8,,1380,750,630,720,10,1380,1,1,1,1,0,0,0,0,0,0,1,1,0,1,1,1,0,0,0,0,9,,,,,,,,,,,,,,,,,,,,,,,,,
F16_026,F16,pre,I consent.,3,3,1,3,3,2,19,White,1,0,New,Native,United States,NA,N,90 - 94.9,92,2.38,,,1140,590,550,450,9,1140,0,0,1,0,1,0,0,0,1,0,0,0,1,0,1,0,1,0,0,0,6,,,,,,,,,,,,,,,,,,,,,,,,,
F16_247,F16,pre,I consent.,2,3,1,5,5,1,19,White,1,0,New,Native,United States,NA,N,90 - 94.9,92,,,,1480,,,,,,1,1,1,1,1,1,1,0,1,1,1,1,1,1,1,0,1,1,1,1,18,,,,,,,,,,,,,,,,,,,,,,,,,
F16_018,F16,pre,I consent.,3,3,1,5,5,0,18,White,0,0,New,Native,United States,NA,N,95 - 100,97,,3,,1130,570,560,640,10,1130,1,1,0,0,1,0,1,0,0,1,1,0,1,1,1,0,1,1,1,1,13,,,,,,,,,,,,,,,,,,,,,,,,,
F16_166,F16,pre,I consent.,2,3,1,5,4,0,18,Asian,0,0,New,Undocumented Alien,"Korea, Republic of",NA,N,90 - 94.9,94,2.82,3,,1390,,,,,,0,1,0,1,1,0,1,1,0,0,0,0,0,0,1,1,0,0,1,0,8,,,,,,,,,,,,,,,,,,,,,,,,,
F16_352,F16,pre,I consent.,1,3,2,2,2,2,19,Asian,0,0,New,Alien Temporary,Chi,NA,,90 - 94.9,90,,,,1230,770,460,440,7,1230,1,1,1,0,1,0,1,0,1,1,0,1,0,1,1,0,1,0,1,0,12,,,,,,,,,,,,,,,,,,,,,,,,,
F16_281,F16,pre,I consent.,1,4,1,5,5,2,18,Asian,1,0,New,Native,United States,NA,N,95 - 100,96,,,,1510,720,790,800,10,1510,1,1,1,0,1,1,1,1,1,1,0,1,0,1,1,1,1,1,1,1,17,,,,,,,,,,,,,,,,,,,,,,,,,
F16_074,F16,pre,I consent.,1,3,1,4,4,2,18,White,1,0,New,Native,United States,"$85,000-104,999",,95 - 100,96,,,,1250,660,590,590,8,1250,0,1,0,0,0,0,0,0,1,1,1,1,1,1,0,1,0,1,1,0,10,,,,,,,,,,,,,,,,,,,,,,,,,
F16_102,F16,pre,I consent.,3,3,1,5,5,0,19,White,1,0,New,Native,United States,NA,Y,90 - 94.9,94,,,,1210,630,580,600,8,1210,1,1,1,0,1,0,0,0,0,1,1,0,0,1,1,1,0,1,0,0,10,,,,,,,,,,,,,,,,,,,,,,,,,
F16_214,F16,pre,I consent.,1,3,1,5,5,2,19,Asian,1,0,New,Native,United States,NA,N,95 - 100,99,,,,1280,660,620,520,7,1280,1,1,1,0,1,1,1,1,1,0,1,1,1,1,1,1,1,1,1,0,17,,,,,,,,,,,,,,,,,,,,,,,,,
F16_122,F16,pre,I consent.,1,3,2,4,4,2,19,Asian,0,0,New,Native,United States,NA,Y,90 - 94.9,93,,4,,1200,640,560,550,8,1200,1,1,1,0,0,0,0,0,0,0,1,1,0,1,0,1,0,0,0,0,7,,,,,,,,,,,,,,,,,,,,,,,,,
F16_276,F16,pre,I consent.,2,3,1,5,5,0,18,Hispanic of any race,0,0,New,Native,United States,NA,N,90 - 94.9,94,,2.5,,1320,,,,,,1,1,1,1,0,1,1,1,0,1,0,0,1,0,1,0,1,0,0,0,11,,,,,,,,,,,,,,,,,,,,,,,,,
F16_076,F16,pre,I consent.,3,3,1,5,4,0,19,White,1,0,New,Native,United States,NA,N,90 - 94.9,90,,2,,1060,560,500,550,9,1060,1,1,1,0,1,0,0,1,1,0,1,1,0,0,1,1,0,0,0,0,10,,,,,,,,,,,,,,,,,,,,,,,,,
F16_025,F16,pre,I consent.,1,4,1,5,5,2,19,White,0,1,New,Native,United States,NA,N,95 - 100,98,,,,1280,,,,,,0,1,1,1,0,1,1,1,0,1,1,1,1,0,1,0,1,1,1,1,15,,,,,,,,,,,,,,,,,,,,,,,,,
F16_376,F16,pre,I consent.,3,3,1,2,2,0,18,Asian,1,1,New,Native,United States,"$15,000-29,999",,85 - 89.9,85,,4,,1060,580,480,450,7,1060,1,1,1,0,1,1,1,0,1,0,0,1,0,0,1,0,1,0,1,1,12,,,,,,,,,,,,,,,,,,,,,,,,,
F16_120,F16,pre,I consent.,2,3,1,5,5,0,20,tive Hawaiian/Other Pacific Island,0,1,New,Native,United States,NA,Y,90 - 94.9,90,,2,,930,470,460,570,10,930,0,1,1,1,1,0,1,0,1,0,1,0,1,0,0,0,1,0,0,0,9,,,,,,,,,,,,,,,,,,,,,,,,,
F16_113,F16,pre,I consent.,2,4,1,5,3,0,18,White,1,0,New,Native,United States,"$185,000+",,95 - 100,99,,,,1330,660,670,630,8,1330,1,1,1,1,1,0,1,1,1,1,1,1,1,1,1,1,1,1,1,1,19,,,,,,,,,,,,,,,,,,,,,,,,,
F16_388,F16,pre,I consent.,3,3,1,4,3,2,19,Asian,0,1,New,Native,United States,NA,,95 - 100,96,,4,,1280,650,630,530,6,1280,1,1,1,1,1,1,1,1,1,1,1,1,1,1,1,0,0,0,1,1,17,,,,,,,,,,,,,,,,,,,,,,,,,
F16_054,F16,pre,I consent.,1,3,3,5,5,3,18,Asian,0,1,New,Native,United States,"$45,000-64,999",,95 - 100,96,,6,,1240,680,550,610,7,1230,0,1,1,0,1,0,1,0,1,1,0,0,0,1,1,1,0,0,0,0,9,,,,,,,,,,,,,,,,,,,,,,,,,
F16_273,F16,pre,I consent.,2,3,1,4,4,0,19,,1,1,New,Native,United States,NA,Y,95 - 100,97,,6,,1280,560,620,620,8,1180,1,1,1,0,0,1,0,0,0,0,0,0,0,0,0,0,0,1,1,1,7,,,,,,,,,,,,,,,,,,,,,,,,,
F16_244,F16,pre,I consent.,2,3,1,4,4,2,18,White,1,0,New,Native,United States,NA,Y,90 - 94.9,94,,4,,1260,610,650,610,7,1260,1,1,0,0,1,0,0,0,1,0,1,1,0,1,1,1,0,1,0,0,10,,,,,,,,,,,,,,,,,,,,,,,,,
F16_095,F16,pre,I consent.,1,3,2,5,5,2,18,Asian,0,0,New,Native,United States,NA,N,85 - 89.9,88.76,,4,,1320,700,620,610,7,1320,1,1,1,0,1,1,1,0,1,1,1,1,0,1,1,0,1,1,1,0,15,,,,,,,,,,,,,,,,,,,,,,,,,
F16_272,F16,pre,I consent.,3,3,1,3,3,0,18,Black/African American,1,1,New,Native,United States,NA,N,85 - 89.9,88,,3,,1280,,,,,,1,1,1,0,0,1,1,1,1,0,1,1,0,0,0,0,0,0,0,0,9,,,,,,,,,,,,,,,,,,,,,,,,,
F16_179,F16,pre,I consent.,2,3,1,5,5,1,19,White,0,1,New,Native,United States,NA,N,95 - 100,95,,3,,1320,580,620,530,8,1200,1,1,1,0,0,1,1,1,0,1,1,0,0,0,1,1,1,1,1,1,14,,,,,,,,,,,,,,,,,,,,,,,,,
F16_063,F16,pre,I consent.,1,3,1,5,3,2,19,Asian,1,1,New,Naturalized,Unknown,NA,Y,85 - 89.9,86,,,,1520,800,720,630,8,1520,1,1,1,0,1,0,1,0,0,1,1,1,0,1,1,0,1,1,0,0,12,,,,,,,,,,,,,,,,,,,,,,,,,
F16_221,F16,pre,I consent.,1,4,1,5,5,2,18,Asian,1,1,New,Native,United States,NA,Y,95 - 100,98,,2,,1350,680,670,730,11,1350,1,1,1,0,1,1,1,1,1,1,1,0,0,1,1,1,0,1,1,1,16,,,,,,,,,,,,,,,,,,,,,,,,,
F16_267,F16,pre,I consent.,1,3,1,4,3,1,19,White,0,0,New,Native,United States,NA,N,85 - 89.9,88,,4,,1160,570,590,630,9,1160,1,1,1,1,0,1,1,1,1,1,1,1,1,1,0,1,1,1,1,0,17,,,,,,,,,,,,,,,,,,,,,,,,,
F16_078,F16,pre,I consent.,1,3,1,5,5,1,18,White,1,0,New,Native,United States,NA,N,90 - 94.9,90,,7,,1310,650,660,590,8,1310,1,1,1,1,1,1,1,1,1,0,1,1,1,1,1,1,1,0,1,1,18,,,,,,,,,,,,,,,,,,,,,,,,,
F16_118,F16,pre,I consent.,2,3,2,2,4,0,19,Asian,0,0,New,Alien Permanent,Chi,NA,Y,90 - 94.9,92,,,,1160,730,430,550,8,1160,1,1,1,0,1,0,0,0,0,0,1,1,0,1,0,1,0,0,0,0,8,,,,,,,,,,,,,,,,,,,,,,,,,
F16_314,F16,pre,I consent.,2,3,1,5,4,2,19,White,0,0,New,Native,United States,NA,N,90 - 94.9,91,,3,,1120,540,580,600,8,1120,1,1,0,0,1,0,0,0,0,1,1,1,0,1,1,1,0,0,0,1,10,,,,,,,,,,,,,,,,,,,,,,,,,
F16_275,F16,pre,I consent.,2,3,1,4,4,1,19,White,1,0,New,Native,United States,NA,N,95 - 100,99,,,,1530,700,660,660,9,1360,1,1,1,0,1,1,1,0,1,1,1,1,0,1,1,1,1,1,1,1,17,,,,,,,,,,,,,,,,,,,,,,,,,
F16_159,F16,pre,I consent.,2,3,1,4,5,2,19,White,0,0,New,Native,United States,NA,N,95 - 100,99,,,,1220,650,570,580,9,1220,1,1,1,1,1,1,0,1,1,1,1,1,1,1,1,1,1,1,1,1,19,,,,,,,,,,,,,,,,,,,,,,,,,
F16_271,F16,pre,I consent.,3,3,1,4,4,0,18,White,0,0,New,Native,United States,NA,N,90 - 94.9,93,,2.5,,1160,610,540,500,8,1150,0,0,1,1,0,0,0,1,0,1,1,1,0,1,1,0,0,0,1,0,9,,,,,,,,,,,,,,,,,,,,,,,,,
F16_112,F16,pre,I consent.,2,4,1,4,4,3,18,White,0,0,New,Native,United States,NA,N,90 - 94.9,92,,,,1390,,,,,,1,1,0,1,0,0,0,0,0,0,0,0,0,0,0,1,0,1,0,0,5,,,,,,,,,,,,,,,,,,,,,,,,,
F16_304,F16,pre,I consent.,2,4,1,5,5,0,19,White,1,0,New,Native,United States,NA,N,95 - 100,99,,6,,1500,700,800,800,10,1500,1,1,1,1,1,1,1,1,1,1,0,1,1,1,1,1,1,0,1,1,18,,,,,,,,,,,,,,,,,,,,,,,,,
F16_070,F16,pre,I consent.,2,4,1,4,4,2,18,White,1,0,New,Native,United States,NA,N,95 - 100,99,,,,1600,800,800,630,6,1600,1,1,1,1,1,1,1,1,1,1,1,1,1,1,1,1,1,1,1,1,20,,,,,,,,,,,,,,,,,,,,,,,,,
F16_133,F16,pre,I consent.,1,3,1,4,4,2,18,White,1,0,New,Native,United States,NA,N,90 - 94.9,92,,,,1430,,,,,,1,1,0,1,0,0,0,0,0,0,0,1,0,0,0,1,0,0,0,1,6,,,,,,,,,,,,,,,,,,,,,,,,,
F16_356,F16,pre,I consent.,2,5,1,5,5,2,21,White,1,0,Transfer,Native,United States,"$30,000-44,999",,Unknown,,3.8,3,,,,,,,,1,1,1,1,1,0,1,1,1,0,1,1,1,0,1,0,1,0,1,1,15,,,,,,,,,,,,,,,,,,,,,,,,,
F16_358,F16,pre,I consent.,1,3,1,5,4,2,19,Black/African American,0,0,New,Native,United States,NA,N,90 - 94.9,92,,7,,1250,640,610,640,8,1250,1,1,1,1,1,1,1,1,0,1,1,1,0,1,1,1,0,0,0,0,14,,,,,,,,,,,,,,,,,,,,,,,,,
F16_248,F16,pre,I consent.,1,3,2,5,5,3,19,White,1,0,New,Naturalized,Unknown,NA,N,90 - 94.9,93,,5,,1320,650,560,530,8,1210,1,1,1,0,1,1,1,1,0,0,1,1,0,1,0,1,1,0,1,1,14,,,,,,,,,,,,,,,,,,,,,,,,,
F16_287,F16,pre,I consent.,1,3,1,4,2,2,18,Hispanic of any race,1,0,Transfer,Native,United States,"$145,000-164,999",Y,95 - 100,95,3.94,,,1250,640,590,510,8,1230,1,1,1,1,1,1,1,1,0,1,1,1,1,1,0,1,1,0,1,1,17,,,,,,,,,,,,,,,,,,,,,,,,,
F16_319,F16,pre,I consent.,1,3,1,4,4,1,19,White,0,1,New,Native,United States,NA,Y,95 - 100,99,,3,,1230,570,660,650,9,1230,0,0,1,0,1,0,0,0,0,1,0,1,0,1,0,1,0,0,1,1,8,,,,,,,,,,,,,,,,,,,,,,,,,
F16_083,F16,pre,I consent.,1,3,1,5,5,1,19,White,0,0,New,Native,United States,NA,N,95 - 100,95,,8,,1350,690,570,650,8,1260,1,1,1,0,1,0,0,0,0,0,1,1,0,1,1,1,1,0,0,0,10,,,,,,,,,,,,,,,,,,,,,,,,,
F16_283,F16,pre,I consent.,1,3,1,,5,2,19,White,1,0,New,Native,United States,NA,N,90 - 94.9,93,,2,,1190,590,600,560,8,1190,1,1,1,1,1,1,1,1,0,1,1,1,1,1,1,0,0,1,1,1,17,,,,,,,,,,,,,,,,,,,,,,,,,
F16_333,F16,pre,I consent.,2,3,1,3,3,1,19,Asian,1,0,New,Native,United States,NA,Y,90 - 94.9,93,,3,,1370,720,650,680,8,1370,1,1,1,1,1,1,0,1,0,0,1,1,1,1,1,1,0,1,1,1,16,,,,,,,,,,,,,,,,,,,,,,,,,
F16_053,F16,pre,I consent.,2,3,2,2,1,0,19,Asian,0,0,New,Alien Temporary,Chi,NA,N,85 - 89.9,89,,,,1040,,,,,,0,1,1,0,0,0,0,1,1,1,0,1,0,1,0,1,0,0,0,0,8,,,,,,,,,,,,,,,,,,,,,,,,,
F16_251,F16,pre,I consent.,2,2,1,5,5,0,19,White,0,0,New,Native,United States,NA,N,90 - 94.9,94,,,,1240,600,640,600,8,1240,1,1,1,1,1,1,1,1,0,0,1,1,1,1,1,0,1,0,1,1,16,,,,,,,,,,,,,,,,,,,,,,,,,
F16_200,F16,pre,I consent.,1,3,1,5,5,3,18,White,0,0,New,Native,United States,NA,N,95 - 100,96,,3,,1170,560,610,660,10,1170,1,1,1,0,1,1,1,1,0,0,1,1,1,0,1,1,1,1,1,1,16,,,,,,,,,,,,,,,,,,,,,,,,,
F16_175,F16,pre,I consent.,1,4,1,5,5,3,18,White,1,0,New,Native,United States,NA,Y,95 - 100,99,4,9,,1600,710,730,750,,1440,1,1,1,1,0,0,0,0,0,0,1,1,1,1,1,1,1,1,0,0,12,,,,,,,,,,,,,,,,,,,,,,,,,
F16_039,F16,pre,I consent.,2,5,1,4,2,3,22,White,1,0,Transfer,Native,United States,"105,000-124,999",,90 - 94.9,94,3.41,,,,,,,,,1,1,1,1,0,0,1,0,0,1,1,1,0,0,1,1,1,1,1,0,13,,,,,,,,,,,,,,,,,,,,,,,,,
F16_347,F16,pre,I consent.,1,3,1,3,3,1,18,White,1,0,Other,Native,United States,NA,N,90 - 94.9,93,,,,1270,750,520,490,7,1270,1,1,1,0,1,1,1,0,0,0,1,1,0,0,0,0,1,0,1,0,10,,,,,,,,,,,,,,,,,,,,,,,,,
F16_258,F16,pre,I consent.,2,3,1,5,5,0,19,White,0,0,New,Native,United States,NA,Y,95 - 100,99,3.85,,,1160,560,500,590,8,1060,1,1,1,0,1,0,1,1,1,1,1,1,0,1,1,1,0,1,0,1,15,,,,,,,,,,,,,,,,,,,,,,,,,
F16_338,F16,pre,I consent.,2,3,1,5,5,2,18,White,0,0,New,Native,United States,NA,N,90 - 94.9,92,3.11,2.5,,1320,,,,,,0,1,1,0,1,0,0,0,0,0,1,1,0,1,1,1,0,0,0,0,8,,,,,,,,,,,,,,,,,,,,,,,,,
F16_128,F16,pre,I consent.,1,4,1,3,3,3,18,White,1,0,New,Native,United States,NA,N,95 - 100,96,4,4,,1260,640,620,590,6,1260,1,1,1,1,1,1,1,1,1,0,1,1,1,1,1,1,1,1,1,1,19,,,,,,,,,,,,,,,,,,,,,,,,,
F16_278,F16,pre,I consent.,1,3,1,5,5,2,19,Asian,0,0,Other,Native,United States,NA,Y,90 - 94.9,94,,3,,1230,600,630,570,10,1230,1,0,0,0,1,1,0,0,0,1,1,0,0,0,0,1,1,1,0,0,8,,,,,,,,,,,,,,,,,,,,,,,,,
F16_290,F16,pre,I consent.,1,3,1,5,5,0,19,Asian,0,0,New,Native,United States,NA,N,95 - 100,99,,3,,1320,600,720,690,8,1320,0,1,1,0,1,0,0,0,0,0,0,0,0,0,0,0,0,0,1,0,4,,,,,,,,,,,,,,,,,,,,,,,,,
F16_055,F16,pre,I consent.,2,3,2,4,4,3,18,Asian,0,1,New,Native,United States,NA,Y,85 - 89.9,88,,8,,1530,,,,,,1,1,1,0,1,1,1,1,1,1,1,1,1,1,1,1,1,1,1,1,19,,,,,,,,,,,,,,,,,,,,,,,,,
F16_213,F16,pre,I consent.,1,4,1,5,5,2,19,Asian,0,0,New,Native,United States,NA,N,90 - 94.9,93,,5,,1320,590,670,650,10,1260,1,1,1,1,1,0,1,1,0,1,1,1,1,1,1,1,1,1,1,1,18,,,,,,,,,,,,,,,,,,,,,,,,,
F16_048,F16,pre,I consent.,3,3,1,5,4,0,18,Asian,1,1,New,Native,United States,NA,N,85 - 89.9,89,,5,,1360,700,660,670,10,1360,1,1,1,0,1,0,1,0,1,1,1,1,0,1,1,0,1,1,1,1,15,,,,,,,,,,,,,,,,,,,,,,,,,
F16_389,F16,pre,I consent.,2,3,2,4,3,0,19,Asian,1,1,Other,Naturalized,Chi,NA,Y,95 - 100,98,,8,,1230,680,550,550,7,1230,0,1,0,1,1,0,0,0,1,1,0,1,0,1,1,1,0,0,0,0,9,,,,,,,,,,,,,,,,,,,,,,,,,
F16_346,F16,pre,I consent.,1,3,1,5,5,0,19,Black/African American,0,0,New,Native,United States,NA,Y,90 - 94.9,92,,3,,1130,610,520,510,9,1130,1,1,1,0,0,0,0,0,0,0,1,1,0,0,1,1,0,0,1,0,8,,,,,,,,,,,,,,,,,,,,,,,,,
F16_229,F16,pre,I consent.,1,4,1,4,4,2,19,Asian,0,0,New,Native,United States,NA,N,90 - 94.9,94,2.9,5,,1210,630,580,650,11,1210,1,1,1,0,1,1,1,1,0,1,1,1,1,1,1,1,1,0,1,1,17,,,,,,,,,,,,,,,,,,,,,,,,,
F16_137,F16,pre,I consent.,3,3,1,5,5,2,19,White,0,0,New,Native,United States,NA,Y,90 - 94.9,91,,5,,1220,620,600,580,9,1220,0,1,0,0,0,0,0,1,0,0,0,1,0,0,0,0,1,0,0,0,4,,,,,,,,,,,,,,,,,,,,,,,,,
F16_151,F16,pre,I consent.,1,3,2,2,2,0,20,Asian,0,0,New,Alien Temporary,"Korea, Republic of",NA,,90 - 94.9,92,,,,1080,650,430,590,10,1080,1,1,1,0,1,0,0,0,0,1,1,0,0,0,0,1,1,0,0,0,8,,,,,,,,,,,,,,,,,,,,,,,,,
F16_340,F16,pre,I consent.,2,3,1,4,4,0,19,White,0,0,New,Native,United States,NA,N,90 - 94.9,91,,5,,1520,770,750,750,9,1520,1,1,1,0,1,1,1,1,1,0,1,1,1,0,1,1,0,1,1,1,16,,,,,,,,,,,,,,,,,,,,,,,,,
F16_143,F16,pre,I consent.,1,4,1,5,5,3,19,Asian,0,1,New,Native,United States,NA,Y,90 - 94.9,92,,7,,1410,730,680,770,10,1410,0,1,1,0,1,0,0,1,1,0,0,0,0,1,1,1,0,0,0,0,8,,,,,,,,,,,,,,,,,,,,,,,,,
F16_367,F16,pre,I consent.,1,3,1,4,3,2,18,Asian,0,1,New,Native,United States,NA,Y,95 - 100,97,,7,,1350,,,,,,1,1,1,0,1,0,1,1,0,1,0,1,0,0,0,1,0,0,1,0,10,,,,,,,,,,,,,,,,,,,,,,,,,
F16_139,F16,pre,I consent.,1,3,2,4,3,3,19,Asian,0,1,New,Naturalized,"Korea, Republic of",NA,Y,95 - 100,96,,8,,1390,770,620,570,8,1390,1,1,1,0,1,1,1,0,1,0,1,1,0,0,1,0,0,1,0,0,11,,,,,,,,,,,,,,,,,,,,,,,,,
F16_334,F16,pre,I consent.,2,4,1,4,4,2,18,Asian,0,0,New,Native,United States,NA,Y,95 - 100,97,,,,1240,660,580,590,9,1240,0,1,1,0,1,0,1,0,1,1,1,0,0,1,0,1,0,1,0,1,11,,,,,,,,,,,,,,,,,,,,,,,,,
F16_365,F16,pre,I consent.,1,3,3,5,3,3,18,Asian,1,1,New,Native,United States,NA,Y,90 - 94.9,91,,6,,1360,630,730,550,8,1360,1,1,1,1,1,1,1,0,1,1,1,0,1,1,1,1,1,1,1,1,18,,,,,,,,,,,,,,,,,,,,,,,,,
F16_298,F16,pre,I consent.,2,3,1,5,4,0,19,Hispanic of any race,0,1,New,Native,United States,NA,N,90 - 94.9,93,,4,,1350,630,720,710,9,1350,1,1,1,0,1,0,0,1,1,0,1,0,0,1,1,0,0,0,1,1,11,,,,,,,,,,,,,,,,,,,,,,,,,
F16_366,F16,pre,I consent.,2,3,1,4,4,3,19,Asian,1,0,New,Native,United States,NA,N,90 - 94.9,93,,7,,1290,690,600,500,8,1290,0,0,0,0,0,0,0,1,0,1,0,0,0,0,0,0,0,0,0,0,2,,,,,,,,,,,,,,,,,,,,,,,,,
F16_363,F16,pre,I consent.,2,3,1,4,4,3,19,Asian,0,0,Other,Native,United States,NA,Y,95 - 100,97,,7,,1270,690,580,600,10,1270,1,1,1,0,0,0,1,1,0,0,0,1,0,1,0,1,1,0,1,0,10,,,,,,,,,,,,,,,,,,,,,,,,,
F16_381,F16,pre,I consent.,1,3,2,3,3,0,19,Asian,1,0,New,Alien Temporary,Chi,NA,N,90 - 94.9,94,,,,1160,,,,,,0,1,1,1,1,0,0,1,1,1,1,1,0,1,0,1,0,0,0,0,11,,,,,,,,,,,,,,,,,,,,,,,,,
F16_004,F16,pre,I consent.,3,3,1,5,5,0,18,Asian,1,0,New,Native,United States,NA,N,90 - 94.9,90,,3,,1210,570,640,590,8,1210,0,0,1,1,0,0,1,0,0,1,1,0,0,0,0,0,0,0,0,0,5,,,,,,,,,,,,,,,,,,,,,,,,,
F16_193,F16,pre,I consent.,2,3,1,5,4,0,19,White,0,0,New,Native,United States,NA,N,90 - 94.9,94,,3,,1210,630,580,640,10,1210,1,1,1,0,1,0,1,1,0,1,1,1,0,0,1,1,0,1,0,1,13,,,,,,,,,,,,,,,,,,,,,,,,,
F16_140,F16,pre,I consent.,3,3,1,4,4,0,18,Hispanic of any race,1,0,New,Native,United States,NA,N,90 - 94.9,92,,3,,1230,650,580,610,10,1230,0,0,1,0,0,0,0,1,0,0,1,1,1,0,0,0,1,0,1,0,7,,,,,,,,,,,,,,,,,,,,,,,,,
F16_165,F16,pre,I consent.,2,3,1,4,4,0,19,White,0,0,New,Native,United States,NA,Y,85 - 89.9,88,,2,,950,490,460,540,10,950,0,1,0,0,1,0,0,1,0,0,0,1,0,1,0,0,1,1,0,0,7,,,,,,,,,,,,,,,,,,,,,,,,,
F16_116,F16,pre,I consent.,2,3,1,4,4,2,18,White,0,0,New,Native,United States,NA,Y,95 - 100,97,,,,1190,570,620,610,8,1190,1,1,1,0,0,0,0,0,0,1,1,1,0,0,0,1,0,0,0,0,7,,,,,,,,,,,,,,,,,,,,,,,,,
F16_087,F16,pre,I consent.,1,3,2,4,2,2,19,Asian,1,0,New,Alien Temporary,Chi,NA,N,85 - 89.9,88,,,2,,,,,,,0,0,1,0,1,1,0,0,0,1,1,0,0,1,1,1,0,0,0,0,8,,,,,,,,,,,,,,,,,,,,,,,,,
F16_189,F16,pre,I consent.,2,3,1,4,3,0,19,White,1,0,New,Native,United States,NA,N,85 - 89.9,87,,3,,1250,640,610,510,8,1250,1,1,1,1,1,1,1,0,1,1,1,1,1,1,1,1,1,0,1,1,18,,,,,,,,,,,,,,,,,,,,,,,,,
F16_240,F16,pre,I consent.,1,3,1,5,4,1,19,Asian,1,0,Transfer,Native,United States,NA,Y,95 - 100,95,3.2,,,1160,580,580,520,9,1160,1,1,1,0,0,0,1,1,0,1,0,0,0,0,1,1,0,1,1,0,10,,,,,,,,,,,,,,,,,,,,,,,,,
F16_210,F16,pre,I consent.,1,3,2,4,1,0,20,Asian,1,0,New,Alien Temporary,Chi,NA,N,85 - 89.9,88,,,,1170,770,400,450,6,1170,1,1,1,0,1,1,0,1,1,1,1,1,0,1,1,0,0,1,0,0,13,,,,,,,,,,,,,,,,,,,,,,,,,
F16_350,F16,pre,I consent.,1,3,2,2,3,2,19,Asian,1,0,New,Alien Temporary,Chi,NA,N,80 - 84.9,84,,,,1130,750,380,420,6,1130,1,0,1,0,1,0,0,0,0,0,0,0,0,0,1,1,0,1,0,0,6,,,,,,,,,,,,,,,,,,,,,,,,,
F16_205,F16,pre,I consent.,3,3,2,2,1,0,18,Asian,1,0,New,Alien Temporary,Chi,NA,N,90 - 94.9,91,,,,1160,730,430,550,7,1160,1,1,1,0,1,1,0,0,0,0,1,1,0,0,0,0,0,0,0,0,7,,,,,,,,,,,,,,,,,,,,,,,,,
F16_115,F16,pre,I consent.,3,3,1,5,4,0,18,Black/African American,0,1,New,Native,United States,"$15,000-29,999",,80 - 84.9,84,,3,,1020,470,550,570,,1020,1,1,1,0,1,0,0,0,0,1,0,1,0,0,1,0,1,0,0,0,8,,,,,,,,,,,,,,,,,,,,,,,,,
F16_351,F16,pre,I consent.,2,3,2,2,2,0,19,Asian,0,0,New,Alien Temporary,Chi,NA,N,90 - 94.9,91,,,,1080,710,370,480,7,1080,0,1,1,0,1,0,0,0,0,1,0,1,1,1,0,1,0,0,0,0,8,,,,,,,,,,,,,,,,,,,,,,,,,
F16_219,F16,pre,I consent.,2,5,2,3,1,3,25,Asian,0,1,Transfer,Alien Permanent,Hong Kong,"$15,000-29,999",,Unknown,,3.75,,,,,,,,,0,1,1,0,1,0,1,0,0,1,0,0,0,1,1,1,1,1,0,1,11,,,,,,,,,,,,,,,,,,,,,,,,,
F16_235,F16,pre,I consent.,2,3,1,5,4,3,19,White,0,0,New,Native,United States,NA,N,95 - 100,96,,5,,1280,700,580,600,9,1280,1,1,1,0,1,0,0,0,0,0,1,1,1,1,1,0,1,1,0,1,12,,,,,,,,,,,,,,,,,,,,,,,,,
F16_021,F16,pre,I consent.,3,3,1,5,5,0,18,White,0,1,New,Native,United States,NA,N,90 - 94.9,93,,3,,1240,,,,,,1,1,1,0,0,0,1,0,0,0,1,1,0,0,0,0,0,0,0,0,6,,,,,,,,,,,,,,,,,,,,,,,,,
F16_187,F16,pre,I consent.,3,3,2,3,3,3,18,Asian,0,1,New,Native,United States,NA,Y,95 - 100,95,4,5,,1000,540,460,560,9,1000,1,1,0,0,0,0,1,1,0,0,0,0,0,1,0,1,0,0,0,0,6,,,,,,,,,,,,,,,,,,,,,,,,,
F16_310,F16,pre,I consent.,3,3,2,4,3,0,19,Asian,1,0,New,Alien Temporary,"Taiwan, Province of Chi",NA,N,85 - 89.9,85,,,4,,,,,,,0,1,1,0,1,0,0,0,1,1,0,0,0,1,1,0,0,1,1,1,10,,,,,,,,,,,,,,,,,,,,,,,,,
F16_079,F16,pre,I consent.,1,3,1,5,4,2,18,White,1,0,New,Native,United States,NA,Y,95 - 100,96,,5,,1280,,,,,,0,1,1,0,1,0,1,1,0,0,1,1,1,1,0,1,1,0,0,0,11,,,,,,,,,,,,,,,,,,,,,,,,,
F16_246,F16,pre,I consent.,1,3,1,5,4,2,19,White,0,0,New,Native,United States,NA,Y,95 - 100,95,,4,,1200,570,560,590,,1130,1,1,1,0,1,0,0,0,1,1,0,1,0,1,1,1,0,1,0,0,11,,,,,,,,,,,,,,,,,,,,,,,,,
F16_339,F16,pre,I consent.,2,3,1,5,4,0,18,White,0,1,New,Native,United States,NA,N,95 - 100,99,,7,,1220,630,590,530,8,1220,1,1,1,0,1,0,1,1,0,0,1,1,0,0,1,1,0,0,0,0,10,,,,,,,,,,,,,,,,,,,,,,,,,
F16_023,F16,pre,I consent.,1,3,2,5,5,1,18,White,0,0,Transfer,Native,United States,"$65,000-84,999",Y,90 - 94.9,92,3.25,,,1290,530,530,580,,1060,0,1,1,0,1,1,1,1,1,1,0,0,0,1,1,1,1,1,1,1,15,,,,,,,,,,,,,,,,,,,,,,,,,
F16_364,F16,pre,I consent.,2,3,1,5,5,3,19,Asian,1,0,New,Native,United States,NA,N,85 - 89.9,87,,5,,1530,770,660,650,8,1430,1,1,1,0,1,1,1,1,0,1,1,1,0,1,1,0,0,0,0,0,12,,,,,,,,,,,,,,,,,,,,,,,,,
F16_391,F16,pre,I consent.,1,3,2,3,2,1,19,Asian,0,0,New,Alien Temporary,Chi,NA,N,90 - 94.9,92,,,1.5,,,,,,,1,1,1,0,1,0,1,0,0,1,1,1,1,1,1,1,0,0,0,0,12,,,,,,,,,,,,,,,,,,,,,,,,,
F16_227,F16,pre,I consent.,1,3,2,3,2,3,18,Asian,0,1,New,Naturalized,Unknown,NA,N,85 - 89.9,85,,7,,1310,680,630,570,8,1310,1,1,1,0,1,0,0,0,0,1,1,1,0,0,1,1,0,1,0,1,11,,,,,,,,,,,,,,,,,,,,,,,,,
F16_328,F16,pre,I consent.,1,3,1,5,5,3,19,Asian,1,1,New,Native,United States,"$30,000-44,999",,90 - 94.9,94,,8,,1470,770,700,720,10,1470,1,1,1,1,1,1,1,1,1,1,1,1,1,1,1,1,0,1,1,1,19,,,,,,,,,,,,,,,,,,,,,,,,,
F16_238,F16,pre,I consent.,2,3,1,5,5,1,19,Asian,0,0,New,Native,United States,NA,N,90 - 94.9,92,,3,,1240,,,,,,0,1,1,0,1,0,1,1,0,1,0,1,0,1,1,1,1,1,1,1,14,,,,,,,,,,,,,,,,,,,,,,,,,
F16_084,F16,pre,I consent.,1,4,1,5,5,2,19,White,1,0,Transfer,Native,United States,NA,N,95 - 100,98,3.57,,,1200,630,570,590,10,1200,1,1,1,1,0,1,0,0,0,1,1,1,1,1,0,1,0,0,1,0,12,,,,,,,,,,,,,,,,,,,,,,,,,
F16_160,F16,pre,I consent.,2,4,1,5,5,0,19,Asian,1,0,New,Native,United States,NA,N,95 - 100,97,3.85,8,,1530,700,800,720,10,1500,0,1,1,1,1,1,1,1,1,1,1,1,1,1,1,1,1,1,1,1,19,,,,,,,,,,,,,,,,,,,,,,,,,
F16_341,F16,pre,I consent.,2,3,1,5,5,0,19,White,0,0,New,Native,United States,NA,N,95 - 100,99,,,,1300,670,630,620,8,1300,1,1,1,0,1,0,0,1,1,1,1,1,0,1,1,1,1,1,1,1,16,,,,,,,,,,,,,,,,,,,,,,,,,
F16_167,F16,pre,I consent.,2,3,2,2,2,0,20,Asian,1,0,New,Alien Temporary,"Korea, Republic of",NA,N,85 - 89.9,87,,,,1120,,,,,,1,1,1,0,1,0,0,1,1,1,1,1,0,0,0,0,0,0,0,0,9,,,,,,,,,,,,,,,,,,,,,,,,,
F16_252,F16,pre,I consent.,2,3,1,5,5,2,19,Asian,0,0,Other,Native,United States,NA,Y,85 - 89.9,89,,4,,1350,,,,,,1,1,1,0,0,0,0,0,0,0,1,1,0,0,0,1,0,1,0,0,7,,,,,,,,,,,,,,,,,,,,,,,,,
F16_132,F16,pre,I consent.,2,4,1,3,3,0,21,Hispanic of any race,1,0,Transfer,Native,United States,NA,,80 - 84.9,81,3.3,3,,700,320,380,320,8,700,1,1,0,1,1,0,1,0,0,0,1,0,0,0,1,1,0,0,1,0,9,,,,,,,,,,,,,,,,,,,,,,,,,
F16_069,F16,pre,I consent.,2,3,2,3,2,0,20,Asian,0,0,New,Alien Temporary,"Korea, Republic of",NA,,NA,,,8,2,,,,,,,1,1,1,0,1,0,0,0,0,1,0,0,0,1,0,1,0,0,0,0,7,,,,,,,,,,,,,,,,,,,,,,,,,
F16_027,F16,pre,I consent.,2,3,1,5,5,1,19,White,0,0,Transfer,Native,United States,NA,,90 - 94.9,94,,2.5,,1410,600,650,730,,1250,1,1,1,0,1,0,1,1,0,1,1,1,1,1,1,0,1,1,1,0,15,,,,,,,,,,,,,,,,,,,,,,,,,
F16_071,F16,pre,I consent.,2,5,1,4,,1,20,White,1,0,Transfer,Native,United States,NA,,80 - 84.9,84,2.92,2,,,,,,,,1,1,1,0,1,0,1,0,0,1,1,1,0,1,0,1,0,0,0,0,10,,,,,,,,,,,,,,,,,,,,,,,,,
F16_315,F16,pre,I consent.,1,5,1,4,3,0,25,White,0,1,Transfer,Native,United States,"$65,000-84,999",,75 - 79.9,78,3.1,2,,,,,,,,1,1,1,0,0,0,0,0,1,1,1,1,0,1,0,0,0,0,0,0,8,,,,,,,,,,,,,,,,,,,,,,,,,
F16_080,F16,pre,I consent.,1,3,1,5,5,3,18,Hispanic of any race,0,0,Transfer,Undocumented Alien,Uruguay,"$0-14,999",,95 - 100,97,3.07,,,1410,,,,,,0,1,1,0,1,0,0,0,0,1,1,1,0,1,0,0,0,1,0,0,8,,,,,,,,,,,,,,,,,,,,,,,,,
F16_171,F16,pre,I consent.,2,5,2,2,2,1,24,Asian,1,1,Transfer,Alien Permanent,"Korea, Republic of","$45,000-64,999",,Unknown,,3.63,,2,,,,,,,0,1,1,0,1,0,0,1,0,1,1,1,1,0,1,0,0,0,1,0,10,,,,,,,,,,,,,,,,,,,,,,,,,
F16_196,F16,pre,I consent.,1,5,2,2,2,2,26,Asian,0,1,Transfer,Naturalized,Unknown,"$0-14,999",,80 - 84.9,84,3.47,,,,,,,,,0,0,0,1,0,0,0,0,0,0,0,0,1,0,0,0,1,1,1,0,5,,,,,,,,,,,,,,,,,,,,,,,,,
F16_307,F16,pre,I consent.,1,4,2,5,4,0,25,Asian,0,1,Transfer,Alien Permanent,Bangladesh,"$0-14,999",,Unknown,,3.8,2,,,,,,,,0,1,1,0,0,0,0,1,0,1,1,0,0,0,0,1,0,0,0,1,7,,,,,,,,,,,,,,,,,,,,,,,,,
F16_277,F16,pre,I consent.,2,4,1,5,4,0,21,White,1,0,Transfer,Native,United States,NA,,75 - 79.9,79,3.24,,,,,,,,,1,1,1,0,1,0,0,0,0,0,0,0,0,1,0,0,0,0,0,1,6,,,,,,,,,,,,,,,,,,,,,,,,,
F16_024,F16,pre,I consent.,2,4,2,2,2,0,24,Asian,1,0,Transfer,Alien Temporary,"Korea, Republic of",NA,,90 - 94.9,93,3.95,,,,,,,,,1,1,1,0,1,0,0,0,0,0,1,1,1,0,0,0,0,1,0,0,8,,,,,,,,,,,,,,,,,,,,,,,,,
F16_370,F16,pre,I consent.,1,2,2,2,2,0,20,Asian,1,0,New,Alien Temporary,Chi,NA,Y,85 - 89.9,89,,5,3,,,,,,,0,1,1,0,1,1,1,1,0,1,1,1,0,1,0,1,1,1,1,1,15,,,,,,,,,,,,,,,,,,,,,,,,,
F16_379,F16,pre,I consent.,1,2,2,4,3,0,18,Asian,1,0,New,Alien Temporary,Chi,NA,N,85 - 89.9,88,,7,3,,,,,,,1,1,1,0,1,1,1,1,0,1,1,1,0,1,1,0,0,1,0,1,14,,,,,,,,,,,,,,,,,,,,,,,,,
F16_383,F16,pre,I consent.,1,3,2,2,2,2,20,Asian,1,0,New,Alien Temporary,Chi,NA,,90 - 94.9,92,,,2,,,,,,,1,1,1,0,1,1,0,0,0,1,0,1,0,1,0,1,0,1,1,0,11,0,0,0,1,0,0,0,0,0,1,0,0,1,0,0,0,0,1,0,1,1,1,0,0,7
F16_186,F16,pre,I consent.,2,4,1,4,4,0,20,White,0,1,Transfer,Native,United States,"$65,000-84,999",,Below 75,73,3.2,,,,,,,,,0,0,0,0,0,0,0,0,0,0,0,0,0,0,0,0,1,1,0,1,3,,,,,,,,,,,,,,,,,,,,,,,,,
F16_042,F16,pre,I consent.,3,2,2,1,1,0,20,Asian,0,0,New,Alien Temporary,Chi,NA,Y,NA,,,5,1.5,,,,,,,1,1,1,0,1,1,0,0,1,0,1,0,1,1,0,1,0,0,0,0,10,,,,,,,,,,,,,,,,,,,,,,,,,
F16_099,F16,pre,I consent.,1,5,1,4,4,2,21,Hispanic of any race,1,1,Transfer,Native,United States,NA,,NA,,3.03,2.5,,,,,,,,0,0,1,1,1,1,0,0,1,1,0,1,0,1,1,0,0,1,1,1,12,,,,,,,,,,,,,,,,,,,,,,,,,
F16_372,F16,pre,I consent.,3,2,2,3,2,0,18,Asian,0,0,New,Alien Temporary,Chi,NA,N,90 - 94.9,92,,,,1200,770,430,580,8,1200,1,0,1,0,0,0,0,0,1,0,1,1,1,0,0,1,0,0,0,0,7,,,,,,,,,,,,,,,,,,,,,,,,,
F16_361,F16,pre,I consent.,2,3,1,5,5,1,18,Asian,1,0,New,Native,United States,NA,N,95 - 100,99,,,,1570,770,800,710,8,1570,1,1,1,0,1,1,0,1,0,1,1,1,0,1,1,1,1,1,1,1,16,,,,,,,,,,,,,,,,,,,,,,,,,
F16_387,F16,pre,I consent.,2,2,1,4,4,0,18,Asian,1,1,New,Native,United States,"$15,000-29,999",,90 - 94.9,92,,,,1460,740,720,700,10,1460,0,1,1,0,1,0,0,1,1,0,0,1,0,1,1,1,0,0,0,0,9,,,,,,,,,,,,,,,,,,,,,,,,,
F16_231,F16,pre,I consent.,3,2,1,5,5,1,18,White,1,0,New,Native,United States,NA,N,90 - 94.9,90,,3,,1170,550,620,440,7,1170,1,1,1,0,1,1,0,1,1,0,1,0,0,1,0,0,0,1,1,0,11,,,,,,,,,,,,,,,,,,,,,,,,,
F16_109,F16,pre,I consent.,2,4,1,5,5,0,26,White,1,1,Transfer,Native,United States,"$65,000-84,999",,Unknown,,3.03,2,,,,,,,,1,1,1,0,1,0,1,0,0,1,1,1,0,0,1,0,0,0,1,0,10,,,,,,,,,,,,,,,,,,,,,,,,,
F16_158,F16,pre,I consent.,2,2,1,5,5,1,17,,0,0,New,Native,United States,NA,N,95 - 100,98,,,,1300,650,650,660,8,1300,0,1,1,0,1,0,0,1,1,0,0,1,0,0,1,0,0,0,0,1,8,,,,,,,,,,,,,,,,,,,,,,,,,
F16_030,F16,pre,I consent.,1,3,1,5,5,0,18,White,0,0,New,Native,United States,NA,Y,95 - 100,99,,,,1280,620,660,670,10,1280,0,0,1,0,0,0,1,0,1,1,0,1,0,0,0,1,0,1,0,0,7,,,,,,,,,,,,,,,,,,,,,,,,,
F16_324,F16,pre,I consent.,2,3,1,5,5,0,18,Asian,1,0,New,Native,United States,NA,N,90 - 94.9,94,,7,,1410,,,,,,1,1,1,0,1,1,0,1,0,1,1,1,0,1,1,0,1,0,0,1,13,,,,,,,,,,,,,,,,,,,,,,,,,
F16_180,F16,pre,I consent.,2,3,1,5,5,1,17,White,1,0,New,Native,United States,NA,N,95 - 100,97,3.9,,,1350,650,650,730,10,1300,1,1,1,1,1,1,1,1,1,1,1,1,1,1,1,0,1,1,1,1,19,,,,,,,,,,,,,,,,,,,,,,,,,
F16_035,F16,pre,I consent.,2,2,1,5,2,0,18,White,1,0,New,Native,United States,NA,Y,85 - 89.9,88,,3,,1220,570,600,520,8,1170,1,1,0,0,1,0,1,0,0,0,0,0,0,0,0,0,1,0,1,1,7,,,,,,,,,,,,,,,,,,,,,,,,,
F16_016,F16,pre,I consent.,2,2,2,5,5,0,17,White,1,1,New,Native,United States,NA,Y,90 - 94.9,94,,7,,1270,640,630,690,9,1270,1,1,1,0,1,1,1,0,0,1,1,1,0,1,0,1,0,0,0,0,11,,,,,,,,,,,,,,,,,,,,,,,,,
F16_294,F16,pre,I consent.,1,2,1,5,5,1,18,White,0,0,New,Native,United States,NA,N,95 - 100,96,,4,,1410,,,,,,0,1,1,0,1,0,1,0,0,1,1,1,0,1,1,1,1,0,1,1,13,,,,,,,,,,,,,,,,,,,,,,,,,
F16_259,F16,pre,I consent.,2,3,1,3,3,1,18,White,1,0,Transfer,Native,United States,NA,,90 - 94.9,92,3.56,,,1220,650,570,530,7,1220,1,1,1,1,0,1,1,0,1,1,1,1,1,0,0,0,0,0,1,0,12,,,,,,,,,,,,,,,,,,,,,,,,,
F16_211,F16,pre,I consent.,2,3,1,5,4,0,18,Asian,0,1,New,Native,United States,NA,N,95 - 100,96,,,,1380,720,660,730,10,1380,0,1,1,0,1,0,1,1,0,0,0,0,0,1,0,1,0,0,1,1,9,,,,,,,,,,,,,,,,,,,,,,,,,
F16_353,F16,pre,I consent.,1,2,2,3,3,1,18,White,0,0,New,Native,United States,NA,N,95 - 100,98,,,,1440,,,,,,0,0,1,0,0,0,0,0,1,0,1,1,0,0,0,0,0,0,0,1,5,,,,,,,,,,,,,,,,,,,,,,,,,
F16_169,F16,pre,I consent.,3,2,1,3,3,0,18,White,1,0,New,Native,United States,NA,Y,85 - 89.9,88,,4,,1050,580,470,410,7,1050,1,1,1,0,0,0,0,1,1,1,1,1,0,0,1,1,1,0,0,0,11,,,,,,,,,,,,,,,,,,,,,,,,,
F16_098,F16,pre,I consent.,1,2,1,5,5,0,18,Asian,1,0,New,Native,United States,NA,N,95 - 100,95,,5,,1230,640,590,660,9,1230,1,1,0,0,1,0,0,1,1,1,1,0,0,0,1,1,0,1,0,0,10,,,,,,,,,,,,,,,,,,,,,,,,,
F16_056,F16,pre,I consent.,1,2,1,2,2,1,18,Asian,1,0,New,Native,United States,NA,Y,95 - 100,99,,7,,1360,760,600,700,10,1360,1,1,1,0,1,1,0,0,1,0,1,1,0,0,0,0,1,0,1,1,11,,,,,,,,,,,,,,,,,,,,,,,,,
F16_176,F16,pre,I consent.,3,2,2,2,2,1,17,Asian,1,0,New,Native,United States,NA,Y,95 - 100,99,,,3,1350,,,,,,1,1,1,0,1,1,1,1,1,1,1,0,0,0,1,1,1,0,1,1,15,,,,,,,,,,,,,,,,,,,,,,,,,
F16_181,F16,pre,I consent.,1,2,1,5,3,0,18,,1,1,New,Native,United States,NA,N,95 - 100,97,,6,,1270,670,600,560,9,1270,1,1,1,0,1,1,1,1,0,0,1,1,1,1,1,1,1,0,1,1,16,,,,,,,,,,,,,,,,,,,,,,,,,
F16_001,F16,pre,I consent.,1,3,1,5,5,0,18,Asian,0,1,New,Native,United States,NA,N,95 - 100,99,,,,1350,710,640,770,10,1350,1,0,1,0,1,0,1,0,0,0,1,0,0,1,0,0,1,0,0,1,8,,,,,,,,,,,,,,,,,,,,,,,,,
F16_374,F16,pre,I consent.,3,2,2,2,2,0,18,Asian,0,0,New,Alien Temporary,Chi,NA,N,90 - 94.9,93,,,,1040,590,450,480,7,1040,1,0,0,0,1,0,0,0,1,1,1,1,0,0,0,1,0,1,0,0,8,,,,,,,,,,,,,,,,,,,,,,,,,
F16_269,F16,pre,I consent.,1,2,1,4,4,1,18,,1,0,New,Native,United States,NA,N,90 - 94.9,91,,,,1360,670,690,670,7,1360,1,1,1,1,1,1,1,1,0,1,1,1,1,1,1,1,1,1,1,1,19,,,,,,,,,,,,,,,,,,,,,,,,,
F16_230,F16,pre,I consent.,1,2,1,5,4,0,18,White,1,0,New,Alien Temporary,Cada,NA,N,NA,,,,3,980,530,450,470,8,980,1,1,1,0,0,0,1,0,0,1,1,1,0,1,1,1,0,1,0,0,11,,,,,,,,,,,,,,,,,,,,,,,,,
F16_028,F16,pre,I consent.,1,3,1,5,5,1,18,Asian,0,0,New,Alien Permanent,India,NA,N,95 - 100,99,,7,,1410,710,700,730,9,1410,1,1,1,1,0,1,1,1,1,1,1,1,1,0,1,1,0,1,1,1,17,,,,,,,,,,,,,,,,,,,,,,,,,
F16_036,F16,pre,I consent.,1,3,1,5,5,0,18,White,0,0,New,Native,United States,NA,Y,95 - 100,99,,,,1290,660,610,580,8,1270,1,1,1,0,1,0,1,0,0,0,0,1,0,1,1,1,0,1,1,0,11,,,,,,,,,,,,,,,,,,,,,,,,,
F16_057,F16,pre,I consent.,3,2,1,5,3,0,18,Asian,1,0,New,Native,United States,NA,N,90 - 94.9,92,,5,,1130,660,470,480,8,1130,1,1,1,0,1,0,0,1,1,0,0,0,1,1,1,0,0,0,0,0,9,,,,,,,,,,,,,,,,,,,,,,,,,
F16_184,F16,pre,I consent.,1,3,1,4,3,0,18,White,1,0,New,Native,United States,NA,N,95 - 100,95,,,,1250,610,540,520,8,1150,1,1,1,1,1,0,1,0,0,0,1,1,0,1,0,1,0,1,0,0,11,,,,,,,,,,,,,,,,,,,,,,,,,
F16_318,F16,pre,I consent.,1,2,1,5,4,0,19,Black/African American,0,0,New,Alien Temporary,Bermuda,NA,Y,85 - 89.9,88,,,,1230,580,650,500,6,1230,1,1,1,0,1,1,1,0,0,1,0,1,0,1,1,1,1,1,1,1,15,,,,,,,,,,,,,,,,,,,,,,,,,
F16_288,F16,pre,I consent.,2,2,2,5,4,0,18,White,0,0,New,Native,United States,NA,Y,95 - 100,99,,5,,1380,690,690,620,8,1380,1,0,1,0,1,1,1,0,0,1,1,1,0,1,1,0,0,1,1,1,13,,,,,,,,,,,,,,,,,,,,,,,,,
F16_301,F16,pre,I consent.,2,4,2,5,5,0,23,Asian,1,1,Transfer,Alien Permanent,Nepal,NA,,NA,,3.98,,,,,,,,,1,0,1,0,0,0,0,0,0,0,1,1,0,0,0,0,0,0,0,0,4,,,,,,,,,,,,,,,,,,,,,,,,,
F16_034,F16,pre,I consent.,3,3,1,4,4,3,20,White,1,1,Transfer,Native,United States,"105,000-124,999",,75 - 79.9,78,3.4,,,,,,,,,1,1,0,0,1,0,1,1,1,1,1,0,0,0,1,1,0,1,1,0,12,,,,,,,,,,,,,,,,,,,,,,,,,
F16_010,F16,pre,I consent.,2,4,1,5,5,2,21,White,0,0,Transfer,Native,United States,"105,000-124,999",,90 - 94.9,90,3.3,3,,,,,,,,1,1,1,0,1,0,1,1,0,0,1,1,0,0,1,0,0,0,1,0,10,,,,,,,,,,,,,,,,,,,,,,,,,
F16_237,F16,pre,I consent.,1,4,1,4,4,0,21,,0,0,Transfer,Native,United States,NA,,95 - 100,95,3.6,3,,,,,,,,1,1,1,0,1,1,1,1,1,0,1,1,1,1,1,0,1,1,1,1,17,,,,,,,,,,,,,,,,,,,,,,,,,
F16_371,F16,pre,I consent.,1,4,2,3,4,2,19,Asian,1,1,Transfer,Naturalized,Unknown,"$15,000-29,999",,85 - 89.9,88,3.05,,,,,,,,,1,1,1,0,1,0,0,0,0,0,0,1,0,0,0,0,1,0,0,0,6,,,,,,,,,,,,,,,,,,,,,,,,,
F16_256,F16,pre,I consent.,2,4,1,5,5,0,18,White,0,0,Transfer,Native,United States,NA,,NA,,3.7,,,,,,,,,1,1,1,1,1,1,1,1,0,1,1,1,1,1,1,0,1,0,1,1,17,,,,,,,,,,,,,,,,,,,,,,,,,
F16_220,F16,pre,I consent.,1,3,1,5,4,2,21,Black/African American,0,1,Transfer,Native,United States,"$0-14,999",,75 - 79.9,78,3.16,2,,,,,,,,1,1,1,0,1,1,0,1,0,1,1,0,0,0,0,0,1,1,0,0,10,,,,,,,,,,,,,,,,,,,,,,,,,
F16_134,F16,pre,I consent.,1,4,1,5,3,1,20,White,0,0,Other,Native,United States,NA,,90 - 94.9,92,3.03,2,,,,,,,,1,1,1,0,1,0,0,0,0,0,0,1,1,1,0,0,0,0,0,0,7,,,,,,,,,,,,,,,,,,,,,,,,,
F16_217,F16,pre,I consent.,2,3,1,4,4,1,20,White,0,0,Other,Native,United States,NA,,90 - 94.9,93,3.28,,,,,,,,,1,1,0,0,1,1,0,1,1,0,1,0,0,0,1,0,0,0,1,1,10,,,,,,,,,,,,,,,,,,,,,,,,,
F16_041,F16,pre,I consent.,1,4,2,2,1,0,21,Asian,0,0,Transfer,Alien Temporary,Chi,NA,N,NA,,3.16,,,,,,,,,0,0,1,0,1,1,0,0,0,1,0,0,0,1,1,1,0,1,0,1,9,,,,,,,,,,,,,,,,,,,,,,,,,
F16_268,F16,pre,I consent.,1,3,1,5,5,0,19,White,1,0,Transfer,Native,United States,NA,,90 - 94.9,92,3.68,,,1410,,,,,,1,1,1,0,1,0,1,0,0,0,1,1,1,0,1,1,1,0,1,0,12,,,,,,,,,,,,,,,,,,,,,,,,,
F16_075,F16,pre,I consent.,1,3,1,5,5,2,18,White,0,0,Transfer,Native,United States,NA,N,95 - 100,95,3.34,3,,1290,,,,,,1,1,1,1,1,1,1,1,1,0,1,1,0,1,1,1,0,0,1,1,16,,,,,,,,,,,,,,,,,,,,,,,,,
F16_106,F16,pre,I consent.,unknown,1,1,5,5,2,20,,1,0,Other,Native,United States,NA,,NA,,,,,,,,,,,1,1,1,0,0,0,0,0,0,1,1,0,0,1,1,1,0,0,1,1,10,,,,,,,,,,,,,,,,,,,,,,,,,
F16_155,F16,pre,I consent.,2,7,2,5,4,0,46,White,0,0,New,Alien Permanent,Bulgaria,NA,,NA,,,,,,,,,,,0,1,1,1,1,1,1,1,1,1,1,0,1,1,1,1,1,0,1,1,17,,,,,,,,,,,,,,,,,,,,,,,,,
F16_355,F16,pre,I consent.,3,6,1,3,4,0,23,White,0,0,New,Native,United States,NA,,NA,,,,,,,,,,,1,1,1,0,1,0,1,1,1,0,0,1,0,1,1,1,1,1,1,1,15,,,,,,,,,,,,,,,,,,,,,,,,,
F17_391,F17,pre,I consent.,2,5,1,5,5,3,24,White,1,1,Transfer,Native,United States,NA,,90 - 94.9,91,3.2,,,1120,600,520,510,8,1120,,,,,,,,,,,,,,,,,,,,,,1,1,1,1,0,1,0,0,0,1,0,0,1,0,0,1,0,0,0,1,0,0,0,0,9
F17_319,F17,pre,I consent.,2,5,3,5,5,3,21,Asian,0,0,New,Native,United States,NA,N,95 - 100,100,,,,1540,770,770,770,8,1540,,,,,,,,,,,,,,,,,,,,,,1,1,0,1,1,0,1,1,1,1,1,1,1,1,1,1,0,1,1,1,1,1,1,1,21
F17_420,F17,pre,I consent.,2,5,1,,3,0,23,White,0,0,Transfer,Native,United States,NA,N,85 - 89.9,87,2.81,1,,1150,560,590,480,8,1150,,,,,,,,,,,,,,,,,,,,,,0,1,0,1,0,0,0,1,1,1,0,0,0,0,0,1,0,0,0,1,0,0,0,1,8
F17_242,F17,pre,I consent.,2,5,1,5,5,2,23,White,1,1,New,Native,United States,NA,,95 - 100,97,,6,,1460,720,740,740,8,1460,,,,,,,,,,,,,,,,,,,,,,1,1,1,1,1,1,0,1,1,1,1,1,1,0,1,1,1,1,1,0,1,0,1,1,20
F17_400,F17,pre,I consent.,1,4,2,2,1,0,20,Hispanic of any race,0,1,New,Naturalized,Unknown,NA,Y,95 - 100,99,,,,1170,610,560,540,9,1170,,,,,,,,,,,,,,,,,,,,,,0,1,1,0,0,0,0,0,0,1,0,0,0,0,1,1,0,0,0,0,0,1,1,1,8
F17_344,F17,pre,I consent.,1,5,1,5,4,3,20,Asian,0,0,New,Native,United States,NA,N,95 - 100,99,,7,,1390,720,670,720,11,1390,,,,,,,,,,,,,,,,,,,,,,1,1,0,1,1,1,1,1,0,1,0,0,1,1,1,1,0,1,1,0,1,1,0,1,17
F17_208,F17,pre,I consent.,1,5,1,4,4,3,20,White,0,0,New,Native,United States,NA,N,95 - 100,99,4,,,1350,710,620,670,9,1330,,,,,,,,,,,,,,,,,,,,,,1,1,0,1,1,1,0,1,1,0,1,0,0,0,0,1,0,0,0,0,1,1,0,1,12
F17_298,F17,pre,I consent.,2,5,1,4,4,0,20,White,1,0,New,Native,United States,NA,N,90 - 94.9,93,,4,,1350,700,650,600,6,1350,,,,,,,,,,,,,,,,,,,,,,1,0,0,0,1,0,0,1,1,1,1,1,1,0,1,1,0,1,1,1,1,0,0,0,14
F17_246,F17,pre,I consent.,1,4,1,5,5,2,19,White,0,0,New,Native,United States,NA,Y,95 - 100,97,,,,1520,700,660,660,9,1360,,,,,,,,,,,,,,,,,,,,,,1,1,1,1,1,0,0,1,1,1,1,1,1,1,1,1,0,1,1,1,1,0,0,0,18
F17_175,F17,pre,I consent.,2,5,2,3,3,3,22,Hispanic of any race,0,0,New,Undocumented Alien,Brazil,NA,,90 - 94.9,94,,,,1320,,,,,,,,,,,,,,,,,,,,,,,,,,,1,0,1,0,1,0,0,1,1,1,1,1,0,0,1,1,0,0,1,1,1,0,1,1,15
F17_159,F17,pre,I consent.,2,4,2,2,2,0,23,Asian,0,0,New,Alien Temporary,"Korea, Republic of",NA,,85 - 89.9,88,,,2,,,,,,,,,,,,,,,,,,,,,,,,,,,,1,1,0,0,0,0,0,1,1,1,0,0,1,1,0,1,0,1,1,1,1,0,1,0,13
F17_350,F17,pre,I consent.,3,3,2,4,3,1,23,Asian,1,0,New,Alien Temporary,"Korea, Republic of",NA,,NA,,,,,1130,630,500,600,7,1130,,,,,,,,,,,,,,,,,,,,,,0,0,1,1,1,0,0,0,0,1,0,0,1,0,0,0,0,1,0,0,0,0,0,0,6
F17_462,F17,pre,I consent.,2,5,1,5,5,0,24,White,1,1,Transfer,Native,United States,NA,,NA,,3.5,,,970,530,440,360,6,970,,,,,,,,,,,,,,,,,,,,,,1,0,0,0,1,0,1,1,0,1,0,0,0,0,1,0,0,0,0,1,0,0,0,0,7
F17_333,F17,pre,I consent.,1,4,1,4,4,2,19,Asian,0,0,New,Native,United States,NA,N,95 - 100,95,,2.5,,1280,650,630,640,9,1280,,,,,,,,,,,,,,,,,,,,,,1,1,1,0,1,0,0,1,0,0,0,1,1,1,0,1,0,0,1,0,1,0,1,0,12
F17_406,F17,pre,I consent.,1,4,1,4,4,3,19,White,0,0,New,Native,United States,NA,N,95 - 100,99,,6,,1250,650,600,570,8,1250,,,,,,,,,,,,,,,,,,,,,,1,0,0,0,0,0,0,0,0,1,0,1,1,0,0,1,0,1,0,1,0,0,0,0,7
F17_313,F17,pre,I consent.,1,5,1,5,5,3,19,White,1,1,New,Native,United States,NA,N,90 - 94.9,91,,8,,1110,630,480,490,9,1110,,,,,,,,,,,,,,,,,,,,,,0,1,1,1,1,0,0,1,1,1,1,1,1,1,0,1,1,1,1,1,1,0,0,0,17
F17_190,F17,pre,I consent.,2,2,1,5,4,0,19,White,0,0,Transfer,Naturalized,Unknown,NA,,90 - 94.9,90,3.07,3,,1270,600,670,590,5,1270,,,,,,,,,,,,,,,,,,,,,,0,1,0,0,1,0,0,0,1,1,1,1,1,0,0,1,1,1,1,1,1,0,1,0,14
F17_388,F17,pre,I consent.,1,3,1,5,5,2,19,Asian,1,0,New,Native,United States,NA,Y,95 - 100,99,,7,,1290,,,,,,,,,,,,,,,,,,,,,,,,,,,0,0,0,1,1,0,0,0,1,1,1,0,1,0,0,1,0,1,1,1,0,0,0,0,10
F17_037,F17,pre,I consent.,1,4,1,4,4,3,21,Asian,1,0,Transfer,Native,United States,"$65,000-84,999",,Unknown,,3.05,3,,1090,540,550,510,6,1090,,,,,,,,,,,,,,,,,,,,,,1,0,1,1,0,0,0,1,0,1,0,0,0,0,0,0,0,0,0,1,0,1,0,1,8
F17_323,F17,pre,I consent.,3,4,1,4,4,0,21,White,0,0,New,Native,United States,NA,N,85 - 89.9,88,2.86,2.5,,1170,600,570,580,10,1170,,,,,,,,,,,,,,,,,,,,,,0,1,0,0,0,0,0,0,0,1,0,0,1,1,0,1,0,0,0,1,0,0,0,0,6
F17_137,F17,pre,I consent.,2,5,1,5,5,0,21,White,0,0,Transfer,Native,United States,"$185,000+",N,85 - 89.9,87,4,3,,970,410,460,480,8,870,,,,,,,,,,,,,,,,,,,,,,1,0,0,1,0,0,0,0,0,1,0,0,1,0,0,1,0,0,0,1,0,0,0,0,6
F17_352,F17,pre,I consent.,1,4,2,3,2,2,21,Asian,0,0,Transfer,Alien Temporary,"Korea, Republic of","$45,000-64,999",,85 - 89.9,89,3.22,,,1120,650,470,510,8,1120,,,,,,,,,,,,,,,,,,,,,,1,1,1,0,0,0,0,1,1,1,0,0,0,0,1,1,0,1,0,0,0,1,0,0,10
F17_433,F17,pre,I consent.,1,5,1,4,4,3,20,Asian,0,0,New,Undocumented Alien,"Korea, Republic of",NA,N,95 - 100,99,,7,,1300,670,630,700,9,1300,,,,,,,,,,,,,,,,,,,,,,1,1,0,1,1,0,1,1,1,1,0,0,1,1,1,1,0,1,1,1,0,1,0,0,16
F17_275,F17,pre,I consent.,1,5,1,5,5,3,21,White,0,0,New,Native,United States,NA,N,95 - 100,96,,4,,1310,640,670,730,10,1310,,,,,,,,,,,,,,,,,,,,,,0,0,0,0,1,0,0,1,1,0,0,0,1,0,0,1,0,1,1,0,1,0,0,0,8
F17_421,F17,pre,I consent.,2,4,1,5,5,2,21,Asian,1,0,Transfer,Native,United States,NA,,90 - 94.9,90,3.43,5,,1160,590,570,650,8,1160,,,,,,,,,,,,,,,,,,,,,,0,1,0,0,0,0,0,0,0,1,0,0,0,0,0,0,0,0,0,1,0,0,1,0,4
F17_162,F17,pre,I consent.,1,5,1,4,4,3,21,Asian,0,0,New,Native,United States,NA,N,95 - 100,99,,5,,1410,740,670,720,8,1410,,,,,,,,,,,,,,,,,,,,,,1,0,1,1,1,0,0,1,1,1,1,1,1,1,1,1,1,1,1,1,1,1,1,0,20
F17_398,F17,pre,I consent.,1,5,2,4,4,3,21,Asian,0,1,New,Alien Permanent,Sri Lanka,NA,Y,95 - 100,95,,5,,1200,720,480,630,9,1200,,,,,,,,,,,,,,,,,,,,,,0,1,0,1,0,0,0,0,0,1,0,0,1,0,0,1,0,0,0,1,0,0,0,0,6
F17_362,F17,pre,I consent.,2,5,1,4,4,0,20,Asian,0,1,New,Native,United States,NA,Y,90 - 94.9,94,,5,,1350,720,630,680,9,1350,,,,,,,,,,,,,,,,,,,,,,1,1,1,0,1,0,1,1,1,1,1,1,1,1,1,1,1,0,1,0,1,1,1,1,20
F17_062,F17,pre,I consent.,2,5,1,5,5,3,21,White,1,0,New,Native,United States,NA,Y,95 - 100,99,,,,1590,740,800,780,11,1540,,,,,,,,,,,,,,,,,,,,,,1,0,0,1,1,0,1,1,1,1,0,0,0,0,0,1,0,0,1,0,1,0,0,1,11
F17_278,F17,pre,I consent.,1,5,1,5,5,3,21,White,1,1,New,Native,United States,NA,Y,90 - 94.9,93,,5,,1480,680,720,750,,1400,,,,,,,,,,,,,,,,,,,,,,1,1,1,1,1,0,1,1,1,1,0,0,1,1,1,0,0,1,1,1,1,0,0,1,17
F17_368,F17,pre,I consent.,2,5,1,4,4,0,20,White,1,0,New,Native,United States,NA,N,95 - 100,96,,,,1270,650,620,650,9,1270,,,,,,,,,,,,,,,,,,,,,,1,1,1,1,1,0,1,1,1,1,1,0,0,1,1,1,1,1,1,1,1,0,0,1,19
F17_424,F17,pre,I consent.,3,6,1,,3,0,,White,0,0,Transfer,Native,United States,NA,,NA,,,,,,,,,,,,,,,,,,,,,,,,,,,,,,,,1,1,0,0,1,0,0,1,0,1,1,0,0,1,0,1,0,1,0,1,1,0,1,1,13
F17_170,F17,pre,I consent.,2,5,2,4,4,3,21,White,0,0,New,Naturalized,Unknown,NA,Y,95 - 100,99,,8,,1370,700,670,670,8,1370,,,,,,,,,,,,,,,,,,,,,,1,1,1,0,1,0,0,1,1,1,1,1,0,1,1,1,0,0,1,0,1,0,0,1,15
F17_252,F17,pre,I consent.,2,5,1,3,3,0,21,Hispanic of any race,1,0,New,Native,United States,NA,N,95 - 100,97,4,,,1110,580,530,440,8,1110,,,,,,,,,,,,,,,,,,,,,,1,0,0,1,0,0,0,0,0,1,0,0,1,0,0,1,0,0,0,1,0,0,0,0,6
F17_060,F17,pre,I consent.,1,5,1,3,3,0,21,Asian,0,1,Transfer,Native,United States,"$15,000-29,999",Y,Unknown,,3.4,,,1030,570,460,540,9,1030,,,,,,,,,,,,,,,,,,,,,,0,0,0,0,1,0,0,0,1,1,0,1,1,0,0,0,0,0,0,0,0,0,0,1,6
F17_036,F17,pre,I consent.,2,5,1,5,5,3,21,Asian,0,0,New,Native,United States,NA,N,90 - 94.9,94,,6,,1390,690,680,650,9,1370,,,,,,,,,,,,,,,,,,,,,,0,1,1,1,1,0,0,0,0,1,0,0,1,0,0,1,0,1,0,0,1,0,0,0,9
F17_321,F17,pre,I consent.,2,5,1,1,1,1,21,Asian,0,1,New,Native,United States,NA,Y,90 - 94.9,91,,6,,1250,770,480,520,6,1250,,,,,,,,,,,,,,,,,,,,,,0,1,0,0,0,0,0,1,0,0,1,0,0,1,0,0,0,0,0,1,0,0,0,0,5
F17_454,F17,pre,I consent.,1,5,3,3,4,3,21,Asian,0,1,New,Native,United States,NA,Y,95 - 100,97,,9,,1320,,,,,,,,,,,,,,,,,,,,,,,,,,,1,1,1,1,1,0,0,1,0,1,1,0,0,0,1,1,0,1,1,1,1,1,0,1,16
F17_314,F17,pre,I consent.,2,5,1,5,5,2,21,,0,0,New,Native,United States,NA,Y,95 - 100,96,,5,,1210,580,630,580,8,1210,,,,,,,,,,,,,,,,,,,,,,1,1,1,1,1,0,1,1,1,1,1,0,1,1,1,1,1,1,1,1,1,1,1,1,22
F17_006,F17,pre,I consent.,1,4,1,5,4,0,20,Black/African American,1,0,Transfer,Alien Temporary,Nigeria,NA,N,85 - 89.9,89,,2.5,,1120,620,500,570,8,1120,,,,,,,,,,,,,,,,,,,,,,1,1,1,0,0,0,0,0,1,1,1,0,0,0,1,1,1,1,0,0,1,1,1,0,13
F17_345,F17,pre,I consent.,2,5,3,3,3,3,21,Hispanic of any race,0,0,New,Native,United States,NA,N,95 - 100,99,,,,1280,670,610,720,9,1280,,,,,,,,,,,,,,,,,,,,,,0,0,0,1,0,1,0,1,0,1,0,1,0,0,0,0,0,0,0,1,1,0,0,0,7
F17_299,F17,pre,I consent.,2,5,1,5,5,3,20,,1,1,Transfer,Native,United States,"$65,000-84,999",,80 - 84.9,84,2.95,,,1220,650,570,500,7,1220,,,,,,,,,,,,,,,,,,,,,,1,1,1,1,1,0,0,1,1,1,1,1,1,1,1,1,1,1,0,0,0,1,1,1,19
F17_079,F17,pre,I consent.,3,2,2,5,4,2,21,Asian,1,0,New,Alien Temporary,"Korea, Republic of","$185,000+",,Unknown,,,5,,1480,800,680,700,11,1480,,,,,,,,,,,,,,,,,,,,,,1,0,0,1,0,0,0,1,1,1,0,1,0,0,1,0,1,1,0,0,1,0,0,0,10
F17_403,F17,pre,I consent.,1,5,1,5,4,3,21,,0,0,New,Alien Temporary,Guya,NA,,90 - 94.9,90,,,,1170,570,600,630,9,1170,,,,,,,,,,,,,,,,,,,,,,1,1,1,1,1,1,1,1,1,1,1,1,1,1,1,1,1,1,1,1,1,1,1,1,24
F17_342,F17,pre,I consent.,1,5,1,3,3,0,21,Asian,0,0,New,Native,United States,NA,N,90 - 94.9,92,,4,,1150,620,530,560,9,1150,,,,,,,,,,,,,,,,,,,,,,0,0,1,0,0,0,0,0,0,1,0,1,1,1,0,1,0,0,0,1,1,0,0,1,9
F17_238,F17,pre,I consent.,1,4,1,4,4,0,20,Black/African American,0,0,Transfer,Naturalized,Unknown,"$45,000-64,999",,Unknown,,3.41,,,990,450,540,540,,990,,,,,,,,,,,,,,,,,,,,,,0,1,1,1,0,0,0,1,0,0,0,0,1,1,0,0,0,1,0,1,0,0,0,0,8
F17_156,F17,pre,I consent.,3,5,1,5,,3,21,White,0,0,New,Native,United States,NA,Y,95 - 100,97,,5,,1210,620,590,530,10,1210,,,,,,,,,,,,,,,,,,,,,,1,1,1,0,0,1,1,1,1,1,0,0,0,0,1,1,0,1,1,1,1,0,0,0,14
F17_160,F17,pre,I consent.,2,5,1,5,5,0,21,Asian,1,1,Transfer,Alien Permanent,India,"$0-14,999",,90 - 94.9,92,3.2,,,970,600,370,380,6,970,,,,,,,,,,,,,,,,,,,,,,0,1,1,0,0,1,0,1,0,1,0,0,1,0,1,0,1,0,1,1,1,0,1,0,12
F17_382,F17,pre,I consent.,1,5,2,4,4,3,22,White,1,0,New,Alien Temporary,Greece,NA,Y,90 - 94.9,90,,6,4,,,,,,,,,,,,,,,,,,,,,,,,,,,,0,1,1,0,1,0,0,0,1,1,0,0,0,1,1,1,0,0,1,1,1,0,0,1,12
F17_228,F17,pre,I consent.,1,5,1,5,,3,21,White,1,0,Transfer,Native,United States,"$45,000-64,999",N,Unknown,,3.66,,,950,470,480,480,8,950,,,,,,,,,,,,,,,,,,,,,,0,0,0,0,0,1,0,0,0,0,0,0,0,0,0,0,0,0,0,0,0,0,0,0,1
F17_272,F17,pre,I consent.,1,5,1,4,5,3,20,Black/African American,0,0,Transfer,Native,United States,NA,,95 - 100,96,4,,,1170,630,540,620,11,1170,,,,,,,,,,,,,,,,,,,,,,1,0,0,0,1,0,0,1,1,1,0,1,0,0,0,1,1,1,0,0,0,0,0,0,9
F17_392,F17,pre,I consent.,2,5,1,5,5,1,21,White,1,0,New,Native,United States,NA,N,90 - 94.9,94,,5,3,1120,,,,,,,,,,,,,,,,,,,,,,,,,,,1,1,1,1,1,0,0,1,1,1,0,0,0,0,0,1,1,1,1,1,0,1,1,0,15
F17_209,F17,pre,I consent.,1,4,1,4,4,2,20,Asian,0,0,Transfer,Naturalized,Unknown,NA,,95 - 100,97,3.9,,,,,,,,,,,,,,,,,,,,,,,,,,,,,,0,0,0,1,0,0,0,1,1,1,0,0,1,0,0,1,0,1,0,1,0,0,0,0,8
F17_016,F17,pre,I consent.,1,5,1,3,4,3,19,Asian,0,0,New,Naturalized,Chi,NA,N,95 - 100,99,,,,1320,,,,,,,,,,,,,,,,,,,,,,,,,,,1,1,0,1,1,0,1,1,1,1,1,0,1,1,0,0,1,1,1,1,0,1,1,0,17
F17_310,F17,pre,I consent.,1,5,2,4,3,3,20,Asian,1,0,New,Alien Permanent,India,NA,N,95 - 100,97,,9,,1530,790,740,740,9,1530,,,,,,,,,,,,,,,,,,,,,,1,0,0,0,0,1,0,1,1,1,0,1,0,0,0,1,0,0,1,1,0,0,0,0,9
F17_071,F17,pre,I consent.,2,3,1,4,4,0,19,Black/African American,1,1,New,Native,United States,"$15,000-29,999",,95 - 100,95,,3,,1200,580,620,630,8,1200,,,,,,,,,,,,,,,,,,,,,,1,1,1,1,1,0,1,1,1,1,1,0,0,0,0,1,1,1,1,1,1,1,1,0,18
F17_054,F17,pre,I consent.,2,4,1,4,3,0,26,White,0,0,Transfer,Native,United States,NA,,75 - 79.9,75,3.1,,,,,,,,,,,,,,,,,,,,,,,,,,,,,,1,1,1,1,1,1,1,1,1,1,1,1,1,1,1,1,0,1,1,1,1,1,1,1,23
F17_442,F17,pre,I consent.,1,5,1,5,5,3,20,White,0,0,New,Native,United States,"$45,000-64,999",,95 - 100,95,3.86,4,,1210,630,580,480,8,1210,,,,,,,,,,,,,,,,,,,,,,1,0,0,0,0,0,0,0,1,1,0,0,1,0,0,0,0,1,0,0,1,0,0,0,6
F17_235,F17,pre,I consent.,2,5,1,5,5,0,28,White,1,1,Transfer,Native,United States,"$30,000-44,999",,80 - 84.9,81,3.6,,,,,,,,,,,,,,,,,,,,,,,,,,,,,,1,1,1,1,1,1,1,1,1,1,1,0,0,1,1,1,0,0,1,1,1,1,1,1,20
F17_367,F17,pre,I consent.,1,5,1,4,4,3,19,Asian,0,1,New,Native,United States,"$0-14,999",,95 - 100,97,,5,,1350,710,610,610,8,1320,,,,,,,,,,,,,,,,,,,,,,1,0,1,1,1,0,0,1,1,1,0,0,1,0,0,0,0,1,1,1,1,0,1,0,13
F17_155,F17,pre,I consent.,2,5,1,,4,0,23,Hispanic of any race,0,1,Transfer,Native,United States,NA,,85 - 89.9,86,3.2,2,,,,,,,,,,,,,,,,,,,,,,,,,,,,,1,1,0,0,0,0,0,0,1,1,0,0,0,0,0,0,0,1,0,1,1,0,0,0,7
F17_309,F17,pre,I consent.,1,4,1,5,5,2,19,Black/African American,0,1,New,Native,United States,NA,N,95 - 100,96,,5,,1320,,,,,,,,,,,,,,,,,,,,,,,,,,,1,1,1,1,1,0,0,0,1,1,1,0,1,0,1,1,1,1,1,0,1,1,1,0,17
F17_303,F17,pre,I consent.,2,4,1,5,5,0,19,White,0,0,New,Native,United States,NA,N,90 - 94.9,93,4,3,,1060,540,520,570,10,1060,,,,,,,,,,,,,,,,,,,,,,1,1,1,1,0,1,0,1,1,1,1,1,1,0,1,1,0,0,0,1,0,1,0,0,15
F17_050,F17,pre,I consent.,1,3,2,4,3,2,20,White,1,0,Transfer,Naturalized,Unknown,NA,N,80 - 84.9,80,3.5,,,980,520,460,440,8,980,,,,,,,,,,,,,,,,,,,,,,1,1,0,0,1,0,0,1,1,1,0,1,1,1,1,1,0,1,0,1,1,0,0,1,15
F17_102,F17,pre,I consent.,1,4,1,5,5,3,20,Asian,0,0,New,Native,United States,NA,N,95 - 100,97,,5,,1240,600,620,680,10,1220,,,,,,,,,,,,,,,,,,,,,,1,1,1,0,1,0,0,1,1,1,0,0,0,1,1,1,1,0,1,0,1,1,0,1,15
F17_064,F17,pre,I consent.,2,3,1,4,4,0,20,White,0,0,Transfer,Native,United States,"$65,000-84,999",,85 - 89.9,89,3.6,3,,,,,,,,,,,,,,,,,,,,,,,,,,,,,1,1,0,1,0,0,0,0,0,1,0,0,0,1,0,1,0,0,0,1,1,0,0,0,8
F17_201,F17,pre,I consent.,1,4,1,5,5,3,20,White,1,0,New,Native,United States,NA,N,95 - 100,97,,4,,1200,,,,,,,,,,,,,,,,,,,,,,,,,,,1,1,1,1,1,1,0,1,1,1,0,1,1,1,0,1,0,1,0,1,1,0,0,0,16
F17_095,F17,pre,I consent.,1,4,2,4,3,3,22,Asian,1,1,New,Alien Permanent,"Korea, Republic of",NA,N,90 - 94.9,90,,,,1480,800,560,680,8,1360,,,,,,,,,,,,,,,,,,,,,,0,1,1,0,1,0,0,1,1,1,1,1,0,1,1,1,0,0,1,0,0,1,0,0,13
F17_439,F17,pre,I consent.,3,5,1,5,5,2,20,,0,1,New,Native,United States,NA,N,95 - 100,95,3.93,2,,1390,580,720,640,10,1300,,,,,,,,,,,,,,,,,,,,,,1,0,0,0,0,0,0,1,1,1,0,0,1,0,0,0,1,0,0,1,0,0,0,0,7
F17_239,F17,pre,I consent.,2,5,1,4,4,3,20,White,1,0,New,Native,United States,NA,N,90 - 94.9,94,,3,,1290,620,670,680,10,1290,,,,,,,,,,,,,,,,,,,,,,1,1,0,1,1,0,0,0,0,1,0,0,1,0,0,1,0,1,1,1,1,0,0,1,12
F17_434,F17,pre,I consent.,2,4,1,4,4,2,20,White,0,0,New,Native,United States,NA,,95 - 100,98,,3,,1220,610,610,600,9,1220,,,,,,,,,,,,,,,,,,,,,,1,1,0,0,0,1,0,1,0,0,0,1,0,0,0,0,1,0,0,0,0,0,0,0,6
F17_380,F17,pre,I consent.,1,4,1,5,5,2,20,White,0,0,New,Native,United States,NA,N,85 - 89.9,85,,3,,1140,560,580,560,8,1140,,,,,,,,,,,,,,,,,,,,,,1,1,0,0,0,0,0,0,0,1,1,0,0,0,0,1,0,0,0,0,0,0,0,1,6
F17_247,F17,pre,I consent.,1,4,2,5,5,3,20,White,1,1,New,Alien Permanent,Russian Federation,"$0-14,999",,85 - 89.9,85,,5,,1010,500,510,470,6,1010,,,,,,,,,,,,,,,,,,,,,,0,1,1,0,0,0,0,1,0,0,0,1,0,0,0,0,1,0,1,0,0,0,0,1,7
F17_416,F17,pre,I consent.,1,5,1,5,,3,20,Hispanic of any race,1,1,New,Native,United States,"$0-14,999",,95 - 100,95,,3,,1160,590,570,570,9,1160,,,,,,,,,,,,,,,,,,,,,,0,1,0,1,0,0,0,1,1,1,0,0,1,0,1,1,0,1,0,1,1,1,0,0,12
F17_417,F17,pre,I consent.,2,5,3,2,2,2,23,Hispanic of any race,0,1,Transfer,Native,United States,"$30,000-44,999",,90 - 94.9,92,3.6,,,,,,,,,,,,,,,,,,,,,,,,,,,,,,1,1,1,1,1,1,1,1,1,1,1,0,1,1,1,1,1,1,1,1,1,1,1,0,22
F17_429,F17,pre,I consent.,1,5,1,4,4,3,20,Asian,0,1,New,Native,United States,"$15,000-29,999",,95 - 100,99,,,,1390,,,,,,,,,,,,,,,,,,,,,,,,,,,1,1,1,1,1,0,0,1,1,1,1,0,1,0,0,1,1,1,1,1,1,0,0,1,17
F17_295,F17,pre,I consent.,3,4,1,5,4,0,20,White,1,0,New,Native,United States,NA,N,90 - 94.9,92,,5,,1160,570,570,580,9,1140,,,,,,,,,,,,,,,,,,,,,,0,0,0,1,0,0,0,1,0,0,0,0,1,0,0,0,0,1,0,1,0,0,0,0,5
F17_452,F17,pre,I consent.,1,5,2,1,1,3,19,Asian,1,1,New,Native,United States,NA,N,95 - 100,97,,,,1430,800,630,570,8,1430,,,,,,,,,,,,,,,,,,,,,,1,0,1,1,1,0,0,0,1,1,0,1,0,0,0,0,0,1,0,0,0,1,1,1,11
F17_232,F17,pre,I consent.,2,4,2,5,5,0,20,Hispanic of any race,0,1,New,Naturalized,Unknown,"$15,000-29,999",,95 - 100,99,,4,,1020,500,520,540,10,1020,,,,,,,,,,,,,,,,,,,,,,1,1,1,1,1,1,1,1,1,1,1,1,1,1,1,1,1,1,1,1,1,1,1,1,24
F17_378,F17,pre,I consent.,1,5,2,5,5,3,19,Asian,0,0,Other,Naturalized,India,NA,N,90 - 94.9,92,,2.5,,1410,,,,,,,,,,,,,,,,,,,,,,,,,,,0,1,1,0,1,0,0,1,1,1,0,1,0,0,0,1,0,0,0,1,0,1,1,0,11
F17_461,F17,pre,I consent.,2,4,1,5,5,0,20,Asian,0,1,New,Naturalized,Unknown,"$15,000-29,999",,90 - 94.9,92,,3,,1240,610,630,680,9,1240,,,,,,,,,,,,,,,,,,,,,,1,0,1,0,0,0,0,0,0,1,0,0,0,0,1,1,0,0,0,0,1,0,0,0,6
F17_302,F17,pre,I consent.,1,5,1,4,4,3,20,White,0,0,New,Native,United States,NA,N,95 - 100,99,,5,,1530,770,760,720,10,1530,,,,,,,,,,,,,,,,,,,,,,1,0,1,0,1,0,0,1,1,1,1,1,0,1,1,1,0,1,1,1,1,1,1,1,18
F17_227,F17,pre,I consent.,1,4,2,4,4,2,19,White,0,1,Transfer,Native,United States,"$30,000-44,999",,85 - 89.9,85,3.3,,,930,500,430,410,6,930,,,,,,,,,,,,,,,,,,,,,,0,1,0,1,0,0,0,0,1,1,0,0,1,0,1,1,0,1,0,0,0,0,0,0,8
F17_168,F17,pre,I consent.,3,4,1,,4,0,21,Asian,1,0,New,Naturalized,Unknown,NA,N,90 - 94.9,91,,5,,1320,,,,,,,,,,,,,,,,,,,,,,,,,,,0,0,0,1,0,0,0,0,0,0,0,0,0,1,1,1,0,0,0,0,0,0,0,0,4
F17_063,F17,pre,I consent.,1,5,1,5,3,3,20,Asian,1,0,New,Naturalized,Unknown,NA,N,85 - 89.9,89,,,,1390,660,630,520,8,1290,,,,,,,,,,,,,,,,,,,,,,1,1,0,1,1,0,0,1,1,1,1,1,1,1,1,1,0,1,1,1,1,1,0,0,18
F17_088,F17,pre,I consent.,2,4,1,2,2,0,20,Asian,0,1,New,Native,United States,Family receives payments from a NY county Department of Social Services,,90 - 94.9,90,,2.5,,1320,640,600,570,9,1240,,,,,,,,,,,,,,,,,,,,,,0,0,1,0,0,0,0,1,0,1,0,0,1,0,0,1,0,1,0,1,1,0,0,0,8
F17_307,F17,pre,I consent.,1,4,2,4,4,3,20,Hispanic of any race,1,1,New,Native,United States,NA,Y,90 - 94.9,93.1,,4,,1070,590,480,460,8,1070,,,,,,,,,,,,,,,,,,,,,,1,0,1,1,1,0,0,0,1,0,0,1,1,1,0,1,0,1,0,0,0,0,0,0,10
F17_468,F17,pre,I consent.,1,4,1,4,4,1,20,Asian,0,1,Other,Native,United States,"$15,000-29,999",Y,Unknown,,3.42,,,1220,540,590,580,8,1130,,,,,,,,,,,,,,,,,,,,,,1,1,1,1,0,1,0,1,1,1,0,0,1,0,0,1,0,1,1,0,0,0,0,0,12
F17_273,F17,pre,I consent.,1,4,1,4,4,3,20,White,1,1,New,Native,United States,NA,N,95 - 100,99,,7,,1240,650,550,600,10,1200,,,,,,,,,,,,,,,,,,,,,,1,1,1,1,1,1,1,1,1,1,1,1,1,1,1,1,1,1,1,1,1,1,1,1,24
F17_426,F17,pre,I consent.,2,5,1,5,5,0,20,Asian,1,1,New,Native,United States,NA,N,95 - 100,99,,5,,1200,620,580,610,8,1200,,,,,,,,,,,,,,,,,,,,,,0,1,0,1,0,0,0,0,0,1,0,0,1,0,0,1,0,0,0,1,0,0,0,0,6
F17_215,F17,pre,I consent.,2,4,1,2,2,3,19,Black/African American,1,0,Other,Alien Permanent,Kenya,NA,,95 - 100,95,,3,,1200,590,610,600,8,1200,,,,,,,,,,,,,,,,,,,,,,1,1,0,1,1,0,1,1,0,0,0,0,0,0,0,1,0,0,0,1,0,1,0,1,10
F17_266,F17,pre,I consent.,2,4,2,2,2,0,20,Asian,0,0,New,Alien Temporary,"Taiwan, Province of Chi",NA,N,95 - 100,95,,,2,,,,,,,,,,,,,,,,,,,,,,,,,,,,1,1,1,1,0,0,0,1,1,1,1,0,1,0,1,0,0,0,0,1,0,0,0,1,12
F17_410,F17,pre,I consent.,1,4,1,5,5,3,20,White,1,0,New,Native,United States,NA,N,90 - 94.9,92,,5,,1230,610,620,550,10,1230,,,,,,,,,,,,,,,,,,,,,,0,1,1,1,1,0,0,1,1,1,0,1,1,0,1,1,0,1,1,1,1,0,1,1,17
F17_219,F17,pre,I consent.,2,4,1,5,5,0,20,White,0,0,Transfer,Native,United States,NA,Y,NA,,3.24,,,1250,580,670,650,10,1250,,,,,,,,,,,,,,,,,,,,,,1,0,1,0,0,0,0,1,1,1,1,0,1,0,1,1,0,0,0,1,0,1,0,0,11
F17_004,F17,pre,I consent.,1,4,1,3,3,3,20,Black/African American,0,1,New,Naturalized,Unknown,"$15,000-29,999",,90 - 94.9,92,,4,,1060,560,500,500,8,1060,,,,,,,,,,,,,,,,,,,,,,1,1,0,0,0,0,0,0,0,1,0,0,1,0,0,0,0,0,0,1,1,0,0,0,6
F17_360,F17,pre,I consent.,3,3,,2,2,1,20,Asian,1,1,New,Native,United States,"$45,000-64,999",,90 - 94.9,90,,5,,1310,730,580,480,7,1310,,,,,,,,,,,,,,,,,,,,,,0,1,1,0,0,0,0,0,1,1,0,1,1,1,0,1,0,1,0,1,1,0,0,1,12
F17_453,F17,pre,I consent.,1,4,2,3,1,3,20,Asian,0,1,Other,Alien Permanent,Chi,"$15,000-29,999",,90 - 94.9,91,,8,,1250,650,390,400,8,1040,,,,,,,,,,,,,,,,,,,,,,0,0,0,1,1,0,0,1,0,1,0,0,1,0,0,1,0,0,0,1,0,0,0,1,8
F17_301,F17,pre,I consent.,1,5,1,4,4,3,20,Hispanic of any race,0,0,New,Native,United States,NA,Y,95 - 100,95,,,,1320,,,,,,,,,,,,,,,,,,,,,,,,,,,1,0,1,0,1,0,0,1,1,1,0,0,1,0,1,0,1,0,1,0,1,0,1,0,12
F17_375,F17,pre,I consent.,1,5,1,5,5,3,20,Asian,0,1,New,Naturalized,Unknown,NA,N,95 - 100,96,,4,,1390,,,,,,,,,,,,,,,,,,,,,,,,,,,0,1,0,0,0,0,0,0,0,1,1,0,1,0,1,1,0,0,0,0,0,0,1,0,7
F17_264,F17,pre,I consent.,1,4,1,5,4,3,19,Asian,1,0,New,Native,United States,NA,N,90 - 94.9,94,,,,1390,670,660,700,8,1330,,,,,,,,,,,,,,,,,,,,,,1,1,1,1,0,0,1,1,1,1,0,0,1,1,1,1,0,0,0,1,1,1,0,0,15
F17_467,F17,pre,I consent.,1,5,2,2,2,3,20,Asian,0,1,New,Native,United States,NA,Y,95 - 100,95,,7,,1360,700,660,710,9,1360,,,,,,,,,,,,,,,,,,,,,,1,1,0,0,1,0,0,0,1,1,0,0,1,1,0,0,0,0,0,0,1,0,0,1,9
F17_438,F17,pre,I consent.,2,4,1,4,4,3,20,Black/African American,1,1,New,Native,United States,"$30,000-44,999",,90 - 94.9,92,,3,,1160,620,540,440,6,1160,,,,,,,,,,,,,,,,,,,,,,1,1,0,1,0,0,0,0,0,1,0,0,1,0,0,1,1,1,0,1,0,0,0,1,10
F17_370,F17,pre,I consent.,2,4,2,3,3,0,21,Asian,1,0,New,Alien Temporary,Chi,NA,N,85 - 89.9,88,,,,1080,,,,,,,,,,,,,,,,,,,,,,,,,,,0,1,0,1,0,0,0,0,1,1,0,0,1,0,1,0,0,0,0,1,0,0,0,1,8
F17_014,F17,pre,I consent.,1,4,1,3,3,3,20,White,0,0,Other,Native,United States,NA,Y,90 - 94.9,93,,4,,1410,660,680,630,7,1340,,,,,,,,,,,,,,,,,,,,,,1,0,0,0,1,0,0,1,0,0,0,1,0,1,0,0,0,0,0,1,0,0,0,1,7
F17_447,F17,pre,I consent.,1,4,1,5,5,3,19,Asian,0,1,New,Native,United States,NA,Y,90 - 94.9,91,4,5,,1390,750,640,620,8,1390,,,,,,,,,,,,,,,,,,,,,,1,1,0,1,0,0,0,0,1,1,0,0,1,0,0,1,0,1,0,1,1,0,0,0,10
F17_185,F17,pre,I consent.,1,5,1,5,5,3,19,Asian,1,0,New,Naturalized,Unknown,NA,N,95 - 100,99,,8,,1490,790,700,710,10,1490,,,,,,,,,,,,,,,,,,,,,,0,0,0,1,1,1,0,0,1,1,0,0,1,1,0,1,0,0,0,1,0,0,0,0,9
F17_339,F17,pre,I consent.,1,4,2,5,5,2,20,Asian,0,1,New,Native,United States,NA,Y,85 - 89.9,88,,4,,1320,640,680,670,10,1320,,,,,,,,,,,,,,,,,,,,,,0,1,1,0,0,0,0,1,1,0,0,0,0,0,0,1,0,0,0,0,0,0,0,1,6
F17_133,F17,pre,I consent.,2,5,1,4,4,1,20,White,1,0,New,Native,United States,NA,Y,95 - 100,96,,9,,1430,770,660,610,8,1430,,,,,,,,,,,,,,,,,,,,,,1,1,1,0,1,0,0,1,1,1,1,1,0,1,1,1,0,0,1,1,1,1,1,1,18
F17_126,F17,pre,I consent.,1,4,2,5,5,2,19,Asian,0,1,Other,Naturalized,Chi,NA,N,90 - 94.9,93,,9,,1410,,,,,,,,,,,,,,,,,,,,,,,,,,,1,1,0,0,0,0,0,1,1,1,1,0,1,1,1,1,0,0,1,0,0,1,0,1,13
F17_092,F17,pre,I consent.,1,5,1,5,5,3,20,Asian,0,0,New,Native,United States,NA,Y,90 - 94.9,90,,3,,1380,700,680,670,10,1380,,,,,,,,,,,,,,,,,,,,,,1,1,1,1,1,1,0,1,1,1,1,0,1,1,1,1,0,1,1,1,1,1,0,1,20
F17_105,F17,pre,I consent.,1,4,1,3,3,3,20,Asian,0,1,Other,Native,United States,NA,Y,85 - 89.9,89,,4,,1360,690,670,700,9,1360,,,,,,,,,,,,,,,,,,,,,,1,1,0,0,1,0,1,1,1,1,0,0,0,0,1,1,0,1,1,1,0,0,0,0,12
F17_158,F17,pre,I consent.,2,4,3,4,4,3,19,Asian,0,0,New,Native,United States,NA,N,95 - 100,99,,,,1480,,,,,,,,,,,,,,,,,,,,,,,,,,,1,1,1,1,0,1,0,1,1,1,0,0,1,1,0,0,0,1,0,1,1,1,0,0,14
F17_212,F17,pre,I consent.,1,5,1,5,5,3,20,Black/African American,1,0,New,Native,United States,NA,Y,95 - 100,96,,,,1170,590,580,550,,1170,,,,,,,,,,,,,,,,,,,,,,1,1,1,1,1,1,0,1,1,1,1,1,1,0,1,1,0,1,1,1,1,1,1,0,20
F17_270,F17,pre,I consent.,1,5,1,3,3,3,20,Asian,0,1,New,Alien Permanent,"Korea, Republic of",NA,N,90 - 94.9,93,,,,1480,,,,,,,,,,,,,,,,,,,,,,,,,,,1,1,1,1,1,0,0,1,1,1,1,0,1,1,1,1,0,0,0,1,1,0,0,1,16
F17_441,F17,pre,I consent.,1,4,1,4,4,3,20,White,0,1,Other,Native,United States,NA,N,90 - 94.9,93,,4,,1330,650,680,710,9,1330,,,,,,,,,,,,,,,,,,,,,,1,1,0,0,1,1,0,1,1,1,1,0,1,1,1,1,1,1,1,1,1,1,1,1,20
F17_334,F17,pre,I consent.,1,4,2,3,3,3,20,Asian,1,1,New,Alien Permanent,"Korea, Republic of",NA,Y,95 - 100,96,,4,,1410,750,660,670,8,1410,,,,,,,,,,,,,,,,,,,,,,1,1,0,1,1,1,0,0,1,1,0,0,1,0,0,1,0,1,0,0,0,0,0,0,10
F17_338,F17,pre,I consent.,1,3,1,5,5,2,20,Asian,0,1,Transfer,Native,United States,"$30,000-44,999",Y,Unknown,,3.46,,,1140,580,560,580,10,1140,,,,,,,,,,,,,,,,,,,,,,1,1,1,1,1,1,1,1,1,1,0,1,1,1,1,1,1,1,1,1,1,1,1,1,23
F17_103,F17,pre,I consent.,2,4,1,4,3,0,20,Asian,1,0,New,Native,United States,NA,Y,90 - 94.9,91,,4,,1280,610,610,470,6,1220,,,,,,,,,,,,,,,,,,,,,,1,1,1,1,1,0,0,1,1,1,1,0,0,1,1,1,0,0,0,0,1,0,1,1,15
F17_039,F17,pre,I consent.,2,4,1,5,5,0,20,White,1,1,New,Native,United States,"$15,000-29,999",,90 - 94.9,91,,6,,1530,730,800,740,8,1530,,,,,,,,,,,,,,,,,,,,,,0,1,0,1,1,0,1,1,1,1,0,1,0,1,0,1,0,1,0,1,0,1,0,0,13
F17_387,F17,pre,I consent.,1,4,1,2,3,3,20,Asian,0,1,New,Native,United States,NA,Y,95 - 100,95,,4,,1280,650,580,590,9,1230,,,,,,,,,,,,,,,,,,,,,,0,0,1,0,0,0,1,0,0,1,0,0,1,0,0,0,0,0,0,1,1,0,0,0,6
F17_425,F17,pre,I consent.,1,5,1,3,3,3,19,White,0,0,New,Native,United States,NA,N,95 - 100,99,,7,,1320,670,650,570,6,1320,,,,,,,,,,,,,,,,,,,,,,1,1,1,0,0,0,0,0,1,0,0,1,1,0,0,1,0,1,0,0,1,0,0,0,9
F17_024,F17,pre,I consent.,1,4,1,3,3,3,20,Asian,1,1,New,Alien Permanent,Philippines,NA,N,90 - 94.9,92,,3,,1290,700,590,600,8,1290,,,,,,,,,,,,,,,,,,,,,,1,1,1,1,0,0,0,0,1,1,0,0,0,0,1,1,0,0,0,1,0,0,0,0,9
F17_443,F17,pre,I consent.,1,5,2,5,5,3,20,White,1,0,New,Native,United States,NA,N,90 - 94.9,94,,,,1460,800,660,720,10,1460,,,,,,,,,,,,,,,,,,,,,,1,1,0,1,0,0,1,1,1,1,1,1,0,1,1,1,1,0,0,0,1,0,1,1,16
F17_356,F17,pre,I consent.,2,4,2,2,1,0,20,Asian,0,0,New,Alien Temporary,Chi,NA,N,85 - 89.9,86,,,1,1150,740,410,470,,1150,,,,,,,,,,,,,,,,,,,,,,0,1,0,1,0,1,0,0,1,0,0,0,0,0,1,1,0,0,0,0,1,0,0,0,7
F17_142,F17,pre,I consent.,2,4,2,5,4,0,20,Hispanic of any race,1,1,Transfer,Native,United States,NA,Y,NA,,3.5,,,1150,,,,,,,,,,,,,,,,,,,,,,,,,,,1,1,0,1,0,1,0,0,1,1,0,0,0,0,0,1,0,0,0,0,1,0,0,0,8
F17_153,F17,pre,I consent.,3,4,1,4,5,1,21,White,0,0,New,Native,United States,NA,N,95 - 100,95,,,,1350,650,660,700,,1310,,,,,,,,,,,,,,,,,,,,,,1,1,1,1,1,1,1,1,1,1,1,0,1,1,1,1,1,1,1,1,1,1,1,0,22
F17_257,F17,pre,I consent.,1,4,1,5,5,3,20,White,1,1,New,Native,United States,NA,Y,90 - 94.9,94,,4,,1320,620,590,570,,1210,,,,,,,,,,,,,,,,,,,,,,1,0,0,0,1,0,0,1,1,1,1,1,1,1,1,1,1,1,1,1,0,0,0,0,15
F17_348,F17,pre,I consent.,1,5,2,5,5,3,20,Asian,1,0,New,Native,United States,NA,N,90 - 94.9,94,,9,,1550,750,800,680,8,1550,,,,,,,,,,,,,,,,,,,,,,1,1,0,1,1,0,0,1,1,0,0,0,1,0,0,1,1,0,0,0,0,1,0,1,11
F17_430,F17,pre,I consent.,2,4,1,5,4,3,20,White,1,0,New,Native,United States,NA,N,90 - 94.9,92,,3,,1350,600,590,530,9,1190,,,,,,,,,,,,,,,,,,,,,,0,1,1,1,1,0,0,1,1,1,0,1,0,1,0,1,1,1,1,0,1,0,0,0,14
F17_397,F17,pre,I consent.,1,5,1,5,5,3,20,Asian,1,1,New,Native,United States,NA,N,95 - 100,95,,6,,1320,670,580,640,9,1250,,,,,,,,,,,,,,,,,,,,,,0,0,0,0,0,0,0,0,0,0,0,0,0,0,0,0,0,0,0,0,1,0,0,0,1
F17_143,F17,pre,I consent.,1,4,1,5,5,3,20,Asian,1,0,New,Naturalized,Unknown,NA,N,90 - 94.9,94,,5,,1390,710,680,760,11,1390,,,,,,,,,,,,,,,,,,,,,,0,0,0,0,0,0,1,1,0,0,0,0,0,0,0,0,1,0,1,0,0,1,0,0,5
F17_263,F17,pre,I consent.,1,4,1,4,4,3,18,Asian,0,1,New,Native,United States,NA,N,95 - 100,95,,4,,1270,650,620,660,8,1270,,,,,,,,,,,,,,,,,,,,,,0,1,0,1,0,0,1,0,0,1,0,1,0,1,0,1,1,0,0,1,1,1,0,0,11
F17_331,F17,pre,I consent.,2,4,2,5,5,0,20,Asian,1,1,New,Native,United States,NA,Y,85 - 89.9,89,,4,,1360,660,700,620,8,1360,,,,,,,,,,,,,,,,,,,,,,1,0,0,1,1,0,0,0,1,1,0,0,1,1,0,1,0,1,1,0,0,0,0,0,10
F17_423,F17,pre,I consent.,1,4,1,4,,3,19,White,1,1,New,Native,United States,NA,Y,90 - 94.9,93,,6,,1240,600,560,470,8,1160,,,,,,,,,,,,,,,,,,,,,,0,0,0,0,1,0,0,0,0,1,0,0,1,0,0,1,1,0,0,1,0,0,0,0,6
F17_076,F17,pre,I consent.,1,4,2,5,5,3,20,White,1,0,New,Native,United States,NA,N,90 - 94.9,90,3,,,1380,720,660,640,8,1380,,,,,,,,,,,,,,,,,,,,,,1,1,1,1,1,0,0,1,1,1,1,1,1,1,1,1,0,0,0,1,1,1,0,1,18
F17_300,F17,pre,I consent.,1,4,1,3,3,3,20,Hispanic of any race,1,1,New,Native,United States,NA,Y,95 - 100,95,,3,,1200,600,590,560,9,1190,,,,,,,,,,,,,,,,,,,,,,0,1,0,0,1,1,0,1,1,1,1,1,1,1,0,1,1,0,1,1,1,1,1,1,18
F17_381,F17,pre,I consent.,1,5,1,2,2,3,19,Asian,1,0,New,Native,United States,NA,N,95 - 100,99,,8,,1510,770,740,660,10,1510,,,,,,,,,,,,,,,,,,,,,,0,0,0,0,0,0,0,1,0,0,0,1,0,0,0,0,1,0,0,1,0,0,0,0,4
F17_271,F17,pre,I consent.,1,4,1,5,5,3,20,Asian,0,1,New,Native,United States,NA,N,90 - 94.9,90,,4,,1360,600,760,690,8,1360,,,,,,,,,,,,,,,,,,,,,,0,1,1,1,0,0,0,0,0,0,0,0,1,0,0,0,0,0,0,1,1,0,0,0,6
F17_097,F17,pre,I consent.,2,4,1,5,5,1,19,White,0,1,Transfer,Native,United States,"$30,000-44,999",N,95 - 100,96,4,,,1160,560,600,630,9,1160,,,,,,,,,,,,,,,,,,,,,,1,1,0,0,0,0,0,1,1,1,0,0,1,1,0,1,0,1,0,0,1,1,0,0,11
F17_176,F17,pre,I consent.,1,5,1,,2,3,22,Hispanic of any race,0,0,Other,Native,United States,"$125,000-144,999",,90 - 94.9,93,3.89,2,,,,,,,,,,,,,,,,,,,,,,,,,,,,,1,1,0,0,1,1,0,1,1,1,0,0,1,1,0,1,0,0,0,1,0,0,0,0,11
F17_373,F17,pre,I consent.,2,4,1,5,5,0,20,White,0,0,New,Native,United States,NA,N,85 - 89.9,87,,3,,1310,630,680,500,8,1310,,,,,,,,,,,,,,,,,,,,,,1,0,0,0,0,0,0,1,1,0,0,0,1,0,0,1,0,1,0,1,0,0,0,0,7
F17_041,F17,pre,I consent.,2,4,1,0,0,0,19,White,0,0,Transfer,Native,United States,"105,000-124,999",N,Unknown,,3.2,,,,,,,,,,,,,,,,,,,,,,,,,,,,,,1,1,1,0,1,0,1,1,0,1,0,0,1,0,1,1,0,1,0,0,0,0,0,0,11
F17_149,F17,pre,I consent.,1,4,2,3,4,3,24,White,1,1,Transfer,Naturalized,Venezuela,"$15,000-29,999",,85 - 89.9,87,3.44,2,,,,,,,,,,,,,,,,,,,,,,,,,,,,,0,0,0,0,0,0,0,0,0,1,0,0,0,0,0,1,0,1,0,1,1,0,0,1,6
F17_269,F17,pre,I consent.,1,5,1,4,4,3,21,Asian,1,1,Transfer,Native,United States,NA,,85 - 89.9,87,3.6,,,1130,570,560,480,7,1130,,,,,,,,,,,,,,,,,,,,,,0,0,0,0,0,0,0,0,1,1,0,0,1,1,0,1,0,1,0,0,0,1,0,0,7
F17_393,F17,pre,I consent.,2,4,1,5,5,2,20,Hispanic of any race,0,0,New,Native,United States,NA,N,95 - 100,95,3.92,,,1230,610,620,480,,1230,,,,,,,,,,,,,,,,,,,,,,1,1,1,1,1,0,0,1,1,1,0,0,1,1,1,1,1,1,1,1,1,0,0,0,17
F17_276,F17,pre,I consent.,1,4,1,5,4,2,19,White,1,1,New,Native,United States,NA,N,90 - 94.9,93,,,,1330,650,680,560,10,1330,,,,,,,,,,,,,,,,,,,,,,1,1,1,1,1,0,0,1,1,1,1,0,1,0,1,1,0,1,1,1,1,1,1,1,19
F17_213,F17,pre,I consent.,3,4,3,3,3,0,Rather not answer,Hispanic of any race,0,0,Transfer,Native,United States,NA,,NA,,3.65,2,,,,,,,,,,,,,,,,,,,,,,,,,,,,,0,0,0,0,0,0,0,0,0,1,0,0,1,0,0,0,0,1,0,1,0,0,0,1,5
F17_427,F17,pre,I consent.,2,3,2,4,3,0,20,Asian,1,0,New,Alien Temporary,India,NA,Y,NA,,,3,4,1020,560,460,470,7,1020,,,,,,,,,,,,,,,,,,,,,,1,1,1,1,1,1,1,1,1,1,1,1,0,1,1,0,1,1,0,1,1,1,1,0,20
F17_114,F17,pre,I consent.,1,5,2,2,,2,20,Asian,1,1,Transfer,Native,United States,"$15,000-29,999",,95 - 100,95,3.76,,,1190,620,500,470,8,1120,,,,,,,,,,,,,,,,,,,,,,0,0,1,1,0,0,0,1,0,0,0,0,0,1,0,0,0,0,0,0,1,1,1,1,8
F17_336,F17,pre,I consent.,2,5,1,,4,0,22,White,0,0,Transfer,Native,United States,"$85,000-104,999",,80 - 84.9,81,3.77,2,,,,,,,,,,,,,,,,,,,,,,,,,,,,,0,1,0,1,0,0,0,0,0,1,0,0,1,0,0,1,0,0,0,0,0,0,0,1,6
F17_294,F17,pre,I consent.,1,5,1,4,4,3,21,White,1,0,Transfer,Native,United States,NA,,90 - 94.9,90,3.91,,,,,,,,,,,,,,,,,,,,,,,,,,,,,,0,1,0,0,0,0,0,1,1,1,0,0,1,1,0,0,0,0,0,0,1,1,0,1,9
F17_379,F17,pre,I consent.,1,4,1,5,5,3,18,White,0,0,New,Native,United States,NA,N,95 - 100,96,,,,1480,690,680,650,10,1370,,,,,,,,,,,,,,,,,,,,,,1,0,1,1,0,0,0,1,1,1,0,0,1,1,1,1,1,1,1,0,0,0,0,0,13
F17_297,F17,pre,I consent.,2,4,1,5,5,3,21,White,0,0,Transfer,Native,United States,NA,,90 - 94.9,91,3.54,1,,,,,,,,,,,,,,,,,,,,,,,,,,,,,1,0,0,0,0,0,0,1,0,0,0,0,1,0,0,1,0,1,0,1,0,0,0,0,6
F17_145,F17,pre,I consent.,1,3,1,4,3,2,19,White,0,0,New,Native,United States,NA,N,95 - 100,96,,5,,1290,,,,,,,,,,,,,,,,,,,,,,,,,,,0,1,0,0,1,0,1,1,1,1,0,0,0,1,1,1,0,1,1,1,0,1,0,0,13
F17_385,F17,pre,I consent.,1,3,1,4,5,2,20,Asian,0,0,New,Alien Temporary,India,NA,N,85 - 89.9,85,,3,4,930,500,430,500,9,930,,,,,,,,,,,,,,,,,,,,,,0,0,1,0,0,1,0,1,0,1,0,1,0,0,1,1,0,0,1,1,0,0,0,0,9
F17_365,F17,pre,I consent.,1,5,2,2,1,3,21,Asian,1,0,Transfer,Alien Temporary,Chi,NA,N,NA,,3.06,4,2,,,,,,,,,,,,,,,,,,,,,,,,,,,,1,0,1,1,0,0,1,0,1,1,0,1,1,0,0,1,1,0,0,1,0,0,0,0,11
F17_290,F17,pre,I consent.,2,5,1,5,5,2,20,White,0,1,Transfer,Native,United States,NA,Y,95 - 100,97,,,,1350,,,,,,,,,,,,,,,,,,,,,,,,,,,1,0,1,1,1,0,0,1,1,1,0,0,0,1,1,1,0,0,0,1,0,0,0,0,11
F17_436,F17,pre,I consent.,1,3,2,3,3,3,19,Asian,0,1,New,Naturalized,Unknown,NA,Y,95 - 100,98,,7,,1190,600,590,580,8,1190,,,,,,,,,,,,,,,,,,,,,,0,1,1,1,0,0,0,1,0,1,0,0,1,0,0,0,0,1,0,1,0,0,0,0,8
F17_341,F17,pre,I consent.,2,3,2,3,3,2,21,Asian,1,0,New,Alien Temporary,Japan,"$15,000-29,999",,Unknown,,,,,1220,770,450,420,6,1220,,,,,,,,,,,,,,,,,,,,,,0,0,0,1,0,0,0,0,0,0,0,0,1,0,0,0,0,1,0,1,0,0,0,0,4
F17_032,F17,pre,I consent.,3,2,2,1,1,2,19,Asian,0,0,New,Alien Temporary,Chi,NA,Y,85 - 89.9,87,,3,1.5,,,,,,,,,,,,,,,,,,,,,,,,,,,,1,1,1,1,1,1,1,1,1,1,1,1,1,1,1,1,1,1,1,1,1,1,1,1,24
F17_144,F17,pre,I consent.,3,3,1,5,5,0,19,White,0,0,Transfer,Native,United States,NA,N,95 - 100,95,,,,1350,,,,,,,,,,,,,,,,,,,,,,,,,,,0,0,0,0,0,0,0,0,1,0,0,0,1,0,0,0,1,0,0,1,0,0,0,0,4
F17_210,F17,pre,I consent.,2,3,1,5,5,0,19,White,0,0,New,Native,United States,NA,N,90 - 94.9,91,,5,,1280,640,640,650,10,1280,,,,,,,,,,,,,,,,,,,,,,1,1,1,0,1,0,0,1,1,1,1,1,1,1,1,1,0,0,1,0,0,1,0,0,15
F17_306,F17,pre,I consent.,2,4,1,2,1,1,18,Black/African American,0,0,New,Native,United States,"$45,000-64,999",,95 - 100,98,,3,,1160,610,550,490,8,1160,,,,,,,,,,,,,,,,,,,,,,1,0,0,0,1,1,0,1,1,1,0,0,0,1,0,1,0,0,0,1,1,0,0,0,10
F17_229,F17,pre,I consent.,1,3,2,4,4,0,18,Asian,0,1,Other,Native,United States,NA,Y,90 - 94.9,93,,,,1240,670,570,710,10,1240,,,,,,,,,,,,,,,,,,,,,,1,1,1,1,0,0,0,1,1,1,0,1,1,0,0,1,0,1,0,1,1,1,0,0,14
F17_414,F17,pre,I consent.,1,3,1,5,5,2,19,White,0,0,Other,Native,United States,NA,N,95 - 100,99,,,,1410,630,670,680,11,1300,,,,,,,,,,,,,,,,,,,,,,0,1,0,1,0,1,0,1,1,1,0,0,1,0,1,1,0,0,0,1,0,0,0,0,10
F17_196,F17,pre,I consent.,2,3,2,5,4,0,18,White,0,0,New,Native,United States,NA,Y,95 - 100,95,,3,,1210,660,550,630,,1210,,,,,,,,,,,,,,,,,,,,,,1,1,1,1,1,1,1,1,1,1,1,1,0,1,1,1,1,1,1,1,1,1,1,0,22
F17_164,F17,pre,I consent.,2,3,1,2,3,0,19,White,0,0,New,Native,United States,NA,Y,90 - 94.9,92,,3,,950,510,440,440,8,950,,,,,,,,,,,,,,,,,,,,,,0,1,1,0,0,0,0,0,0,0,0,0,0,0,0,1,0,0,0,1,0,1,0,0,5
F17_337,F17,pre,I consent.,2,3,1,4,4,0,19,Asian,1,1,New,Native,United States,NA,N,95 - 100,99,,6,,1250,630,620,550,8,1250,,,,,,,,,,,,,,,,,,,,,,1,1,1,0,0,0,0,0,1,1,0,0,1,1,0,1,0,1,0,1,0,0,0,0,10
F17_044,F17,pre,I consent.,3,3,1,2,2,2,19,Hispanic of any race,0,1,New,Native,United States,"$0-14,999",,95 - 100,95,,3,,990,470,520,540,8,990,,,,,,,,,,,,,,,,,,,,,,1,1,0,0,1,0,0,0,0,1,0,0,0,1,0,0,0,0,1,0,0,1,0,0,7
F17_377,F17,pre,I consent.,1,4,2,2,2,3,20,White,1,0,Transfer,Native,United States,"$65,000-84,999",,Unknown,,3.43,,,,,,,,,,,,,,,,,,,,,,,,,,,,,,0,1,0,0,0,1,0,0,1,0,0,0,1,0,0,1,1,0,0,1,1,1,0,0,9
F17_094,F17,pre,I consent.,2,3,2,4,4,0,19,Asian,1,0,New,Naturalized,Unknown,"$65,000-84,999",,85 - 89.9,86,,4,,1250,,,,,,,,,,,,,,,,,,,,,,,,,,,1,1,1,0,1,0,0,1,0,1,0,1,1,0,1,1,1,1,1,1,1,1,1,1,18
F17_284,F17,pre,I consent.,1,3,2,4,4,3,18,Asian,0,0,New,Alien Permanent,India,NA,N,90 - 94.9,93,,8,,1450,770,680,700,8,1450,,,,,,,,,,,,,,,,,,,,,,1,1,0,1,1,0,1,1,1,1,0,1,1,0,1,1,0,1,1,1,1,0,1,1,18
F17_225,F17,pre,I consent.,1,3,1,5,5,0,19,Asian,1,0,New,Native,United States,NA,N,85 - 89.9,89,,7,,1520,780,690,620,8,1470,,,,,,,,,,,,,,,,,,,,,,0,1,0,1,1,0,0,0,0,1,0,1,1,0,0,1,0,0,1,1,0,1,0,0,10
F17_022,F17,pre,I consent.,3,3,1,5,5,1,18,Hispanic of any race,0,1,Transfer,Native,United States,"$30,000-44,999",,95 - 100,99,3.74,,,1150,610,540,540,8,1150,,,,,,,,,,,,,,,,,,,,,,0,1,0,0,0,1,0,0,1,0,0,1,1,0,0,1,0,0,0,1,0,1,0,0,8
F17_107,F17,pre,I consent.,2,3,1,4,4,1,18,Asian,0,0,New,Native,United States,NA,Y,95 - 100,99,,4,,1320,650,640,730,10,1290,,,,,,,,,,,,,,,,,,,,,,0,1,0,1,1,0,0,1,0,1,0,0,1,1,1,1,0,1,0,1,0,0,0,0,11
F17_254,F17,pre,I consent.,1,3,1,5,5,0,19,White,0,1,New,Native,United States,NA,N,90 - 94.9,92,,,,1150,570,580,500,8,1150,,,,,,,,,,,,,,,,,,,,,,0,1,1,0,0,0,0,0,1,1,0,0,1,0,0,1,0,0,0,0,0,0,0,0,6
F17_010,F17,pre,I consent.,1,3,2,5,5,2,19,Asian,0,0,New,Naturalized,Pakistan,NA,N,90 - 94.9,93,,3,,1380,,,,,,,,,,,,,,,,,,,,,,,,,,,1,1,1,1,1,0,0,1,1,1,0,0,0,0,0,1,0,0,1,1,1,0,0,0,12
F17_324,F17,pre,I consent.,2,3,1,5,5,0,19,White,0,0,New,Native,United States,NA,Y,95 - 100,98,3.73,3,,1290,550,570,550,9,1120,,,,,,,,,,,,,,,,,,,,,,0,0,0,1,1,0,0,1,0,1,0,1,0,0,0,1,0,1,1,1,0,0,0,0,9
F17_027,F17,pre,I consent.,1,3,1,2,,2,19,Asian,1,0,New,Native,United States,NA,,90 - 94.9,94,,6,,1360,740,620,590,8,1360,,,,,,,,,,,,,,,,,,,,,,1,1,1,1,0,0,0,1,1,1,1,1,0,1,1,1,0,1,0,1,1,1,1,1,18
F17_184,F17,pre,I consent.,2,3,1,2,2,0,19,Black/African American,1,0,New,Native,United States,NA,N,90 - 94.9,93,,2,,1010,530,480,490,8,1010,,,,,,,,,,,,,,,,,,,,,,1,1,0,0,0,1,0,0,0,1,0,1,0,1,1,1,0,0,0,0,0,1,0,0,9
F17_055,F17,pre,I consent.,1,3,1,3,,0,19,Hispanic of any race,0,1,New,Native,United States,"$30,000-44,999",,90 - 94.9,94,,4,,1160,640,520,510,9,1160,,,,,,,,,,,,,,,,,,,,,,0,0,1,0,0,0,0,0,0,0,0,0,1,1,0,1,0,0,0,1,0,0,0,0,5
F17_115,F17,pre,I consent.,2,3,1,4,4,0,18,Asian,0,0,New,Native,United States,NA,N,90 - 94.9,92,,7,,1370,690,680,700,11,1370,,,,,,,,,,,,,,,,,,,,,,0,0,0,0,0,0,0,0,0,1,0,0,0,1,0,0,0,1,0,0,0,0,0,0,3
F17_234,F17,pre,I consent.,1,3,1,5,5,1,19,White,0,0,New,Native,United States,NA,N,95 - 100,97,,,,1410,660,600,580,6,1260,,,,,,,,,,,,,,,,,,,,,,1,1,0,1,0,0,0,1,1,1,0,0,0,0,0,1,0,0,0,1,0,0,0,1,9
F17_236,F17,pre,I consent.,2,3,1,4,4,1,19,Asian,0,0,New,Naturalized,Philippines,NA,N,95 - 100,98,,4,,1240,620,620,460,6,1240,,,,,,,,,,,,,,,,,,,,,,0,1,1,1,0,0,0,1,1,1,0,0,1,1,0,0,0,1,0,1,0,0,0,0,10
F17_189,F17,pre,I consent.,1,3,1,4,4,2,19,White,1,0,New,Native,United States,NA,N,95 - 100,95,,4,,1520,,,,,,,,,,,,,,,,,,,,,,,,,,,0,0,1,1,1,0,0,1,1,1,0,1,1,0,1,1,1,0,1,1,1,1,0,1,16
F17_432,F17,pre,I consent.,2,3,1,5,5,0,18,Black/African American,0,0,New,Native,United States,NA,N,85 - 89.9,86,,3,,1030,530,500,520,8,1030,,,,,,,,,,,,,,,,,,,,,,0,1,1,0,1,0,0,1,0,1,0,0,0,1,0,1,0,0,0,0,0,0,0,0,7
F17_096,F17,pre,I consent.,2,3,1,4,4,2,18,Asian,0,0,New,Native,United States,NA,N,85 - 89.9,89,,5,,1300,720,580,750,10,1300,,,,,,,,,,,,,,,,,,,,,,1,1,1,1,0,0,0,1,1,1,0,0,0,1,0,1,0,0,0,0,1,0,1,0,11
F17_068,F17,pre,I consent.,2,3,1,5,5,1,19,White,0,0,New,Native,United States,NA,N,95 - 100,99,,5,,1350,630,680,610,8,1310,,,,,,,,,,,,,,,,,,,,,,0,0,0,0,0,0,0,0,0,1,0,1,0,1,0,1,0,0,0,1,1,1,0,0,7
F17_399,F17,pre,I consent.,2,4,1,0,0,2,18,Hispanic of any race,0,0,Other,Native,United States,NA,N,95 - 100,95,,4,,1260,550,710,580,10,1260,,,,,,,,,,,,,,,,,,,,,,1,0,0,1,1,0,0,1,1,1,0,0,1,0,0,0,1,1,0,1,0,0,1,1,12
F17_268,F17,pre,I consent.,3,3,1,4,2,0,19,Asian,1,1,New,Native,United States,NA,,90 - 94.9,91,,4,,1270,720,550,550,8,1270,,,,,,,,,,,,,,,,,,,,,,0,0,0,0,0,0,0,1,1,0,0,1,0,1,0,0,0,0,1,1,0,0,1,0,7
F17_455,F17,pre,I consent.,1,3,2,1,1,2,19,Asian,1,1,New,Naturalized,Chi,"$15,000-29,999",,95 - 100,96,,,,1240,800,440,540,6,1240,,,,,,,,,,,,,,,,,,,,,,1,1,1,1,1,1,1,1,0,1,0,0,0,1,1,1,0,1,0,0,1,1,0,1,16
F17_325,F17,pre,I consent.,2,3,2,5,4,1,19,Black/African American,0,1,New,Native,United States,NA,Y,95 - 100,95,,2.5,,1260,600,660,670,8,1260,,,,,,,,,,,,,,,,,,,,,,1,1,1,1,1,0,0,0,1,1,0,1,1,1,1,1,0,1,1,1,1,1,0,0,17
F17_211,F17,pre,I consent.,2,3,1,5,5,1,19,White,1,0,New,Native,United States,"105,000-124,999",,95 - 100,97,,6,,1400,690,710,650,8,1400,,,,,,,,,,,,,,,,,,,,,,1,0,1,0,1,0,0,1,1,1,1,1,0,1,1,1,0,1,1,0,1,1,1,0,16
F17_128,F17,pre,I consent.,2,3,1,5,5,0,19,Hispanic of any race,0,0,Other,Native,United States,NA,Y,90 - 94.9,92,,5,,1300,650,650,620,8,1300,,,,,,,,,,,,,,,,,,,,,,0,1,1,1,0,0,0,0,0,1,0,1,1,0,1,1,0,1,0,1,0,0,0,0,10
F17_320,F17,pre,I consent.,2,3,1,2,2,1,18,Asian,0,1,New,Native,United States,"$0-14,999",,90 - 94.9,92,,,,1320,670,540,600,8,1210,,,,,,,,,,,,,,,,,,,,,,1,1,0,0,0,1,0,1,1,1,0,1,0,1,0,1,0,0,1,1,1,0,1,1,14
F17_260,F17,pre,I consent.,1,4,1,5,5,2,19,White,0,0,New,Native,United States,NA,N,90 - 94.9,93,3.5,4,,1280,650,630,700,9,1280,,,,,,,,,,,,,,,,,,,,,,1,1,0,1,1,0,1,1,1,1,1,0,1,0,1,1,0,1,1,1,1,0,1,1,18
F17_371,F17,pre,I consent.,1,3,2,5,5,2,19,White,0,1,New,Naturalized,Unknown,"$0-14,999",,95 - 100,99,,,,1290,,,,,,,,,,,,,,,,,,,,,,,,,,,0,1,0,0,1,0,0,0,0,1,0,0,1,0,1,0,0,0,0,1,0,0,0,0,6
F17_111,F17,pre,I consent.,2,3,2,2,2,0,19,Asian,0,0,New,Alien Temporary,Chi,NA,N,85 - 89.9,88,,,,1230,710,520,440,7,1230,,,,,,,,,,,,,,,,,,,,,,1,0,1,1,1,1,0,0,1,0,1,1,1,0,0,1,0,1,0,1,1,1,1,0,15
F17_308,F17,pre,I consent.,2,3,1,3,3,0,18,White,1,0,New,Native,United States,NA,N,90 - 94.9,94,,,,1330,730,600,630,10,1330,,,,,,,,,,,,,,,,,,,,,,0,0,0,0,1,1,1,0,1,1,0,0,0,0,0,0,1,0,1,1,0,1,0,0,9
F17_291,F17,pre,I consent.,2,3,1,4,4,2,19,White,0,0,New,Native,United States,NA,Y,90 - 94.9,94,,3,,1410,,,,,,,,,,,,,,,,,,,,,,,,,,,0,1,0,0,0,0,0,1,0,1,0,0,1,0,1,1,0,1,0,1,0,0,0,0,8
F17_204,F17,pre,I consent.,1,3,1,4,,1,19,White,0,0,New,Native,United States,NA,Y,95 - 100,96,,3,,1250,660,590,570,8,1250,,,,,,,,,,,,,,,,,,,,,,1,0,0,0,1,0,0,1,1,1,0,1,1,1,1,1,1,0,1,1,1,1,0,0,15
F17_312,F17,pre,I consent.,1,4,1,5,4,3,19,White,0,0,New,Native,United States,NA,N,95 - 100,98,,,,1360,660,700,610,9,1360,,,,,,,,,,,,,,,,,,,,,,1,1,1,1,1,1,0,1,1,1,1,0,1,1,1,1,0,1,1,0,1,1,1,1,20
F17_113,F17,pre,I consent.,2,3,1,5,5,0,19,Asian,1,0,New,Native,United States,NA,N,85 - 89.9,87,,3,,1480,650,650,650,9,1300,,,,,,,,,,,,,,,,,,,,,,1,0,0,0,1,0,0,0,0,1,0,0,1,0,1,1,0,0,0,0,1,0,0,0,7
F17_349,F17,pre,I consent.,1,4,1,5,5,3,18,Asian,0,0,New,Native,United States,NA,N,95 - 100,99,,,,1350,610,610,580,9,1220,,,,,,,,,,,,,,,,,,,,,,1,1,0,0,1,0,0,0,1,1,1,0,1,1,1,1,0,1,1,1,0,0,0,0,13
F17_108,F17,pre,I consent.,1,3,2,3,3,2,18,Asian,1,1,New,Native,United States,"$15,000-29,999",,90 - 94.9,94,,4,,1300,800,500,430,8,1300,,,,,,,,,,,,,,,,,,,,,,0,0,0,1,1,0,0,1,0,1,0,1,1,1,0,1,0,1,1,1,0,1,0,1,13
F17_147,F17,pre,I consent.,1,3,2,5,4,2,18,White,0,0,New,Native,United States,NA,N,90 - 94.9,94,,5,,1240,660,580,740,10,1240,,,,,,,,,,,,,,,,,,,,,,1,1,1,1,1,0,0,0,1,1,0,0,1,1,1,1,0,0,1,1,1,0,0,0,14
F17_117,F17,pre,I consent.,3,3,1,5,5,1,19,Hispanic of any race,0,1,New,Native,United States,NA,Y,95 - 100,96,,3,,1290,,,,,,,,,,,,,,,,,,,,,,,,,,,1,0,1,1,0,0,0,0,0,1,0,1,1,0,0,0,1,0,0,0,1,0,0,1,9
F17_202,F17,pre,I consent.,2,5,2,3,2,2,29,Asian,0,0,Transfer,Alien Temporary,"Korea, Republic of","$30,000-44,999",,Unknown,,3.63,,,,,,,,,,,,,,,,,,,,,,,,,,,,,,0,0,0,1,1,1,0,1,0,1,0,0,0,1,0,1,0,1,1,1,1,1,1,0,13
F17_200,F17,pre,I consent.,1,3,1,4,3,2,18,Asian,0,0,New,Native,United States,NA,N,90 - 94.9,93,3.5,5,,1380,690,690,670,8,1380,,,,,,,,,,,,,,,,,,,,,,1,1,1,1,1,0,0,1,1,1,1,0,0,1,1,1,0,1,1,1,1,0,1,0,17
F17_141,F17,pre,I consent.,1,3,1,2,2,2,19,White,0,0,Other,Native,United States,"$65,000-84,999",Y,95 - 100,95,3.9,,,1190,510,580,540,8,1090,,,,,,,,,,,,,,,,,,,,,,1,1,1,1,1,0,0,1,1,1,1,1,0,1,1,1,0,0,1,0,1,1,0,1,17
F17_330,F17,pre,I consent.,3,3,2,4,4,0,19,Asian,1,1,New,Native,United States,NA,Y,90 - 94.9,91,,3,4,1000,540,460,520,9,1000,,,,,,,,,,,,,,,,,,,,,,0,0,0,1,0,0,0,0,0,0,0,0,1,0,0,0,0,1,0,1,0,0,0,0,4
F17_207,F17,pre,I consent.,2,3,1,4,4,2,19,Hispanic of any race,0,1,New,Native,United States,NA,N,85 - 89.9,89,,5,,1250,,,,,,,,,,,,,,,,,,,,,,,,,,,0,0,1,0,0,0,0,1,1,0,0,0,0,0,0,1,0,0,0,0,0,1,0,0,5
F17_289,F17,pre,I consent.,1,3,1,4,3,2,19,White,0,0,New,Native,United States,NA,N,90 - 94.9,94,,9,,1440,700,740,630,9,1440,,,,,,,,,,,,,,,,,,,,,,1,0,1,0,1,0,1,1,1,1,1,1,0,1,1,1,0,0,1,0,0,0,0,0,13
F17_127,F17,pre,I consent.,1,4,1,5,4,2,19,White,1,0,New,Native,United States,NA,N,95 - 100,95,,4,,1410,610,680,610,9,1290,,,,,,,,,,,,,,,,,,,,,,1,1,1,0,1,0,1,1,1,1,1,1,1,0,1,1,1,1,1,1,1,1,1,1,21
F17_404,F17,pre,I consent.,1,3,2,5,5,3,19,Asian,0,1,New,Naturalized,Unknown,NA,Y,90 - 94.9,92,,4,,1270,620,650,730,8,1270,,,,,,,,,,,,,,,,,,,,,,0,0,1,1,0,0,0,0,0,0,0,1,0,0,0,0,0,0,0,1,0,0,0,0,4
F17_082,F17,pre,I consent.,2,3,2,3,2,0,19,Asian,1,1,New,Alien Permanent,Chi,NA,Y,95 - 100,97,,,,1390,800,590,670,8,1390,,,,,,,,,,,,,,,,,,,,,,0,1,1,1,1,1,0,1,1,1,1,1,0,0,1,1,0,1,1,0,1,1,1,0,17
F17_230,F17,pre,I consent.,3,3,2,2,2,0,19,Asian,1,0,New,Alien Temporary,Chi,NA,Y,85 - 89.9,85,,,3,1150,,,,,,,,,,,,,,,,,,,,,,,,,,,0,0,0,1,1,0,0,0,0,0,0,1,0,0,1,1,0,0,0,0,0,1,0,0,6
F17_085,F17,pre,I consent.,3,5,1,5,5,2,19,Hispanic of any race,1,1,Other,Native,United States,"$0-14,999",,90 - 94.9,91,,,,1200,620,580,540,,1200,,,,,,,,,,,,,,,,,,,,,,1,0,1,1,1,0,1,1,1,1,1,1,0,1,1,1,0,1,1,1,1,1,1,0,19
F17_355,F17,pre,I consent.,2,3,1,4,4,0,,Asian,0,0,New,Native,United States,NA,Y,95 - 100,96,,,,1360,720,640,600,6,1360,,,,,,,,,,,,,,,,,,,,,,1,1,0,0,0,0,0,0,1,1,0,0,1,1,0,1,0,1,1,0,1,0,0,0,10
F17_136,F17,pre,I consent.,3,3,1,5,5,0,18,White,0,1,New,Native,United States,NA,N,90 - 94.9,94,,2,,1230,590,640,560,9,1230,,,,,,,,,,,,,,,,,,,,,,1,1,1,1,1,1,1,1,1,1,1,1,1,1,1,1,1,1,1,1,1,1,1,1,24
F17_099,F17,pre,I consent.,1,3,1,5,5,2,19,White,1,0,New,Native,United States,NA,N,95 - 100,97,,4,,1240,650,590,580,10,1240,,,,,,,,,,,,,,,,,,,,,,0,1,1,0,1,1,0,1,0,1,0,1,0,1,0,1,0,0,0,1,1,0,0,0,11
F17_322,F17,pre,I consent.,3,3,2,2,2,0,25,Asian,0,0,New,Alien Temporary,Chi,NA,N,90 - 94.9,94,,,,1230,690,540,570,8,1230,,,,,,,,,,,,,,,,,,,,,,1,1,1,1,1,0,0,1,0,0,0,1,0,1,0,1,0,1,1,1,0,0,0,1,13
F17_121,F17,pre,I consent.,2,3,3,3,3,2,19,Asian,0,0,Other,Native,United States,NA,N,95 - 100,96,,5,,1290,,,,,,,,,,,,,,,,,,,,,,,,,,,1,0,0,1,1,0,0,0,1,0,0,0,1,0,0,0,0,1,0,1,0,0,0,0,7
F17_139,F17,pre,I consent.,2,4,1,4,,0,19,White,0,0,New,Native,United States,NA,Y,95 - 100,96,,8,,1440,,,,,,,,,,,,,,,,,,,,,,,,,,,1,1,0,1,0,0,1,1,1,1,0,0,0,1,0,1,0,0,0,0,0,0,0,0,9
F17_448,F17,pre,I consent.,3,3,2,1,1,0,19,Asian,0,1,New,Alien Permanent,Chi,NA,Y,95 - 100,95,,,,1350,770,580,590,7,1350,,,,,,,,,,,,,,,,,,,,,,0,1,1,1,0,1,0,1,0,1,0,0,1,0,1,1,0,0,0,0,0,0,0,0,9
F17_191,F17,pre,I consent.,1,3,1,5,5,0,18,White,1,0,New,Native,United States,NA,N,90 - 94.9,94,,3,,1410,660,680,540,8,1340,,,,,,,,,,,,,,,,,,,,,,0,1,1,0,1,0,0,1,0,1,1,1,0,1,1,1,0,1,1,1,0,0,0,0,13
F17_009,F17,pre,I consent.,1,3,1,4,3,2,18,White,1,1,New,Native,United States,NA,Y,95 - 100,95,,4,,1250,620,540,510,8,1160,,,,,,,,,,,,,,,,,,,,,,0,0,1,0,0,0,0,0,0,0,0,1,1,1,0,0,0,0,0,0,0,0,0,0,4
F17_415,F17,pre,I consent.,1,3,1,5,4,2,19,Hispanic of any race,1,0,New,Undocumented Alien,Chile,NA,N,95 - 100,98,,,4,1350,,,,,,,,,,,,,,,,,,,,,,,,,,,1,1,0,1,1,0,0,0,1,1,0,0,0,1,0,1,0,0,0,1,1,0,0,0,10
F17_386,F17,pre,I consent.,1,4,1,5,5,3,19,Asian,0,0,New,Naturalized,Unknown,NA,N,90 - 94.9,93,,8,,1580,780,800,750,9,1580,,,,,,,,,,,,,,,,,,,,,,1,1,1,1,0,0,0,0,1,1,1,1,1,0,1,1,0,1,1,0,1,0,1,0,15
F17_120,F17,pre,I consent.,1,3,1,5,5,0,19,Hispanic of any race,0,0,New,Native,United States,NA,N,90 - 94.9,90,,3,,1150,530,620,560,8,1150,,,,,,,,,,,,,,,,,,,,,,1,0,0,1,0,0,0,0,1,1,0,0,1,0,0,1,0,1,0,1,0,0,0,0,8
F17_224,F17,pre,I consent.,3,3,2,5,5,0,19,Asian,1,1,New,Native,United States,NA,Y,90 - 94.9,93,,5,,1430,730,700,580,8,1430,,,,,,,,,,,,,,,,,,,,,,1,1,1,0,1,0,0,1,1,1,1,1,1,1,1,1,0,0,1,1,1,1,1,0,18
F17_332,F17,pre,I consent.,1,3,2,2,2,2,20,Asian,0,1,New,Alien Permanent,Chi,NA,Y,95 - 100,97,,,,1280,800,480,610,7,1280,,,,,,,,,,,,,,,,,,,,,,0,1,1,1,0,0,0,0,0,0,0,1,1,0,0,0,0,0,0,1,0,0,0,0,6
F17_146,F17,pre,I consent.,1,3,1,5,,2,18,Black/African American,0,0,New,Native,United States,"$185,000+",,90 - 94.9,93,,5,,1260,590,670,560,9,1260,,,,,,,,,,,,,,,,,,,,,,1,1,0,0,1,0,0,0,1,1,1,0,0,1,1,1,0,1,1,1,0,0,0,1,13
F17_101,F17,pre,I consent.,2,3,1,5,5,0,19,White,1,1,New,Native,United States,NA,Y,90 - 94.9,90,,2,,1310,610,700,600,8,1310,,,,,,,,,,,,,,,,,,,,,,1,0,1,0,1,0,1,1,1,1,1,0,1,1,1,1,0,1,1,1,1,1,1,1,19
F17_087,F17,pre,I consent.,3,4,1,5,5,2,19,Asian,0,0,New,Native,United States,NA,Y,95 - 100,99,,5,,1500,700,800,730,9,1500,,,,,,,,,,,,,,,,,,,,,,1,1,0,1,1,0,0,1,1,1,1,1,1,1,1,1,0,1,1,1,1,0,1,0,18
F17_081,F17,pre,I consent.,3,3,1,5,5,0,18,Asian,1,1,New,Native,United States,NA,Y,85 - 89.9,85,,6,,1330,800,530,650,9,1330,,,,,,,,,,,,,,,,,,,,,,0,0,0,1,0,1,0,0,0,0,0,1,0,0,1,0,1,0,0,0,1,0,0,0,6
F17_435,F17,pre,I consent.,1,3,1,4,4,2,19,Asian,1,0,New,Native,United States,NA,N,95 - 100,98,,3,,1240,600,640,620,10,1240,,,,,,,,,,,,,,,,,,,,,,0,0,0,0,1,0,0,0,0,0,0,0,1,0,0,0,0,1,1,1,1,0,0,1,7
F17_056,F17,pre,I consent.,2,3,2,5,5,1,18,Asian,1,1,New,Naturalized,Unknown,NA,Y,90 - 94.9,91,,4,,1420,650,770,620,8,1420,,,,,,,,,,,,,,,,,,,,,,1,1,0,1,1,0,1,1,1,1,1,0,1,1,0,1,1,0,1,0,1,0,1,1,17
F17_409,F17,pre,I consent.,1,4,1,3,4,2,18,White,0,0,New,Native,United States,NA,N,95 - 100,99,,9,,1370,670,700,710,8,1370,,,,,,,,,,,,,,,,,,,,,,1,1,1,0,1,1,0,1,1,1,1,0,1,0,1,1,0,1,1,1,1,0,1,0,17
F17_177,F17,pre,I consent.,3,3,1,2,2,2,19,Hispanic of any race,1,1,New,Native,United States,NA,Y,90 - 94.9,91,,3,,1110,590,520,520,9,1110,,,,,,,,,,,,,,,,,,,,,,0,0,0,0,0,0,0,1,0,0,0,1,0,1,0,0,1,0,0,0,0,0,0,0,4
F17_464,F17,pre,I consent.,1,3,1,4,3,2,19,Asian,0,1,New,Native,United States,NA,Y,95 - 100,96,,,,1320,,,,,,,,,,,,,,,,,,,,,,,,,,,1,0,1,0,1,0,0,1,0,1,0,0,1,0,0,1,0,1,1,0,1,0,1,1,12
F17_075,F17,pre,I consent.,3,3,1,5,5,0,19,Asian,1,1,New,Native,United States,"$30,000-44,999",,90 - 94.9,90,,5,,1260,640,620,770,10,1260,,,,,,,,,,,,,,,,,,,,,,1,1,0,0,0,0,0,0,0,1,0,0,1,0,0,1,0,1,0,0,0,0,0,0,6
F17_457,F17,pre,I consent.,2,3,2,3,2,0,20,Asian,0,0,New,Alien Temporary,Chi,NA,N,85 - 89.9,87,,,,1250,710,540,530,5,1250,,,,,,,,,,,,,,,,,,,,,,1,0,0,0,1,1,0,1,1,1,1,1,1,0,0,1,0,1,1,1,1,0,1,0,15
F17_315,F17,pre,I consent.,1,3,1,4,4,2,19,Asian,1,0,New,Native,United States,NA,Y,90 - 94.9,91,,6,,1290,690,600,710,8,1290,,,,,,,,,,,,,,,,,,,,,,1,1,1,1,0,0,0,1,0,1,1,0,0,0,0,0,0,1,0,0,0,0,0,0,8
F17_206,F17,pre,I consent.,2,3,1,5,5,0,19,White,0,1,New,Native,United States,NA,N,95 - 100,99,,4,,1380,580,680,580,6,1260,,,,,,,,,,,,,,,,,,,,,,1,0,1,0,1,0,0,1,1,1,1,0,0,0,1,1,1,1,1,0,1,0,1,0,14
F17_154,F17,pre,I consent.,3,3,1,4,4,0,19,Asian,1,0,New,Native,United States,NA,N,90 - 94.9,93,,,,1260,700,560,690,8,1260,,,,,,,,,,,,,,,,,,,,,,1,0,1,1,1,0,0,1,1,1,0,0,1,1,1,1,0,1,1,0,1,0,0,1,15
F17_347,F17,pre,I consent.,1,3,3,1,2,2,19,Asian,0,1,New,Native,United States,NA,Y,95 - 100,95,,8,,1380,,,,,,,,,,,,,,,,,,,,,,,,,,,0,0,0,0,0,0,1,1,0,0,0,1,0,0,0,0,0,0,1,1,0,1,0,0,6
F17_031,F17,pre,I consent.,2,3,2,4,4,2,19,Asian,0,1,New,Native,United States,NA,Y,90 - 94.9,93,,,,1290,660,550,610,8,1210,,,,,,,,,,,,,,,,,,,,,,0,1,1,0,0,0,1,1,0,1,1,0,0,1,0,1,0,1,0,0,0,1,1,0,11
F17_178,F17,pre,I consent.,2,3,1,5,4,1,18,Hispanic of any race,0,1,New,Native,United States,NA,Y,95 - 100,95,,3,,1130,560,570,570,9,1130,,,,,,,,,,,,,,,,,,,,,,1,1,0,1,0,1,1,0,1,1,1,1,0,1,1,1,0,1,0,0,1,0,1,0,15
F17_329,F17,pre,I consent.,1,4,1,5,5,3,18,Asian,0,0,New,Native,United States,NA,N,95 - 100,98,,5,,1520,800,690,720,10,1490,,,,,,,,,,,,,,,,,,,,,,1,1,0,1,0,0,0,0,0,1,0,0,1,0,0,1,0,1,0,0,0,1,0,0,8
F17_042,F17,pre,I consent.,1,3,2,3,3,0,18,White,0,1,New,Naturalized,Unknown,NA,Y,90 - 94.9,92,,5,,1270,640,630,720,10,1270,,,,,,,,,,,,,,,,,,,,,,1,1,0,0,0,0,0,0,0,1,0,1,1,0,1,1,0,0,0,1,0,0,0,0,8
F17_346,F17,pre,I consent.,2,4,1,5,5,0,19,Asian,1,1,New,Native,United States,NA,Y,95 - 100,97,3.86,,,1480,800,680,670,8,1480,,,,,,,,,,,,,,,,,,,,,,0,0,1,1,0,0,0,0,0,1,0,0,1,0,0,1,0,1,0,1,1,0,0,1,9
F17_458,F17,pre,I consent.,2,3,2,2,2,2,19,White,0,0,New,Alien Temporary,Chi,NA,N,85 - 89.9,88,,,,1190,650,540,600,8,1190,,,,,,,,,,,,,,,,,,,,,,1,0,0,0,0,0,0,0,0,0,0,0,1,0,1,0,0,0,1,1,0,1,0,0,6
F17_440,F17,pre,I consent.,1,4,1,5,5,2,19,White,0,0,New,Native,United States,NA,N,95 - 100,99,,8,,1440,700,740,680,8,1440,,,,,,,,,,,,,,,,,,,,,,1,1,1,1,1,1,1,1,1,1,1,1,1,1,1,1,0,1,1,1,1,1,1,1,23
F17_335,F17,pre,I consent.,1,4,3,5,5,3,19,Asian,0,0,New,Native,United States,NA,N,95 - 100,98,3.7,4,,1290,620,560,590,9,1180,,,,,,,,,,,,,,,,,,,,,,1,0,1,0,0,0,0,0,0,0,0,1,0,0,0,1,0,0,0,0,0,1,0,0,5
F17_304,F17,pre,I consent.,2,4,1,3,3,0,19,Hispanic of any race,0,0,New,Native,United States,NA,N,95 - 100,99,,7,,1160,610,550,580,9,1160,,,,,,,,,,,,,,,,,,,,,,0,1,0,1,0,0,0,1,0,0,0,0,1,0,0,0,0,1,0,1,1,0,0,0,7
F17_419,F17,pre,I consent.,1,3,1,5,5,3,18,White,1,0,New,Alien Temporary,Iran (Islamic Republic Of),NA,N,95 - 100,96,,5,,1450,740,710,750,9,1450,,,,,,,,,,,,,,,,,,,,,,1,1,0,1,1,0,1,1,1,1,1,1,1,1,1,1,1,1,1,0,1,1,1,1,21
F17_376,F17,pre,I consent.,2,3,1,5,5,0,18,White,1,0,New,Native,United States,NA,N,95 - 100,95,,9,,1530,730,800,730,8,1530,,,,,,,,,,,,,,,,,,,,,,1,1,0,1,1,0,0,1,1,1,1,0,1,1,0,1,1,0,1,1,1,1,1,1,18
F17_283,F17,pre,I consent.,2,4,1,5,5,0,18,Black/African American,0,0,New,Native,United States,NA,Y,90 - 94.9,90,,4,,1240,650,590,560,8,1240,,,,,,,,,,,,,,,,,,,,,,0,1,0,1,0,0,0,1,0,1,0,0,1,1,0,1,0,0,0,1,1,0,0,1,10
F17_282,F17,pre,I consent.,2,4,1,5,5,2,18,White,1,0,New,Native,United States,NA,N,90 - 94.9,94,,,,1350,,,,,,,,,,,,,,,,,,,,,,,,,,,1,0,1,1,1,0,1,1,1,1,1,1,0,1,1,1,0,1,1,1,1,1,1,0,19
F17_359,F17,pre,I consent.,2,3,1,5,5,0,19,Asian,0,1,New,Native,United States,NA,Y,90 - 94.9,90,,,,1500,780,720,710,10,1500,,,,,,,,,,,,,,,,,,,,,,1,1,1,1,1,0,1,1,1,1,0,0,1,1,1,1,0,0,1,1,1,1,1,1,19
F17_383,F17,pre,I consent.,1,3,2,3,3,2,18,Asian,1,1,New,Naturalized,Bangladesh,"$30,000-44,999",,90 - 94.9,90,,3,,1330,690,640,650,10,1330,,,,,,,,,,,,,,,,,,,,,,1,0,0,1,0,1,1,1,0,0,0,0,0,1,0,0,1,1,1,0,0,1,0,0,10
F17_465,F17,pre,I consent.,1,3,2,4,4,2,19,Asian,0,1,New,Native,United States,"$15,000-29,999",,95 - 100,99,,5,,1410,730,680,650,10,1410,,,,,,,,,,,,,,,,,,,,,,1,1,1,1,1,1,1,1,1,1,0,1,1,1,1,1,1,1,1,1,1,1,1,1,23
F17_008,F17,pre,I consent.,1,4,1,3,2,3,19,White,1,1,New,Native,United States,NA,Y,95 - 100,99,,,,1480,,,,,,,,,,,,,,,,,,,,,,,,,,,0,1,1,1,1,1,0,0,1,1,0,0,1,1,1,0,0,0,0,0,1,0,0,1,12
F17_451,F17,pre,I consent.,2,2,2,2,1,0,18,Asian,0,0,New,Alien Temporary,Chi,NA,Y,90 - 94.9,92,,4,1.5,,,,,,,,,,,,,,,,,,,,,,,,,,,,1,1,0,1,1,1,1,0,1,1,0,1,1,0,1,1,0,1,1,1,1,0,0,1,17
F17_203,F17,pre,I consent.,1,3,1,5,5,2,19,Asian,0,0,New,Alien Temporary,India,NA,Y,85 - 89.9,89,,,,1360,660,700,620,8,1360,,,,,,,,,,,,,,,,,,,,,,1,0,1,0,1,0,0,0,1,1,0,0,0,1,1,0,0,0,0,1,1,0,0,0,9
F17_003,F17,pre,I consent.,2,3,1,4,4,0,19,Hispanic of any race,0,1,New,Native,United States,NA,Y,95 - 100,95,,4,,1290,600,580,570,9,1180,,,,,,,,,,,,,,,,,,,,,,1,1,0,0,0,0,0,1,1,1,0,0,0,1,1,1,0,1,0,0,0,0,0,0,9
F17_038,F17,pre,I consent.,2,3,1,5,5,0,19,White,1,0,New,Native,United States,NA,Y,95 - 100,98,,3,,1150,590,540,520,7,1130,,,,,,,,,,,,,,,,,,,,,,1,1,1,0,1,0,1,1,1,1,1,1,1,1,1,1,1,1,1,0,1,1,1,1,21
F17_040,F17,pre,I consent.,2,3,1,3,3,2,18,Asian,0,1,New,Native,United States,NA,Y,90 - 94.9,93,,4,,1290,590,560,600,8,1150,,,,,,,,,,,,,,,,,,,,,,0,1,0,0,0,0,0,0,0,0,0,0,0,0,0,1,0,0,0,1,0,0,0,0,3
F17_305,F17,pre,I consent.,1,4,1,4,4,2,19,White,0,1,New,Native,United States,NA,Y,95 - 100,99,,5,,1340,630,710,650,10,1340,,,,,,,,,,,,,,,,,,,,,,1,1,1,0,1,0,0,1,1,1,1,1,1,1,0,1,1,1,1,1,1,1,1,0,19
F17_091,F17,pre,I consent.,3,3,,,1,0,19,Asian,1,1,New,Native,United States,NA,Y,90 - 94.9,93,,3,,1090,,,,,,,,,,,,,,,,,,,,,,,,,,,0,0,0,0,1,1,1,0,0,1,0,0,1,1,0,0,0,1,0,0,1,0,0,0,8
F17_450,F17,pre,I consent.,1,3,2,3,3,3,24,Asian,0,0,New,Alien Temporary,Chi,NA,N,85 - 89.9,85,,4,,1340,720,620,670,6,1340,,,,,,,,,,,,,,,,,,,,,,1,1,1,1,1,0,0,1,1,1,1,0,1,1,1,1,0,1,1,1,1,1,1,1,20
F17_001,F17,pre,I consent.,2,3,1,4,,2,18,Asian,0,0,New,Alien Temporary,Bangladesh,NA,N,95 - 100,99,,,,1330,730,600,720,11,1330,,,,,,,,,,,,,,,,,,,,,,1,1,0,0,0,0,0,0,0,1,0,1,1,1,0,1,0,1,0,1,0,0,0,0,9
F17_390,F17,pre,I consent.,2,3,1,4,3,0,19,Asian,0,1,New,Native,United States,NA,N,95 - 100,95,,,,1210,660,550,520,8,1210,,,,,,,,,,,,,,,,,,,,,,0,0,1,1,1,0,0,1,1,1,1,0,0,1,0,1,0,1,1,1,0,0,1,0,13
F17_171,F17,pre,I consent.,2,3,1,4,4,0,19,White,0,1,New,Native,United States,NA,Y,95 - 100,95,,4,,1320,570,650,620,9,1220,,,,,,,,,,,,,,,,,,,,,,0,1,0,1,1,0,0,1,1,0,0,0,1,0,0,1,0,1,1,1,0,0,0,0,10
F17_035,F17,pre,I consent.,2,3,3,3,3,0,19,,1,1,New,Native,United States,NA,Y,95 - 100,96,,5,,1340,760,580,590,8,1340,,,,,,,,,,,,,,,,,,,,,,1,0,0,1,0,0,0,0,0,0,0,1,1,0,1,0,1,0,0,0,0,1,0,1,8
F17_395,F17,pre,I consent.,1,4,1,5,5,3,19,Asian,1,0,New,Native,United States,NA,N,95 - 100,96,,6,,1520,700,680,790,10,1380,,,,,,,,,,,,,,,,,,,,,,0,1,0,0,0,0,0,0,1,0,0,0,0,0,0,0,0,0,0,0,1,0,0,0,3
F17_372,F17,pre,I consent.,1,3,1,5,5,2,19,Asian,1,1,New,Native,United States,NA,Y,90 - 94.9,92,,4,,1270,650,620,690,9,1270,,,,,,,,,,,,,,,,,,,,,,0,1,1,1,0,0,0,1,0,1,0,0,0,1,1,1,1,1,0,1,1,0,0,0,12
F17_251,F17,pre,I consent.,1,3,1,5,5,0,19,Asian,0,1,New,Native,United States,NA,Y,95 - 100,96,,6,,1250,640,610,650,10,1250,,,,,,,,,,,,,,,,,,,,,,0,0,1,1,1,0,0,0,1,1,0,0,0,0,0,1,1,1,1,1,0,0,0,0,10
F17_449,F17,pre,I consent.,3,3,2,5,5,0,18,Asian,0,1,New,Native,United States,NA,Y,90 - 94.9,92,,4,,1090,500,420,440,8,920,,,,,,,,,,,,,,,,,,,,,,1,1,0,0,0,1,0,0,0,0,0,0,0,0,1,1,1,1,1,1,1,1,1,1,13
F17_169,F17,pre,I consent.,1,4,1,5,5,2,19,White,1,0,New,Native,United States,NA,N,95 - 100,99,,9,,1450,690,760,670,8,1450,,,,,,,,,,,,,,,,,,,,,,1,1,1,1,1,0,0,1,1,1,1,0,1,1,1,1,0,1,1,1,1,1,1,1,20
F17_466,F17,pre,I consent.,1,3,1,4,4,3,19,Asian,1,1,Transfer,Native,United States,"$65,000-84,999",N,85 - 89.9,85,4,,,1470,740,730,670,8,1470,,,,,,,,,,,,,,,,,,,,,,1,1,1,1,1,0,0,1,1,1,0,0,1,0,0,1,0,1,1,1,0,0,0,0,13
F17_172,F17,pre,I consent.,1,3,1,4,4,2,18,Asian,0,1,New,Native,United States,NA,Y,95 - 100,95,,7,,1220,680,540,660,8,1220,,,,,,,,,,,,,,,,,,,,,,1,0,0,1,1,0,0,0,1,1,1,0,0,0,0,1,1,1,1,1,1,0,0,1,13
F17_214,F17,pre,I consent.,2,3,2,5,,2,19,White,0,0,New,Alien Temporary,Cyprus,NA,N,95 - 100,95,,,,1220,630,590,530,6,1220,,,,,,,,,,,,,,,,,,,,,,0,1,0,0,0,0,0,1,1,1,0,0,1,0,0,1,0,1,0,1,0,0,0,0,8
F17_165,F17,pre,I consent.,1,3,1,4,4,2,19,Asian,0,0,New,Native,United States,NA,Y,90 - 94.9,94,,2.5,,1150,540,610,550,10,1150,,,,,,,,,,,,,,,,,,,,,,0,1,0,0,1,0,0,0,0,1,0,0,1,0,0,0,0,0,0,0,1,0,0,0,5
F17_005,F17,pre,I consent.,2,3,1,5,3,0,18,Black/African American,1,0,New,Native,United States,NA,N,90 - 94.9,93,,2.5,,1110,570,540,530,8,1110,,,,,,,,,,,,,,,,,,,,,,0,0,0,0,0,0,0,0,0,0,0,1,0,0,0,1,0,0,1,1,0,0,0,1,5
F17_358,F17,pre,I consent.,1,3,2,4,4,3,18,Asian,0,0,New,Native,United States,NA,N,90 - 94.9,92,,,,1530,750,780,730,8,1530,,,,,,,,,,,,,,,,,,,,,,1,1,1,1,1,0,0,1,1,1,0,1,1,0,1,1,0,0,1,1,1,0,1,1,17
F17_131,F17,pre,I consent.,1,3,1,4,4,0,19,Asian,1,0,New,Native,United States,NA,Y,95 - 100,99,,4,,1330,670,660,650,9,1330,,,,,,,,,,,,,,,,,,,,,,1,1,0,0,1,1,0,1,1,1,1,1,1,1,1,1,0,1,1,0,1,1,1,1,19
F17_317,F17,pre,I consent.,1,3,1,5,5,3,19,Asian,0,0,New,Native,United States,NA,N,95 - 100,95,,7,,1470,760,710,650,8,1470,,,,,,,,,,,,,,,,,,,,,,0,1,0,0,0,0,0,0,0,1,0,1,0,1,0,0,0,1,0,1,0,0,0,0,6
F17_034,F17,pre,I consent.,1,4,1,5,4,1,18,Asian,0,0,Other,Native,United States,NA,N,95 - 100,99,,9,,1440,740,660,690,8,1400,,,,,,,,,,,,,,,,,,,,,,1,0,1,0,1,0,0,0,1,1,0,0,1,0,0,0,0,1,0,0,1,0,0,0,8
F17_357,F17,pre,I consent.,1,3,1,5,5,2,19,Asian,0,1,New,Native,United States,NA,Y,85 - 89.9,88,,4,,1420,710,710,720,9,1420,,,,,,,,,,,,,,,,,,,,,,0,1,1,0,0,0,0,0,0,1,0,1,1,1,1,1,0,1,0,1,1,0,1,1,13
F17_389,F17,pre,I consent.,1,3,2,3,3,0,19,Asian,1,0,New,Alien Temporary,Viet m,NA,Y,85 - 89.9,88,,4,,1290,,,,,,,,,,,,,,,,,,,,,,,,,,,1,0,1,0,1,0,0,1,1,0,1,0,1,1,1,1,0,0,1,0,1,1,1,1,15
F17_343,F17,pre,I consent.,3,3,2,5,4,2,19,White,0,0,New,Native,United States,NA,N,95 - 100,98,,3,,1290,,,,,,,,,,,,,,,,,,,,,,,,,,,0,1,1,0,0,0,0,0,0,0,0,0,1,0,0,0,0,0,0,0,0,0,1,0,4
F17_173,F17,pre,I consent.,2,3,1,5,5,0,19,Hispanic of any race,1,1,Other,Native,United States,NA,N,95 - 100,95,,5,,1300,610,690,550,8,1300,,,,,,,,,,,,,,,,,,,,,,1,1,1,0,1,0,0,1,1,1,0,0,0,1,1,1,1,0,1,0,1,0,1,0,14
F17_073,F17,pre,I consent.,2,5,1,3,4,0,26,White,0,1,Transfer,Native,United States,"$145,000-164,999",,75 - 79.9,78,3.23,,,,,,,,,,,,,,,,,,,,,,,,,,,,,,0,1,0,1,0,0,0,0,0,0,0,0,0,0,0,1,0,1,0,1,1,0,0,0,6
F17_402,F17,pre,I consent.,2,5,1,5,5,0,21,White,0,0,Transfer,Native,United States,"$45,000-64,999",,85 - 89.9,88,3.6,,,,,,,,,,,,,,,,,,,,,,,,,,,,,,0,0,0,0,0,0,0,0,0,0,0,1,1,0,0,0,0,1,0,1,0,0,0,0,4
F17_261,F17,pre,I consent.,1,4,1,5,5,3,22,White,0,1,Transfer,Native,United States,NA,,NA,,3.7,,,,,,,,,,,,,,,,,,,,,,,,,,,,,,0,1,0,0,0,1,0,0,0,1,0,1,0,1,0,0,0,1,0,1,1,0,0,0,8
F17_199,F17,pre,I consent.,1,5,2,,3,3,24,Asian,1,1,Other,Alien Permanent,India,"$15,000-29,999",,Unknown,,3.6,2,,,,,,,,,,,,,,,,,,,,,,,,,,,,,1,1,1,1,1,1,1,1,1,1,1,1,1,1,1,1,1,1,1,1,1,1,1,1,24
F17_394,F17,pre,I consent.,2,5,1,4,3,0,25,White,1,1,Transfer,Native,United States,NA,,80 - 84.9,81,3.3,,,,,,,,,,,,,,,,,,,,,,,,,,,,,,1,1,0,1,0,0,0,0,1,0,0,1,0,0,0,0,0,0,0,1,0,0,0,0,6
F17_150,F17,pre,I consent.,1,3,1,5,5,2,19,White,0,0,New,Alien Temporary,Ireland,NA,N,90 - 94.9,90,,,,1250,650,600,600,8,1250,,,,,,,,,,,,,,,,,,,,,,0,1,1,1,0,1,0,1,0,1,0,1,1,0,0,1,0,1,0,1,1,0,0,0,12
F17_025,F17,pre,I consent.,1,5,1,5,5,2,22,White,0,0,Transfer,Native,United States,"$65,000-84,999",,80 - 84.9,83,3.3,2,,,,,,,,,,,,,,,,,,,,,,,,,,,,,1,1,1,1,1,0,0,1,1,1,0,1,0,1,0,1,0,1,1,0,1,0,0,0,14
F17_244,F17,pre,I consent.,1,5,1,5,5,2,21,White,1,0,Transfer,Native,United States,"$45,000-64,999",,80 - 84.9,83,3.71,1,,,,,,,,,,,,,,,,,,,,,,,,,,,,,1,1,1,0,1,0,0,1,0,0,0,1,0,0,0,1,0,0,0,1,1,0,0,0,9
F17_148,F17,pre,I consent.,2,3,1,3,,1,18,White,1,0,New,Native,United States,NA,N,90 - 94.9,92,3.43,3,,1220,,,,,,,,,,,,,,,,,,,,,,,,,,,1,1,1,0,1,1,1,1,0,1,1,1,1,1,1,0,0,1,1,1,1,1,1,1,20
F17_279,F17,pre,I consent.,3,5,1,5,,0,27,Black/African American,1,0,Other,Native,United States,"$0-14,999",,90 - 94.9,94,3.06,,,,,,,,,,,,,,,,,,,,,,,,,,,,,,0,1,1,1,1,0,0,0,1,1,0,1,0,0,0,0,0,0,0,1,1,0,0,0,9
F17_245,F17,pre,I consent.,1,4,1,5,4,3,20,Asian,0,1,Transfer,Native,United States,NA,,NA,,4,,,,,,,,,,,,,,,,,,,,,,,,,,,,,,1,1,1,1,1,0,0,1,1,1,0,0,0,1,1,1,0,0,1,0,0,0,0,0,12
F17_069,F17,pre,I consent.,2,3,1,4,3,0,20,Hispanic of any race,1,1,Transfer,Alien Permanent,Ecuador,"$15,000-29,999",,Unknown,,3.84,,,,,,,,,,,,,,,,,,,,,,,,,,,,,,1,1,1,1,1,0,0,1,1,1,0,0,1,1,0,1,0,1,1,1,0,0,0,0,14
F17_444,F17,pre,I consent.,1,4,1,3,3,0,21,Hispanic of any race,0,1,Transfer,Native,United States,"$0-14,999",,85 - 89.9,88,3.16,2,,,,,,,,,,,,,,,,,,,,,,,,,,,,,0,1,0,0,0,0,0,0,0,1,0,0,1,0,0,1,0,1,0,0,0,0,0,0,5
F17_100,F17,pre,I consent.,2,3,1,5,5,0,18,Asian,0,0,New,Native,United States,NA,N,95 - 100,99,,,,1520,,,,,,,,,,,,,,,,,,,,,,,,,,,1,1,1,0,1,1,1,1,1,1,1,1,1,0,1,1,0,1,1,1,0,0,0,0,17
F17_161,F17,pre,I consent.,1,2,2,3,4,0,19,Asian,0,0,New,Alien Temporary,India,NA,Y,90 - 94.9,90,,3,3,970,540,430,450,8,970,,,,,,,,,,,,,,,,,,,,,,1,1,1,1,0,0,0,0,1,1,0,1,0,0,0,1,0,1,0,1,0,0,0,0,10
F17_029,F17,pre,I consent.,2,3,1,5,5,0,18,Asian,1,0,New,Native,United States,NA,N,95 - 100,97,,,,1520,,,,,,,,,,,,,,,,,,,,,,,,,,,1,0,1,1,1,0,0,1,1,1,1,1,0,1,0,1,0,0,0,1,1,1,0,0,14
F17_018,F17,pre,I consent.,2,4,1,5,,0,22,White,1,0,Transfer,Native,United States,"$65,000-84,999",,75 - 79.9,79,3.2,3,,,,,,,,,,,,,,,,,,,,,,,,,,,,,0,1,1,0,1,0,0,1,0,1,1,1,1,0,1,1,0,0,1,1,1,0,1,0,14
F17_195,F17,pre,I consent.,1,2,2,3,3,0,19,Asian,1,0,New,Alien Temporary,India,NA,N,85 - 89.9,85,,2.5,3,930,480,450,430,6,930,,,,,,,,,,,,,,,,,,,,,,0,0,1,0,1,0,0,1,1,1,0,0,0,0,0,1,0,1,0,1,1,0,0,0,9
F17_053,F17,pre,I consent.,1,4,1,5,4,2,21,White,1,1,Transfer,Native,United States,"$15,000-29,999",,Unknown,,3.4,2,,,,,,,,,,,,,,,,,,,,,,,,,,,,,0,1,1,0,0,0,0,0,0,1,0,0,0,0,0,0,0,0,0,1,0,0,0,0,4
F17_083,F17,pre,I consent.,1,3,1,5,5,1,,Asian,0,0,New,Native,United States,NA,N,95 - 100,99,4,,,1440,730,710,800,12,1440,,,,,,,,,,,,,,,,,,,,,,1,1,1,0,1,0,0,1,1,1,1,0,1,1,1,1,1,0,1,1,1,1,1,1,19
F17_240,F17,pre,I consent.,2,4,2,3,3,0,21,White,1,1,Transfer,Native,United States,"$15,000-29,999",,Unknown,,3.25,,,,,,,,,,,,,,,,,,,,,,,,,,,,,,1,1,1,1,1,1,1,1,1,1,1,1,1,1,0,1,1,1,1,1,1,1,1,0,22
F17_043,F17,pre,I consent.,1,3,2,4,4,1,18,White,1,0,New,Naturalized,Belgium,NA,N,95 - 100,99,3.97,,,1520,,,,,,,,,,,,,,,,,,,,,,,,,,,1,1,1,1,1,1,0,1,1,1,1,1,1,0,0,1,0,0,1,1,0,1,1,1,18
F17_243,F17,pre,I consent.,2,4,2,4,4,0,20,White,1,1,Transfer,Native,United States,"$15,000-29,999",,90 - 94.9,91,3.02,,,,,,,,,,,,,,,,,,,,,,,,,,,,,,1,1,1,1,1,1,1,1,1,1,1,1,1,1,1,1,1,0,1,1,0,1,1,1,22
F17_118,F17,pre,I consent.,1,4,1,4,4,0,18,White,0,0,New,Native,United States,NA,N,95 - 100,99,4,,,1350,,,,,,,,,,,,,,,,,,,,,,,,,,,1,1,1,1,1,1,0,1,1,1,0,0,1,0,1,1,0,1,1,1,1,1,0,1,18
F17_220,F17,pre,I consent.,1,2,1,4,4,1,17,White,0,0,New,Native,United States,NA,Y,95 - 100,95,,3,,1220,570,540,600,9,1110,,,,,,,,,,,,,,,,,,,,,,0,1,0,0,0,0,0,1,0,1,0,0,1,1,0,1,0,1,0,0,0,0,0,0,7
F17_140,F17,pre,I consent.,2,3,1,4,,0,22,White,1,1,Transfer,Native,United States,"$15,000-29,999",,90 - 94.9,90,2.82,,,,,,,,,,,,,,,,,,,,,,,,,,,,,,1,1,0,1,0,0,0,0,0,1,0,0,1,1,1,0,0,0,0,1,0,0,0,1,9
F17_090,F17,pre,I consent.,1,3,1,4,,1,17,White,0,1,New,Native,United States,NA,N,90 - 94.9,94,,4,,,,,,,,,,,,,,,,,,,,,,,,,,,,,1,1,0,0,1,0,0,1,1,1,0,0,1,1,0,1,0,1,0,1,0,0,0,0,11
F17_089,F17,pre,I consent.,1,4,1,5,5,2,18,Asian,0,1,New,Native,United States,NA,N,90 - 94.9,91,3.55,,,,,,,,,,,,,,,,,,,,,,,,,,,,,,0,1,0,0,0,0,0,0,0,0,0,0,0,0,0,1,0,1,0,1,0,0,0,0,4
F17_233,F17,pre,I consent.,2,2,1,4,4,0,18,White,0,0,New,Native,United States,NA,N,95 - 100,97,,3,,1320,620,540,550,8,1160,,,,,,,,,,,,,,,,,,,,,,0,1,0,1,0,0,0,0,1,1,0,0,1,0,0,1,0,1,0,1,0,0,0,1,9
F17_047,F17,pre,I consent.,2,4,1,5,5,2,20,White,0,0,Transfer,Native,United States,"$85,000-104,999",,95 - 100,97,3.92,3,,,,,,,,,,,,,,,,,,,,,,,,,,,,,1,1,1,1,1,0,0,1,1,1,0,1,1,1,0,1,0,1,0,0,0,1,0,0,14
F17_002,F17,pre,I consent.,2,2,1,3,3,0,18,Asian,1,0,New,Native,United States,NA,N,90 - 94.9,92,,8,,,,,,,,,,,,,,,,,,,,,,,,,,,,,1,1,1,1,0,1,1,1,1,1,1,1,0,0,1,1,1,0,1,1,1,1,1,1,20
F17_138,F17,pre,I consent.,3,2,1,4,3,0,18,White,1,0,New,Native,United States,NA,N,90 - 94.9,92,,3,,,,,,,,,,,,,,,,,,,,,,,,,,,,,0,1,0,1,0,0,0,1,1,1,0,0,1,0,0,1,0,1,0,1,0,0,0,0,9
F17_405,F17,pre,I consent.,2,2,1,5,5,0,17,White,0,0,New,Native,United States,NA,N,95 - 100,99,,4,,1180,620,560,560,8,1180,,,,,,,,,,,,,,,,,,,,,,1,0,0,1,0,0,0,0,0,0,0,1,0,0,0,1,0,1,0,0,0,0,0,0,5
F17_078,F17,pre,I consent.,2,3,2,4,3,0,18,Asian,0,1,New,Native,United States,NA,Y,95 - 100,98,,9,,1480,730,670,640,10,1400,,,,,,,,,,,,,,,,,,,,,,0,1,0,0,0,0,0,0,0,0,0,0,1,1,0,1,0,0,0,1,0,0,0,0,5
F17_193,F17,pre,I consent.,2,3,1,5,5,1,18,White,1,0,New,Native,United States,NA,Y,95 - 100,99,,8,,1380,780,600,570,7,1380,,,,,,,,,,,,,,,,,,,,,,1,1,1,0,1,0,0,1,1,1,1,1,0,1,1,1,1,0,1,1,1,0,1,0,17
F17_179,F17,pre,I consent.,2,2,1,5,,0,17,White,0,0,New,Native,United States,NA,N,95 - 100,99,,4,,1350,,,,,,,,,,,,,,,,,,,,,,,,,,,1,1,1,0,1,0,0,1,1,1,0,1,1,1,1,1,0,1,1,0,1,0,0,1,16
F17_167,F17,pre,I consent.,2,4,1,5,5,0,17,White,0,0,New,Native,United States,NA,N,90 - 94.9,94,3.97,,,1340,690,650,670,8,1340,,,,,,,,,,,,,,,,,,,,,,1,1,1,1,1,0,0,1,1,1,1,0,1,1,1,1,0,1,1,0,1,0,1,1,18
F17_007,F17,pre,I consent.,1,3,1,4,4,1,17,Asian,0,0,New,Native,United States,NA,N,95 - 100,99,,8,,1520,,,,,,,,,,,,,,,,,,,,,,,,,,,1,1,1,0,1,0,1,1,1,1,1,1,1,0,1,1,0,1,1,1,1,0,0,1,18
F17_182,F17,pre,I consent.,2,2,1,5,4,0,18,White,0,1,New,Native,United States,NA,N,95 - 100,98,,5,,1380,,,,,,,,,,,,,,,,,,,,,,,,,,,1,1,1,0,1,0,0,1,1,0,0,1,0,0,1,1,0,1,1,1,1,0,0,0,13
F17_074,F17,pre,I consent.,1,3,1,5,4,0,18,Asian,0,0,New,Native,United States,NA,N,95 - 100,99,,9,,1560,,,,,,,,,,,,,,,,,,,,,,,,,,,1,1,0,1,1,0,0,0,1,1,0,0,1,0,0,0,0,1,1,0,0,0,0,0,9
F17_328,F17,pre,I consent.,1,3,1,5,5,0,29,White,1,0,Transfer,Native,United States,NA,,NA,,3.8,,,,,,,,,,,,,,,,,,,,,,,,,,,,,,0,1,1,0,0,0,0,0,0,0,0,1,1,1,0,1,0,0,0,1,1,0,0,1,9
F17_116,F17,pre,I consent.,2,2,1,5,5,1,18,Asian,1,0,New,Native,United States,NA,N,90 - 94.9,94,,5,,1520,,,,,,,,,,,,,,,,,,,,,,,,,,,1,1,0,0,1,1,0,1,1,1,0,1,0,1,1,1,0,1,0,1,0,0,1,0,14
F17_061,F17,pre,I consent.,1,4,1,5,5,0,20,White,0,1,Transfer,Native,United States,"$0-14,999",,Unknown,,3.8,3,,,,,,,,,,,,,,,,,,,,,,,,,,,,,0,1,1,0,0,0,0,1,0,0,0,1,0,0,0,1,0,0,0,0,0,1,0,0,6
F17_028,F17,pre,I consent.,2,2,2,3,3,0,18,Asian,0,1,New,Native,United States,NA,Y,90 - 94.9,91,,8,,1440,,,,,,,,,,,,,,,,,,,,,,,,,,,0,1,1,1,1,0,0,0,1,1,1,0,0,0,1,1,0,0,0,1,0,0,0,0,10
F17_026,F17,pre,I consent.,2,3,1,5,5,0,17,Asian,0,0,New,Native,United States,NA,N,95 - 100,99,,,,1380,,,,,,,,,,,,,,,,,,,,,,,,,,,1,1,0,0,0,0,0,0,1,1,0,0,0,0,0,1,0,1,0,1,0,0,0,1,8
F17_316,F17,pre,I consent.,1,2,1,3,4,1,17,Asian,1,1,New,Native,United States,NA,N,90 - 94.9,92,,8,,1470,800,670,710,10,1470,,,,,,,,,,,,,,,,,,,,,,1,1,1,1,1,1,0,1,1,1,0,1,0,1,1,1,1,1,1,1,1,1,1,0,20
F17_174,F17,pre,I consent.,1,3,1,3,3,2,19,White,0,0,Transfer,Native,United States,NA,Y,95 - 100,95,4,,,1320,700,620,610,9,1320,,,,,,,,,,,,,,,,,,,,,,1,1,1,1,1,0,1,0,1,1,1,0,1,0,1,1,1,1,1,1,1,0,1,1,19
F17_021,F17,pre,I consent.,2,3,1,4,3,1,18,White,0,1,Transfer,Native,United States,"$0-14,999",,85 - 89.9,86,3.2,2,,,,,,,,,,,,,,,,,,,,,,,,,,,,,1,0,0,0,1,0,0,1,1,1,0,0,1,0,1,1,0,1,1,1,1,1,0,1,14
F17_181,F17,pre,I consent.,1,4,1,4,4,2,20,White,0,1,Transfer,Native,United States,"105,000-124,999",,85 - 89.9,87,3.41,,,,,,,,,,,,,,,,,,,,,,,,,,,,,,0,1,1,1,1,0,0,0,1,1,0,0,1,0,0,0,0,0,1,1,0,0,0,1,10
F17_353,F17,pre,I consent.,1,4,3,4,4,3,21,Asian,0,1,Transfer,Native,United States,"$0-14,999",,Unknown,,3.76,,,,,,,,,,,,,,,,,,,,,,,,,,,,,,0,0,0,1,0,0,0,0,0,1,1,0,0,0,0,1,0,0,0,0,0,0,0,0,4
F17_259,F17,pre,I consent.,1,4,1,3,3,0,18,White,0,0,Other,Native,United States,NA,,90 - 94.9,94,3.29,,,1240,640,600,560,8,1240,,,,,,,,,,,,,,,,,,,,,,0,0,0,1,1,0,0,0,1,1,0,0,0,1,0,1,0,0,0,1,0,0,0,0,7
F17_407,F17,pre,I consent.,1,3,1,5,5,3,19,White,0,0,Transfer,Native,United States,"$185,000+",,90 - 94.9,92,3.51,2,,990,490,500,520,9,990,,,,,,,,,,,,,,,,,,,,,,1,0,0,0,0,1,0,1,0,1,0,1,0,0,0,1,0,1,0,1,0,0,0,0,8
F17_098,F17,pre,I consent.,2,4,1,5,5,2,20,White,0,1,Transfer,Native,United States,"$15,000-29,999",,Unknown,,3.2,,,,,,,,,,,,,,,,,,,,,,,,,,,,,,0,0,0,0,0,1,0,0,1,1,1,1,1,1,1,1,1,1,1,1,1,1,1,1,17
F17_437,F17,pre,I consent.,3,1,2,1,1,0,20,Asian,1,0,Other,Alien Temporary,United Kingdom,NA,,NA,,,,,,,,,,,,,,,,,,,,,,,,,,,,,,,,1,0,0,1,1,1,1,1,1,1,0,0,1,0,1,1,0,1,0,1,1,1,0,1,16
F17_292,F17,pre,I consent.,2,4,1,5,3,0,19,White,0,0,Transfer,Native,United States,NA,Y,95 - 100,99,3.74,,,,,,,,,,,,,,,,,,,,,,,,,,,,,,0,1,0,0,0,0,0,0,0,0,0,1,1,0,0,1,0,0,0,0,1,0,0,0,5
F18_458,F18,pre,I consent.,2,5,1,3,2,0,33,White,1,0,Transfer,Native,United States,"$30,000-44,999",,80 - 84.9,80,3.7,,,1160,690,470,,,1160,,,,,,,,,,,,,,,,,,,,,,1,1,1,0,1,1,0,1,0,1,0,1,1,0,0,1,0,1,1,1,0,0,0,1,14
F18_302,F18,pre,I consent.,2,5,2,4,3,0,35,Hispanic of any race,0,0,Transfer,Alien Temporary,El Salvador,"$0-14,999",,Unknown,,3.4,2,,,,,,,,,,,,,,,,,,,,,,,,,,,,,0,0,0,0,0,0,0,1,0,0,0,1,1,0,0,1,1,1,1,1,0,1,0,0,9
F18_055,F18,pre,I consent.,2,5,1,5,5,2,25,Hispanic of any race,0,0,Transfer,Native,United States,"$185,000+",,80 - 84.9,81,3.27,,,1100,570,530,520,8,1100,,,,,,,,,,,,,,,,,,,,,,1,0,0,0,0,0,0,0,1,1,0,1,1,0,1,1,0,0,1,1,0,0,0,0,9
F18_259,F18,pre,I consent.,1,5,1,4,4,2,24,White,0,1,Transfer,Native,United States,"$85,000-104,999",,Unknown,,2.8,,,990,510,480,610,,990,,,,,,,,,,,,,,,,,,,,,,1,0,0,0,0,0,0,0,0,0,0,0,0,0,0,1,0,0,0,1,0,0,0,0,3
F18_236,F18,pre,I consent.,1,4,2,5,5,3,23,Asian,1,1,New,Naturalized,"Korea, Republic of",NA,,85 - 89.9,88,,3,,1390,760,630,660,10,1390,,,,,,,,,,,,,,,,,,,,,,1,0,1,1,1,0,0,1,1,1,1,1,1,0,1,1,1,1,1,1,1,0,1,1,19
F18_090,F18,pre,I consent.,2,5,2,4,3,0,23,Asian,1,0,New,Alien Temporary,"Korea, Republic of",NA,,90 - 94.9,90,,,1,,,,,,,,,,,,,,,,,,,,,,,,,,,,0,0,0,1,0,0,0,0,0,0,0,1,0,0,0,0,0,0,0,1,1,0,0,0,4
F18_545,F18,pre,I consent.,3,6,2,5,5,3,23,Asian,1,1,New,Native,United States,NA,,90 - 94.9,90,,3,,1370,690,680,690,10,1370,,,,,,,,,,,,,,,,,,,,,,1,1,1,1,1,0,1,1,1,1,1,0,1,1,0,1,1,1,1,1,1,1,1,1,21
F18_206,F18,pre,I consent.,2,4,1,5,5,0,21,Asian,0,1,New,Native,United States,NA,N,80 - 84.9,84,,3,,1130,530,600,550,9,1130,,,,,,,,,,,,,,,,,,,,,,1,1,0,0,1,0,0,0,1,1,0,1,1,1,0,1,0,1,1,1,1,1,1,0,15
F18_558,F18,pre,I consent.,2,5,1,3,3,2,21,Asian,1,1,New,Native,United States,NA,Y,95 - 100,98,,,,1250,680,570,580,9,1250,,,,,,,,,,,,,,,,,,,,,,1,0,1,0,1,0,0,1,1,1,0,1,0,1,1,1,0,1,1,1,1,0,0,1,15
F18_174,F18,pre,I consent.,2,5,1,4,3,3,22,Hispanic of any race,1,0,New,Native,United States,NA,Y,95 - 100,99,,4,,1320,600,510,600,10,1110,,,,,,,,,,,,,,,,,,,,,,0,0,0,0,0,0,0,1,1,1,0,0,1,0,1,1,0,0,0,0,0,0,0,0,6
F18_003,F18,pre,I consent.,2,4,1,4,3,0,25,Asian,1,1,Transfer,Native,United States,"$45,000-64,999",,80 - 84.9,84,3.26,3,,,,,,,,,,,,,,,,,,,,,,,,,,,,,1,0,1,1,0,0,0,0,1,1,0,0,1,0,0,1,0,1,0,1,1,0,0,0,10
F18_246,F18,pre,I consent.,1,5,1,5,4,3,20,White,0,0,New,Native,United States,NA,N,95 - 100,99,,7,,1390,690,700,610,9,1390,,,,,,,,,,,,,,,,,,,,,,1,0,1,1,1,0,0,1,1,1,0,0,1,1,1,1,0,1,1,1,1,0,0,0,15
F18_100,F18,pre,I consent.,1,5,1,5,5,3,20,White,0,0,Other,Native,United States,NA,Y,95 - 100,99,,,,1260,660,600,630,10,1260,,,,,,,,,,,,,,,,,,,,,,1,0,1,0,1,0,1,1,1,1,1,0,1,1,1,1,1,1,1,1,1,1,1,0,19
F18_156,F18,pre,I consent.,1,5,1,5,5,3,20,White,0,0,Transfer,Native,United States,NA,N,95 - 100,99,3.68,4,,1290,610,620,650,8,1230,,,,,,,,,,,,,,,,,,,,,,1,1,1,0,1,0,1,1,1,1,0,1,1,1,1,1,1,0,1,1,1,1,1,1,20
F18_427,F18,pre,I consent.,2,5,1,5,5,3,21,White,1,0,Transfer,Native,United States,NA,N,90 - 94.9,91,2.65,,,1410,650,650,740,8,1300,,,,,,,,,,,,,,,,,,,,,,1,1,0,1,1,1,0,1,1,1,1,1,1,1,1,1,0,0,0,0,0,1,1,1,17
F18_366,F18,pre,I consent.,1,4,1,4,4,2,22,Hispanic of any race,1,0,Transfer,Native,United States,"105,000-124,999",Y,Unknown,,2.37,,,1270,700,570,540,7,1270,,,,,,,,,,,,,,,,,,,,,,1,1,0,0,0,0,0,0,0,1,0,0,0,0,1,1,0,1,0,1,0,0,0,0,7
F18_063,F18,pre,I consent.,1,5,2,4,4,3,23,Black/African American,1,1,Transfer,Naturalized,Haiti,"$45,000-64,999",,Unknown,,2.89,,,800,440,360,430,8,800,,,,,,,,,,,,,,,,,,,,,,1,1,1,0,0,1,0,0,0,0,0,0,1,0,0,0,0,1,0,1,1,0,0,0,8
F18_328,F18,pre,I consent.,2,5,1,5,4,0,22,White,1,0,Transfer,Native,United States,"$65,000-84,999",Y,90 - 94.9,94,3.17,,,1290,680,550,460,8,1230,,,,,,,,,,,,,,,,,,,,,,1,1,0,1,1,1,0,1,1,1,1,1,1,1,0,1,1,0,0,0,1,1,1,0,17
F18_233,F18,pre,I consent.,2,5,1,5,5,2,21,White,1,0,Transfer,Native,United States,NA,N,95 - 100,99,2.73,,,1410,770,640,540,9,1410,,,,,,,,,,,,,,,,,,,,,,1,1,1,0,1,1,0,0,1,1,0,0,0,1,1,1,0,1,0,0,1,1,0,1,14
F18_161,F18,pre,I consent.,3,5,2,5,4,3,21,White,1,0,New,Native,United States,NA,N,85 - 89.9,86,,3,,1290,700,590,560,10,1290,,,,,,,,,,,,,,,,,,,,,,0,1,1,1,1,0,0,0,0,0,0,0,1,0,0,1,0,1,0,0,0,0,0,0,7
F18_350,F18,pre,I consent.,1,5,1,4,4,3,22,Asian,0,0,New,Native,United States,NA,N,90 - 94.9,92,,3,,1150,550,600,540,8,1150,,,,,,,,,,,,,,,,,,,,,,1,0,0,1,0,0,0,0,1,1,0,0,1,1,0,1,0,0,0,1,0,0,0,0,8
F18_322,F18,pre,I consent.,1,4,1,3,3,0,22,Black/African American,1,1,Transfer,Native,United States,"$15,000-29,999",,85 - 89.9,87,3.06,,,,,,,,,,,,,,,,,,,,,,,,,,,,,,1,0,0,0,0,0,0,1,1,1,0,1,0,0,1,1,0,0,0,1,1,0,0,0,9
F18_081,F18,pre,I consent.,1,3,1,4,3,1,19,Asian,0,0,New,Alien Permanent,"Korea, Republic of",NA,N,95 - 100,98,,7,,1320,,,,,,,,,,,,,,,,,,,,,,,,,,,1,0,0,0,1,0,0,1,0,1,0,0,1,0,0,1,0,1,0,0,0,0,0,0,7
F18_006,F18,pre,I consent.,1,3,1,4,4,0,19,Asian,1,0,New,Native,United States,NA,N,95 - 100,99,,,,,,,,,,,,,,,,,,,,,,,,,,,,,,,0,0,0,1,1,0,0,1,1,1,1,1,1,0,0,1,0,1,1,0,1,0,1,1,14
F18_249,F18,pre,I consent.,1,4,2,3,2,2,20,Asian,0,0,New,Alien Temporary,New Zealand,NA,N,95 - 100,98,,5,,1350,680,530,480,8,1210,,,,,,,,,,,,,,,,,,,,,,1,1,0,0,0,0,0,0,0,1,0,0,0,0,0,0,0,0,0,0,0,1,0,1,5
F18_518,F18,pre,I consent.,1,4,1,5,5,3,19,White,0,0,New,Native,United States,NA,N,95 - 100,99,,7,,1520,770,750,790,11,1520,,,,,,,,,,,,,,,,,,,,,,1,1,0,1,1,0,1,1,1,1,1,1,1,0,1,1,1,1,1,0,1,1,1,0,19
F18_041,F18,pre,I consent.,1,5,1,5,5,3,21,White,1,0,New,Native,United States,NA,N,95 - 100,97,,8,,1340,720,620,630,9,1340,,,,,,,,,,,,,,,,,,,,,,1,1,0,1,1,0,1,1,1,1,1,0,1,1,1,1,1,0,1,1,1,1,1,1,20
F18_397,F18,pre,I consent.,1,5,1,4,4,3,20,Asian,1,0,New,Native,United States,NA,N,95 - 100,99,,,,1490,780,710,680,8,1490,,,,,,,,,,,,,,,,,,,,,,1,1,0,0,1,0,0,1,1,1,1,0,1,1,0,1,1,1,1,1,1,1,1,0,17
F18_157,F18,pre,I consent.,2,5,1,5,5,0,20,Asian,1,0,Transfer,Native,United States,"$85,000-104,999",Y,90 - 94.9,92,3.5,,,1040,540,500,440,8,1040,,,,,,,,,,,,,,,,,,,,,,0,1,1,1,0,0,0,0,0,1,0,1,0,0,0,0,1,0,0,1,0,0,0,0,7
F18_408,F18,pre,I consent.,1,3,1,5,5,0,19,Hispanic of any race,1,0,Transfer,Native,United States,NA,N,90 - 94.9,92,3,4,,1320,,,,,,,,,,,,,,,,,,,,,,,,,,,1,1,1,0,1,0,0,1,1,1,0,0,1,0,1,1,0,1,1,1,0,0,0,1,14
F18_231,F18,pre,I consent.,1,4,1,5,5,3,21,Asian,0,0,New,Native,United States,NA,N,85 - 89.9,86,,4,,1150,630,520,580,9,1150,,,,,,,,,,,,,,,,,,,,,,0,0,1,0,0,0,0,0,1,0,0,0,0,1,0,0,0,0,0,0,1,1,0,0,5
F18_435,F18,pre,I consent.,1,5,1,5,5,3,21,Asian,1,0,Transfer,Native,United States,"$15,000-29,999",,Unknown,,3.79,,,1080,560,520,500,8,1080,,,,,,,,,,,,,,,,,,,,,,1,1,0,0,1,0,0,0,1,1,0,0,1,0,1,1,0,1,1,1,0,0,0,0,11
F18_022,F18,pre,I consent.,1,4,1,5,5,0,21,White,0,1,Transfer,Native,United States,"$0-14,999",,85 - 89.9,88,3.22,,,950,470,480,520,8,950,,,,,,,,,,,,,,,,,,,,,,0,1,0,1,0,0,0,0,1,0,1,0,1,0,0,0,0,1,0,1,1,0,0,0,8
F18_317,F18,pre,I consent.,3,5,1,5,5,3,21,Asian,0,0,New,Native,United States,NA,N,95 - 100,95,,4,,1320,700,620,610,8,1320,,,,,,,,,,,,,,,,,,,,,,0,1,0,1,0,0,0,0,0,0,0,0,1,0,0,1,0,0,0,1,0,0,0,0,5
F18_319,F18,pre,I consent.,1,4,1,4,5,3,20,Hispanic of any race,0,0,Transfer,Native,United States,NA,Y,95 - 100,95,2.99,3,,1170,540,630,620,9,1170,,,,,,,,,,,,,,,,,,,,,,1,1,1,0,1,0,0,1,0,1,0,1,0,0,1,1,0,1,0,1,0,0,0,0,11
F18_547,F18,pre,I consent.,1,4,1,5,5,1,21,White,1,1,New,Native,United States,NA,N,90 - 94.9,92,,4,,1320,610,620,550,8,1230,,,,,,,,,,,,,,,,,,,,,,1,0,0,0,1,1,1,1,1,1,1,0,0,1,0,1,1,0,1,0,0,0,0,0,12
F18_274,F18,pre,I consent.,2,5,2,3,3,0,22,Asian,1,1,Transfer,Naturalized,Chi,"$15,000-29,999",,85 - 89.9,89,3.94,,,1010,620,390,520,8,1010,,,,,,,,,,,,,,,,,,,,,,1,0,0,0,0,0,0,1,1,1,0,0,1,0,0,1,0,0,0,1,1,0,0,1,9
F18_067,F18,pre,I consent.,2,5,2,2,2,3,21,Asian,0,0,New,Naturalized,Unknown,NA,,85 - 89.9,88,,7,,1400,790,610,620,,1400,,,,,,,,,,,,,,,,,,,,,,1,1,0,0,0,0,0,0,0,1,0,0,1,0,0,1,0,0,0,0,1,0,0,0,6
F18_324,F18,pre,I consent.,2,5,1,4,4,3,20,Asian,1,0,New,Native,United States,NA,N,95 - 100,95,,,,1380,800,580,630,8,1380,,,,,,,,,,,,,,,,,,,,,,1,1,1,1,0,0,1,1,1,1,1,0,1,0,1,1,0,1,0,0,1,0,1,1,16
F18_289,F18,pre,I consent.,2,5,1,4,4,0,21,Asian,1,1,New,Native,United States,NA,Y,90 - 94.9,92,,,,1270,690,580,630,7,1270,,,,,,,,,,,,,,,,,,,,,,0,0,0,1,0,0,0,0,0,1,0,1,1,1,0,0,0,1,0,1,1,0,0,0,8
F18_533,F18,pre,I consent.,2,4,2,3,3,0,21,Asian,0,1,Transfer,Naturalized,Chi,"$15,000-29,999",,85 - 89.9,88,3.11,,,1190,670,510,490,8,1180,,,,,,,,,,,,,,,,,,,,,,0,0,0,0,0,0,0,0,0,1,0,0,1,1,0,0,0,0,0,0,0,0,0,1,4
F18_078,F18,pre,I consent.,2,5,1,5,5,2,20,White,0,0,New,Native,United States,NA,,95 - 100,95,,4,,1290,690,600,620,8,1290,,,,,,,,,,,,,,,,,,,,,,1,0,0,0,1,1,0,0,1,1,0,0,1,0,0,1,0,1,0,1,1,0,0,0,10
F18_094,F18,pre,I consent.,1,4,1,5,,3,20,Black/African American,0,1,New,Native,United States,NA,Y,90 - 94.9,91,,6,,1290,660,630,630,8,1290,,,,,,,,,,,,,,,,,,,,,,1,1,0,0,1,0,0,0,1,1,0,0,1,0,1,1,0,1,1,1,1,0,0,0,12
F18_323,F18,pre,I consent.,1,3,1,0,0,2,21,Hispanic of any race,1,1,Transfer,Naturalized,Ecuador,"$30,000-44,999",Y,Unknown,,3.2,,,1020,590,420,440,6,1010,,,,,,,,,,,,,,,,,,,,,,1,1,0,0,1,1,0,1,0,1,0,0,0,0,0,1,1,0,0,0,1,0,0,0,9
F18_569,F18,pre,I consent.,2,5,1,5,5,3,21,,0,1,New,Native,United States,NA,Y,90 - 94.9,91,,5,,1270,690,580,630,6,1270,,,,,,,,,,,,,,,,,,,,,,0,1,0,0,0,0,0,0,0,1,0,1,1,0,0,1,0,0,0,1,1,0,0,0,7
F18_241,F18,pre,I consent.,1,5,1,5,4,3,21,Asian,0,1,New,Native,United States,NA,Y,95 - 100,96,,7,,1350,690,580,590,9,1270,,,,,,,,,,,,,,,,,,,,,,0,0,0,1,0,0,0,0,1,0,0,0,1,0,0,0,0,0,0,1,0,0,0,0,4
F18_475,F18,pre,I consent.,2,5,1,5,4,3,21,Black/African American,0,0,New,Native,United States,NA,N,95 - 100,99,,,,1150,530,620,520,8,1150,,,,,,,,,,,,,,,,,,,,,,1,1,0,1,1,0,1,1,1,1,1,0,1,0,1,1,0,0,1,0,1,0,0,0,14
F18_293,F18,pre,I consent.,2,4,2,2,2,0,21,Asian,0,0,New,Alien Temporary,"Taiwan, Province of Chi",NA,N,90 - 94.9,90,,,,1110,650,460,510,8,1110,,,,,,,,,,,,,,,,,,,,,,0,0,0,0,0,1,0,1,1,0,0,0,1,0,0,0,0,0,0,1,0,1,0,0,6
F18_229,F18,pre,I consent.,2,5,2,5,5,0,21,Asian,1,1,New,Native,United States,NA,N,95 - 100,98,,,,1260,750,510,530,8,1260,,,,,,,,,,,,,,,,,,,,,,1,1,0,0,0,0,0,0,0,0,0,0,1,1,0,0,0,0,0,1,0,1,1,0,7
F18_125,F18,pre,I consent.,2,4,1,3,2,0,21,White,0,1,Transfer,Native,United States,"$15,000-29,999",Y,Unknown,,3.9,2,,880,390,490,480,8,880,,,,,,,,,,,,,,,,,,,,,,0,1,1,1,0,0,0,0,1,1,0,0,0,0,1,1,0,1,0,1,1,0,0,1,11
F18_290,F18,pre,I consent.,2,5,1,5,4,0,21,Asian,1,1,New,Native,United States,NA,Y,90 - 94.9,93,,,,1350,720,630,630,8,1350,,,,,,,,,,,,,,,,,,,,,,1,1,0,0,1,0,0,0,1,1,0,0,0,0,0,1,0,1,1,1,1,0,0,1,11
F18_455,F18,pre,I consent.,1,5,1,5,5,3,21,White,0,0,New,Native,United States,NA,N,90 - 94.9,93,,5,,1410,750,660,720,8,1410,,,,,,,,,,,,,,,,,,,,,,1,1,0,1,1,0,0,1,1,1,0,1,1,1,1,1,0,1,1,1,0,0,1,1,17
F18_315,F18,pre,I consent.,1,5,1,3,4,3,21,Asian,0,0,New,Native,United States,NA,N,95 - 100,99,,7,,1410,770,640,670,11,1410,,,,,,,,,,,,,,,,,,,,,,0,1,1,1,0,1,1,0,0,1,0,0,1,0,0,0,0,0,0,0,1,1,1,1,11
F18_449,F18,pre,I consent.,2,5,1,4,4,3,21,Asian,0,0,New,Native,United States,NA,N,95 - 100,97,,7,,1280,,,,,,,,,,,,,,,,,,,,,,,,,,,0,0,0,0,1,0,0,1,1,1,1,0,1,1,0,1,0,1,1,0,1,0,0,0,11
F18_403,F18,pre,I consent.,2,5,1,5,4,0,20,Asian,1,0,New,Native,United States,NA,Y,90 - 94.9,92,,,,1550,750,800,640,10,1550,,,,,,,,,,,,,,,,,,,,,,1,1,0,0,1,0,0,1,1,1,1,0,0,1,1,1,0,0,1,0,1,1,1,0,14
F18_326,F18,pre,I consent.,1,4,1,3,3,0,21,White,0,1,Transfer,Native,United States,NA,Y,NA,,3.9,2,,970,530,440,510,8,970,,,,,,,,,,,,,,,,,,,,,,1,1,0,0,0,0,0,1,0,0,0,0,0,0,0,0,1,1,0,0,0,0,0,0,5
F18_250,F18,pre,I consent.,1,3,2,1,1,0,23,Asian,0,0,New,Alien Temporary,"Korea, Republic of",NA,N,90 - 94.9,94,,,,1120,,,,,,,,,,,,,,,,,,,,,,,,,,,0,1,1,1,0,0,1,0,0,1,0,0,0,0,1,0,1,0,0,1,1,0,0,0,9
F18_557,F18,pre,I consent.,2,5,1,4,4,0,20,Asian,1,0,New,Native,United States,NA,Y,90 - 94.9,90,,9,,1410,800,610,670,10,1410,,,,,,,,,,,,,,,,,,,,,,1,1,0,1,1,1,0,1,1,1,1,1,0,1,0,1,0,1,1,0,1,1,1,0,17
F18_172,F18,pre,I consent.,2,4,1,2,2,0,21,Hispanic of any race,0,1,Transfer,Native,United States,"$15,000-29,999",,Unknown,,2.9,,,850,440,410,400,6,850,,,,,,,,,,,,,,,,,,,,,,1,0,0,0,0,1,0,0,0,1,0,0,0,0,0,1,0,0,0,1,0,0,0,0,5
F18_159,F18,pre,I consent.,2,5,2,3,3,2,20,Asian,0,0,New,Alien Temporary,"Korea, Republic of",NA,N,90 - 94.9,92,,7,,1330,800,530,610,9,1330,,,,,,,,,,,,,,,,,,,,,,0,0,0,0,0,1,0,0,1,0,0,0,0,0,0,0,1,0,1,1,0,1,0,0,6
F18_517,F18,pre,I consent.,1,4,1,5,5,3,21,Black/African American,0,1,New,Native,United States,"$30,000-44,999",,90 - 94.9,90,,2,,1130,510,620,570,10,1130,,,,,,,,,,,,,,,,,,,,,,1,0,1,0,0,1,1,1,0,1,0,1,0,0,0,0,0,0,0,0,1,1,0,0,9
F18_039,F18,pre,I consent.,1,5,1,5,5,3,23,White,1,1,New,Native,United States,NA,N,85 - 89.9,87,3.91,5,,1320,660,640,610,10,1300,,,,,,,,,,,,,,,,,,,,,,1,1,0,1,0,0,0,1,1,0,0,1,0,0,0,1,1,0,0,0,0,1,1,0,10
F18_430,F18,pre,I consent.,1,4,2,4,3,0,21,Black/African American,0,1,Transfer,Naturalized,Senegal,"$30,000-44,999",Y,Unknown,,3.69,,,950,460,490,540,8,950,,,,,,,,,,,,,,,,,,,,,,1,0,0,1,0,0,0,0,1,1,0,0,1,0,1,1,1,0,0,1,0,0,0,1,10
F18_568,F18,pre,I consent.,2,5,2,2,2,3,26,Asian,0,1,Transfer,Alien Permanent,Chi,"$15,000-29,999",,Unknown,,3.84,,,,,,,,,,,,,,,,,,,,,,,,,,,,,,0,0,0,1,0,0,0,0,0,0,1,1,1,0,1,0,0,0,0,1,0,0,0,1,7
F18_028,F18,pre,I consent.,2,4,2,4,4,0,20,Hispanic of any race,0,1,New,Native,United States,"$15,000-29,999",,85 - 89.9,87,,3,3,930,450,480,480,,930,,,,,,,,,,,,,,,,,,,,,,0,0,1,0,0,0,0,0,0,0,0,0,1,0,0,1,0,0,0,0,1,1,0,0,5
F18_101,F18,pre,I consent.,1,3,1,4,4,0,18,Black/African American,0,0,New,Native,United States,"$45,000-64,999",,90 - 94.9,91,,4,,1090,460,400,440,4,860,,,,,,,,,,,,,,,,,,,,,,1,0,1,0,0,0,1,0,0,1,1,0,0,0,1,1,0,1,0,1,0,0,0,0,9
F18_030,F18,pre,I consent.,2,3,1,5,5,0,18,White,0,0,Other,Native,United States,NA,Y,95 - 100,95,,3,,,,,,,,,,,,,,,,,,,,,,,,,,,,,0,1,0,0,0,1,0,0,0,1,0,0,1,0,0,1,0,1,0,1,1,0,0,0,8
F18_379,F18,pre,I consent.,3,3,2,3,3,2,18,Hispanic of any race,0,1,New,Native,United States,NA,Y,90 - 94.9,93,,3,3,,,,,,,,,,,,,,,,,,,,,,,,,,,,0,0,0,1,0,0,0,0,0,1,0,0,0,0,0,0,0,1,0,0,0,0,0,0,3
F18_212,F18,pre,I consent.,2,3,1,4,4,0,19,Hispanic of any race,1,0,New,Native,United States,NA,N,90 - 94.9,90,,2.5,,,,,,,,,,,,,,,,,,,,,,,,,,,,,0,0,0,0,1,0,0,0,1,1,0,1,1,1,0,1,0,0,0,1,0,0,0,0,8
F18_205,F18,pre,I consent.,1,3,2,4,4,3,19,Asian,0,0,New,Naturalized,Unknown,NA,N,90 - 94.9,93,,5,,,,,,,,,,,,,,,,,,,,,,,,,,,,,1,1,0,0,1,0,0,1,1,1,0,0,1,0,0,1,0,0,0,0,0,0,1,0,9
F18_444,F18,pre,I consent.,11,3,1,4,3,2,18,Asian,0,0,New,Native,United States,NA,N,90 - 94.9,94,3.67,4,,,,,,,,,,,,,,,,,,,,,,,,,,,,,0,0,0,0,1,0,0,0,0,0,0,0,1,0,0,1,1,0,0,1,0,0,0,0,5
F18_004,F18,pre,I consent.,2,3,2,5,5,2,19,Black/African American,0,0,New,Naturalized,Unknown,NA,Y,95 - 100,96,,3,,1290,580,570,510,7,1150,,,,,,,,,,,,,,,,,,,,,,1,1,0,0,1,0,0,1,1,1,0,0,0,0,1,1,0,0,1,1,1,0,0,0,11
F18_476,F18,pre,I consent.,1,5,1,5,5,3,21,White,0,1,Transfer,Native,United States,NA,,85 - 89.9,89,3.75,,,,,,,,,,,,,,,,,,,,,,,,,,,,,,1,1,0,0,1,0,1,1,1,1,1,1,1,1,1,1,1,0,1,1,1,1,1,0,19
F18_306,F18,pre,I consent.,2,5,2,2,2,0,23,Asian,1,0,Transfer,Alien Temporary,Chi,"$85,000-104,999",,Unknown,,3.41,,,,,,,,,,,,,,,,,,,,,,,,,,,,,,0,0,0,1,0,0,0,0,0,1,0,1,1,0,0,1,0,0,0,0,0,0,0,0,5
F18_074,F18,pre,I consent.,2,5,2,4,4,0,24,Asian,1,0,New,Alien Temporary,Chi,NA,N,90 - 94.9,92,,5,2,1220,,,,,,,,,,,,,,,,,,,,,,,,,,,1,0,1,1,1,1,0,1,1,1,1,1,1,0,0,1,0,1,1,1,1,1,1,1,19
F18_320,F18,pre,I consent.,1,4,1,5,5,3,20,White,1,0,New,Native,United States,NA,N,95 - 100,99,,,,1410,670,640,580,7,1310,,,,,,,,,,,,,,,,,,,,,,1,1,1,0,1,0,1,1,1,1,1,1,1,1,1,1,0,1,1,1,1,1,1,0,20
F18_104,F18,pre,I consent.,2,3,1,4,4,0,18,Asian,0,1,New,Native,United States,NA,N,95 - 100,98,,,,1290,630,490,590,8,1120,,,,,,,,,,,,,,,,,,,,,,0,0,0,1,0,0,0,0,0,1,0,1,0,0,0,1,0,1,0,1,0,0,0,0,6
F18_336,F18,pre,I consent.,1,3,3,4,4,1,19,,0,0,New,Native,United States,NA,N,95 - 100,99,,6,,1320,,,,,,,,,,,,,,,,,,,,,,,,,,,1,1,0,1,1,1,0,1,1,1,1,0,0,1,0,1,0,1,0,1,1,0,1,1,16
F18_102,F18,pre,I consent.,1,4,1,,2,3,20,Black/African American,0,1,New,Alien Permanent,Gha,"$15,000-29,999",,90 - 94.9,93,,6,,980,520,460,500,8,980,,,,,,,,,,,,,,,,,,,,,,1,0,0,0,1,0,0,1,1,1,0,0,0,0,0,1,0,1,0,0,0,0,0,0,7
F18_045,F18,pre,I consent.,2,3,1,5,3,2,18,White,0,0,New,Native,United States,"$45,000-64,999",,90 - 94.9,91,,4,,,,,,,,,,,,,,,,,,,,,,,,,,,,,1,1,0,0,0,0,0,1,1,1,0,0,1,0,1,1,0,0,0,0,0,0,0,0,8
F18_169,F18,pre,I consent.,1,3,1,3,3,2,19,White,0,0,Transfer,Native,United States,NA,,90 - 94.9,93,3.55,,,,,,,,,,,,,,,,,,,,,,,,,,,,,,1,0,0,0,0,0,0,1,1,1,0,0,1,0,1,0,0,1,0,1,1,0,0,1,10
F18_400,F18,pre,I consent.,3,3,1,5,5,2,19,White,0,0,Transfer,Native,United States,NA,N,95 - 100,97,,,,,,,,,,,,,,,,,,,,,,,,,,,,,,,1,1,1,1,1,0,0,0,1,1,0,1,1,0,0,1,0,1,1,1,0,0,0,1,14
F18_406,F18,pre,I consent.,1,4,1,4,4,3,20,Hispanic of any race,1,0,New,Native,United States,NA,Y,90 - 94.9,92,,5,,1290,670,580,570,8,1250,,,,,,,,,,,,,,,,,,,,,,0,0,1,1,1,1,0,1,1,1,0,1,0,0,0,0,0,0,1,1,1,0,0,1,12
F18_272,F18,pre,I consent.,2,4,1,4,4,0,20,Asian,1,0,New,Native,United States,"$65,000-84,999",,95 - 100,98,,,,1320,680,550,590,,1230,,,,,,,,,,,,,,,,,,,,,,1,0,0,1,0,1,0,0,0,1,1,0,1,0,0,1,0,1,1,1,1,0,0,1,12
F18_070,F18,pre,I consent.,2,4,1,4,4,3,20,Asian,0,1,New,Native,United States,"$65,000-84,999",,90 - 94.9,92,,4,,1300,680,620,710,10,1300,,,,,,,,,,,,,,,,,,,,,,0,1,0,1,1,0,0,1,1,1,0,0,1,1,1,1,0,1,1,1,1,0,0,1,15
F18_363,F18,pre,I consent.,1,4,1,5,5,3,20,Hispanic of any race,1,0,New,Native,United States,NA,Y,95 - 100,95,,4,,1290,,,,,,,,,,,,,,,,,,,,,,,,,,,0,0,0,1,0,0,0,0,1,1,0,0,1,1,0,1,0,1,0,1,0,0,0,0,8
F18_457,F18,pre,I consent.,1,4,1,5,5,2,25,White,0,0,Transfer,Native,United States,"$0-14,999",,75 - 79.9,75.3,3.13,,,,,,,,,,,,,,,,,,,,,,,,,,,,,,1,0,1,1,1,0,0,1,1,1,0,0,0,1,0,0,0,1,0,0,1,0,1,0,11
F18_145,F18,pre,I consent.,2,4,1,5,5,0,20,White,1,0,New,Native,United States,NA,N,90 - 94.9,90,,8,,1440,730,710,690,8,1440,,,,,,,,,,,,,,,,,,,,,,1,1,1,1,1,0,1,1,1,1,1,0,0,1,1,1,0,1,1,0,1,1,1,0,18
F18_492,F18,pre,I consent.,1,5,1,3,,3,19,Asian,1,0,New,Naturalized,Unknown,NA,N,90 - 94.9,91,,3,,1320,620,700,680,9,1320,,,,,,,,,,,,,,,,,,,,,,1,1,1,1,1,0,0,1,1,0,0,1,1,0,1,1,0,1,1,1,1,1,0,0,16
F18_136,F18,pre,I consent.,2,4,1,5,4,0,20,White,1,0,New,Native,United States,NA,Y,95 - 100,99,,3,,1350,,,,,,,,,,,,,,,,,,,,,,,,,,,1,1,0,0,1,1,0,1,1,1,0,0,0,0,1,1,0,1,1,1,1,0,1,0,14
F18_182,F18,pre,I consent.,1,3,1,4,3,3,20,Hispanic of any race,0,0,Other,Native,United States,NA,Y,85 - 89.9,89,2.74,,,1120,560,460,470,8,1020,,,,,,,,,,,,,,,,,,,,,,1,0,0,0,0,0,0,0,0,0,0,1,0,0,0,0,0,0,0,0,0,0,0,0,2
F18_013,F18,pre,I consent.,1,5,2,4,4,3,25,Hispanic of any race,0,0,Transfer,Undocumented Alien,Costa Rica,NA,,NA,,3.7,,,,,,,,,,,,,,,,,,,,,,,,,,,,,,1,0,1,1,0,1,0,0,1,1,0,0,1,0,0,1,0,1,0,1,1,0,0,0,11
F18_409,F18,pre,I consent.,2,4,1,3,2,3,20,Hispanic of any race,0,0,New,Native,United States,NA,Y,95 - 100,96,3.04,2.5,,1210,610,600,530,10,1210,,,,,,,,,,,,,,,,,,,,,,1,1,1,1,0,0,1,1,0,1,0,0,1,1,0,1,0,1,0,0,0,1,0,0,12
F18_337,F18,pre,I consent.,1,4,1,5,5,3,19,White,1,1,New,Native,United States,NA,Y,95 - 100,95,3.95,4,,1250,610,570,540,8,1180,,,,,,,,,,,,,,,,,,,,,,1,1,0,1,0,1,0,1,0,0,0,0,0,0,0,0,0,0,0,1,0,0,0,1,7
F18_153,F18,pre,I consent.,2,4,1,5,4,1,20,Black/African American,1,0,New,Native,United States,NA,N,95 - 100,96,,7,,1420,690,730,650,8,1420,,,,,,,,,,,,,,,,,,,,,,1,0,0,1,1,0,0,1,1,1,0,1,1,0,0,1,0,1,1,1,1,0,0,0,13
F18_189,F18,pre,I consent.,1,3,1,5,5,2,20,Hispanic of any race,1,1,Transfer,Native,United States,"$0-14,999",,Unknown,,3.1,,,1220,490,550,550,8,1040,,,,,,,,,,,,,,,,,,,,,,0,1,0,0,0,0,1,1,0,0,0,1,1,1,0,1,0,0,0,0,0,0,0,0,7
F18_442,F18,pre,I consent.,1,5,2,4,4,3,20,Asian,1,0,New,Native,United States,NA,Y,95 - 100,95,4,,,1430,770,660,630,10,1430,,,,,,,,,,,,,,,,,,,,,,1,1,1,1,1,0,0,1,1,1,0,1,1,1,1,1,1,0,1,1,1,0,1,0,18
F18_292,F18,pre,I consent.,2,4,2,2,1,3,19,Asian,0,1,New,Naturalized,Unknown,"$0-14,999",,90 - 94.9,90,,6,,1070,620,450,490,8,1070,,,,,,,,,,,,,,,,,,,,,,1,0,1,1,1,1,0,1,1,1,1,1,1,1,1,1,0,0,1,1,1,1,1,1,20
F18_285,F18,pre,I consent.,2,5,1,4,4,0,20,Asian,1,0,New,Native,United States,NA,N,95 - 100,99,,8,,1440,720,620,720,12,1340,,,,,,,,,,,,,,,,,,,,,,1,1,0,0,1,0,0,1,1,1,0,1,1,0,1,1,0,0,1,1,1,0,0,0,13
F18_563,F18,pre,I consent.,1,4,1,5,5,2,19,Asian,1,1,New,Native,United States,NA,Y,90 - 94.9,92,,3,,1320,,,,,,,,,,,,,,,,,,,,,,,,,,,1,1,0,1,1,1,0,1,1,1,0,1,1,0,1,1,0,1,1,1,1,0,0,0,16
F18_344,F18,pre,I consent.,1,3,1,4,4,1,20,White,0,0,New,Native,United States,NA,N,95 - 100,95,,,,1320,660,660,580,8,1320,,,,,,,,,,,,,,,,,,,,,,1,1,1,1,1,1,0,1,1,1,0,1,1,1,1,1,0,0,0,1,1,1,1,0,18
F18_304,F18,pre,I consent.,1,4,1,5,4,2,20,Black/African American,0,1,New,Native,United States,NA,N,90 - 94.9,93,3.88,3,,1280,600,680,530,8,1280,,,,,,,,,,,,,,,,,,,,,,1,1,1,0,0,0,0,0,0,0,0,1,0,0,0,1,0,0,0,0,0,0,0,0,5
F18_361,F18,pre,I consent.,1,4,1,5,5,2,20,Black/African American,0,1,New,Native,United States,"$45,000-64,999",,90 - 94.9,93,,3,,1160,610,550,560,9,1160,,,,,,,,,,,,,,,,,,,,,,0,0,1,0,0,0,1,0,1,1,0,0,0,1,0,1,0,0,0,1,1,1,0,0,9
F18_356,F18,pre,I consent.,1,4,2,4,3,3,20,Asian,0,1,New,Alien Permanent,"Korea, Republic of",NA,Y,95 - 100,96,3.65,4,,1380,740,640,690,10,1380,,,,,,,,,,,,,,,,,,,,,,1,1,1,0,1,0,0,1,1,1,0,0,0,1,0,1,0,1,1,1,1,0,1,0,14
F18_042,F18,pre,I consent.,1,4,1,4,3,3,19,White,1,0,New,Native,United States,NA,N,95 - 100,97,,,,1480,720,720,670,9,1440,,,,,,,,,,,,,,,,,,,,,,1,1,0,1,0,0,0,1,1,1,1,1,1,1,1,1,1,1,1,1,1,0,1,0,18
F18_140,F18,pre,I consent.,2,4,1,5,3,3,20,White,0,0,Other,Native,United States,NA,N,90 - 94.9,90,,2,,1220,560,660,630,9,1220,,,,,,,,,,,,,,,,,,,,,,1,0,0,0,0,0,0,0,1,1,0,0,1,0,1,0,0,1,0,0,0,0,0,0,6
F18_459,F18,pre,I consent.,1,3,2,5,5,0,20,Hispanic of any race,0,1,Transfer,Native,United States,"$15,000-29,999",Y,Unknown,,2.68,,,980,500,480,520,10,980,,,,,,,,,,,,,,,,,,,,,,1,0,0,1,0,0,0,0,0,0,0,0,1,0,0,1,0,1,0,0,0,0,0,0,5
F18_105,F18,pre,I consent.,1,4,1,5,5,3,19,Asian,0,1,Transfer,Native,United States,NA,N,NA,,3.14,3,,1100,580,520,580,10,1100,,,,,,,,,,,,,,,,,,,,,,0,1,1,0,0,1,0,0,1,0,0,1,1,0,0,0,0,1,0,1,0,0,0,1,9
F18_218,F18,pre,I consent.,1,4,1,4,4,2,19,Black/African American,0,1,New,Native,United States,NA,N,90 - 94.9,93,,3,,1170,550,620,560,8,1170,,,,,,,,,,,,,,,,,,,,,,1,1,0,1,0,1,1,1,1,1,0,0,1,0,1,1,0,1,0,0,0,0,0,1,13
F18_131,F18,pre,I consent.,1,4,2,3,3,3,20,White,1,1,New,Naturalized,Bulgaria,NA,Y,95 - 100,97,,7,,1210,640,570,620,8,1210,,,,,,,,,,,,,,,,,,,,,,1,1,0,0,0,0,0,0,0,1,0,1,0,1,1,1,0,1,0,0,1,0,0,0,9
F18_087,F18,pre,I consent.,2,4,1,4,4,0,19,Asian,1,0,New,Native,United States,NA,N,90 - 94.9,93,,7,,1560,,,,,,,,,,,,,,,,,,,,,,,,,,,0,1,0,1,1,0,0,1,1,1,1,0,1,1,1,1,0,1,1,1,1,1,1,1,18
F18_479,F18,pre,I consent.,1,4,1,3,3,2,18,Black/African American,0,0,Transfer,Native,United States,"$45,000-64,999",,Unknown,,,3,,1010,520,490,490,,1010,,,,,,,,,,,,,,,,,,,,,,0,1,0,0,0,1,0,1,0,0,0,1,1,0,0,0,0,0,0,0,0,0,1,0,6
F18_200,F18,pre,I consent.,3,4,1,5,5,0,20,Asian,0,1,New,Native,United States,NA,Y,90 - 94.9,94,,6,,1410,740,670,660,8,1410,,,,,,,,,,,,,,,,,,,,,,0,1,0,0,1,0,0,1,1,1,0,0,0,0,0,1,0,0,0,0,1,0,1,0,8
F18_208,F18,pre,I consent.,2,4,1,5,2,0,20,White,1,1,New,Native,United States,NA,Y,90 - 94.9,92,,5,,1310,710,600,570,8,1310,,,,,,,,,,,,,,,,,,,,,,0,1,0,0,0,1,0,0,0,0,0,0,1,1,1,0,0,0,0,1,0,0,0,1,7
F18_150,F18,pre,I consent.,1,3,2,2,2,3,19,Asian,0,0,New,Alien Temporary,Chi,NA,N,85 - 89.9,88,,,2,,,,,,,,,,,,,,,,,,,,,,,,,,,,0,1,0,0,0,0,0,0,0,1,0,0,0,0,0,1,0,1,0,1,0,0,0,0,5
F18_425,F18,pre,I consent.,1,4,1,4,5,2,20,Hispanic of any race,1,1,New,Native,United States,NA,Y,95 - 100,96,,2.5,,950,460,490,570,,950,,,,,,,,,,,,,,,,,,,,,,1,1,1,1,0,1,0,0,0,1,0,0,1,0,1,1,0,1,0,0,1,0,1,1,13
F18_451,F18,pre,I consent.,2,5,1,5,5,0,18,,1,1,New,Native,United States,NA,N,95 - 100,99,,,,1560,,,,,,,,,,,,,,,,,,,,,,,,,,,1,1,1,1,0,1,0,1,1,1,0,1,0,0,1,1,0,1,0,0,0,1,0,1,14
F18_215,F18,pre,I consent.,2,4,2,3,3,0,20,Asian,1,1,New,Naturalized,Chi,NA,Y,95 - 100,95,,,,1330,750,580,570,6,1330,,,,,,,,,,,,,,,,,,,,,,1,0,0,1,1,1,0,1,1,1,0,1,1,1,1,1,0,1,1,1,1,0,0,0,16
F18_434,F18,pre,I consent.,1,5,1,5,5,3,20,Asian,1,0,New,Native,United States,NA,Y,95 - 100,98,3.7,8,,1340,780,560,560,8,1340,,,,,,,,,,,,,,,,,,,,,,1,0,1,1,1,1,0,1,1,1,0,0,1,1,0,1,0,0,1,1,0,0,0,1,14
F18_011,F18,pre,I consent.,1,4,2,3,3,0,20,Asian,1,1,New,Naturalized,Unknown,NA,Y,90 - 94.9,92,,4,,1030,520,510,470,7,1030,,,,,,,,,,,,,,,,,,,,,,1,1,0,0,1,0,0,1,1,1,0,0,1,0,1,1,0,1,1,1,0,1,0,1,14
F18_193,F18,pre,I consent.,2,4,2,4,2,1,22,Asian,0,0,New,Alien Temporary,Chi,NA,Y,80 - 84.9,84,,,,1230,670,560,590,6,1230,,,,,,,,,,,,,,,,,,,,,,1,1,0,0,0,0,0,1,1,1,0,1,1,0,0,1,0,0,0,1,0,0,0,0,9
F18_362,F18,pre,I consent.,2,4,1,5,5,0,20,Hispanic of any race,1,1,New,Alien Permanent,Peru,NA,Y,95 - 100,97,,3,,1250,480,510,610,11,990,,,,,,,,,,,,,,,,,,,,,,0,1,0,1,1,0,0,0,1,1,0,1,1,0,1,1,0,0,1,1,1,0,0,1,13
F18_330,F18,pre,I consent.,1,4,1,4,4,3,20,White,0,1,New,Native,United States,NA,N,95 - 100,99,,6,,1320,710,600,640,9,1310,,,,,,,,,,,,,,,,,,,,,,1,0,1,1,1,1,0,1,1,1,0,1,1,0,0,1,0,1,1,1,1,0,0,1,16
F18_329,F18,pre,I consent.,1,4,1,3,4,3,19,Hispanic of any race,1,1,New,Native,United States,NA,Y,85 - 89.9,86,,3,,970,510,460,440,6,970,,,,,,,,,,,,,,,,,,,,,,1,1,1,1,1,0,0,1,1,0,0,0,0,0,0,1,1,1,1,1,1,0,0,1,14
F18_020,F18,pre,I consent.,1,4,1,4,4,3,20,Asian,1,0,New,Native,United States,NA,N,95 - 100,98,,5,,1460,800,660,710,10,1460,,,,,,,,,,,,,,,,,,,,,,0,1,0,1,0,0,0,0,1,1,0,0,1,1,0,1,0,0,0,1,0,0,0,0,8
F18_060,F18,pre,I consent.,2,4,1,4,4,0,20,Asian,1,0,New,Native,United States,NA,N,95 - 100,95,,,,1410,770,640,650,10,1410,,,,,,,,,,,,,,,,,,,,,,1,1,1,1,1,0,0,1,1,1,1,1,1,1,0,1,0,1,1,0,1,0,1,0,17
F18_440,F18,pre,I consent.,1,4,1,4,5,3,20,White,1,0,New,Native,United States,NA,N,95 - 100,95,,5,,1380,,,,,,,,,,,,,,,,,,,,,,,,,,,1,0,0,1,1,0,0,1,0,1,0,1,1,1,1,0,0,1,1,1,1,0,0,0,13
F18_525,F18,pre,I consent.,2,4,1,4,4,0,20,Asian,0,1,New,Native,United States,NA,Y,95 - 100,95,,7,,1410,,,,,,,,,,,,,,,,,,,,,,,,,,,1,1,1,1,1,0,0,1,1,1,0,1,0,1,0,0,0,1,1,0,1,1,1,0,15
F18_121,F18,pre,I consent.,2,3,2,3,2,0,21,Asian,0,0,New,Alien Temporary,Chi,NA,N,85 - 89.9,87,,4,2,,,,,,,,,,,,,,,,,,,,,,,,,,,,0,0,0,1,0,0,0,0,1,1,0,0,1,0,0,0,0,0,0,1,0,0,0,0,5
F18_470,F18,pre,I consent.,2,3,2,2,2,0,21,Asian,0,0,New,Alien Temporary,Chi,NA,N,90 - 94.9,91,,5,2,,,,,,,,,,,,,,,,,,,,,,,,,,,,0,1,0,1,0,1,0,0,0,1,0,1,1,0,0,0,0,1,0,1,0,0,0,1,9
F18_184,F18,pre,I consent.,2,5,3,3,4,0,20,Asian,0,0,New,Alien Temporary,Chi,NA,N,85 - 89.9,85,,,,1110,680,430,650,10,1110,,,,,,,,,,,,,,,,,,,,,,0,0,0,1,0,0,0,0,1,1,0,1,1,0,1,1,0,0,0,1,1,0,0,0,9
F18_297,F18,pre,I consent.,2,4,1,4,4,3,19,Asian,1,1,New,Native,United States,NA,Y,95 - 100,99,,6,,1180,670,510,510,10,1180,,,,,,,,,,,,,,,,,,,,,,1,1,0,1,0,0,0,0,1,1,0,1,1,0,0,0,0,0,0,1,0,0,0,0,8
F18_447,F18,pre,I consent.,1,4,2,4,,2,20,White,0,0,New,Native,United States,NA,N,90 - 94.9,93,,6,,1350,620,650,690,9,1270,,,,,,,,,,,,,,,,,,,,,,1,1,1,1,1,1,0,0,1,1,0,0,1,1,1,0,0,1,1,1,1,0,1,0,16
F18_173,F18,pre,I consent.,2,4,2,1,1,0,20,Asian,1,0,New,Alien Temporary,Chi,NA,N,85 - 89.9,88,,4,1.5,1150,,,,,,,,,,,,,,,,,,,,,,,,,,,1,1,1,1,0,1,0,0,1,1,0,0,1,0,0,1,0,0,0,0,1,0,1,0,11
F18_314,F18,pre,I consent.,1,3,2,4,4,3,20,Asian,0,1,Transfer,Naturalized,Unknown,"$65,000-84,999",Y,Unknown,,2.6,,4,930,510,420,500,9,930,,,,,,,,,,,,,,,,,,,,,,0,0,0,1,0,0,1,0,1,0,0,0,1,0,0,1,1,0,0,0,0,0,0,1,7
F18_484,F18,pre,I consent.,1,3,2,4,2,3,20,Asian,1,0,New,Alien Temporary,"Taiwan, Province of Chi",NA,N,90 - 94.9,90,,,2,1250,,,,,,,,,,,,,,,,,,,,,,,,,,,1,0,0,0,1,0,0,1,0,1,1,0,1,1,0,1,0,0,1,0,0,0,0,0,9
F18_276,F18,pre,I consent.,2,4,1,3,1,0,20,Asian,1,1,New,Native,United States,NA,Y,90 - 94.9,92,,7,,1460,800,660,780,10,1460,,,,,,,,,,,,,,,,,,,,,,0,1,1,0,1,0,0,1,1,1,1,1,1,0,1,1,1,1,1,1,1,0,0,0,16
F18_390,F18,pre,I consent.,2,3,1,4,4,0,19,Asian,1,1,Transfer,Native,United States,NA,Y,NA,,3.75,,,1540,800,740,660,6,1540,,,,,,,,,,,,,,,,,,,,,,1,1,1,1,1,1,0,1,1,1,1,1,1,1,0,1,1,1,1,1,1,1,1,1,22
F18_214,F18,pre,I consent.,1,3,2,3,2,2,20,Asian,1,0,New,Alien Temporary,Chi,NA,Y,85 - 89.9,87,,,,1320,800,520,610,8,1320,,,,,,,,,,,,,,,,,,,,,,1,1,0,1,0,1,1,1,1,1,0,1,1,1,1,1,0,0,0,1,1,0,0,0,15
F18_256,F18,pre,I consent.,1,5,1,5,5,3,20,Asian,0,0,New,Native,United States,NA,N,90 - 94.9,93,,6,,1320,660,650,630,9,1310,,,,,,,,,,,,,,,,,,,,,,1,1,1,0,1,0,0,1,0,1,0,1,0,0,1,1,0,1,1,1,0,0,0,1,13
F18_211,F18,pre,I consent.,2,4,1,5,4,2,19,Asian,1,1,New,Native,United States,NA,Y,90 - 94.9,90,,5,,1510,800,710,790,10,1510,,,,,,,,,,,,,,,,,,,,,,1,1,0,1,1,0,0,1,1,1,1,1,0,1,0,1,0,0,1,1,1,0,1,1,16
F18_201,F18,pre,I consent.,1,4,1,3,4,2,20,Asian,1,0,New,Native,United States,NA,N,95 - 100,99,,4,,1200,630,570,490,8,1200,,,,,,,,,,,,,,,,,,,,,,1,0,0,0,0,0,0,0,0,1,0,0,1,0,0,1,0,0,0,0,0,0,0,1,5
F18_139,F18,pre,I consent.,2,4,1,5,5,0,20,White,0,0,New,Native,United States,NA,N,90 - 94.9,90,,2,,1150,570,580,560,7,1150,,,,,,,,,,,,,,,,,,,,,,1,0,0,0,0,0,0,1,1,1,0,1,1,1,1,1,0,0,0,1,1,0,0,0,11
F18_413,F18,pre,I consent.,1,4,1,5,3,3,20,Black/African American,1,1,New,Native,United States,NA,Y,85 - 89.9,88,,2.5,,1050,530,520,470,8,1050,,,,,,,,,,,,,,,,,,,,,,0,1,0,0,0,0,0,0,0,0,0,1,1,0,0,0,0,0,1,1,1,0,0,0,6
F18_034,F18,pre,I consent.,1,3,1,5,5,3,20,Asian,0,0,New,Native,United States,NA,Y,85 - 89.9,89,,5,,1290,,,,,,,,,,,,,,,,,,,,,,,,,,,0,0,0,0,0,1,0,0,1,1,1,1,0,0,1,0,1,0,0,0,1,1,0,0,9
F18_529,F18,pre,I consent.,2,4,1,3,2,0,20,Asian,1,1,New,Native,United States,NA,Y,90 - 94.9,94,,9,,1510,760,750,800,9,1510,,,,,,,,,,,,,,,,,,,,,,0,0,0,1,1,0,0,1,1,1,1,0,1,1,0,1,0,1,1,1,1,0,1,0,14
F18_346,F18,pre,I consent.,2,5,1,5,3,3,20,Asian,1,0,New,Naturalized,Unknown,NA,N,90 - 94.9,93,,3,,1410,720,680,730,9,1400,,,,,,,,,,,,,,,,,,,,,,1,0,0,0,1,0,0,1,1,1,1,1,1,0,0,1,0,0,0,1,0,1,1,1,13
F18_091,F18,pre,I consent.,2,4,2,2,4,0,20,Asian,1,1,New,Native,United States,NA,Y,90 - 94.9,94,,,,1320,770,550,730,10,1320,,,,,,,,,,,,,,,,,,,,,,1,0,0,1,1,1,0,1,1,1,0,0,1,1,1,1,0,0,1,1,1,1,1,0,16
F18_054,F18,pre,I consent.,1,5,1,5,5,3,20,White,1,1,New,Native,United States,NA,N,95 - 100,99,3.91,4,,1360,670,690,670,,1360,,,,,,,,,,,,,,,,,,,,,,1,1,0,0,1,0,0,1,1,1,1,0,1,0,1,1,0,0,0,1,1,0,0,0,12
F18_341,F18,pre,I consent.,1,4,1,5,4,3,20,White,1,1,New,Naturalized,Egypt,NA,N,95 - 100,96,,4,,1290,630,660,630,10,1290,,,,,,,,,,,,,,,,,,,,,,1,1,1,1,1,0,1,1,1,1,1,1,0,1,1,1,1,0,1,0,1,1,1,1,20
F18_232,F18,pre,I consent.,1,4,2,4,3,3,19,Asian,1,0,New,Native,United States,NA,N,90 - 94.9,94,,,,1330,750,580,590,9,1330,,,,,,,,,,,,,,,,,,,,,,1,1,0,0,0,1,0,0,0,1,0,0,1,0,0,1,0,1,0,1,0,0,0,0,8
F18_520,F18,pre,I consent.,1,4,1,5,5,3,20,Hispanic of any race,0,0,New,Native,United States,NA,N,90 - 94.9,94,,7,,1130,570,560,580,9,1130,,,,,,,,,,,,,,,,,,,,,,0,1,0,0,1,1,0,1,0,0,0,0,0,0,0,1,0,1,0,1,1,0,0,0,8
F18_402,F18,pre,I consent.,2,4,1,4,4,2,20,Hispanic of any race,0,0,New,Native,United States,NA,N,90 - 94.9,90,,5,,1410,660,750,700,10,1410,,,,,,,,,,,,,,,,,,,,,,1,0,1,1,1,0,0,1,1,1,1,1,1,0,0,1,0,0,1,0,1,0,1,0,14
F18_072,F18,pre,I consent.,2,4,2,,1,2,20,Asian,0,1,New,Naturalized,Chi,NA,N,95 - 100,95,,,3,1250,,,,,,,,,,,,,,,,,,,,,,,,,,,1,0,0,0,0,0,0,0,1,1,0,1,1,0,0,1,0,0,0,1,0,0,0,0,7
F18_010,F18,pre,I consent.,1,4,2,5,5,2,20,Asian,0,1,New,Native,United States,NA,N,95 - 100,98,,5,,1190,580,610,620,8,1190,,,,,,,,,,,,,,,,,,,,,,1,1,1,1,1,0,0,1,1,1,1,1,1,1,0,0,0,1,1,1,1,1,1,0,18
F18_273,F18,pre,I consent.,1,4,1,4,4,3,19,Asian,1,1,New,Native,United States,NA,Y,85 - 89.9,89,,7,,1380,,,,,,,,,,,,,,,,,,,,,,,,,,,1,1,1,0,1,0,1,1,1,1,0,0,1,1,1,1,0,0,1,1,1,1,1,0,17
F18_487,F18,pre,I consent.,1,4,1,5,4,3,20,Asian,0,1,New,Native,United States,NA,Y,90 - 94.9,90,,4,,1290,710,580,610,8,1290,,,,,,,,,,,,,,,,,,,,,,0,1,0,0,1,0,0,1,0,1,0,1,1,0,0,1,0,0,1,0,1,0,0,0,9
F18_388,F18,pre,I consent.,1,5,1,4,4,3,19,White,0,0,New,Native,United States,NA,N,95 - 100,99,,,,1350,680,670,670,10,1350,,,,,,,,,,,,,,,,,,,,,,0,1,1,0,1,0,0,1,1,1,1,0,1,0,1,1,0,0,1,1,1,1,1,1,16
F18_540,F18,pre,I consent.,1,4,1,4,4,3,20,Asian,1,1,Other,Native,United States,NA,Y,95 - 100,99,,4,,1410,,,,,,,,,,,,,,,,,,,,,,,,,,,0,0,0,0,0,0,0,0,0,1,0,0,0,0,0,0,0,0,0,1,0,0,0,0,2
F18_308,F18,pre,I consent.,2,4,2,1,2,2,20,Asian,0,0,New,Alien Temporary,Chi,NA,Y,90 - 94.9,90,,,1.5,1190,,,,,,,,,,,,,,,,,,,,,,,,,,,0,0,1,0,0,0,0,1,0,0,0,0,1,0,0,0,0,1,0,1,0,0,0,1,6
F18_185,F18,pre,I consent.,1,4,2,3,3,3,18,White,1,1,New,Native,United States,NA,N,90 - 94.9,93,,5,,1330,730,600,550,,1330,,,,,,,,,,,,,,,,,,,,,,1,0,1,1,0,0,0,0,1,0,1,1,1,1,1,1,1,0,0,1,0,0,0,0,12
F18_221,F18,pre,I consent.,2,5,1,5,5,2,20,White,1,0,New,Native,United States,NA,Y,95 - 100,98,,,,1360,650,710,690,,1360,,,,,,,,,,,,,,,,,,,,,,1,1,1,0,1,1,0,1,1,1,0,1,1,1,0,1,0,1,1,1,1,1,1,0,18
F18_027,F18,pre,I consent.,3,5,1,3,2,0,22,Black/African American,1,1,Transfer,Native,United States,"$30,000-44,999",,Unknown,,3.3,2,,,,,,,,,,,,,,,,,,,,,,,,,,,,,0,0,0,0,0,0,0,0,0,0,0,0,1,0,0,0,0,1,0,1,0,0,0,0,3
F18_026,F18,pre,I consent.,1,4,1,3,3,3,20,Black/African American,0,1,New,Native,United States,NA,N,90 - 94.9,92,,5,,1290,,,,,,,,,,,,,,,,,,,,,,,,,,,0,1,0,0,0,0,0,0,1,1,0,1,1,1,0,0,0,0,0,1,0,0,0,0,7
F18_018,F18,pre,I consent.,2,3,1,2,2,0,20,Asian,1,0,New,Native,United States,NA,Y,90 - 94.9,92,,5,,1320,740,550,570,9,1290,,,,,,,,,,,,,,,,,,,,,,0,0,0,1,0,0,0,0,0,0,0,0,1,1,0,1,0,0,0,0,1,0,0,0,5
F18_192,F18,pre,I consent.,1,5,1,5,5,3,20,Asian,0,1,New,Native,United States,NA,Y,95 - 100,95,,4,,1490,760,730,750,8,1490,,,,,,,,,,,,,,,,,,,,,,1,1,0,1,1,0,0,1,1,1,0,1,1,1,0,1,0,1,1,0,1,0,0,0,14
F18_279,F18,pre,I consent.,2,3,2,1,2,0,20,Asian,0,0,New,Alien Temporary,Chi,NA,N,90 - 94.9,91,,6,1.5,,,,,,,,,,,,,,,,,,,,,,,,,,,,0,0,0,0,0,1,1,0,0,0,0,1,0,0,0,0,1,0,0,1,1,1,0,1,8
F18_419,F18,pre,I consent.,1,3,1,5,3,3,20,Asian,1,0,New,Native,United States,NA,N,85 - 89.9,88,,7,,1510,800,710,680,8,1510,,,,,,,,,,,,,,,,,,,,,,0,1,1,0,1,1,0,1,1,1,1,1,1,0,1,1,0,1,1,1,0,0,0,0,15
F18_080,F18,pre,I consent.,1,4,1,5,4,3,19,White,1,1,New,Native,United States,NA,Y,85 - 89.9,89,,4,,1430,710,720,650,11,1430,,,,,,,,,,,,,,,,,,,,,,1,1,1,1,1,1,1,1,1,1,1,1,1,0,1,1,1,1,1,0,1,1,1,1,22
F18_012,F18,pre,I consent.,2,5,1,3,3,0,20,Asian,1,0,Transfer,Native,United States,NA,N,90 - 94.9,91,3.63,,,1200,700,500,510,7,1200,,,,,,,,,,,,,,,,,,,,,,0,1,1,0,0,0,0,0,0,0,0,1,1,0,0,0,0,0,0,0,0,0,0,0,4
F18_141,F18,pre,I consent.,1,5,1,4,3,3,22,Hispanic of any race,1,1,Transfer,Native,United States,NA,,90 - 94.9,90,2.8,,,,,,,,,,,,,,,,,,,,,,,,,,,,,,1,1,0,0,1,0,0,0,1,1,0,0,1,0,1,1,1,1,1,1,1,0,0,1,14
F18_486,F18,pre,I consent.,2,4,3,4,4,2,21,Asian,0,0,Other,Alien Temporary,India,NA,N,95 - 100,100,,,3,,,,,,,,,,,,,,,,,,,,,,,,,,,,0,1,0,0,1,0,1,1,0,1,0,0,0,0,0,0,1,0,0,1,0,1,0,0,8
F18_373,F18,pre,I consent.,2,3,1,5,4,1,18,Asian,1,0,New,Native,United States,NA,,95 - 100,95,,3,,1250,,,,,,,,,,,,,,,,,,,,,,,,,,,1,1,0,0,1,0,0,1,1,1,0,0,1,0,0,1,0,1,1,1,1,1,1,1,15
F18_295,F18,pre,I consent.,1,5,1,5,5,3,35,White,1,1,Transfer,Native,United States,"$0-14,999",,85 - 89.9,86,3.78,8,,,,,,,,,,,,,,,,,,,,,,,,,,,,,1,1,1,1,1,0,0,1,1,1,1,0,1,1,1,1,1,1,1,1,1,1,1,1,21
F18_421,F18,pre,I consent.,1,5,2,4,,3,21,,0,0,Transfer,Alien Temporary,Iran (Islamic Republic Of),NA,N,NA,,,,,,,,,,,,,,,,,,,,,,,,,,,,,,,,1,1,0,0,1,0,0,1,1,1,1,0,1,0,1,1,0,1,1,1,1,1,0,1,16
F18_483,F18,pre,I consent.,1,3,1,3,3,2,19,Asian,1,1,New,Native,United States,NA,N,90 - 94.9,91,,9,,1560,800,730,690,8,1530,,,,,,,,,,,,,,,,,,,,,,1,1,1,1,1,1,1,1,1,1,1,0,0,1,1,1,0,0,1,0,1,1,1,0,18
F18_254,F18,pre,I consent.,2,4,1,4,3,0,19,White,1,0,New,Native,United States,NA,Y,95 - 100,99,3.81,,,1290,,,,,,,,,,,,,,,,,,,,,,,,,,,1,1,1,0,0,0,0,1,1,1,0,0,0,0,0,1,0,1,0,1,0,0,0,0,9
F18_062,F18,pre,I consent.,2,3,1,5,4,1,19,White,0,0,New,Native,United States,NA,N,90 - 94.9,93,,,,1380,700,680,670,9,1380,,,,,,,,,,,,,,,,,,,,,,1,0,1,0,1,0,1,1,1,1,0,1,1,0,0,0,1,0,0,1,1,0,0,0,12
F18_513,F18,pre,I consent.,2,3,1,5,5,0,19,White,0,0,New,Native,United States,NA,N,95 - 100,99,4,,,1170,570,600,570,8,1170,,,,,,,,,,,,,,,,,,,,,,0,1,1,1,0,0,0,0,0,0,0,0,1,0,0,1,0,1,0,1,0,0,0,0,7
F18_238,F18,pre,I consent.,2,3,2,5,5,0,21,Asian,0,0,New,Alien Temporary,"Korea, Republic of",NA,N,95 - 100,95,,7,,1310,750,560,610,9,1310,,,,,,,,,,,,,,,,,,,,,,1,1,1,1,1,0,0,1,1,1,1,1,0,1,0,1,1,1,1,1,1,0,0,0,17
F18_288,F18,pre,I consent.,1,3,1,3,3,2,19,Asian,1,1,New,Native,United States,"$15,000-29,999",,95 - 100,97,,4,,1220,650,570,560,8,1220,,,,,,,,,,,,,,,,,,,,,,0,0,0,1,0,0,0,1,0,1,0,1,1,1,0,1,0,1,0,1,0,0,0,0,9
F18_258,F18,pre,I consent.,2,3,1,4,4,0,19,White,0,0,New,Native,United States,NA,Y,90 - 94.9,94,,3,4,1350,,,,,,,,,,,,,,,,,,,,,,,,,,,1,1,1,0,1,0,0,1,1,1,0,1,0,0,1,1,0,0,0,1,1,0,0,0,12
F18_469,F18,pre,I consent.,1,3,2,1,1,0,20,Asian,1,0,New,Alien Temporary,Chi,NA,N,85 - 89.9,85,,5,1.5,,,,,,,,,,,,,,,,,,,,,,,,,,,,0,0,0,1,0,0,0,0,0,1,0,0,1,0,0,0,0,1,0,1,1,0,0,0,6
F18_365,F18,pre,I consent.,2,3,1,4,4,0,18,White,0,0,New,Native,United States,NA,Y,95 - 100,99,,4,,1170,550,620,590,9,1170,,,,,,,,,,,,,,,,,,,,,,1,0,0,0,0,1,0,0,0,0,0,0,1,0,0,1,0,1,0,1,1,0,0,0,7
F18_155,F18,pre,I consent.,3,3,1,5,4,0,18,White,0,0,New,Native,United States,NA,N,95 - 100,98,,2.5,,,,,,,,,,,,,,,,,,,,,,,,,,,,,1,1,1,0,1,0,0,1,1,1,1,0,1,0,1,1,1,0,0,0,1,1,0,0,14
F18_371,F18,pre,I consent.,2,3,1,3,4,2,19,White,1,1,New,Native,United States,NA,N,95 - 100,95,,,,1380,710,610,610,8,1320,,,,,,,,,,,,,,,,,,,,,,0,1,1,1,1,0,0,1,1,1,0,1,1,1,1,1,0,0,1,1,1,0,0,0,15
F18_313,F18,pre,I consent.,1,3,1,5,4,2,19,Asian,0,1,New,Native,United States,"$15,000-29,999",,95 - 100,98,,,,,,,,,,,,,,,,,,,,,,,,,,,,,,,1,0,0,0,0,1,0,0,1,1,0,0,1,1,1,0,0,0,1,1,0,1,1,0,11
F18_423,F18,pre,I consent.,2,3,1,3,3,0,19,White,0,0,Other,Native,United States,NA,N,90 - 94.9,94,,3,,1250,,,,,,,,,,,,,,,,,,,,,,,,,,,1,0,0,0,0,0,1,1,0,1,0,1,1,0,0,1,0,1,0,0,0,0,0,0,8
F18_352,F18,pre,I consent.,2,3,1,4,4,0,19,White,1,0,New,Native,United States,NA,N,90 - 94.9,94,,4,,1220,550,670,660,10,1220,,,,,,,,,,,,,,,,,,,,,,1,0,1,1,1,0,1,1,1,1,1,0,1,1,1,1,0,1,1,0,1,1,1,1,19
F18_243,F18,pre,I consent.,1,3,1,5,4,0,19,White,0,0,New,Native,United States,NA,Y,90 - 94.9,92,,2.5,,1290,,,,,,,,,,,,,,,,,,,,,,,,,,,1,0,0,1,1,0,0,1,1,1,0,0,1,1,1,1,0,1,1,1,0,0,0,0,13
F18_234,F18,pre,I consent.,2,3,1,4,3,2,19,Asian,0,0,New,Native,United States,NA,Y,95 - 100,95,,4,,,,,,,,,,,,,,,,,,,,,,,,,,,,,0,1,0,1,0,0,0,1,1,0,0,0,0,1,0,1,0,0,0,1,0,0,0,0,7
F18_376,F18,pre,I consent.,2,3,1,4,4,2,19,Asian,1,0,New,Native,United States,NA,Y,90 - 94.9,92,,4,,1220,,,,,,,,,,,,,,,,,,,,,,,,,,,0,1,0,1,0,0,0,0,0,0,0,1,0,0,0,1,0,1,0,0,0,0,0,0,5
F18_210,F18,pre,I consent.,1,3,2,4,4,2,19,Asian,0,1,New,Naturalized,Unknown,"$15,000-29,999",,95 - 100,95,,4,,1150,,,,,,,,,,,,,,,,,,,,,,,,,,,1,0,0,0,0,1,0,0,1,1,0,0,1,0,1,1,0,0,0,0,0,0,0,0,7
F18_291,F18,pre,I consent.,1,3,2,2,2,2,19,Asian,0,1,Other,Naturalized,Chi,"$30,000-44,999",,90 - 94.9,92,,5,,,,,,,,,,,,,,,,,,,,,,,,,,,,,1,1,0,0,0,1,0,0,1,1,0,1,0,1,0,1,0,1,0,1,0,0,0,0,10
F18_191,F18,pre,I consent.,2,3,1,5,4,2,19,White,0,1,New,Native,United States,NA,N,95 - 100,99,,4,,1410,680,620,620,9,1300,,,,,,,,,,,,,,,,,,,,,,1,0,0,1,1,0,0,1,1,1,0,0,1,1,0,1,0,0,0,0,0,1,0,0,10
F18_086,F18,pre,I consent.,1,4,1,5,3,3,19,White,1,0,New,Native,United States,NA,N,90 - 94.9,94,,,,1440,,,,,,,,,,,,,,,,,,,,,,,,,,,1,1,1,0,1,1,1,1,1,1,1,1,1,1,1,1,1,1,1,1,1,0,1,0,21
F18_287,F18,pre,I consent.,1,3,2,5,4,2,19,Asian,0,1,New,Native,United States,NA,Y,85 - 89.9,87,,5,,1440,,,,,,,,,,,,,,,,,,,,,,,,,,,0,1,1,0,1,1,0,1,1,1,0,0,0,0,0,1,0,1,1,0,1,0,0,0,11
F18_494,F18,pre,I consent.,3,3,2,4,4,0,19,Hispanic of any race,1,1,New,Native,United States,NA,Y,90 - 94.9,93,,3,,,,,,,,,,,,,,,,,,,,,,,,,,,,,0,1,0,0,0,0,0,1,0,0,0,0,1,1,0,1,0,1,0,1,0,0,0,0,7
F18_133,F18,pre,I consent.,1,3,1,3,3,2,19,White,0,0,New,Native,United States,NA,N,95 - 100,99,,6,,1250,,,,,,,,,,,,,,,,,,,,,,,,,,,0,0,0,1,1,0,0,0,1,1,0,0,1,0,0,1,0,0,1,1,0,0,0,0,8
F18_262,F18,pre,I consent.,2,3,1,4,4,0,18,Asian,0,0,New,Native,United States,"$125,000-144,999",,95 - 100,99,,5,,1240,630,610,630,8,1240,,,,,,,,,,,,,,,,,,,,,,1,0,1,0,1,0,0,1,0,0,0,1,0,0,0,0,0,0,0,0,1,1,0,1,8
F18_040,F18,pre,I consent.,1,3,1,4,4,0,19,White,0,0,New,Native,United States,NA,N,90 - 94.9,90,,4,,1410,590,720,650,9,1310,,,,,,,,,,,,,,,,,,,,,,1,1,1,0,1,1,0,1,1,1,1,0,1,0,1,1,0,0,1,1,1,0,1,1,17
F18_158,F18,pre,I consent.,3,3,1,,2,0,18,Black/African American,0,1,New,Native,United States,NA,N,90 - 94.9,90,,3,3,,,,,,,,,,,,,,,,,,,,,,,,,,,,0,0,0,0,0,0,0,0,0,1,0,1,0,0,0,1,0,0,0,1,1,0,0,0,5
F18_097,F18,pre,I consent.,2,3,1,5,4,0,19,White,1,1,New,Native,United States,NA,N,85 - 89.9,88,,3,,,,,,,,,,,,,,,,,,,,,,,,,,,,,1,1,0,1,1,0,1,1,1,1,1,1,1,0,1,1,0,1,1,1,0,0,0,0,16
F18_450,F18,pre,I consent.,3,3,1,5,5,2,19,White,1,0,New,Native,United States,NA,N,95 - 100,96,,3,,1290,540,610,560,10,1150,,,,,,,,,,,,,,,,,,,,,,1,1,1,0,1,0,0,1,1,1,0,0,1,0,1,1,0,0,0,1,0,0,0,0,11
F18_235,F18,pre,I consent.,1,3,1,4,4,2,18,Asian,0,1,New,Native,United States,NA,N,95 - 100,99,,8,,1520,,,,,,,,,,,,,,,,,,,,,,,,,,,1,0,1,1,1,0,1,1,1,1,0,1,1,1,1,1,0,1,1,0,1,1,0,0,17
F18_209,F18,pre,I consent.,1,5,1,3,3,3,23,Asian,0,1,Transfer,Native,United States,"$15,000-29,999",N,Unknown,,3.8,,,,,,,,,,,,,,,,,,,,,,,,,,,,,,0,1,1,0,0,0,0,1,0,0,0,1,0,1,0,1,1,0,0,1,0,0,0,0,8
F18_437,F18,pre,I consent.,1,3,1,5,5,0,19,Black/African American,0,0,New,Native,United States,NA,N,95 - 100,95,,3,,,,,,,,,,,,,,,,,,,,,,,,,,,,,1,1,1,0,1,0,0,1,1,0,1,0,0,1,0,1,1,0,1,0,1,0,0,0,12
F18_429,F18,pre,I consent.,1,3,1,2,4,2,18,White,0,0,New,Native,United States,NA,N,95 - 100,99,,,,1380,,,,,,,,,,,,,,,,,,,,,,,,,,,1,0,1,1,1,0,1,1,1,1,0,0,1,0,0,1,0,1,1,1,1,1,1,1,17
F18_242,F18,pre,I consent.,1,4,2,5,5,2,20,Asian,1,0,New,Alien Permanent,"Korea, Republic of","$45,000-64,999",,95 - 100,99,,,,,,,,,,,,,,,,,,,,,,,,,,,,,,,0,1,0,1,0,0,0,0,0,0,1,0,0,0,0,1,0,1,0,0,1,0,1,0,7
F18_106,F18,pre,I consent.,2,4,1,5,5,2,19,Hispanic of any race,0,0,New,Native,United States,NA,N,95 - 100,95,,3,,,,,,,,,,,,,,,,,,,,,,,,,,,,,1,1,0,0,0,1,1,1,0,0,0,0,0,0,1,1,1,0,0,0,0,0,0,0,8
F18_493,F18,pre,I consent.,1,3,2,4,4,2,19,White,1,0,New,Native,United States,NA,N,95 - 100,97,,4,,,,,,,,,,,,,,,,,,,,,,,,,,,,,1,1,0,0,0,0,0,0,0,1,0,0,1,0,1,1,1,0,0,0,1,1,0,1,10
F18_548,F18,pre,I consent.,1,4,2,4,4,2,22,Asian,0,0,Transfer,Naturalized,Unknown,NA,N,NA,,3.65,,,,,,,,,,,,,,,,,,,,,,,,,,,,,,1,1,1,1,0,0,1,1,1,1,1,0,1,0,1,1,0,1,1,0,1,1,1,0,17
F18_050,F18,pre,I consent.,3,3,1,5,5,0,19,White,0,0,New,Native,United States,NA,N,90 - 94.9,93,,4,,1380,,,,,,,,,,,,,,,,,,,,,,,,,,,1,1,1,0,1,0,0,1,1,1,1,1,1,1,1,1,0,1,1,1,0,0,1,0,17
F18_144,F18,pre,I consent.,2,4,1,4,4,0,19,White,1,0,New,Native,United States,NA,N,95 - 100,99,,3,,1220,,,,,,,,,,,,,,,,,,,,,,,,,,,1,1,0,0,0,0,1,0,1,1,0,1,1,0,0,1,0,1,1,1,0,0,0,0,11
F18_345,F18,pre,I consent.,1,3,1,4,4,2,19,Black/African American,0,0,New,Native,United States,NA,N,90 - 94.9,92,,4,,1320,,,,,,,,,,,,,,,,,,,,,,,,,,,1,1,0,0,0,0,0,0,1,1,0,0,0,0,0,1,0,1,0,1,0,1,1,1,10
F18_107,F18,pre,I consent.,2,3,1,3,2,0,19,White,0,0,New,Native,United States,"$185,000+",,95 - 100,95,,4,3,,,,,,,,,,,,,,,,,,,,,,,,,,,,0,0,1,0,1,1,1,1,0,0,0,0,0,0,0,0,0,0,1,1,1,0,1,0,9
F18_001,F18,pre,I consent.,1,3,2,2,2,2,19,Asian,1,0,New,Alien Permanent,Japan,NA,N,90 - 94.9,92,,4,,1320,,,,,,,,,,,,,,,,,,,,,,,,,,,0,1,0,1,0,0,0,0,1,1,1,0,1,0,1,0,1,0,0,0,1,0,0,0,9
F18_247,F18,pre,I consent.,1,3,1,4,3,2,18,White,1,0,New,Native,United States,NA,Y,95 - 100,96,,3,,,,,,,,,,,,,,,,,,,,,,,,,,,,,1,1,1,1,1,1,0,1,1,1,1,0,1,0,1,1,0,0,1,1,1,1,0,1,18
F18_544,F18,pre,I consent.,2,3,2,2,3,2,18,Asian,0,0,New,Alien Temporary,Chi,NA,N,90 - 94.9,92,,,3,,,,,,,,,,,,,,,,,,,,,,,,,,,,0,1,0,1,0,1,0,0,1,1,0,0,1,0,1,1,0,1,0,1,0,0,0,1,11
F18_519,F18,pre,I consent.,1,3,1,5,5,2,18,White,0,1,New,Native,United States,NA,N,95 - 100,98,,2,,1290,610,680,570,8,1290,,,,,,,,,,,,,,,,,,,,,,1,1,1,1,1,0,0,1,1,1,1,1,1,0,1,1,0,1,1,1,1,0,1,1,19
F18_307,F18,pre,I consent.,2,4,1,3,3,2,19,Asian,0,0,New,Native,United States,NA,N,90 - 94.9,93,,4,,1350,,,,,,,,,,,,,,,,,,,,,,,,,,,1,0,0,0,1,0,0,0,1,1,1,0,0,0,1,1,0,1,0,0,0,0,1,0,9
F18_024,F18,pre,I consent.,2,3,1,5,4,0,19,White,1,0,Transfer,Native,United States,NA,N,95 - 100,98,,4,,1380,610,590,600,8,1200,,,,,,,,,,,,,,,,,,,,,,0,1,0,1,1,0,0,0,0,1,0,0,1,0,0,1,0,1,1,1,1,0,0,0,10
F18_286,F18,pre,I consent.,1,3,1,4,4,2,19,Asian,1,1,New,Native,United States,NA,Y,90 - 94.9,90,,3,,1380,750,630,680,9,1380,,,,,,,,,,,,,,,,,,,,,,1,1,1,1,1,1,0,1,1,1,1,1,0,1,1,1,0,0,1,1,1,1,1,0,19
F18_073,F18,pre,I consent.,1,3,2,4,4,2,20,Asian,0,1,Transfer,Naturalized,Chi,"$15,000-29,999",,Unknown,,3.12,,,,,,,,,,,,,,,,,,,,,,,,,,,,,,0,1,0,1,0,0,0,0,0,0,0,0,1,1,0,0,0,0,0,1,0,0,0,0,5
F18_186,F18,pre,I consent.,1,3,1,3,2,2,19,Black/African American,0,1,New,Alien Permanent,Jamaica,NA,,95 - 100,99,,7,,,,,,,,,,,,,,,,,,,,,,,,,,,,,1,0,0,0,1,0,0,1,1,1,0,0,1,1,0,0,0,1,1,1,0,0,0,1,11
F18_452,F18,pre,I consent.,2,3,1,4,3,0,18,Black/African American,0,1,New,Native,United States,"$15,000-29,999",,90 - 94.9,91,,2,3,,,,,,,,,,,,,,,,,,,,,,,,,,,,0,0,0,0,0,0,0,0,0,0,0,1,1,1,0,0,0,0,0,1,0,0,0,0,4
F18_179,F18,pre,I consent.,1,3,1,5,4,0,18,White,0,1,New,Native,United States,NA,Y,95 - 100,97,,,,1350,,,,,,,,,,,,,,,,,,,,,,,,,,,1,1,0,0,0,0,0,0,1,1,0,0,1,0,0,1,0,0,0,1,0,0,0,0,7
F18_051,F18,pre,I consent.,1,3,1,5,4,1,19,White,0,0,New,Native,United States,NA,N,95 - 100,99,,,3,1030,580,450,510,8,1030,,,,,,,,,,,,,,,,,,,,,,0,1,0,1,0,0,0,0,0,0,0,1,1,0,0,1,0,0,1,1,1,0,0,1,9
F18_168,F18,pre,I consent.,3,3,1,5,5,0,19,Black/African American,1,1,New,Naturalized,Unknown,"$15,000-29,999",,85 - 89.9,85,,3,3,,,,,,,,,,,,,,,,,,,,,,,,,,,,0,0,0,0,0,0,0,0,0,1,0,0,1,1,0,0,0,1,0,1,0,0,0,0,5
F18_108,F18,pre,I consent.,2,3,1,5,5,1,18,White,0,0,New,Native,United States,NA,N,90 - 94.9,92,,3,,1320,,,,,,,,,,,,,,,,,,,,,,,,,,,1,1,0,1,0,0,0,1,0,1,0,0,1,0,1,1,0,1,1,0,0,0,0,0,10
F18_467,F18,pre,I consent.,1,3,1,4,4,0,19,White,0,0,Transfer,Native,United States,"$85,000-104,999",,90 - 94.9,90,3.66,,,,,,,,,,,,,,,,,,,,,,,,,,,,,,0,1,1,0,0,0,0,0,0,0,0,1,1,1,0,0,0,0,0,0,0,0,0,0,5
F18_482,F18,pre,I consent.,1,3,1,4,,3,19,Black/African American,1,1,New,Native,United States,NA,N,90 - 94.9,90,,,,1220,,,,,,,,,,,,,,,,,,,,,,,,,,,0,1,1,1,1,0,0,1,1,1,0,0,0,0,1,1,0,0,1,1,0,0,0,0,11
F18_561,F18,pre,I consent.,2,3,2,3,2,2,19,Asian,0,1,Other,Naturalized,Chi,"$15,000-29,999",,95 - 100,98,,5,3,1120,,,,,,,,,,,,,,,,,,,,,,,,,,,0,0,0,0,0,1,0,0,0,1,0,1,1,1,0,0,0,0,0,1,0,1,0,1,8
F18_134,F18,pre,I consent.,1,3,1,5,4,2,19,Asian,0,1,New,Native,United States,NA,Y,95 - 100,96,,7,,1350,,,,,,,,,,,,,,,,,,,,,,,,,,,1,0,1,0,1,0,0,1,1,1,0,0,0,0,0,1,0,1,1,1,0,0,0,0,10
F18_048,F18,pre,I consent.,3,2,1,5,3,0,19,Hispanic of any race,0,1,New,Native,United States,NA,Y,85 - 89.9,85,,4,3,,,,,,,,,,,,,,,,,,,,,,,,,,,,1,1,1,0,1,0,0,0,0,1,0,0,0,1,0,1,0,1,0,0,0,0,0,0,8
F18_368,F18,pre,I consent.,1,3,1,,4,0,19,White,1,0,New,Native,United States,NA,Y,90 - 94.9,93,,3,,1290,,,,,,,,,,,,,,,,,,,,,,,,,,,0,0,0,1,0,1,0,0,1,1,0,0,1,0,0,1,0,0,0,1,0,0,0,0,7
F18_321,F18,pre,I consent.,1,4,1,5,4,2,19,Hispanic of any race,0,0,New,Native,United States,NA,N,95 - 100,99,4,4,,1440,580,740,620,7,1320,,,,,,,,,,,,,,,,,,,,,,1,1,0,1,1,0,1,0,1,1,0,0,1,0,1,1,0,1,1,1,1,0,0,1,15
F18_036,F18,pre,I consent.,2,3,1,5,4,1,19,White,0,0,New,Native,United States,NA,Y,95 - 100,97,,4,3,1100,640,460,520,9,1100,,,,,,,,,,,,,,,,,,,,,,1,0,1,1,1,0,0,1,1,0,0,0,0,0,0,1,1,1,1,0,1,1,1,0,13
F18_029,F18,pre,I consent.,1,3,1,5,5,2,19,White,1,0,New,Native,United States,NA,N,90 - 94.9,93,,7,,1560,,,,,,,,,,,,,,,,,,,,,,,,,,,0,1,1,1,1,0,0,1,1,1,1,1,0,1,1,1,1,1,1,1,1,1,1,0,19
F18_510,F18,pre,I consent.,2,3,2,4,4,0,19,Asian,0,1,New,Naturalized,Chi,NA,Y,95 - 100,99,,7,,1210,690,520,630,10,1210,,,,,,,,,,,,,,,,,,,,,,0,0,1,0,0,0,0,0,0,0,0,0,0,1,0,1,0,1,0,1,0,0,0,0,5
F18_396,F18,pre,I consent.,1,3,1,4,4,2,19,Asian,0,0,New,Native,United States,NA,Y,85 - 89.9,89,,5,,1440,780,660,770,10,1440,,,,,,,,,,,,,,,,,,,,,,1,0,1,1,1,1,1,1,1,1,0,0,1,0,1,1,0,1,1,1,1,0,1,1,18
F18_305,F18,pre,I consent.,2,3,2,4,4,2,18,Asian,0,0,Other,Native,United States,NA,N,90 - 94.9,90,,6,,1290,,,,,,,,,,,,,,,,,,,,,,,,,,,1,0,0,0,1,0,0,1,1,1,0,1,0,1,0,1,1,1,1,0,1,1,1,0,14
F18_068,F18,pre,I consent.,2,3,1,4,3,2,18,Asian,1,1,New,Native,United States,NA,Y,85 - 89.9,87,,5,,1480,770,710,670,10,1480,,,,,,,,,,,,,,,,,,,,,,1,1,1,1,0,0,0,1,1,1,1,0,1,1,0,1,0,0,0,1,0,0,0,0,12
F18_008,F18,pre,I consent.,1,3,1,4,4,2,19,White,0,0,New,Native,United States,NA,N,90 - 94.9,94,,3,,,,,,,,,,,,,,,,,,,,,,,,,,,,,1,0,0,0,1,0,0,1,1,1,1,0,1,0,1,1,0,1,1,0,1,1,1,1,15
F18_154,F18,pre,I consent.,2,3,1,5,3,0,18,White,1,0,New,Native,United States,NA,N,90 - 94.9,91,,,,1320,610,520,560,8,1130,,,,,,,,,,,,,,,,,,,,,,1,0,1,1,0,0,0,0,1,1,0,0,1,0,0,1,0,1,0,1,1,0,0,0,10
F18_230,F18,pre,I consent.,1,3,1,4,3,2,19,Asian,1,0,New,Native,United States,NA,N,90 - 94.9,91,,5,,1440,710,620,650,10,1330,,,,,,,,,,,,,,,,,,,,,,1,0,1,0,0,0,0,0,1,1,0,1,0,1,0,0,1,1,0,0,1,1,0,1,11
F18_331,F18,pre,I consent.,3,3,2,4,4,0,19,Black/African American,0,1,New,Alien Permanent,Gha,NA,Y,85 - 89.9,89,4,2.5,,,,,,,,,,,,,,,,,,,,,,,,,,,,,0,1,0,0,0,0,0,1,0,0,0,0,1,1,0,0,0,1,0,0,0,0,0,0,5
F18_528,F18,pre,I consent.,2,3,1,5,5,0,20,Asian,1,1,New,Alien Permanent,Chi,NA,Y,85 - 89.9,88,,3,3,,,,,,,,,,,,,,,,,,,,,,,,,,,,1,0,0,1,1,0,1,1,0,0,0,0,1,0,1,1,0,1,0,0,1,0,0,0,10
F18_401,F18,pre,I consent.,1,3,2,5,5,3,19,Asian,0,0,New,Naturalized,Unknown,NA,N,95 - 100,99,,,,1380,,,,,,,,,,,,,,,,,,,,,,,,,,,1,1,0,0,1,0,0,1,1,1,0,0,1,0,1,0,0,0,0,1,0,0,0,1,10
F18_332,F18,pre,I consent.,1,3,2,5,5,3,19,Asian,0,1,New,Native,United States,NA,N,90 - 94.9,94,,,,1380,,,,,,,,,,,,,,,,,,,,,,,,,,,1,1,0,0,1,1,0,1,1,1,0,1,1,0,1,1,0,1,1,1,1,1,1,1,18
F18_389,F18,pre,I consent.,1,4,1,4,4,2,19,White,1,0,New,Native,United States,NA,N,95 - 100,97,,,,,,,,,,,,,,,,,,,,,,,,,,,,,,,1,1,0,0,1,0,0,1,1,1,0,0,0,0,1,1,0,0,1,1,1,0,0,0,11
F18_478,F18,pre,I consent.,2,3,1,5,4,1,19,White,0,0,New,Native,United States,NA,N,90 - 94.9,93,,4,,,,,,,,,,,,,,,,,,,,,,,,,,,,,0,1,1,1,0,0,0,0,1,1,0,0,0,0,0,1,0,1,0,1,1,0,0,0,9
F18_432,F18,pre,I consent.,2,3,1,5,4,0,19,White,1,0,New,Native,United States,NA,N,95 - 100,97,,4,,1410,620,600,540,8,1220,,,,,,,,,,,,,,,,,,,,,,1,1,0,0,1,0,0,1,1,1,0,0,0,0,1,1,0,0,0,0,1,0,1,0,10
F18_147,F18,pre,I consent.,2,3,1,3,3,1,18,Hispanic of any race,1,1,New,Native,United States,NA,Y,90 - 94.9,94,,5,,1190,,,,,,,,,,,,,,,,,,,,,,,,,,,0,1,0,0,0,0,0,0,0,1,0,1,0,0,0,1,0,0,0,1,1,1,0,0,7
F18_473,F18,pre,I consent.,1,4,2,4,4,2,18,White,0,0,New,Native,United States,NA,N,95 - 100,99,,,,,,,,,,,,,,,,,,,,,,,,,,,,,,,1,0,1,1,1,0,0,1,1,1,0,1,1,1,1,1,1,1,1,0,1,0,1,1,18
F18_504,F18,pre,I consent.,2,3,2,2,3,0,19,Asian,1,0,New,Alien Temporary,Chi,NA,N,85 - 89.9,85,,,2,1150,,,,,,,,,,,,,,,,,,,,,,,,,,,1,0,0,0,0,0,0,1,0,0,0,1,1,0,0,0,0,0,0,1,0,1,1,0,7
F18_204,F18,pre,I consent.,1,3,1,3,,2,18,Asian,0,1,New,Native,United States,"$45,000-64,999",,90 - 94.9,90,,7,,1380,750,630,630,9,1380,,,,,,,,,,,,,,,,,,,,,,1,1,0,1,1,0,0,1,1,1,0,0,1,1,1,1,0,1,1,0,1,0,0,1,15
F18_355,F18,pre,I consent.,3,3,1,5,5,0,19,Hispanic of any race,0,1,New,Native,United States,"$0-14,999",,85 - 89.9,89,,4,,,,,,,,,,,,,,,,,,,,,,,,,,,,,0,1,1,0,0,0,0,0,0,0,0,0,0,1,0,1,0,0,0,1,0,0,0,0,5
F18_358,F18,pre,I consent.,2,3,1,5,5,0,19,Hispanic of any race,1,1,New,Native,United States,NA,,95 - 100,95,,3,,,,,,,,,,,,,,,,,,,,,,,,,,,,,1,0,0,1,0,0,1,1,0,1,0,0,1,0,1,1,0,0,0,1,0,0,0,1,10
F18_521,F18,pre,I consent.,1,3,1,2,2,2,19,Asian,1,1,New,Native,United States,"$30,000-44,999",,90 - 94.9,94,,4,,1220,640,500,460,7,1140,,,,,,,,,,,,,,,,,,,,,,0,0,0,1,0,0,0,1,0,0,0,0,1,0,0,1,0,1,0,0,1,0,0,0,6
F18_502,F18,pre,I consent.,1,3,2,5,5,2,19,Asian,0,1,New,Naturalized,Unknown,NA,Y,90 - 94.9,91,,7,,,,,,,,,,,,,,,,,,,,,,,,,,,,,0,0,0,1,0,0,0,0,0,1,0,1,1,1,0,1,0,0,0,1,0,0,0,0,7
F18_129,F18,pre,I consent.,2,3,1,5,4,0,19,Black/African American,1,1,New,Native,United States,NA,Y,90 - 94.9,90,,2,,,,,,,,,,,,,,,,,,,,,,,,,,,,,0,0,0,0,0,1,0,0,0,0,0,0,1,0,0,1,0,0,0,1,0,0,0,0,4
F18_075,F18,pre,I consent.,2,3,1,4,4,1,19,Asian,1,0,New,Alien Permanent,India,NA,N,90 - 94.9,92,,4,,1360,700,660,740,10,1360,,,,,,,,,,,,,,,,,,,,,,1,0,1,1,1,1,0,1,1,1,1,1,1,0,1,1,0,1,1,0,1,1,1,0,18
F18_380,F18,pre,I consent.,1,4,1,4,3,2,18,White,1,0,New,Native,United States,"$45,000-64,999",,95 - 100,95,,,,,,,,,,,,,,,,,,,,,,,,,,,,,,,1,1,1,1,1,0,0,1,1,0,0,0,1,0,0,0,0,0,0,0,0,0,0,1,9
F18_552,F18,pre,I consent.,1,3,2,4,4,2,18,Asian,0,1,New,Alien Permanent,Chi,"$15,000-29,999",,90 - 94.9,92,,7,,1280,710,570,600,8,1280,,,,,,,,,,,,,,,,,,,,,,0,0,1,1,0,0,0,1,0,0,0,1,0,1,0,0,0,0,0,1,1,0,0,0,7
F18_089,F18,pre,I consent.,3,3,1,2,2,2,19,Asian,1,1,Other,Native,United States,NA,Y,95 - 100,95,,4,,1190,,,,,,,,,,,,,,,,,,,,,,,,,,,1,0,0,0,0,1,0,1,0,0,0,1,0,1,0,1,0,0,0,0,1,0,0,0,7
F18_216,F18,pre,I consent.,3,3,1,5,4,0,19,,1,0,New,Native,United States,NA,N,90 - 94.9,92,,5,,,,,,,,,,,,,,,,,,,,,,,,,,,,,1,1,0,0,1,1,0,1,1,1,1,1,1,1,1,1,0,0,1,1,1,0,1,1,18
F18_166,F18,pre,I consent.,2,3,1,4,3,0,19,White,0,0,New,Native,United States,NA,Y,90 - 94.9,94,,2.5,,,,,,,,,,,,,,,,,,,,,,,,,,,,,0,1,0,0,0,0,0,0,0,1,0,0,1,0,0,1,0,1,0,1,0,0,0,0,6
F18_245,F18,pre,I consent.,2,3,1,4,4,2,19,White,1,0,New,Native,United States,NA,N,95 - 100,99,,,,1290,,,,,,,,,,,,,,,,,,,,,,,,,,,1,1,0,0,0,0,0,1,1,1,1,0,1,0,0,1,0,0,1,0,1,0,1,0,11
F18_465,F18,pre,I consent.,2,4,1,5,5,1,19,White,1,0,New,Native,United States,NA,Y,95 - 100,99,,,,1410,,,,,,,,,,,,,,,,,,,,,,,,,,,0,1,1,0,1,1,0,1,1,1,1,1,1,1,1,1,0,0,1,0,0,0,0,0,14
F18_433,F18,pre,I consent.,1,3,3,2,2,0,19,White,0,0,Transfer,Native,United States,NA,N,85 - 89.9,88,3.45,3,,,,,,,,,,,,,,,,,,,,,,,,,,,,,0,0,0,0,1,1,0,0,0,0,1,0,1,0,0,0,0,0,0,1,0,0,0,0,5
F18_252,F18,pre,I consent.,2,4,2,4,3,0,18,Black/African American,0,0,New,Native,United States,NA,N,90 - 94.9,91,,,,,,,,,,,,,,,,,,,,,,,,,,,,,,,0,0,0,0,0,0,0,0,1,1,0,0,0,0,0,1,0,1,0,1,0,0,0,0,5
F18_023,F18,pre,I consent.,1,3,2,5,5,0,18,Asian,0,1,New,Alien Permanent,"Korea, Republic of",NA,N,90 - 94.9,92,,7,,1450,750,700,620,8,1450,,,,,,,,,,,,,,,,,,,,,,1,0,0,1,1,0,0,0,1,1,0,1,0,1,0,0,0,1,0,1,0,0,0,0,9
F18_248,F18,pre,I consent.,1,4,2,4,4,3,19,White,0,0,New,Undocumented Alien,Poland,NA,N,95 - 100,98,,,,1250,,,,,,,,,,,,,,,,,,,,,,,,,,,1,0,0,0,1,1,0,1,1,1,0,0,0,1,1,1,0,0,1,1,1,1,1,0,14
F18_499,F18,pre,I consent.,3,3,1,5,3,0,18,Hispanic of any race,1,1,New,Native,United States,"$15,000-29,999",,90 - 94.9,91,,3,3,,,,,,,,,,,,,,,,,,,,,,,,,,,,0,0,0,1,0,0,0,1,0,0,0,0,1,0,0,0,0,1,0,1,0,0,1,0,6
F18_261,F18,pre,I consent.,1,3,2,5,5,2,19,Asian,0,1,Transfer,Naturalized,Viet m,"$30,000-44,999",Y,Unknown,,,,3,,,,,,,,,,,,,,,,,,,,,,,,,,,,0,1,0,0,0,1,0,0,0,1,0,0,1,0,0,1,0,1,0,0,0,0,0,0,6
F18_523,F18,pre,I consent.,2,3,1,4,3,2,19,Asian,1,0,New,Native,United States,NA,N,90 - 94.9,92,,3,,1290,,,,,,,,,,,,,,,,,,,,,,,,,,,0,1,1,1,0,0,0,0,1,1,0,0,0,1,0,1,0,0,0,1,0,0,0,0,8
F18_093,F18,pre,I consent.,2,3,1,5,5,0,19,White,0,0,New,Native,United States,NA,Y,90 - 94.9,93,,2.5,,1320,,,,,,,,,,,,,,,,,,,,,,,,,,,0,1,1,1,0,0,0,0,0,0,0,0,1,0,0,0,0,1,0,1,1,0,0,1,8
F18_109,F18,pre,I consent.,1,3,1,5,4,2,19,White,1,0,New,Native,United States,NA,N,90 - 94.9,90,,4,,,,,,,,,,,,,,,,,,,,,,,,,,,,,0,1,0,0,0,0,0,0,0,1,0,1,1,0,0,0,0,1,0,0,1,0,0,0,6
F18_357,F18,pre,I consent.,1,3,1,5,5,2,19,Black/African American,1,0,New,Native,United States,NA,N,95 - 100,95,,4,,1380,,,,,,,,,,,,,,,,,,,,,,,,,,,1,1,0,1,0,0,0,0,1,1,0,1,1,0,0,1,0,1,0,1,1,0,0,0,11
F18_283,F18,pre,I consent.,1,3,2,2,4,2,19,Asian,1,0,New,Native,United States,NA,N,95 - 100,96,,5,,1410,,,,,,,,,,,,,,,,,,,,,,,,,,,1,1,0,0,1,0,0,1,1,1,0,0,1,1,1,1,1,1,1,1,1,0,1,0,16
F18_251,F18,pre,I consent.,2,3,1,4,4,0,18,Asian,1,0,New,Native,United States,NA,N,85 - 89.9,89,,2,,1220,590,630,560,9,1220,,,,,,,,,,,,,,,,,,,,,,1,1,1,1,1,0,0,1,1,1,0,0,1,1,1,1,0,1,1,1,1,1,1,1,19
F18_508,F18,pre,I consent.,3,3,2,4,4,0,18,Asian,1,0,New,Naturalized,Unknown,NA,Y,90 - 94.9,93,,7,,1400,730,670,650,6,1400,,,,,,,,,,,,,,,,,,,,,,1,1,0,1,1,0,1,1,1,1,1,0,1,0,1,1,0,1,1,1,1,1,1,1,19
F18_298,F18,pre,I consent.,2,3,2,3,3,0,20,Asian,1,1,New,Naturalized,Unknown,NA,Y,95 - 100,98,,,,,,,,,,,,,,,,,,,,,,,,,,,,,,,1,0,0,1,1,0,0,1,1,1,0,0,1,0,0,1,0,1,0,1,0,0,0,0,10
F18_541,F18,pre,I consent.,2,3,1,3,3,0,18,Asian,1,1,New,Naturalized,"Korea, Republic of",NA,Y,90 - 94.9,93,,5,,1320,,,,,,,,,,,,,,,,,,,,,,,,,,,0,1,0,1,0,0,0,1,1,0,0,1,1,1,0,0,0,0,0,1,1,0,0,1,10
F18_511,F18,pre,I consent.,1,3,2,4,4,0,19,Asian,0,1,Other,Native,United States,NA,Y,90 - 94.9,91,,,,1180,600,580,600,8,1180,,,,,,,,,,,,,,,,,,,,,,1,1,1,0,0,0,0,1,1,1,0,1,1,0,0,1,0,1,0,1,0,0,0,0,11
F18_098,F18,pre,I consent.,1,3,1,5,5,1,19,Hispanic of any race,0,1,New,Native,United States,"$45,000-64,999",,90 - 94.9,93,,3,,,,,,,,,,,,,,,,,,,,,,,,,,,,,1,1,0,0,0,0,0,0,1,1,0,1,0,0,0,1,0,1,1,1,0,0,0,0,9
F18_471,F18,pre,I consent.,3,3,1,2,2,0,19,Asian,0,1,New,Native,United States,"$0-14,999",,90 - 94.9,90,,4,,,,,,,,,,,,,,,,,,,,,,,,,,,,,0,0,0,0,0,0,0,0,0,1,0,0,0,0,0,1,0,1,0,1,0,0,0,0,4
F18_167,F18,pre,I consent.,1,3,1,5,5,2,19,Black/African American,0,0,New,Native,United States,"$185,000+",,95 - 100,95,,3,,,,,,,,,,,,,,,,,,,,,,,,,,,,,1,0,0,1,0,0,0,0,0,1,0,0,1,0,0,1,0,1,0,1,0,0,0,0,7
F18_472,F18,pre,I consent.,2,3,1,4,2,0,18,Hispanic of any race,0,1,New,Native,United States,NA,Y,90 - 94.9,90,,2,,1290,,,,,,,,,,,,,,,,,,,,,,,,,,,1,1,1,1,1,0,0,1,1,1,0,1,1,1,1,1,0,1,0,0,0,0,0,1,15
F18_099,F18,pre,I consent.,1,3,1,3,5,3,18,Black/African American,1,0,New,Native,United States,NA,N,90 - 94.9,92,,4,3,1190,,,,,,,,,,,,,,,,,,,,,,,,,,,1,0,0,0,1,1,0,0,0,0,0,1,0,0,0,1,0,1,1,0,1,0,0,0,8
F18_567,F18,pre,I consent.,1,3,2,0,0,2,20,Asian,0,0,New,Alien Temporary,Chi,NA,N,80 - 84.9,82,3.6,,1.5,1220,,,,,,,,,,,,,,,,,,,,,,,,,,,0,0,0,0,0,0,0,0,0,1,0,0,0,0,0,1,1,0,0,1,1,1,0,0,6
F18_180,F18,pre,I consent.,1,4,1,4,3,2,19,White,1,0,New,Native,United States,"$65,000-84,999",,95 - 100,96,4,4,,1350,,,,,,,,,,,,,,,,,,,,,,,,,,,0,0,0,0,0,0,0,0,0,1,0,1,0,1,1,0,0,0,0,0,0,1,0,0,5
F18_420,F18,pre,I consent.,2,3,1,3,3,0,18,White,1,1,New,Native,United States,NA,N,90 - 94.9,94,,5,,,,,,,,,,,,,,,,,,,,,,,,,,,,,0,0,1,0,0,1,0,1,0,1,0,1,0,0,0,0,0,0,0,0,1,1,1,1,9
F18_418,F18,pre,I consent.,1,4,1,5,5,2,19,White,0,1,New,Native,United States,NA,N,95 - 100,99,,6,,1410,,,,,,,,,,,,,,,,,,,,,,,,,,,1,1,1,1,1,1,0,1,1,1,1,0,1,1,0,1,0,1,1,0,1,0,1,0,17
F18_536,F18,pre,I consent.,1,3,2,4,3,2,18,Asian,0,0,New,Native,United States,NA,N,90 - 94.9,90,,5,4,1320,,,,,,,,,,,,,,,,,,,,,,,,,,,1,0,0,0,1,0,0,1,1,1,0,0,0,1,0,1,0,0,0,1,0,0,0,0,8
F18_043,F18,pre,I consent.,2,3,1,4,4,1,19,Black/African American,0,0,New,Native,United States,NA,N,90 - 94.9,93,,4,,,,,,,,,,,,,,,,,,,,,,,,,,,,,1,0,0,1,1,0,0,1,1,1,0,0,1,1,1,1,1,1,1,0,1,0,0,0,14
F18_391,F18,pre,I consent.,1,4,1,4,2,2,19,White,0,0,New,Native,United States,NA,N,95 - 100,98,4,,,1560,690,620,550,8,1310,,,,,,,,,,,,,,,,,,,,,,1,0,1,1,1,0,1,0,1,1,0,1,1,0,0,1,0,1,1,1,1,1,0,0,15
F18_162,F18,pre,I consent.,2,3,2,5,4,0,19,White,1,0,New,Native,United States,NA,Y,95 - 100,97,3.19,4,,,,,,,,,,,,,,,,,,,,,,,,,,,,,1,0,1,0,0,0,0,0,0,0,0,1,1,1,0,1,0,1,0,1,0,0,0,1,9
F18_394,F18,pre,I do not consent.,2,4,1,2,1,1,20,Asian,0,1,Transfer,Native,United States,"$15,000-29,999",,Unknown,,3.3,2,,,,,,,,,,,,,,,,,,,,,,,,,,,,,0,0,1,0,0,1,0,0,0,0,0,1,1,0,0,1,0,0,0,1,0,0,0,1,7
F18_454,F18,pre,I consent.,1,4,1,4,4,0,19,White,1,0,New,Native,United States,NA,N,95 - 100,96,4,,,1350,,,,,,,,,,,,,,,,,,,,,,,,,,,1,1,1,1,1,0,0,1,1,1,1,1,1,0,1,1,1,1,1,1,1,1,1,1,21
F18_260,F18,pre,I consent.,2,4,1,5,5,1,19,Asian,0,1,New,Native,United States,NA,Y,90 - 94.9,94,,,,1440,,,,,,,,,,,,,,,,,,,,,,,,,,,0,1,0,0,1,1,0,1,1,1,1,1,1,1,0,1,0,1,1,1,1,0,1,1,17
F18_412,F18,pre,I consent.,2,3,1,5,4,1,19,White,0,0,New,Native,United States,NA,Y,95 - 100,95,,4,,1350,,,,,,,,,,,,,,,,,,,,,,,,,,,1,1,0,0,0,0,0,1,1,1,0,1,1,1,0,1,0,1,0,1,0,0,0,0,11
F18_114,F18,pre,I consent.,2,3,1,5,4,1,19,White,0,0,New,Native,United States,NA,Y,95 - 100,99,,2.5,,,,,,,,,,,,,,,,,,,,,,,,,,,,,1,1,1,0,1,0,1,1,1,1,1,1,1,1,1,1,1,1,1,1,1,1,1,1,22
F18_294,F18,pre,I consent.,3,3,1,3,3,0,18,,1,0,New,Native,United States,NA,N,90 - 94.9,92,,6,,1320,,,,,,,,,,,,,,,,,,,,,,,,,,,1,1,1,1,1,0,0,1,1,1,1,1,1,1,0,1,0,0,0,0,1,0,1,0,15
F18_255,F18,pre,I consent.,1,3,1,4,3,0,19,Asian,0,0,New,Native,United States,NA,Y,90 - 94.9,93,,7,,1410,680,700,640,10,1380,,,,,,,,,,,,,,,,,,,,,,1,1,1,0,1,0,0,1,1,1,0,0,0,0,0,1,0,0,1,0,0,0,0,0,9
F18_197,F18,pre,I consent.,3,3,2,1,1,0,20,Asian,1,0,New,Alien Temporary,Chi,NA,Y,85 - 89.9,85,,,2,,,,,,,,,,,,,,,,,,,,,,,,,,,,1,1,1,1,1,0,1,0,0,0,0,1,1,0,0,0,0,0,0,0,1,1,0,0,10
F18_417,F18,pre,I consent.,2,3,1,4,4,0,18,White,1,0,Other,Native,United States,NA,N,85 - 89.9,88,,3,3,1190,,,,,,,,,,,,,,,,,,,,,,,,,,,1,1,1,0,0,0,0,1,0,0,0,0,0,0,1,1,0,1,0,0,0,0,0,0,7
F18_301,F18,pre,I consent.,1,3,1,3,3,2,18,Asian,0,1,New,Native,United States,NA,Y,95 - 100,95,,4,,,,,,,,,,,,,,,,,,,,,,,,,,,,,0,0,1,0,0,0,0,1,0,0,0,0,1,0,0,1,0,0,0,1,0,0,0,0,5
F18_531,F18,pre,I consent.,1,3,3,2,2,2,18,Asian,1,1,New,Native,United States,NA,Y,95 - 100,97,,9,,1300,740,560,600,9,1300,,,,,,,,,,,,,,,,,,,,,,0,1,0,0,0,0,0,0,0,1,0,0,0,0,1,0,0,0,0,1,1,0,1,1,7
F18_160,F18,pre,I consent.,2,3,1,5,5,2,19,White,0,0,New,Native,United States,NA,N,95 - 100,99,,4,,,,,,,,,,,,,,,,,,,,,,,,,,,,,0,0,0,0,0,0,0,1,0,1,0,0,1,1,1,1,0,0,0,1,0,0,0,0,7
F18_117,F18,pre,I consent.,1,3,1,4,4,2,19,Asian,0,0,New,Native,United States,NA,N,95 - 100,99,,4,,1350,680,670,630,9,1350,,,,,,,,,,,,,,,,,,,,,,1,1,0,1,1,0,0,1,1,1,1,0,0,1,1,1,0,1,0,0,1,0,1,0,14
F18_398,F18,pre,I consent.,1,3,1,5,5,2,18,Asian,0,0,New,Native,United States,NA,N,95 - 100,99,,8,,1560,,,,,,,,,,,,,,,,,,,,,,,,,,,1,1,1,0,1,0,1,1,1,1,0,1,1,0,1,1,0,1,1,1,1,0,1,1,18
F18_566,F18,pre,I consent.,2,3,2,3,3,0,19,Asian,0,1,New,Alien Permanent,Chi,NA,Y,90 - 94.9,90,,4,2,,,,,,,,,,,,,,,,,,,,,,,,,,,,0,0,1,1,0,0,0,0,0,0,0,0,1,1,0,1,0,1,0,1,0,0,0,0,7
F18_280,F18,pre,I consent.,1,3,2,4,4,2,18,Asian,1,1,New,Native,United States,NA,Y,95 - 100,95,,,,,,,,,,,,,,,,,,,,,,,,,,,,,,,0,1,0,0,0,0,0,0,0,1,0,1,0,1,1,0,0,1,0,1,0,0,0,0,7
F18_118,F18,pre,I consent.,1,3,1,5,5,3,18,Black/African American,0,1,New,Native,United States,NA,,95 - 100,95,,4,,,,,,,,,,,,,,,,,,,,,,,,,,,,,0,1,1,1,1,0,0,1,1,1,0,0,1,1,1,1,0,1,0,0,1,1,0,1,15
F18_383,F18,pre,I consent.,3,3,2,5,5,0,19,White,0,0,New,Native,United States,NA,,95 - 100,96,,4,,,,,,,,,,,,,,,,,,,,,,,,,,,,,1,1,0,0,0,0,0,0,1,1,0,1,1,0,1,1,1,0,0,1,1,0,1,1,13
F18_240,F18,pre,I consent.,1,3,1,5,4,3,18,White,0,0,New,Native,United States,NA,N,95 - 100,96,,,,,,,,,,,,,,,,,,,,,,,,,,,,,,,1,1,1,0,0,0,0,1,1,1,1,1,1,1,1,1,0,1,1,0,1,1,0,0,16
F18_325,F18,pre,I consent.,1,3,1,2,2,2,19,Asian,1,1,New,Native,United States,NA,Y,95 - 100,95,,4,,,,,,,,,,,,,,,,,,,,,,,,,,,,,1,0,0,0,0,0,0,0,0,1,0,0,0,0,1,1,0,1,1,1,1,0,0,0,8
F18_203,F18,pre,I consent.,2,3,1,5,5,0,19,White,1,0,New,Native,United States,NA,,95 - 100,95,,3,,1350,640,670,620,8,1310,,,,,,,,,,,,,,,,,,,,,,1,1,1,1,1,1,0,1,1,1,0,1,1,1,1,1,0,1,1,1,0,0,0,0,17
F18_149,F18,pre,I consent.,1,3,1,5,5,2,20,White,1,1,New,Native,United States,NA,Y,95 - 100,99,,3,,1330,610,720,640,8,1330,,,,,,,,,,,,,,,,,,,,,,1,1,1,1,1,1,0,1,0,1,0,0,1,0,0,0,0,0,0,0,1,0,0,0,10
F18_066,F18,pre,I consent.,2,4,1,4,3,2,18,Asian,0,0,New,Native,United States,NA,Y,90 - 94.9,92,,,,,,,,,,,,,,,,,,,,,,,,,,,,,,,0,1,0,0,0,0,0,1,0,0,0,0,1,1,0,1,0,1,0,0,1,0,0,1,8
F18_195,F18,pre,I consent.,3,3,1,5,5,2,19,Asian,0,1,New,Native,United States,NA,Y,85 - 89.9,88,,3,,1380,660,720,650,8,1380,,,,,,,,,,,,,,,,,,,,,,0,0,0,0,0,0,0,0,0,0,0,0,0,0,0,0,0,0,0,0,0,0,0,0,0
F18_092,F18,pre,I consent.,1,3,2,5,4,2,19,Asian,0,1,Other,Naturalized,"Korea, Republic of",NA,Y,90 - 94.9,94,,3,,1250,,,,,,,,,,,,,,,,,,,,,,,,,,,1,0,0,0,1,0,0,1,1,1,1,0,1,0,1,1,0,1,1,1,1,1,0,1,15
F18_049,F18,pre,I consent.,1,3,1,2,2,2,18,Asian,1,1,New,Native,United States,NA,Y,85 - 89.9,89,,,,,,,,,,,,,,,,,,,,,,,,,,,,,,,0,1,0,1,0,0,0,1,0,0,0,0,1,1,0,1,0,1,0,1,0,0,0,0,8
F18_111,F18,pre,I consent.,2,3,1,5,3,0,20,Hispanic of any race,0,1,New,Native,United States,NA,Y,95 - 100,98,,2.5,,,,,,,,,,,,,,,,,,,,,,,,,,,,,1,0,0,0,0,0,0,1,0,0,0,1,0,1,0,0,1,0,0,0,1,0,0,0,6
F18_278,F18,pre,I do not consent.,1,3,2,2,2,0,18,Asian,0,1,New,Alien Permanent,Chi,NA,Y,95 - 100,95,,,3,,,,,,,,,,,,,,,,,,,,,,,,,,,,0,0,1,0,1,1,0,0,0,0,0,1,0,0,0,0,0,0,0,0,0,0,0,1,5
F18_488,F18,pre,I consent.,3,3,1,4,4,2,19,Black/African American,0,1,New,Native,United States,"$15,000-29,999",,90 - 94.9,91,,3,3,,,,,,,,,,,,,,,,,,,,,,,,,,,,0,1,0,0,0,0,0,0,1,0,0,0,0,0,0,1,0,1,1,0,0,0,0,1,6
F18_405,F18,pre,I consent.,3,3,1,5,5,0,19,Black/African American,0,1,New,Native,United States,NA,Y,85 - 89.9,88,,3,3,1090,,,,,,,,,,,,,,,,,,,,,,,,,,,0,1,0,0,0,0,1,0,0,1,0,0,0,0,1,0,0,0,1,1,1,0,0,0,7
F18_549,F18,pre,I consent.,1,3,2,5,5,2,19,Asian,0,0,New,Native,United States,NA,N,90 - 94.9,94,,3,,1320,,,,,,,,,,,,,,,,,,,,,,,,,,,1,0,0,0,0,0,0,1,1,1,0,0,1,0,0,1,0,1,0,0,0,0,0,0,7
F18_343,F18,pre,I consent.,1,3,1,5,5,0,19,White,1,1,Transfer,Native,United States,NA,Y,85 - 89.9,88.4,3.76,,,,,,,,,,,,,,,,,,,,,,,,,,,,,,1,1,0,1,1,1,0,1,1,1,1,1,1,0,1,1,1,1,1,1,0,0,1,0,18
F18_130,F18,pre,I consent.,1,3,1,4,3,0,19,Hispanic of any race,1,0,New,Undocumented Alien,Peru,NA,Y,90 - 94.9,91,,2,3,,,,,,,,,,,,,,,,,,,,,,,,,,,,1,1,0,1,1,0,1,1,1,0,0,0,1,0,0,0,0,0,0,1,0,0,0,1,10
F18_002,F18,pre,I consent.,1,3,1,4,3,2,18,Asian,1,1,New,Naturalized,Unknown,NA,N,95 - 100,95,,,,,,,,,,,,,,,,,,,,,,,,,,,,,,,1,1,1,1,1,0,1,1,1,1,1,1,1,1,1,1,0,0,1,0,1,0,0,1,18
F18_257,F18,pre,I consent.,1,4,1,3,3,2,19,Asian,0,0,New,Native,United States,NA,N,95 - 100,97,,,,,,,,,,,,,,,,,,,,,,,,,,,,,,,0,0,0,1,0,0,0,0,1,0,0,0,1,0,0,1,0,1,0,1,0,0,0,0,6
F18_146,F18,pre,I consent.,1,3,1,5,4,2,19,White,1,0,New,Native,United States,NA,N,95 - 100,96,,8,,1350,,,,,,,,,,,,,,,,,,,,,,,,,,,1,1,1,1,1,1,1,1,1,1,1,1,1,1,1,1,1,1,1,1,1,1,1,1,24
F18_424,F18,pre,I consent.,1,3,1,5,4,2,19,Asian,1,1,New,Native,United States,NA,Y,90 - 94.9,93,,4,,1290,730,560,730,10,1290,,,,,,,,,,,,,,,,,,,,,,1,0,1,1,0,0,0,1,0,0,0,0,1,0,0,1,0,1,0,1,1,0,0,0,9
F18_485,F18,pre,I consent.,1,3,2,4,3,2,19,Asian,0,1,New,Native,United States,NA,Y,95 - 100,96,,,,,,,,,,,,,,,,,,,,,,,,,,,,,,,0,1,0,0,0,1,0,0,0,0,0,0,1,0,0,1,0,0,0,1,0,0,0,1,6
F18_137,F18,pre,I consent.,1,3,1,5,4,3,19,Hispanic of any race,1,0,New,Native,United States,NA,Y,95 - 100,95,,7,,1380,,,,,,,,,,,,,,,,,,,,,,,,,,,0,0,0,0,0,1,0,0,0,1,0,1,1,0,0,0,0,1,0,1,0,0,0,0,6
F18_404,F18,pre,I consent.,1,3,1,4,5,2,18,Hispanic of any race,0,0,New,Native,United States,NA,N,90 - 94.9,93,,3,3,1020,,,,,,,,,,,,,,,,,,,,,,,,,,,1,0,0,1,0,0,0,1,1,1,0,1,1,0,0,1,0,1,0,0,0,0,0,0,9
F18_310,F18,pre,I consent.,3,3,2,3,,2,20,Black/African American,1,1,New,Alien Permanent,Mauritania,NA,Y,90 - 94.9,93,,6,3,,,,,,,,,,,,,,,,,,,,,,,,,,,,1,1,1,0,0,1,0,0,0,0,0,0,0,0,0,1,0,0,0,0,0,0,0,0,5
F18_219,F18,pre,I consent.,2,3,1,4,4,0,18,White,1,0,New,Native,United States,NA,N,85 - 89.9,86,,5,,1320,,,,,,,,,,,,,,,,,,,,,,,,,,,1,1,1,1,1,0,1,1,1,1,1,0,1,1,0,1,0,1,1,1,1,0,0,1,18
F18_178,F18,pre,I consent.,1,3,1,3,4,3,19,Asian,0,1,New,Native,United States,NA,N,90 - 94.9,92,,3,,,,,,,,,,,,,,,,,,,,,,,,,,,,,0,1,1,1,0,1,0,0,0,0,0,0,1,0,0,1,0,1,0,0,0,0,0,0,7
F18_339,F18,pre,I consent.,2,3,2,1,1,0,20,Hispanic of any race,0,0,New,Undocumented Alien,Mexico,NA,N,90 - 94.9,94,,,,1290,,,,,,,,,,,,,,,,,,,,,,,,,,,0,1,0,0,0,0,0,1,1,1,0,0,0,0,1,1,0,0,1,0,0,0,0,0,7
F18_267,F18,pre,I consent.,3,3,1,4,4,0,18,Asian,1,1,New,Native,United States,NA,N,85 - 89.9,88,,3,,,,,,,,,,,,,,,,,,,,,,,,,,,,,0,0,0,1,0,0,0,0,0,1,0,0,1,1,0,0,0,1,0,1,0,0,0,0,6
F18_381,F18,pre,I consent.,1,3,1,5,5,2,18,White,0,0,New,Native,United States,NA,Y,90 - 94.9,92,,4,,1290,,,,,,,,,,,,,,,,,,,,,,,,,,,1,0,1,1,0,0,0,1,1,1,0,0,1,0,0,1,0,1,0,1,0,0,0,0,10
F18_058,F18,pre,I consent.,2,3,2,4,4,1,18,Asian,1,0,New,Native,United States,NA,Y,90 - 94.9,94,,,,1230,670,560,560,8,1230,,,,,,,,,,,,,,,,,,,,,,1,0,0,1,1,0,0,0,1,1,0,0,1,1,0,1,0,1,0,1,1,0,0,0,11
F18_124,F18,pre,I consent.,2,3,1,4,5,1,19,Asian,0,0,New,Native,United States,NA,N,95 - 100,99,,5,,,,,,,,,,,,,,,,,,,,,,,,,,,,,1,1,0,0,1,0,0,1,1,1,1,1,0,1,1,1,0,0,1,0,1,1,1,0,15
F18_564,F18,pre,I consent.,1,3,2,2,2,2,19,Asian,0,1,New,Naturalized,Unknown,NA,Y,90 - 94.9,94,,5,,1210,670,540,540,7,1210,,,,,,,,,,,,,,,,,,,,,,0,1,0,0,0,0,0,0,0,0,0,1,1,0,0,0,0,1,0,1,0,0,0,0,5
F18_282,F18,pre,I consent.,1,3,1,3,3,2,18,Asian,1,1,New,Native,United States,NA,Y,90 - 94.9,93,,,,1350,710,490,510,8,1200,,,,,,,,,,,,,,,,,,,,,,0,0,0,1,0,0,0,0,0,1,0,1,0,0,0,1,0,0,0,1,1,0,0,1,7
F18_275,F18,pre,I consent.,1,3,2,3,2,3,18,Asian,1,0,New,Alien Temporary,Chi,NA,N,85 - 89.9,88,,,3,,,,,,,,,,,,,,,,,,,,,,,,,,,,0,1,0,0,0,0,0,0,0,0,0,1,0,0,0,0,0,1,0,1,1,0,0,0,5
F18_565,F18,pre,I consent.,2,3,1,3,3,0,18,Asian,1,0,New,Native,United States,NA,N,90 - 94.9,91,,5,,1290,710,580,600,9,1290,,,,,,,,,,,,,,,,,,,,,,1,0,0,1,0,1,0,0,0,0,0,1,0,0,0,1,1,0,0,0,0,0,0,1,7
F18_498,F18,pre,I consent.,1,3,1,5,5,1,19,White,0,0,New,Native,United States,NA,N,95 - 100,99,,,,1440,,,,,,,,,,,,,,,,,,,,,,,,,,,1,1,0,0,1,0,1,1,1,1,1,0,1,0,1,1,0,0,1,1,0,0,0,0,13
F18_096,F18,pre,I consent.,2,3,1,5,5,2,18,White,0,0,New,Native,United States,NA,N,95 - 100,96,,,,1190,,,,,,,,,,,,,,,,,,,,,,,,,,,1,0,1,0,0,0,1,0,1,1,0,1,1,0,0,1,0,0,0,1,1,0,0,1,11
F18_456,F18,pre,I consent.,1,3,1,4,4,1,19,White,0,0,New,Native,United States,NA,N,95 - 100,99,,,,,,,,,,,,,,,,,,,,,,,,,,,,,,,1,1,0,1,1,0,1,1,1,1,1,1,1,0,1,1,1,1,1,1,1,0,1,1,20
F18_342,F18,pre,I consent.,1,3,1,4,3,2,18,Asian,1,0,New,Native,United States,NA,N,95 - 100,97,,4,,,,,,,,,,,,,,,,,,,,,,,,,,,,,0,0,1,1,1,1,0,0,1,1,0,0,0,0,1,0,0,0,0,0,1,0,0,0,8
F18_112,F18,pre,I consent.,1,3,1,5,5,0,19,Hispanic of any race,1,1,New,Native,United States,"$45,000-64,999",,90 - 94.9,92,,3,,,,,,,,,,,,,,,,,,,,,,,,,,,,,0,0,0,1,0,1,0,0,1,1,0,0,1,0,0,1,0,0,0,1,0,0,0,0,7
F18_224,F18,pre,I consent.,2,4,1,3,3,0,18,White,0,0,New,Native,United States,NA,Y,95 - 100,99,,,,1350,,,,,,,,,,,,,,,,,,,,,,,,,,,1,1,0,1,1,0,0,0,1,0,0,0,0,0,0,1,0,1,0,1,1,0,0,0,9
F18_496,F18,pre,I consent.,3,3,1,5,5,1,19,Hispanic of any race,0,0,New,Native,United States,NA,N,95 - 100,96,,,,,,,,,,,,,,,,,,,,,,,,,,,,,,,1,0,0,0,1,0,1,0,1,1,1,0,1,0,1,1,0,1,1,1,0,0,0,0,12
F18_202,F18,pre,I consent.,1,4,1,5,2,2,19,Black/African American,0,0,New,Native,United States,NA,Y,95 - 100,99,,5,,,,,,,,,,,,,,,,,,,,,,,,,,,,,0,1,0,0,0,0,1,1,0,0,0,0,0,1,1,1,0,0,0,1,0,0,0,0,7
F18_474,F18,pre,I consent.,2,3,1,5,3,0,19,White,0,0,New,Native,United States,NA,N,90 - 94.9,94,,4,,,,,,,,,,,,,,,,,,,,,,,,,,,,,0,0,0,0,0,0,0,0,1,1,0,0,1,0,1,1,0,1,1,1,0,0,0,1,9
F18_538,F18,pre,I consent.,1,3,2,5,5,2,20,Asian,1,1,New,Alien Permanent,"Korea, Republic of",NA,Y,95 - 100,98,,,,1410,,,,,,,,,,,,,,,,,,,,,,,,,,,0,1,1,0,0,0,0,0,0,1,0,0,1,0,0,0,0,1,0,1,1,0,0,0,7
F18_369,F18,pre,I consent.,2,3,2,5,5,3,18,Asian,0,1,New,Naturalized,Unknown,NA,Y,90 - 94.9,92,,6,,1420,680,740,680,8,1420,,,,,,,,,,,,,,,,,,,,,,1,1,0,1,1,0,0,1,1,1,1,0,1,0,1,1,0,0,1,1,0,0,1,1,15
F18_128,F18,pre,I consent.,2,3,1,5,5,2,18,Hispanic of any race,0,0,New,Undocumented Alien,Belize,NA,Y,95 - 100,95,,,,,,,,,,,,,,,,,,,,,,,,,,,,,,,1,1,0,1,1,0,0,1,1,1,0,0,0,0,0,1,0,1,1,0,0,0,0,0,10
F18_466,F18,pre,I consent.,1,4,1,5,5,3,18,Asian,1,0,New,Native,United States,NA,N,95 - 100,98,,8,,1320,,,,,,,,,,,,,,,,,,,,,,,,,,,1,0,1,0,1,0,0,1,1,1,1,0,1,0,1,1,1,1,1,0,1,1,1,0,16
F18_348,F18,pre,I consent.,1,3,2,4,3,0,18,Asian,0,1,New,Alien Permanent,Bangladesh,NA,N,90 - 94.9,92,,5,,,,,,,,,,,,,,,,,,,,,,,,,,,,,1,1,0,0,0,1,0,0,0,1,0,1,0,0,0,1,0,1,0,0,0,0,0,0,7
F18_415,F18,pre,I consent.,1,3,1,4,4,0,19,Hispanic of any race,0,1,New,Native,United States,NA,Y,95 - 100,95,,1,,1250,,,,,,,,,,,,,,,,,,,,,,,,,,,0,1,0,0,0,0,0,0,0,1,0,0,1,0,0,1,0,1,0,1,0,1,0,1,8
F18_271,F18,pre,I consent.,2,3,1,3,3,2,19,Asian,1,1,New,Native,United States,NA,Y,85 - 89.9,89,,9,,1410,800,610,650,8,1410,,,,,,,,,,,,,,,,,,,,,,1,0,0,1,1,0,0,0,1,1,0,0,1,0,0,1,0,1,0,1,1,0,0,0,10
F18_480,F18,pre,I consent.,1,3,1,5,4,2,18,Asian,0,0,New,Native,United States,NA,N,90 - 94.9,92,,5,,1440,710,670,780,10,1380,,,,,,,,,,,,,,,,,,,,,,1,1,1,0,1,0,1,0,1,1,0,1,1,0,1,1,0,1,1,1,1,0,0,0,15
F18_059,F18,pre,I consent.,1,3,1,3,3,0,19,Asian,0,0,Other,Native,United States,NA,N,90 - 94.9,94,,9,,1480,,,,,,,,,,,,,,,,,,,,,,,,,,,0,0,0,1,0,0,0,0,0,1,0,0,1,0,1,1,0,1,1,1,0,0,0,0,8
F18_228,F18,pre,I consent.,1,3,2,5,5,2,18,Asian,0,1,Transfer,Naturalized,Unknown,NA,N,85 - 89.9,85,3.83,,,1190,,,,,,,,,,,,,,,,,,,,,,,,,,,0,0,0,0,0,0,0,0,0,1,0,0,0,0,0,1,0,0,0,0,0,0,0,0,2
F18_428,F18,pre,I consent.,1,4,1,5,5,2,19,,0,0,New,Naturalized,Unknown,NA,N,95 - 100,96,,,,,,,,,,,,,,,,,,,,,,,,,,,,,,,1,1,1,0,1,0,1,1,1,1,0,1,1,1,1,1,0,1,1,1,1,1,0,0,18
F18_047,F18,pre,I consent.,1,4,1,5,4,2,19,Asian,1,1,New,Native,United States,NA,Y,95 - 100,99,3.33,7,,1410,,,,,,,,,,,,,,,,,,,,,,,,,,,0,0,0,0,0,0,0,0,1,0,0,0,0,0,0,1,0,1,0,1,1,0,0,0,5
F18_527,F18,pre,I consent.,2,3,1,4,3,2,18,Asian,0,1,New,Alien Permanent,Chi,NA,Y,90 - 94.9,94,,,,,,,,,,,,,,,,,,,,,,,,,,,,,,,1,1,1,1,1,0,1,1,1,1,0,1,0,1,1,1,1,0,1,0,1,0,0,0,16
F18_270,F18,pre,I consent.,3,3,1,3,2,2,19,Asian,0,1,New,Native,United States,NA,Y,90 - 94.9,91,,5,,1370,780,590,690,10,1370,,,,,,,,,,,,,,,,,,,,,,1,0,0,1,0,0,0,1,1,1,0,0,1,0,0,1,0,1,0,1,1,0,0,1,11
F18_555,F18,pre,I consent.,1,3,1,3,3,2,19,Asian,1,1,New,Native,United States,NA,Y,90 - 94.9,91,,7,,1520,800,720,740,10,1520,,,,,,,,,,,,,,,,,,,,,,1,1,0,0,1,0,0,0,1,1,1,1,1,1,1,1,0,1,1,1,1,1,1,0,17
F18_309,F18,pre,I consent.,2,3,3,2,2,0,19,Asian,0,1,New,Native,United States,NA,Y,90 - 94.9,91,,7,,1380,750,590,590,10,1340,,,,,,,,,,,,,,,,,,,,,,0,0,0,0,1,1,0,1,1,1,0,0,0,1,0,0,1,0,0,1,1,1,0,0,10
F18_439,F18,pre,I consent.,1,3,2,5,5,2,19,Asian,0,1,New,Native,United States,NA,N,95 - 100,95,,,,1440,,,,,,,,,,,,,,,,,,,,,,,,,,,1,1,1,0,0,0,0,1,1,1,0,0,0,0,1,1,0,1,0,1,0,0,0,0,10
F18_562,F18,pre,I consent.,3,3,1,4,4,0,19,Asian,0,1,New,Native,United States,NA,Y,90 - 94.9,93,,5,,1340,710,630,650,8,1340,,,,,,,,,,,,,,,,,,,,,,1,1,1,1,1,1,0,1,1,1,1,1,1,0,1,1,0,1,1,0,1,0,0,0,17
F18_069,F18,pre,I consent.,1,3,2,3,2,2,19,Asian,0,1,New,Native,United States,"$15,000-29,999",,95 - 100,98,,5,,1250,610,490,460,9,1100,,,,,,,,,,,,,,,,,,,,,,0,1,0,0,0,0,0,0,0,0,0,1,0,0,0,0,0,1,0,1,0,0,0,0,4
F18_407,F18,pre,I consent.,2,3,1,4,4,0,19,,0,0,New,Native,United States,NA,N,85 - 89.9,89,,2,,1130,580,550,550,9,1130,,,,,,,,,,,,,,,,,,,,,,0,0,0,0,1,0,0,0,1,1,0,0,1,0,0,1,0,1,0,0,0,0,1,0,7
F18_537,F18,pre,I consent.,1,3,1,2,2,2,18,Asian,0,1,New,Native,United States,NA,Y,95 - 100,97,,8,3,1060,630,430,460,6,1060,,,,,,,,,,,,,,,,,,,,,,1,0,1,1,1,0,0,0,0,0,0,1,0,0,1,0,0,1,0,0,1,0,0,0,8
F18_395,F18,pre,I consent.,3,3,1,5,5,0,18,Asian,0,1,New,Native,United States,NA,Y,90 - 94.9,90,,4,,1440,,,,,,,,,,,,,,,,,,,,,,,,,,,1,1,0,0,0,0,0,0,0,0,0,1,1,0,0,0,0,0,0,1,0,0,0,1,6
F18_360,F18,pre,I consent.,3,4,1,4,5,0,19,Asian,0,0,New,Native,United States,NA,N,95 - 100,99,,6,,1450,770,680,740,11,1450,,,,,,,,,,,,,,,,,,,,,,0,0,1,0,0,0,0,1,1,1,0,0,0,1,0,1,1,1,0,1,0,1,0,0,10
F18_414,F18,pre,I consent.,2,3,1,5,5,0,18,White,1,0,New,Native,United States,NA,N,90 - 94.9,93,,2,,1410,,,,,,,,,,,,,,,,,,,,,,,,,,,1,1,0,0,1,0,0,1,0,1,0,1,1,1,0,1,0,1,1,1,1,1,1,1,16
F18_522,F18,pre,I consent.,1,3,1,3,3,2,19,Asian,0,0,New,Native,United States,NA,Y,95 - 100,96,,5,,1320,,,,,,,,,,,,,,,,,,,,,,,,,,,1,0,0,1,0,0,0,0,0,1,0,0,0,0,0,1,0,0,0,1,1,0,0,0,6
F18_284,F18,pre,I consent.,1,3,2,4,3,2,19,Asian,0,1,New,Native,United States,NA,Y,90 - 94.9,91,,,,,,,,,,,,,,,,,,,,,,,,,,,,,,,1,1,0,1,0,0,0,0,0,1,0,1,0,0,0,0,0,0,0,1,0,0,0,0,6
F18_534,F18,pre,I consent.,3,3,2,2,2,0,18,Asian,1,0,New,Alien Temporary,Chi,NA,N,90 - 94.9,94,,,3,1220,,,,,,,,,,,,,,,,,,,,,,,,,,,1,1,0,1,0,0,0,0,0,1,0,0,1,0,0,1,0,0,0,1,0,0,0,0,7
F18_064,F18,pre,I consent.,1,2,1,5,4,0,19,Asian,0,0,New,Alien Temporary,Curacao,NA,Y,90 - 94.9,91,,3,4,,,,,,,,,,,,,,,,,,,,,,,,,,,,0,1,0,0,0,0,0,0,0,0,0,0,0,0,0,1,0,1,0,0,0,0,0,0,3
F18_123,F18,pre,I consent.,1,3,2,2,2,0,19,Asian,0,1,New,Alien Permanent,Myanmar,NA,N,95 - 100,99,,5,,,,,,,,,,,,,,,,,,,,,,,,,,,,,1,1,0,1,0,0,0,1,1,1,0,0,1,0,0,1,0,0,0,1,0,0,0,1,10
F18_142,F18,pre,I consent.,1,3,2,5,5,3,19,White,0,0,New,Naturalized,Unknown,NA,N,95 - 100,98,,4,,,,,,,,,,,,,,,,,,,,,,,,,,,,,1,1,1,0,1,0,0,0,1,1,0,1,0,0,1,0,0,0,1,1,1,0,0,0,11
F18_311,F18,pre,I consent.,2,3,2,4,3,1,19,Asian,0,0,New,Alien Temporary,Chi,NA,N,90 - 94.9,94,,,,,,,,,,,,,,,,,,,,,,,,,,,,,,,1,0,0,1,1,1,0,0,1,1,0,1,1,0,1,0,0,1,0,1,0,0,0,0,11
F18_453,F18,pre,I consent.,2,3,1,3,3,1,19,White,0,0,New,Native,United States,NA,N,90 - 94.9,92,,3,,1320,,,,,,,,,,,,,,,,,,,,,,,,,,,1,0,0,1,1,0,0,1,1,1,0,0,1,0,0,1,0,0,0,1,1,0,0,0,10
F18_299,F18,pre,I consent.,1,4,1,5,5,1,18,Asian,1,0,New,Native,United States,NA,N,95 - 100,99,,,,1530,800,730,800,11,1530,,,,,,,,,,,,,,,,,,,,,,1,1,1,1,1,0,0,1,1,1,0,1,1,1,1,1,0,0,1,1,1,0,0,1,17
F18_177,F18,pre,I consent.,2,4,1,4,4,1,18,White,1,1,New,Native,United States,NA,Y,95 - 100,95,,3,,,,,,,,,,,,,,,,,,,,,,,,,,,,,1,1,1,0,1,0,0,1,1,1,1,1,1,1,1,1,1,1,1,1,1,0,1,1,20
F18_316,F18,pre,I consent.,2,3,2,2,2,1,20,Asian,0,0,New,Alien Temporary,Chi,NA,N,85 - 89.9,88,3.2,,2,1050,,,,,,,,,,,,,,,,,,,,,,,,,,,1,1,0,0,1,1,0,1,1,1,1,1,0,1,0,1,0,0,1,1,1,0,1,0,15
F18_506,F18,pre,I consent.,2,3,2,1,1,0,19,Asian,0,0,New,Alien Temporary,Chi,NA,N,95 - 100,95,,,3,,,,,,,,,,,,,,,,,,,,,,,,,,,,0,0,0,0,1,0,0,1,0,1,0,1,0,1,0,0,1,1,0,1,1,1,0,0,10
F18_464,F18,pre,I consent.,2,2,2,2,2,0,20,Asian,1,0,New,Alien Temporary,Chi,NA,N,85 - 89.9,85,,3,2,,,,,,,,,,,,,,,,,,,,,,,,,,,,0,0,0,0,0,0,1,0,1,0,0,0,0,0,0,1,0,0,0,0,0,0,0,0,3
F18_115,F18,pre,I consent.,1,3,1,5,5,2,19,Hispanic of any race,0,0,New,Native,United States,NA,Y,95 - 100,98,,4,,1220,,,,,,,,,,,,,,,,,,,,,,,,,,,0,0,0,1,0,0,0,0,0,0,0,0,0,0,0,1,0,0,1,1,0,0,0,0,4
F18_500,F18,pre,I consent.,2,3,1,4,4,0,18,White,1,1,New,Native,United States,NA,Y,85 - 89.9,86,,3,3,1290,,,,,,,,,,,,,,,,,,,,,,,,,,,1,0,0,1,0,1,0,0,0,1,0,1,1,0,0,1,0,0,0,1,0,0,0,0,8
F18_198,F18,pre,I consent.,2,3,1,2,2,0,18,White,0,0,New,Native,United States,NA,N,85 - 89.9,87,,2.5,,,,,,,,,,,,,,,,,,,,,,,,,,,,,0,1,0,0,1,0,0,0,1,1,0,1,1,0,0,1,0,1,0,1,0,0,0,1,10
F18_014,F18,pre,I consent.,1,3,2,4,4,2,19,Hispanic of any race,1,0,New,Native,United States,NA,N,85 - 89.9,87,,5,,,,,,,,,,,,,,,,,,,,,,,,,,,,,1,1,1,0,1,1,0,1,1,1,1,1,1,1,1,1,1,1,1,1,1,1,1,1,22
F18_085,F18,pre,I consent.,1,3,1,5,3,2,20,Asian,1,1,New,Naturalized,Unknown,NA,Y,90 - 94.9,90,,4,,,,,,,,,,,,,,,,,,,,,,,,,,,,,0,1,0,1,0,0,0,0,0,0,0,0,1,0,0,0,0,1,0,1,0,0,0,0,5
F18_095,F18,pre,I consent.,1,3,1,5,5,1,19,White,1,0,New,Native,United States,NA,N,90 - 94.9,91,,3,,,,,,,,,,,,,,,,,,,,,,,,,,,,,0,0,0,1,1,0,0,0,1,1,0,1,1,1,1,1,0,1,1,1,0,1,0,0,13
F18_497,F18,pre,I consent.,1,3,2,3,4,2,19,Hispanic of any race,1,0,New,Undocumented Alien,Mexico,NA,Y,90 - 94.9,92,,,,,,,,,,,,,,,,,,,,,,,,,,,,,,,1,1,0,0,0,0,0,0,0,1,0,0,1,0,0,1,0,1,0,1,0,0,0,0,7
F18_532,F18,pre,I consent.,1,3,2,4,4,2,19,Asian,0,1,New,Native,United States,NA,Y,90 - 94.9,94,,4,,,,,,,,,,,,,,,,,,,,,,,,,,,,,0,1,1,1,0,0,0,1,0,0,0,1,1,0,0,0,0,1,0,1,0,0,0,0,8
F18_385,F18,pre,I consent.,3,3,2,5,5,0,19,Hispanic of any race,1,0,New,Native,United States,NA,Y,95 - 100,95,,2,,1190,,,,,,,,,,,,,,,,,,,,,,,,,,,1,1,0,1,1,0,0,0,1,1,1,1,1,1,1,1,0,1,0,0,0,0,0,0,13
F18_077,F18,pre,I consent.,2,3,1,5,5,0,19,Asian,1,1,New,Native,United States,NA,N,90 - 94.9,91,,8,,1600,,,,,,,,,,,,,,,,,,,,,,,,,,,1,1,0,1,1,0,0,0,0,1,0,0,1,0,0,0,0,1,1,0,1,1,0,0,10
F18_076,F18,pre,I consent.,1,3,1,4,4,3,19,Asian,0,1,Transfer,Native,United States,NA,Y,90 - 94.9,94,3.29,,,,,,,,,,,,,,,,,,,,,,,,,,,,,,1,0,0,0,0,0,0,1,1,1,1,1,1,1,1,1,0,0,1,1,0,0,1,1,14
F18_490,F18,pre,I consent.,1,3,2,5,4,2,19,Asian,1,1,New,Naturalized,Bangladesh,NA,N,85 - 89.9,88,,3,,,,,,,,,,,,,,,,,,,,,,,,,,,,,1,1,0,1,1,1,0,1,1,1,1,0,0,1,1,1,0,1,1,1,0,0,1,0,16
F18_335,F18,pre,I consent.,1,3,1,5,5,2,19,Asian,1,0,New,Alien Permanent,Japan,NA,N,85 - 89.9,89,,4,,1410,,,,,,,,,,,,,,,,,,,,,,,,,,,1,1,1,0,1,1,1,1,1,1,1,0,1,1,1,1,1,1,1,1,1,1,1,1,22
F18_387,F18,pre,I consent.,2,3,1,5,5,2,19,,0,0,New,Native,United States,NA,N,90 - 94.9,92,,4,,1180,600,580,550,8,1180,,,,,,,,,,,,,,,,,,,,,,1,0,1,0,0,1,0,1,1,1,0,0,1,1,1,1,0,1,0,1,0,0,0,0,12
F18_318,F18,pre,I consent.,1,4,1,4,4,2,19,Asian,0,1,New,Native,United States,NA,Y,95 - 100,95,,5,,,,,,,,,,,,,,,,,,,,,,,,,,,,,1,1,1,0,1,0,0,0,0,0,0,0,1,0,0,0,0,0,0,1,0,1,0,1,8
F18_143,F18,pre,I consent.,2,3,1,4,4,2,19,Black/African American,0,1,New,Alien Permanent,Gha,NA,Y,90 - 94.9,92,,3,,1250,,,,,,,,,,,,,,,,,,,,,,,,,,,1,0,0,0,1,0,0,1,1,1,0,0,0,0,0,1,0,0,1,0,0,0,0,0,7
F18_338,F18,pre,I consent.,2,3,2,4,4,0,19,Hispanic of any race,0,1,New,Native,United States,NA,Y,90 - 94.9,90,,2,,,,,,,,,,,,,,,,,,,,,,,,,,,,,0,1,0,0,0,0,0,1,1,1,0,0,0,0,1,1,0,1,0,1,0,0,0,0,8
F18_392,F18,pre,I consent.,1,3,1,4,5,2,19,Hispanic of any race,1,1,New,Native,United States,NA,Y,95 - 100,95,,3,,,,,,,,,,,,,,,,,,,,,,,,,,,,,1,1,1,0,1,0,0,1,1,1,1,1,1,1,1,1,0,1,1,1,1,1,1,1,20
F18_542,F18,pre,I consent.,1,3,1,5,5,2,19,Asian,1,0,New,Native,United States,NA,N,90 - 94.9,93,,5,,1570,770,800,800,10,1570,,,,,,,,,,,,,,,,,,,,,,1,1,0,1,1,0,0,1,1,1,0,1,1,0,0,1,0,1,1,1,1,1,0,1,16
F18_175,F18,pre,I consent.,2,3,1,4,4,1,19,White,0,0,New,Native,United States,NA,N,85 - 89.9,87,,2,,,,,,,,,,,,,,,,,,,,,,,,,,,,,0,0,0,0,0,0,0,0,0,1,0,0,0,1,1,1,1,0,0,1,1,0,0,0,7
F18_556,F18,pre,I consent.,1,4,2,4,3,1,19,Asian,0,1,New,Native,United States,NA,Y,85 - 89.9,88,,5,,1380,610,490,530,8,1100,,,,,,,,,,,,,,,,,,,,,,0,1,0,0,0,0,0,0,1,1,0,1,0,0,0,0,0,0,0,1,1,0,0,0,6
F18_443,F18,pre,I consent.,1,3,1,5,5,2,19,Asian,1,1,New,Native,United States,NA,Y,90 - 94.9,91,,7,,1480,750,730,670,10,1480,,,,,,,,,,,,,,,,,,,,,,1,1,1,0,1,0,0,1,1,1,0,1,1,1,0,1,1,1,1,0,1,0,1,1,17
F18_194,F18,pre,I consent.,2,3,2,3,2,0,20,Asian,0,1,New,Naturalized,Unknown,NA,Y,90 - 94.9,90,,8,,,,,,,,,,,,,,,,,,,,,,,,,,,,,0,0,0,0,0,0,0,1,0,1,0,0,0,0,0,0,0,0,0,0,1,0,0,0,3
F18_554,F18,pre,I consent.,1,3,1,5,5,2,19,Asian,1,0,New,Native,United States,NA,N,90 - 94.9,91,,7,,,,,,,,,,,,,,,,,,,,,,,,,,,,,1,0,1,0,1,0,1,1,1,1,1,1,0,1,1,1,1,1,1,0,1,0,1,1,18
F18_393,F18,pre,I consent.,1,3,1,5,5,0,19,,1,0,New,Native,United States,NA,Y,90 - 94.9,91,,,,1410,,,,,,,,,,,,,,,,,,,,,,,,,,,1,1,0,1,1,0,0,0,0,1,0,0,0,0,0,1,0,1,1,0,1,0,0,0,9
F18_170,F18,pre,I consent.,2,3,1,5,5,2,19,White,0,0,New,Naturalized,Unknown,NA,N,95 - 100,99,,,,1270,690,580,630,8,1270,,,,,,,,,,,,,,,,,,,,,,1,1,0,0,1,0,0,1,1,1,0,0,1,1,0,1,0,1,0,0,0,1,0,1,12
F18_266,F18,pre,I consent.,2,3,1,3,3,0,19,Asian,0,0,New,Native,United States,NA,Y,95 - 100,96,,,,,,,,,,,,,,,,,,,,,,,,,,,,,,,0,1,0,0,0,0,0,0,0,1,0,0,1,0,0,1,0,0,0,1,0,0,0,0,5
F18_264,F18,pre,I consent.,2,3,1,4,3,0,19,Asian,0,0,New,Native,United States,NA,Y,90 - 94.9,94,,,,,,,,,,,,,,,,,,,,,,,,,,,,,,,1,1,0,1,0,1,0,0,1,1,0,1,1,1,0,1,0,0,0,1,0,0,0,0,11
F18_127,F18,pre,I consent.,1,3,1,4,4,0,19,Asian,0,0,New,Native,United States,NA,N,90 - 94.9,91,,,,,,,,,,,,,,,,,,,,,,,,,,,,,,,1,0,1,1,0,1,0,1,0,0,0,1,1,1,1,1,0,0,0,1,0,0,0,1,12
F18_543,F18,pre,I consent.,2,2,1,4,3,0,19,Asian,0,1,New,Native,United States,NA,Y,90 - 94.9,93,,3,,,,,,,,,,,,,,,,,,,,,,,,,,,,,0,1,0,1,0,0,0,0,0,1,0,0,0,1,0,1,0,1,0,1,1,0,0,0,8
F18_052,F18,pre,I consent.,2,3,1,4,3,1,18,White,1,0,New,Native,United States,NA,N,95 - 100,97,,4,,1410,,,,,,,,,,,,,,,,,,,,,,,,,,,1,1,1,0,1,0,0,1,1,1,1,1,1,1,0,1,0,1,1,1,1,1,1,1,19
F18_277,F18,pre,I consent.,1,3,1,4,3,3,19,Asian,1,0,New,Native,United States,NA,N,90 - 94.9,94,,7,,1410,720,630,630,7,1350,,,,,,,,,,,,,,,,,,,,,,0,1,1,0,1,1,0,1,1,1,0,0,1,0,0,1,0,0,1,0,1,1,0,0,12
F18_061,F18,pre,I consent.,2,4,2,3,3,2,19,Asian,0,1,Other,Alien Permanent,Chi,NA,Y,95 - 100,99,,5,,,,,,,,,,,,,,,,,,,,,,,,,,,,,0,1,0,0,1,0,0,0,1,1,0,0,1,0,1,1,0,1,1,1,0,0,0,0,10
F18_461,F18,pre,I consent.,2,3,1,5,5,0,19,White,0,1,New,Native,United States,NA,N,95 - 100,99,,4,,1250,620,630,510,8,1250,,,,,,,,,,,,,,,,,,,,,,0,0,0,0,1,0,0,1,1,1,0,1,1,1,0,0,0,1,1,1,1,0,0,0,11
F18_079,F18,pre,I consent.,1,3,1,3,3,0,19,Asian,0,0,New,Native,United States,NA,N,90 - 94.9,92,,3,4,1190,,,,,,,,,,,,,,,,,,,,,,,,,,,1,0,0,0,0,1,0,0,0,1,0,0,1,0,1,1,1,1,0,1,0,0,0,0,9
F18_509,F18,pre,I consent.,2,3,1,2,2,0,21,Asian,1,1,New,Native,United States,NA,Y,90 - 94.9,92,,5,,,,,,,,,,,,,,,,,,,,,,,,,,,,,0,1,0,1,0,0,0,0,0,1,0,0,0,1,0,0,0,0,0,0,1,0,0,0,5
F18_227,F18,pre,I consent.,1,3,1,2,2,1,18,Asian,1,0,New,Native,United States,NA,Y,90 - 94.9,90,,4,,,,,,,,,,,,,,,,,,,,,,,,,,,,,0,1,1,1,0,0,0,0,1,0,1,1,0,0,1,1,1,0,0,1,0,0,0,1,11
F18_071,F18,pre,I consent.,3,2,1,4,4,0,18,Asian,1,0,New,Native,United States,NA,N,90 - 94.9,91,,4,,,,,,,,,,,,,,,,,,,,,,,,,,,,,1,0,0,1,0,0,0,0,1,1,0,1,1,1,1,1,0,1,1,1,0,0,1,0,13
F18_281,F18,pre,I consent.,1,3,2,3,2,2,19,Asian,1,1,New,Naturalized,Chi,"$15,000-29,999",,90 - 94.9,94,,5,,1120,640,480,470,6,1120,,,,,,,,,,,,,,,,,,,,,,1,1,0,0,1,0,0,1,1,1,0,1,1,1,1,1,0,1,1,1,1,0,1,1,17
F18_524,F18,pre,I consent.,1,3,1,5,5,3,19,White,1,0,New,Native,United States,NA,Y,90 - 94.9,91,,6,,,,,,,,,,,,,,,,,,,,,,,,,,,,,0,0,1,0,1,0,0,1,1,1,0,0,1,1,0,1,0,1,1,1,1,0,0,0,12
F18_526,F18,pre,I consent.,2,5,2,3,2,1,21,Asian,0,1,Transfer,Native,United States,"$15,000-29,999",,Unknown,,3.44,,,,,,,,,,,,,,,,,,,,,,,,,,,,,,1,0,1,0,1,0,1,1,1,1,0,1,0,1,1,1,0,1,1,0,1,1,0,0,15
F18_351,F18,pre,I consent.,2,3,1,4,4,0,18,Asian,0,0,New,Native,United States,NA,N,95 - 100,96,,5,,,,,,,,,,,,,,,,,,,,,,,,,,,,,1,0,1,0,0,0,0,1,0,1,0,1,0,0,1,0,0,0,0,1,0,1,1,0,9
F18_416,F18,pre,I consent.,2,4,1,5,5,0,20,White,0,1,Transfer,Native,United States,NA,N,80 - 84.9,84,3.96,,,,,,,,,,,,,,,,,,,,,,,,,,,,,,0,1,0,0,0,1,0,0,0,0,0,0,0,0,0,1,0,1,0,0,0,0,0,0,4
F18_495,F18,pre,I consent.,1,5,1,3,,3,21,White,0,1,Transfer,Native,United States,"$30,000-44,999",,Unknown,,3.66,,,,,,,,,,,,,,,,,,,,,,,,,,,,,,0,1,1,1,0,0,0,0,1,1,0,0,0,0,0,0,0,0,0,1,0,0,0,1,7
F18_181,F18,pre,I consent.,1,4,1,5,5,2,99,Black/African American,0,0,Transfer,Native,United States,NA,,NA,,3.16,5,,,,,,,,,,,,,,,,,,,,,,,,,,,,,1,0,1,1,1,0,1,0,0,1,0,0,0,0,0,1,0,0,0,0,0,0,0,1,8
F18_199,F18,pre,I consent.,2,4,1,5,5,0,24,White,1,0,Transfer,Native,United States,NA,,NA,,3.32,2,,,,,,,,,,,,,,,,,,,,,,,,,,,,,1,1,1,1,1,1,0,0,1,1,0,1,1,0,1,1,0,1,0,1,0,0,0,0,14
F18_016,F18,pre,I consent.,2,5,2,5,5,2,24,Asian,0,1,Other,Naturalized,Unknown,"$30,000-44,999",,Unknown,,3,,,,,,,,,,,,,,,,,,,,,,,,,,,,,,1,1,0,0,0,0,0,0,1,0,0,0,1,1,0,0,0,0,0,1,0,0,0,0,6
F18_539,F18,pre,I consent.,1,3,1,5,5,2,19,Asian,0,1,Transfer,Naturalized,Unknown,NA,Y,85 - 89.9,89,,,,1320,610,590,580,8,1200,,,,,,,,,,,,,,,,,,,,,,0,1,1,0,0,1,0,0,0,1,0,1,0,0,0,1,0,1,0,1,0,0,0,0,8
F18_463,F18,pre,I consent.,1,4,2,,2,2,21,Asian,1,0,Transfer,Alien Temporary,Chi,NA,,NA,,3.38,5,,,,,,,,,,,,,,,,,,,,,,,,,,,,,0,0,0,1,0,0,0,0,0,1,0,0,1,0,0,1,0,1,0,1,0,0,0,0,6
F18_460,F18,pre,I consent.,2,5,2,3,3,2,31,White,0,0,Transfer,Naturalized,Unknown,"$145,000-164,999",,Unknown,,3.7,3,,,,,,,,,,,,,,,,,,,,,,,,,,,,,1,1,0,0,1,0,0,0,1,1,1,0,0,1,1,1,0,1,1,0,0,0,0,0,11
F18_171,F18,pre,I consent.,2,4,1,5,5,1,20,White,0,1,Transfer,Native,United States,NA,Y,95 - 100,97,3.5,,,,,,,,,,,,,,,,,,,,,,,,,,,,,,1,1,1,1,1,0,0,1,1,1,0,0,1,1,1,1,0,0,0,1,1,0,0,0,14
F18_217,F18,pre,I consent.,2,3,1,,4,0,18,White,0,0,New,Native,United States,NA,N,95 - 100,95,,,,,,,,,,,,,,,,,,,,,,,,,,,,,,,0,0,0,1,1,0,0,1,1,0,0,1,0,0,1,1,0,1,1,1,1,1,0,0,12
F18_411,F18,pre,I consent.,1,4,2,4,4,2,23,,1,1,Transfer,Alien Permanent,Italy,NA,,NA,,4,,,,,,,,,,,,,,,,,,,,,,,,,,,,,,1,0,1,0,1,0,0,1,1,1,1,1,1,1,1,1,0,1,1,0,1,1,1,1,18
F18_120,F18,pre,I consent.,1,5,1,5,5,1,20,White,0,0,Transfer,Native,United States,"$125,000-144,999",,Unknown,,3.76,7,,,,,,,,,,,,,,,,,,,,,,,,,,,,,0,1,1,1,1,0,0,1,1,1,0,1,0,0,1,1,1,0,1,0,1,1,0,1,15
F18_226,F18,pre,I consent.,1,4,2,5,5,3,23,Asian,0,1,Transfer,Alien Permanent,Pakistan,"$30,000-44,999",,Unknown,,4,,,,,,,,,,,,,,,,,,,,,,,,,,,,,,1,0,0,0,1,1,1,1,1,1,1,0,0,0,1,1,1,1,1,1,0,1,0,0,15
F18_560,F18,pre,I consent.,1,2,2,2,2,1,18,Asian,0,1,New,Alien Permanent,Chi,NA,Y,95 - 100,95,,,3,,,,,,,,,,,,,,,,,,,,,,,,,,,,1,1,1,0,0,1,0,0,1,1,0,1,1,0,0,1,1,0,0,0,0,0,0,1,11
F18_032,F18,pre,I consent.,1,4,2,4,3,3,19,White,1,1,Transfer,Alien Permanent,Morocco,"$15,000-29,999",,Unknown,,3.78,,,,,,,,,,,,,,,,,,,,,,,,,,,,,,0,1,0,0,0,0,0,0,0,0,0,0,1,0,0,0,0,1,0,1,0,0,0,0,4
F18_553,F18,pre,I consent.,1,2,1,4,2,1,18,Asian,0,1,New,Native,United States,NA,Y,95 - 100,95.06,,8,,,,,,,,,,,,,,,,,,,,,,,,,,,,,1,0,1,1,1,0,1,1,1,1,1,1,1,1,0,1,1,0,1,0,1,1,0,0,17
F18_113,F18,pre,I consent.,1,2,1,4,4,0,18,White,1,0,New,Native,United States,NA,N,95 - 100,96,,3,,1320,,,,,,,,,,,,,,,,,,,,,,,,,,,1,1,0,1,1,0,0,0,1,1,0,0,0,0,1,1,0,0,0,1,1,0,0,0,10
F18_514,F18,pre,I consent.,1,2,2,4,4,0,17,Asian,0,1,New,Native,United States,NA,Y,95 - 100,97.4,,7,,,,,,,,,,,,,,,,,,,,,,,,,,,,,1,1,0,1,1,0,0,1,1,1,0,1,1,0,0,1,0,0,1,1,1,1,0,0,14
F18_489,F18,pre,I consent.,2,3,1,5,5,0,17,Asian,0,0,New,Native,United States,NA,N,95 - 100,99,,9,,1560,,,,,,,,,,,,,,,,,,,,,,,,,,,0,1,0,1,1,1,0,1,1,1,0,1,1,0,0,1,1,1,1,1,1,1,1,0,17
F18_300,F18,pre,I consent.,1,4,2,3,2,0,25,Asian,0,1,Transfer,Alien Permanent,Chi,"$0-14,999",,Unknown,,3.2,,,,,,,,,,,,,,,,,,,,,,,,,,,,,,0,1,0,0,0,0,0,0,0,0,0,0,1,1,0,0,0,1,0,1,0,0,0,0,5
F18_503,F18,pre,I consent.,1,2,1,4,4,1,18,Asian,0,0,New,Native,United States,NA,N,90 - 94.9,94,,5,,1480,,,,,,,,,,,,,,,,,,,,,,,,,,,1,1,0,0,1,0,1,1,1,1,1,0,1,0,1,1,0,1,1,1,1,0,1,0,16
F18_138,F18,pre,I consent.,3,2,2,4,4,0,18,Hispanic of any race,0,0,New,Native,United States,NA,Y,95 - 100,96,,3,,,,,,,,,,,,,,,,,,,,,,,,,,,,,0,1,1,0,0,1,0,1,1,0,0,0,0,0,1,0,0,1,0,0,1,0,0,1,9
F18_382,F18,pre,I consent.,1,3,2,5,5,1,18,White,1,0,New,Naturalized,Unknown,"$185,000+",,90 - 94.9,93,,5,,,,,,,,,,,,,,,,,,,,,,,,,,,,,1,0,0,1,1,1,0,0,1,0,0,0,1,0,0,1,0,0,1,1,1,0,0,0,10
F18_237,F18,pre,I consent.,1,3,3,2,3,0,17,Asian,1,0,New,Native,United States,NA,N,90 - 94.9,94,,5,,,,,,,,,,,,,,,,,,,,,,,,,,,,,1,1,1,1,1,1,0,0,0,0,0,1,1,1,0,0,0,1,1,0,1,1,0,0,13
F18_152,F18,pre,I consent.,1,4,1,5,5,0,20,Hispanic of any race,1,0,Transfer,Native,United States,"$145,000-164,999",,Unknown,,3.6,,,,,,,,,,,,,,,,,,,,,,,,,,,,,,0,1,0,0,0,0,0,1,0,1,0,0,1,1,0,0,0,1,0,0,0,0,0,0,6
F18_530,F18,pre,I consent.,1,4,1,4,3,0,25,American Indian/Alaska tive,1,1,Transfer,Native,United States,"$0-14,999",,80 - 84.9,83,3.3,,,,,,,,,,,,,,,,,,,,,,,,,,,,,,1,1,0,0,0,0,0,0,0,1,0,1,1,1,0,1,0,1,0,0,0,0,0,0,8
F18_410,F18,pre,I consent.,2,4,1,4,4,0,20,Hispanic of any race,0,0,Transfer,Native,United States,"$45,000-64,999",,Unknown,,3.72,3,,,,,,,,,,,,,,,,,,,,,,,,,,,,,0,1,0,1,0,0,0,0,0,1,0,0,0,0,0,0,0,1,0,1,0,0,0,0,5
F18_327,F18,pre,I consent.,1,4,1,5,5,2,20,White,0,0,Transfer,Native,United States,"$165,000-184,999",,Unknown,,3.3,,,,,,,,,,,,,,,,,,,,,,,,,,,,,,0,1,0,0,0,1,0,1,1,1,0,0,1,0,0,1,0,1,1,0,0,0,0,0,9
F18_190,F18,pre,I consent.,2,4,1,5,5,1,20,White,0,0,Transfer,Native,United States,"$15,000-29,999",,Unknown,,3.98,,,,,,,,,,,,,,,,,,,,,,,,,,,,,,1,1,0,0,1,0,0,1,1,1,0,0,1,0,1,1,0,1,1,1,1,0,1,0,14
F18_007,F18,pre,I consent.,1,3,1,5,5,2,18,Black/African American,0,1,Transfer,Native,United States,NA,N,80 - 84.9,82,3.17,2,,,,,,,,,,,,,,,,,,,,,,,,,,,,,0,1,0,1,0,0,0,0,0,1,0,0,0,1,0,1,0,1,0,0,0,0,0,0,6
F18_253,F18,pre,I consent.,1,3,1,4,4,2,30,,0,1,Transfer,Native,United States,"$65,000-84,999",,Unknown,,3.67,,,,,,,,,,,,,,,,,,,,,,,,,,,,,,0,0,0,0,0,0,0,0,1,1,0,1,0,1,0,1,0,1,0,0,0,0,0,0,6
F18_446,F18,pre,I consent.,1,4,1,4,4,0,22,White,0,0,Transfer,Native,United States,"105,000-124,999",,Unknown,,3,2,,,,,,,,,,,,,,,,,,,,,,,,,,,,,1,1,1,1,0,0,0,1,1,1,0,0,1,0,1,1,0,0,0,1,1,0,0,0,12
F18_263,F18,pre,I consent.,1,4,1,5,5,0,24,White,1,1,Transfer,Native,United States,"105,000-124,999",,Unknown,,1.66,,,,,,,,,,,,,,,,,,,,,,,,,,,,,,0,0,0,1,0,0,0,0,0,0,0,0,0,0,0,1,0,0,0,0,0,0,0,0,2
F18_374,F18,pre,I consent.,1,3,3,4,4,2,19,Asian,0,0,Transfer,Alien Temporary,India,NA,N,NA,,3.84,,,,,,,,,,,,,,,,,,,,,,,,,,,,,,0,1,1,1,1,0,0,0,0,0,0,0,0,0,0,0,0,1,0,1,0,0,0,0,6
F18_364,F18,pre,I consent.,1,3,1,5,5,2,19,Hispanic of any race,1,1,Transfer,Native,United States,NA,Y,NA,,3.63,,,,,,,,,,,,,,,,,,,,,,,,,,,,,,1,1,0,0,0,0,0,0,1,1,1,1,0,1,1,1,0,1,0,0,1,1,0,0,12
F18_354,F18,pre,I consent.,1,3,1,3,3,1,19,White,0,0,Transfer,Native,United States,"$185,000+",,Unknown,,3,,,1020,,,,,,,,,,,,,,,,,,,,,,,,,,,0,1,1,0,0,0,0,1,0,1,0,0,1,0,0,0,1,0,0,0,1,0,1,0,8
F18_188,F18,pre,I consent.,1,3,1,4,4,0,19,Hispanic of any race,0,0,Transfer,Native,United States,"$85,000-104,999",,90 - 94.9,90,3.27,,,,,,,,,,,,,,,,,,,,,,,,,,,,,,0,0,1,1,0,0,0,0,0,0,0,1,1,0,0,0,0,0,0,1,0,0,0,0,5
F18_163,F18,pre,I consent.,1,3,1,4,4,1,21,Hispanic of any race,0,0,Transfer,Native,United States,"$45,000-64,999",,85 - 89.9,85.3,3.7,,,,,,,,,,,,,,,,,,,,,,,,,,,,,,1,1,1,1,1,0,0,1,0,1,0,0,1,0,0,1,0,1,0,1,0,1,0,0,12
F18_367,F18,pre,I consent.,1,4,3,4,4,2,19,Black/African American,1,1,Transfer,Alien Permanent,Gha,NA,Y,NA,,,5,,1240,740,500,570,6,1240,,,,,,,,,,,,,,,,,,,,,,0,1,1,0,0,1,0,0,0,1,0,1,1,0,0,1,0,0,0,1,0,0,0,0,8
F18_426,F18,pre,I consent.,1,4,1,5,5,0,18,Hispanic of any race,0,1,Other,Native,United States,"$0-14,999",,Unknown,,3.3,,,,,,,,,,,,,,,,,,,,,,,,,,,,,,0,1,0,0,0,0,0,0,1,1,0,0,1,0,1,1,0,1,0,1,0,0,0,0,8
F18_505,F18,pre,I consent.,2,3,2,3,2,1,18,Asian,1,1,New,Native,United States,NA,Y,95 - 100,97,,,,1320,,,,,,,,,,,,,,,,,,,,,,,,,,,1,1,0,1,1,1,1,1,1,1,0,0,1,0,1,1,0,1,1,1,1,1,0,0,17
F18_359,F18,pre,I consent.,1,3,1,4,3,0,20,White,0,0,Transfer,Native,United States,"$185,000+",,Unknown,,3.2,3,,1060,540,520,530,10,1060,,,,,,,,,,,,,,,,,,,,,,0,1,1,1,1,0,0,1,1,1,1,0,1,1,0,1,1,1,1,1,0,0,0,1,16
F19_017,F19,pre,I consent.,1,5,1,5,5,2,26,White,1,1,New,Native,United States,"$85,000-104,999",,85 - 89.9,85,,4,,1270,610,660,550,,1270,,,,,,,,,,,,,,,,,,,,,,1,1,1,1,1,0,1,1,1,1,0,1,0,0,0,1,0,1,1,0,1,0,1,1,16
F19_268,F19,pre,I consent.,1,4,2,5,5,2,23,Hispanic of any race,0,0,Transfer,Native,United States,"$85,000-104,999",,Unknown,,3.74,,,1350,,,,,,,,,,,,,,,,,,,,,,,,,,,1,1,0,1,0,0,0,0,0,1,0,1,1,0,0,1,0,1,0,0,1,0,0,1,10
F19_183,F19,pre,I consent.,1,5,2,3,3,3,23,Hispanic of any race,0,0,Transfer,Undocumented Alien,El Salvador,"$15,000-29,999",,95 - 100,99,3.93,,,1250,,,,,,,,,,,,,,,,,,,,,,,,,,,1,1,0,1,1,1,0,1,1,1,0,0,0,1,1,1,0,1,1,1,1,0,0,1,16
F19_440,F19,pre,I consent.,2,4,1,4,5,2,21,Hispanic of any race,1,0,Transfer,Native,United States,NA,,90 - 94.9,94,3.3,,,1130,580,550,490,6,1130,,,,,,,,,,,,,,,,,,,,,,1,1,1,1,1,0,0,1,1,1,0,0,0,0,0,1,0,1,1,1,1,1,0,1,15
F19_122,F19,pre,I consent.,1,5,1,4,4,2,22,White,1,0,Transfer,Native,United States,"$125,000-144,999",,Unknown,,2.8,,,1050,530,520,490,7,1050,,,,,,,,,,,,,,,,,,,,,,0,1,0,0,0,0,0,1,1,1,0,1,0,1,0,1,0,0,0,1,1,1,1,0,11
F19_457,F19,pre,I consent.,1,4,1,4,4,2,20,Hispanic of any race,1,0,Transfer,Native,United States,"$185,000+",N,Unknown,,3.6,,,,,,,,,,,,,,,,,,,,,,,,,,,,,,1,1,0,1,0,1,0,1,1,1,0,0,1,1,0,1,0,1,0,1,1,0,0,1,14
F19_024,F19,pre,I consent.,2,5,1,4,3,0,21,Black/African American,0,1,Transfer,Native,United States,"$15,000-29,999",,Unknown,,3.34,,,790,410,380,450,9,790,,,,,,,,,,,,,,,,,,,,,,0,0,0,0,1,0,0,1,0,0,0,1,1,1,1,0,0,1,0,1,0,0,0,0,8
F19_035,F19,pre,I consent.,2,4,2,3,2,0,24,Asian,1,0,New,Alien Temporary,Hong Kong,NA,N,85 - 89.9,85,,,,1160,,,,,,,,,,,,,,,,,,,,,,,,,,,0,0,0,1,0,0,0,1,1,0,0,0,0,1,0,0,0,0,0,0,1,1,0,0,6
Sp18_544,F19,pre,I consent.,1,5,1,5,5,3,22,White,1,0,New,Native,United States,NA,N,90 - 94.9,92,,4,,1240,660,560,520,,1220,,,,,,,,,,,,,,,,,,,,,,1,0,1,1,1,0,1,1,1,1,0,0,1,1,1,0,0,1,1,1,1,1,1,1,18
F19_007,F19,pre,I consent.,2,4,1,5,5,0,21,Hispanic of any race,1,0,Transfer,Native,United States,NA,N,NA,,3,,,1240,690,550,590,7,1240,,,,,,,,,,,,,,,,,,,,,,1,1,1,1,0,0,0,1,0,0,0,1,0,1,0,1,0,1,0,1,1,0,0,0,11
F19_301,F19,pre,I consent.,1,5,1,5,5,3,22,White,1,0,New,Native,United States,NA,N,90 - 94.9,90,,4,,1480,720,760,650,9,1480,,,,,,,,,,,,,,,,,,,,,,1,1,1,1,1,0,1,1,1,1,1,0,1,1,1,1,1,1,1,1,1,0,1,1,21
F19_264,F19,pre,I consent.,1,5,2,2,2,3,23,Asian,1,1,Transfer,Alien Permanent,Bangladesh,NA,N,NA,,3.7,,,,,,,,,,,,,,,,,,,,,,,,,,,,,,1,0,0,1,1,1,1,0,0,1,0,0,1,0,0,1,0,0,1,1,0,0,0,0,10
F19_067,F19,pre,I consent.,2,5,1,3,3,2,21,Black/African American,1,0,Transfer,Alien Temporary,Nigeria,NA,N,80 - 84.9,80,2.82,,,,,,,,,,,,,,,,,,,,,,,,,,,,,,0,0,0,1,0,0,0,0,0,1,0,0,1,0,0,0,0,0,0,0,1,0,0,0,4
F19_137,F19,pre,I consent.,1,4,1,5,4,2,18,Asian,0,1,New,Native,United States,NA,Y,95 - 100,99,,,,,,,,,,,,,,,,,,,,,,,,,,,,,,,1,1,1,1,0,0,0,0,0,0,0,0,0,0,0,0,0,0,0,1,0,1,0,0,6
F19_162,F19,pre,I consent.,1,4,2,5,5,2,19,White,0,0,New,Native,United States,NA,N,95 - 100,96,,9,,1520,,,,,,,,,,,,,,,,,,,,,,,,,,,1,1,1,0,1,0,1,1,1,1,0,0,1,1,1,1,0,1,1,1,1,1,0,1,18
F19_443,F19,pre,I consent.,2,3,1,5,5,0,19,Asian,1,0,New,Alien Temporary,India,NA,N,95 - 100,96,,,,,,,,,,,,,,,,,,,,,,,,,,,,,,,1,0,1,1,1,0,1,1,1,1,1,1,1,1,1,0,1,1,1,1,0,1,1,0,19
F19_336,F19,pre,I consent.,2,5,2,4,4,3,20,Hispanic of any race,1,0,New,Native,United States,NA,Y,95 - 100,99,,8,,,,,,,,,,,,,,,,,,,,,,,,,,,,,1,1,1,1,0,0,0,1,1,1,1,0,1,0,1,1,0,1,1,1,1,0,0,1,16
F19_339,F19,pre,I consent.,1,3,2,3,2,0,19,Hispanic of any race,1,1,Transfer,Native,United States,NA,N,95 - 100,96.44,3.1,,,,,,,,,,,,,,,,,,,,,,,,,,,,,,0,0,0,1,0,0,0,0,0,0,0,0,1,0,0,0,0,1,0,0,0,0,0,0,3
F19_204,F19,pre,I consent.,1,4,1,5,5,2,19,Asian,1,0,New,Naturalized,Unknown,NA,N,95 - 100,99,,9,,,,,,,,,,,,,,,,,,,,,,,,,,,,,1,0,0,0,1,0,0,1,1,1,1,1,1,1,1,1,1,0,1,1,1,1,1,0,17
F19_197,F19,pre,I consent.,1,5,1,5,5,3,19,Hispanic of any race,0,0,Transfer,Native,United States,NA,N,95 - 100,99,,7,,1320,650,670,670,10,1320,,,,,,,,,,,,,,,,,,,,,,1,1,1,0,1,0,0,1,1,1,0,1,0,1,1,1,0,1,1,1,0,0,0,0,14
F19_148,F19,pre,I consent.,1,3,1,3,4,2,20,Hispanic of any race,0,0,Transfer,Native,United States,"$65,000-84,999",,Unknown,,3.7,,,,,,,,,,,,,,,,,,,,,,,,,,,,,,1,0,0,1,1,0,0,1,1,1,0,0,1,1,0,1,0,1,0,1,0,0,0,0,11
F19_267,F19,pre,I consent.,2,4,1,5,4,0,21,White,1,0,New,Native,United States,NA,N,80 - 84.9,84,,3,,1130,640,490,500,8,1130,,,,,,,,,,,,,,,,,,,,,,1,1,0,1,1,0,0,0,0,0,0,0,1,1,0,0,0,0,0,1,0,0,0,0,7
F19_143,F19,pre,I consent.,2,5,1,5,5,0,21,White,0,0,New,Native,United States,NA,N,90 - 94.9,94,,4,,1250,,,,,,,,,,,,,,,,,,,,,,,,,,,1,0,0,0,0,0,0,0,0,0,0,0,1,0,0,1,0,1,0,1,0,0,0,0,5
F19_292,F19,pre,I consent.,1,5,1,3,4,3,21,White,1,1,New,Native,United States,NA,N,90 - 94.9,94,,,,1410,,,,,,,,,,,,,,,,,,,,,,,,,,,1,1,1,1,1,1,0,1,1,1,1,1,0,1,0,1,0,1,1,1,1,1,1,1,20
F19_407,F19,pre,I consent.,2,5,1,5,5,0,20,White,0,0,New,Native,United States,NA,N,90 - 94.9,93,,2,,940,480,460,540,7,940,,,,,,,,,,,,,,,,,,,,,,1,0,1,1,1,0,0,1,1,1,0,0,1,1,1,1,0,0,1,0,0,0,0,0,12
F19_089,F19,pre,I consent.,1,5,2,3,3,3,21,Asian,0,1,New,Alien Permanent,Chi,NA,N,95 - 100,99,,,,1320,800,520,520,6,1320,,,,,,,,,,,,,,,,,,,,,,0,0,1,1,1,1,0,1,1,1,1,0,0,0,0,0,0,1,0,0,1,1,1,0,12
F19_112,F19,pre,I consent.,2,5,2,3,4,0,21,Asian,0,0,New,Native,United States,NA,N,90 - 94.9,92,,5,,1380,,,,,,,,,,,,,,,,,,,,,,,,,,,1,1,1,1,1,0,1,1,1,1,0,1,1,1,0,1,0,1,1,0,1,0,0,0,16
F19_381,F19,pre,I consent.,1,5,1,3,3,3,21,Asian,1,0,New,Native,United States,NA,Y,85 - 89.9,89,,6,,1310,720,590,620,,1310,,,,,,,,,,,,,,,,,,,,,,1,0,0,1,0,0,0,1,1,1,0,0,1,0,0,1,0,0,0,0,0,0,0,0,7
F19_074,F19,pre,I consent.,1,5,1,2,1,3,21,Asian,1,0,New,Native,United States,"$45,000-64,999",,90 - 94.9,90,,9,,1320,750,570,500,9,1320,,,,,,,,,,,,,,,,,,,,,,0,1,0,0,0,0,0,0,0,0,0,1,1,0,0,1,0,1,0,1,0,0,0,0,6
F19_172,F19,pre,I consent.,2,5,1,3,3,0,21,White,0,0,New,Native,United States,NA,Y,90 - 94.9,94,,3,,1220,,,,,,,,,,,,,,,,,,,,,,,,,,,0,0,1,1,0,0,0,1,0,0,0,0,0,0,0,0,0,0,0,0,0,0,0,1,4
F19_279,F19,pre,I consent.,1,5,1,3,3,3,21,Asian,1,1,Transfer,Native,United States,"$15,000-29,999",,85 - 89.9,86,3.07,,,1140,670,470,460,4,1140,,,,,,,,,,,,,,,,,,,,,,0,0,0,1,0,0,0,0,0,1,0,0,0,0,0,1,0,0,0,1,1,0,0,1,6
F19_302,F19,pre,I consent.,2,5,1,5,4,0,21,White,1,0,New,Native,United States,NA,Y,95 - 100,95,,7,,1520,700,800,710,8,1500,,,,,,,,,,,,,,,,,,,,,,0,1,0,0,1,0,0,0,1,1,0,1,1,1,1,1,1,0,1,0,1,1,0,1,14
F19_402,F19,pre,I consent.,2,4,1,3,3,0,20,Asian,1,0,Transfer,Native,United States,NA,N,NA,,2.79,,,1170,630,540,540,8,1170,,,,,,,,,,,,,,,,,,,,,,0,0,1,0,0,1,0,0,1,0,0,1,0,1,0,0,0,0,0,1,1,0,1,0,8
F19_149,F19,pre,I consent.,1,5,1,5,5,3,21,White,0,1,New,Native,United States,NA,Y,95 - 100,99,,,,1380,690,620,650,10,1310,,,,,,,,,,,,,,,,,,,,,,1,0,0,0,1,0,0,0,1,1,0,0,1,0,0,1,0,0,0,0,0,0,0,0,6
F19_113,F19,pre,I consent.,1,4,1,5,5,2,22,Asian,1,0,Transfer,Native,United States,NA,N,NA,,3.11,4,,1340,710,630,560,8,1340,,,,,,,,,,,,,,,,,,,,,,0,1,0,1,1,0,0,1,1,1,1,0,0,0,1,1,0,1,1,1,1,0,1,1,15
F19_451,F19,pre,I consent.,3,5,1,4,4,0,21,White,0,0,New,Native,United States,NA,N,95 - 100,99,,,,1510,800,710,670,8,1510,,,,,,,,,,,,,,,,,,,,,,1,1,1,1,1,1,1,1,1,1,1,1,1,1,0,1,0,1,1,1,1,1,0,1,21
F19_055,F19,pre,I consent.,2,5,2,5,5,2,20,Hispanic of any race,1,0,New,Undocumented Alien,Peru,NA,Y,95 - 100,96,,7,,1340,750,590,680,11,1340,,,,,,,,,,,,,,,,,,,,,,1,1,1,0,1,1,0,1,1,1,1,1,1,1,0,1,0,1,1,1,1,1,0,1,19
F19_136,F19,pre,I consent.,2,5,2,3,3,0,22,Asian,0,0,Transfer,Native,United States,NA,N,95 - 100,95,3.4,3,,970,510,460,470,8,970,,,,,,,,,,,,,,,,,,,,,,0,0,0,1,1,0,1,1,1,1,0,1,0,1,1,1,0,0,0,1,0,0,0,0,11
F19_391,F19,pre,I consent.,2,5,1,5,5,2,21,Hispanic of any race,1,1,New,Native,United States,NA,Y,90 - 94.9,91,3.7,2.5,,910,450,460,500,7,910,,,,,,,,,,,,,,,,,,,,,,0,0,1,0,1,0,0,0,1,0,0,1,0,0,0,0,1,0,1,1,0,1,0,0,8
F19_191,F19,pre,I consent.,1,5,2,3,2,3,20,Asian,0,1,New,Native,United States,NA,Y,90 - 94.9,92,,7,,1350,670,630,620,8,1300,,,,,,,,,,,,,,,,,,,,,,1,0,1,1,0,0,0,1,1,1,0,0,0,0,0,1,1,0,0,0,1,0,0,0,9
F19_210,F19,pre,I consent.,1,5,1,4,5,3,20,White,0,0,New,Native,United States,NA,N,90 - 94.9,92,,3,,1070,540,530,570,9,1070,,,,,,,,,,,,,,,,,,,,,,1,1,0,1,0,1,0,0,0,1,0,1,0,0,0,1,0,1,0,0,0,0,0,0,8
F18_491,F19,pre,I consent.,1,5,1,5,5,3,21,Asian,1,1,New,Native,United States,"$30,000-44,999",,90 - 94.9,94,,4,,1290,690,600,520,7,1290,,,,,,,,,,,,,,,,,,,,,,1,1,1,1,1,0,0,1,1,1,1,1,1,1,1,1,1,1,1,1,1,1,1,1,22
F19_037,F19,pre,I consent.,2,5,2,4,4,3,20,Asian,0,1,Other,Native,United States,NA,Y,90 - 94.9,94,,5,,1280,620,660,600,8,1280,,,,,,,,,,,,,,,,,,,,,,1,0,0,0,0,0,0,0,0,1,0,1,1,0,1,1,0,0,0,1,0,1,0,0,8
F19_225,F19,pre,I consent.,2,5,1,3,4,0,21,Asian,1,0,New,Native,United States,NA,Y,90 - 94.9,92,,,,1410,,,,,,,,,,,,,,,,,,,,,,,,,,,0,0,0,0,0,0,0,0,0,1,0,1,1,1,0,0,0,1,0,1,0,0,0,0,6
F19_124,F19,pre,I consent.,1,5,1,4,4,3,21,Black/African American,0,1,New,Native,United States,NA,Y,85 - 89.9,88,,3,,1320,610,600,600,10,1210,,,,,,,,,,,,,,,,,,,,,,1,0,0,0,1,0,0,0,1,1,0,0,1,0,1,1,0,1,1,1,1,0,0,0,11
F19_121,F19,pre,I consent.,1,4,1,5,5,0,20,Hispanic of any race,1,0,Transfer,Native,United States,"$0-14,999",,80 - 84.9,82,2.84,,,1000,510,490,500,9,1000,,,,,,,,,,,,,,,,,,,,,,0,0,0,0,0,0,0,0,0,1,0,0,0,1,0,0,1,1,0,0,0,0,0,0,4
F19_130,F19,pre,I consent.,2,5,1,5,5,2,21,Black/African American,1,1,New,Native,United States,NA,Y,85 - 89.9,89,,3,,990,500,490,520,10,990,,,,,,,,,,,,,,,,,,,,,,1,1,0,1,1,0,0,1,0,1,0,0,1,0,1,1,0,1,1,1,0,0,0,0,12
F19_095,F19,pre,I consent.,1,5,2,5,5,3,21,Asian,1,1,New,Alien Permanent,"Korea, Republic of",NA,Y,90 - 94.9,90,,,,1500,800,700,690,8,1500,,,,,,,,,,,,,,,,,,,,,,1,1,1,1,1,1,1,1,1,1,0,1,1,1,1,1,0,1,1,1,1,1,1,1,22
F19_086,F19,pre,I consent.,2,5,1,4,4,2,20,Black/African American,0,1,New,Native,United States,NA,Y,95 - 100,97,,,,1250,660,590,600,8,1250,,,,,,,,,,,,,,,,,,,,,,1,1,0,1,1,0,1,0,1,1,1,1,1,0,0,1,0,1,1,1,0,0,0,0,14
F19_138,F19,pre,I consent.,1,4,2,5,5,3,21,Asian,1,1,Transfer,Native,United States,"$30,000-44,999",Y,Unknown,,2.86,,,1270,650,620,660,11,1270,,,,,,,,,,,,,,,,,,,,,,0,1,1,1,0,0,0,0,0,1,0,0,0,0,0,0,0,0,0,1,1,1,1,0,8
F19_226,F19,pre,I consent.,1,4,1,5,5,3,19,Asian,0,0,New,Native,United States,NA,N,90 - 94.9,93,,,,,,,,,,,,,,,,,,,,,,,,,,,,,,,0,0,1,1,0,0,0,0,1,1,0,0,1,1,0,0,0,1,0,1,0,0,0,0,8
F19_244,F19,pre,I consent.,2,5,1,5,5,0,22,White,1,0,Transfer,Native,United States,NA,,95 - 100,99,2.79,,,,,,,,,,,,,,,,,,,,,,,,,,,,,,0,0,0,1,0,0,0,0,0,0,0,0,1,1,0,1,0,1,0,0,0,0,0,0,5
F19_452,F19,pre,I consent.,2,4,1,5,5,2,19,White,0,1,New,Native,United States,NA,Y,95 - 100,99,,4,,1300,670,630,530,8,1300,,,,,,,,,,,,,,,,,,,,,,0,0,1,0,1,1,1,1,1,1,0,1,1,1,1,1,0,0,1,0,1,0,0,1,15
F19_304,F19,pre,I consent.,2,4,1,4,5,0,19,Black/African American,1,0,New,Native,United States,NA,N,85 - 89.9,87,,3,,1210,610,600,640,10,1210,,,,,,,,,,,,,,,,,,,,,,1,0,0,0,1,1,0,0,0,0,0,0,0,0,0,1,0,0,1,1,0,0,0,1,7
F19_008,F19,pre,I consent.,1,5,1,5,4,3,19,White,1,0,New,Native,United States,NA,N,90 - 94.9,94,,5,,1320,,,,,,,,,,,,,,,,,,,,,,,,,,,0,0,1,0,1,0,0,1,0,0,1,1,1,1,0,1,1,0,1,1,0,0,0,1,12
F19_372,F19,pre,I consent.,1,4,2,3,3,3,20,Asian,0,1,Other,Native,United States,"$15,000-29,999",,95 - 100,99,,,3,,,,,,,,,,,,,,,,,,,,,,,,,,,,1,1,0,1,1,1,0,1,1,1,0,1,1,1,1,1,0,0,1,0,0,0,0,0,14
F19_097,F19,pre,I consent.,2,4,1,5,5,0,22,White,0,0,Transfer,Native,United States,NA,,NA,,3.3,,,,,,,,,,,,,,,,,,,,,,,,,,,,,,1,0,0,1,0,0,0,1,1,0,0,1,0,1,0,1,0,0,0,0,0,0,0,0,7
F19_432,F19,pre,I consent.,1,5,1,5,5,3,20,White,1,0,New,Native,United States,NA,N,95 - 100,99,,9,,1440,690,640,620,9,1330,,,,,,,,,,,,,,,,,,,,,,1,1,1,0,1,1,0,1,1,1,1,1,0,0,0,1,1,1,1,1,1,1,1,1,19
F19_227,F19,pre,I consent.,2,4,1,4,4,0,20,Asian,1,0,New,Native,United States,NA,N,85 - 89.9,88,,4,,,,,,,,,,,,,,,,,,,,,,,,,,,,,0,1,0,0,0,0,0,0,0,1,0,1,0,1,0,1,0,0,0,0,0,1,0,1,7
F19_069,F19,pre,I consent.,1,5,1,5,5,0,20,White,0,0,New,Native,United States,NA,Y,95 - 100,96,,4,,1350,570,620,560,10,1190,,,,,,,,,,,,,,,,,,,,,,0,1,0,0,1,0,0,0,0,1,1,1,0,1,0,1,0,1,1,1,1,0,0,0,11
F19_131,F19,pre,I consent.,2,4,2,3,3,3,19,Hispanic of any race,0,1,New,Native,United States,"$15,000-29,999",,85 - 89.9,89,,5,3,,,,,,,,,,,,,,,,,,,,,,,,,,,,0,0,1,1,0,0,0,0,0,1,0,0,1,1,0,1,0,1,0,0,0,0,0,0,7
F19_166,F19,pre,I consent.,1,4,1,5,5,3,20,Black/African American,0,1,New,Native,United States,NA,Y,90 - 94.9,94,,2,,1220,,,,,,,,,,,,,,,,,,,,,,,,,,,1,0,1,0,0,0,0,1,1,1,0,0,1,1,0,1,0,1,0,1,0,0,0,0,10
F19_425,F19,pre,I consent.,1,4,1,4,4,2,20,White,0,0,Transfer,Native,United States,NA,N,NA,,3.8,,,,,,,,,,,,,,,,,,,,,,,,,,,,,,1,1,0,0,0,1,0,0,0,0,0,0,1,0,0,1,0,0,0,0,0,0,0,0,5
F19_354,F19,pre,I consent.,2,4,1,3,3,0,20,Asian,1,1,New,Native,United States,"$30,000-44,999",,95 - 100,95,,7,,1390,780,610,750,8,1390,,,,,,,,,,,,,,,,,,,,,,0,1,0,1,0,0,1,0,1,1,0,1,0,0,1,1,0,1,0,1,0,0,0,0,10
F19_230,F19,pre,I consent.,1,4,1,3,2,3,20,Asian,0,1,New,Native,United States,NA,Y,90 - 94.9,94,,4,3,1240,680,560,470,8,1240,,,,,,,,,,,,,,,,,,,,,,1,1,1,1,1,0,1,1,1,0,0,0,1,1,0,1,0,0,1,1,0,0,0,0,13
F19_331,F19,pre,I consent.,1,4,1,3,3,3,19,,0,1,New,Native,United States,NA,N,95 - 100,98,,4,,,,,,,,,,,,,,,,,,,,,,,,,,,,,1,0,0,1,1,0,0,1,1,1,1,0,1,1,0,1,0,1,1,1,1,1,1,0,16
F19_345,F19,pre,I consent.,1,3,2,3,3,0,19,Asian,1,1,Transfer,Alien Permanent,Chi,"$15,000-29,999",,Unknown,,2.98,,,,,,,,,,,,,,,,,,,,,,,,,,,,,,0,0,0,0,0,0,0,0,0,0,0,0,1,0,0,0,0,0,0,0,1,0,0,0,2
F19_453,F19,pre,I consent.,1,5,1,5,4,3,20,Black/African American,1,0,New,Native,United States,NA,N,90 - 94.9,92,3.41,5,,1220,,,,,,,,,,,,,,,,,,,,,,,,,,,0,1,1,0,0,1,0,1,1,1,0,1,1,1,0,1,0,0,0,1,0,0,0,0,11
F19_278,F19,pre,I consent.,1,4,1,4,3,2,20,White,1,0,New,Native,United States,NA,N,90 - 94.9,90,,4,,1250,,,,,,,,,,,,,,,,,,,,,,,,,,,0,1,0,0,0,0,0,1,0,1,0,0,0,0,0,1,0,0,0,1,0,0,0,0,5
F19_214,F19,pre,I consent.,3,5,1,3,2,0,20,Asian,1,1,New,Alien Permanent,"Taiwan, Province of Chi",NA,Y,95 - 100,96,,4,,,,,,,,,,,,,,,,,,,,,,,,,,,,,0,0,1,1,0,0,0,0,0,1,0,1,1,0,1,0,0,1,1,1,0,0,0,0,9
F19_367,F19,pre,I consent.,1,4,2,5,5,3,20,Asian,1,1,New,Native,United States,NA,Y,90 - 94.9,92,,,,,,,,,,,,,,,,,,,,,,,,,,,,,,,0,0,1,0,0,0,0,0,1,1,1,0,0,1,1,1,0,0,1,1,1,1,1,1,13
F19_126,F19,pre,I consent.,3,3,1,5,4,0,20,Hispanic of any race,1,1,Other,Native,United States,NA,Y,85 - 89.9,86,,4,,,,,,,,,,,,,,,,,,,,,,,,,,,,,0,0,0,1,0,0,0,0,1,0,1,0,1,0,0,1,0,0,0,0,0,0,0,0,5
F19_108,F19,pre,I consent.,1,5,1,5,5,3,20,White,0,0,New,Native,United States,NA,N,95 - 100,97,,,,,,,,,,,,,,,,,,,,,,,,,,,,,,,1,0,0,0,1,0,0,1,0,1,0,0,1,0,0,1,0,0,0,0,1,0,0,0,7
F19_099,F19,pre,I consent.,2,4,1,4,3,2,20,Asian,0,0,New,Native,United States,NA,N,95 - 100,99,,4,,,,,,,,,,,,,,,,,,,,,,,,,,,,,1,1,0,0,1,0,1,1,1,1,1,1,1,1,1,1,0,1,1,1,1,0,0,0,17
F19_393,F19,pre,I consent.,2,4,1,4,4,2,19,White,1,0,Transfer,Native,United States,"$185,000+",N,Unknown,,3.59,,4,1350,,,,,,,,,,,,,,,,,,,,,,,,,,,0,1,1,1,1,0,0,1,1,1,1,1,1,1,1,1,1,1,0,1,0,0,0,1,17
F19_447,F19,pre,I consent.,1,4,1,5,5,3,20,White,0,0,Transfer,Native,United States,NA,N,95 - 100,96,,5,,1420,650,770,760,9,1420,,,,,,,,,,,,,,,,,,,,,,1,1,1,0,1,0,0,1,1,1,1,0,1,1,1,1,0,0,1,1,1,0,1,1,17
F19_027,F19,pre,I consent.,1,4,1,5,4,3,20,Black/African American,0,1,New,Naturalized,Jamaica,NA,Y,95 - 100,99,,3,,,,,,,,,,,,,,,,,,,,,,,,,,,,,0,0,1,0,0,0,0,1,0,1,0,0,1,0,1,1,0,1,0,1,0,0,0,0,8
F19_032,F19,pre,I consent.,1,4,1,3,3,2,19,White,1,1,New,Native,United States,NA,,90 - 94.9,94,,2.5,,1150,,,,,,,,,,,,,,,,,,,,,,,,,,,1,1,0,0,1,1,0,1,1,1,1,1,1,1,0,1,0,0,1,1,0,1,0,1,16
F19_082,F19,pre,I consent.,2,4,1,5,4,2,19,Asian,0,1,New,Native,United States,NA,Y,90 - 94.9,94,,,,,,,,,,,,,,,,,,,,,,,,,,,,,,,1,1,0,1,1,0,1,1,1,1,1,0,1,0,0,1,0,1,1,1,0,0,1,0,15
F19_455,F19,pre,I consent.,2,4,1,4,4,3,19,Hispanic of any race,1,0,New,Native,United States,NA,N,95 - 100,99,,5,,,,,,,,,,,,,,,,,,,,,,,,,,,,,1,1,1,0,1,0,1,1,1,1,1,1,1,1,1,1,0,1,1,1,1,0,1,1,20
F19_049,F19,pre,I consent.,1,4,1,5,5,3,20,White,1,1,New,Native,United States,NA,Y,90 - 94.9,94,,4,,,,,,,,,,,,,,,,,,,,,,,,,,,,,1,1,1,1,1,0,1,0,1,1,0,0,0,1,0,1,0,1,0,0,1,0,0,0,12
F19_022,F19,pre,I consent.,2,4,1,4,4,3,20,Black/African American,0,0,New,Native,United States,NA,N,95 - 100,96,3.83,,,,,,,,,,,,,,,,,,,,,,,,,,,,,,1,1,0,1,1,0,0,1,1,1,0,0,0,0,1,1,0,0,1,0,1,0,0,0,11
F19_229,F19,pre,I consent.,1,4,3,2,2,3,20,Asian,1,0,New,Native,United States,NA,Y,90 - 94.9,91,,4,,1320,,,,,,,,,,,,,,,,,,,,,,,,,,,0,1,1,0,0,0,0,0,0,0,0,0,0,0,0,1,1,0,0,1,0,0,0,0,5
F19_019,F19,pre,I consent.,1,5,1,5,5,3,19,Hispanic of any race,0,1,New,Native,United States,NA,Y,90 - 94.9,93,,2.5,,,,,,,,,,,,,,,,,,,,,,,,,,,,,1,1,1,1,1,0,0,1,1,1,0,0,0,0,1,1,0,0,1,0,1,0,0,0,12
F19_057,F19,pre,I consent.,2,4,1,4,3,2,20,Black/African American,0,0,New,Native,United States,NA,N,95 - 100,96,,4,,,,,,,,,,,,,,,,,,,,,,,,,,,,,1,0,0,0,1,0,0,1,1,1,1,0,1,0,1,1,0,1,1,1,1,1,1,1,16
F19_175,F19,pre,I consent.,1,3,1,2,2,0,21,Asian,1,1,Transfer,Naturalized,Pakistan,NA,N,NA,,3.09,,,,,,,,,,,,,,,,,,,,,,,,,,,,,,0,1,0,0,0,1,1,1,1,0,0,0,0,1,1,1,0,0,0,1,1,1,0,0,11
F19_168,F19,pre,I consent.,1,4,1,2,2,3,19,Asian,1,1,New,Native,United States,NA,Y,90 - 94.9,94,,8,,1150,,,,,,,,,,,,,,,,,,,,,,,,,,,1,1,0,0,1,0,1,1,1,1,0,1,1,0,1,1,1,1,1,1,1,0,0,1,17
F19_128,F19,pre,I consent.,2,3,1,5,5,0,19,Black/African American,0,1,New,Native,United States,NA,N,90 - 94.9,91,,,,,,,,,,,,,,,,,,,,,,,,,,,,,,,1,1,1,0,1,0,0,1,0,1,0,0,1,0,0,1,0,1,1,0,0,0,0,0,10
F19_422,F19,pre,I consent.,1,4,1,5,5,2,19,Asian,1,0,New,Native,United States,NA,N,95 - 100,99,,7,,1440,,,,,,,,,,,,,,,,,,,,,,,,,,,1,1,1,1,1,0,0,1,1,1,1,0,1,0,0,1,0,0,0,1,1,0,1,1,15
F19_161,F19,pre,I consent.,1,4,1,5,5,2,20,White,0,0,Other,Native,United States,NA,Y,95 - 100,97,,6,,1410,530,550,640,10,1080,,,,,,,,,,,,,,,,,,,,,,1,1,0,1,1,0,0,1,1,1,0,1,1,1,0,1,0,1,1,1,1,0,0,0,15
F19_186,F19,pre,I consent.,1,4,2,3,3,2,19,Hispanic of any race,0,1,New,Native,United States,NA,Y,85 - 89.9,88,,3,3,,,,,,,,,,,,,,,,,,,,,,,,,,,,0,1,0,1,0,0,0,1,0,1,0,1,1,0,0,1,0,1,1,1,0,0,0,0,10
F19_079,F19,pre,I consent.,1,4,1,3,4,3,19,,1,0,New,Undocumented Alien,Guya,NA,Y,90 - 94.9,91,,3,,,,,,,,,,,,,,,,,,,,,,,,,,,,,0,1,1,0,1,0,0,1,0,1,0,0,0,0,1,1,0,1,0,0,0,0,0,0,8
F19_001,F19,pre,I consent.,2,4,2,3,3,2,20,Black/African American,0,1,New,Native,United States,NA,Y,90 - 94.9,93,,7,3,,,,,,,,,,,,,,,,,,,,,,,,,,,,1,0,1,1,1,0,1,1,1,1,1,0,1,1,1,1,0,1,1,0,1,1,1,0,18
F19_033,F19,pre,I consent.,1,4,1,4,3,3,20,Black/African American,1,0,New,Native,United States,NA,Y,90 - 94.9,94,,4,,1170,580,590,530,8,1170,,,,,,,,,,,,,,,,,,,,,,1,1,1,1,1,1,1,1,1,1,1,1,1,1,0,1,0,0,1,1,1,1,1,1,21
F19_160,F19,pre,I consent.,2,5,1,5,5,2,20,White,0,0,New,Native,United States,NA,Y,95 - 100,96,,5,,1320,620,560,560,8,1180,,,,,,,,,,,,,,,,,,,,,,0,1,0,0,0,0,0,1,1,1,0,0,1,0,0,1,0,1,0,1,1,1,0,0,10
F19_190,F19,pre,I consent.,1,4,1,4,3,3,19,Asian,0,1,New,Native,United States,NA,N,90 - 94.9,90,,2,,1320,,,,,,,,,,,,,,,,,,,,,,,,,,,0,0,1,0,1,1,0,0,0,0,1,0,0,0,0,0,0,0,0,0,1,0,0,0,5
F19_222,F19,pre,I consent.,1,4,1,4,5,3,20,Asian,1,0,Transfer,Native,United States,NA,N,85 - 89.9,87,3.94,,,1480,710,640,560,8,1350,,,,,,,,,,,,,,,,,,,,,,0,0,1,0,0,0,0,1,1,1,0,1,1,0,0,1,0,1,0,1,1,0,0,0,10
F19_483,F19,pre,I consent.,1,4,2,5,5,3,20,White,0,1,New,Alien Permanent,Uzbekistan,NA,N,95 - 100,99,,3,,,,,,,,,,,,,,,,,,,,,,,,,,,,,0,1,1,0,0,0,0,1,1,1,1,1,1,1,1,1,0,1,0,1,0,0,1,0,14
F19_091,F19,pre,I consent.,2,4,1,4,4,2,20,Black/African American,0,1,New,Native,United States,NA,Y,90 - 94.9,90,,3,3,,,,,,,,,,,,,,,,,,,,,,,,,,,,1,0,0,0,0,0,0,1,1,1,0,1,1,0,1,1,0,1,0,1,1,0,0,0,11
F19_139,F19,pre,I consent.,2,4,2,5,5,0,19,Asian,1,0,New,Native,United States,NA,Y,90 - 94.9,93,,,,,,,,,,,,,,,,,,,,,,,,,,,,,,,0,0,1,0,0,0,0,0,1,1,0,1,1,1,0,1,0,0,0,0,0,0,0,1,8
F19_054,F19,pre,I consent.,2,5,1,4,3,3,19,White,0,1,Other,Native,United States,NA,Y,95 - 100,98,4,,,1350,,,,,,,,,,,,,,,,,,,,,,,,,,,0,1,0,1,1,0,0,1,1,1,0,1,0,0,0,1,0,1,1,0,1,0,1,1,13
F19_028,F19,pre,I consent.,1,4,1,4,4,3,20,,1,0,New,Native,United States,NA,Y,95 - 100,96,,6,,,,,,,,,,,,,,,,,,,,,,,,,,,,,0,1,0,1,1,0,0,1,0,0,0,0,0,0,0,1,0,1,1,1,0,0,0,1,9
F19_456,F19,pre,I consent.,2,4,1,5,5,0,20,Hispanic of any race,1,0,New,Native,United States,NA,N,90 - 94.9,91,,2.5,,1210,580,630,480,6,1210,,,,,,,,,,,,,,,,,,,,,,1,1,1,1,0,0,1,1,0,0,1,0,1,0,0,0,1,0,0,0,0,0,0,0,9
F19_239,F19,pre,I consent.,2,4,2,3,3,2,19,Asian,1,1,New,Native,United States,NA,Y,95 - 100,95,,8,3,1200,700,500,480,8,1200,,,,,,,,,,,,,,,,,,,,,,0,0,0,0,0,0,1,0,1,0,0,0,0,0,0,0,0,0,0,1,0,0,0,1,4
F19_241,F19,pre,I consent.,2,4,2,4,4,0,20,Asian,1,1,New,Native,United States,NA,Y,95 - 100,99,,,,1240,700,540,620,9,1240,,,,,,,,,,,,,,,,,,,,,,0,0,0,1,0,0,0,0,0,1,0,0,1,0,0,1,0,1,0,1,0,0,0,0,6
F19_224,F19,pre,I consent.,2,4,1,4,4,0,20,Asian,1,1,New,Native,United States,NA,Y,90 - 94.9,94,,8,,,,,,,,,,,,,,,,,,,,,,,,,,,,,0,1,1,0,1,1,0,1,1,1,0,0,1,0,1,1,0,0,1,1,1,1,0,0,14
F19_039,F19,pre,I consent.,2,5,1,4,3,2,20,Asian,0,1,New,Native,United States,NA,Y,90 - 94.9,91,,3,,,,,,,,,,,,,,,,,,,,,,,,,,,,,0,1,0,0,0,0,0,0,1,0,0,1,0,0,0,0,0,1,0,0,1,0,0,0,5
F19_119,F19,pre,I consent.,2,4,2,5,5,2,20,Asian,0,1,New,Naturalized,Unknown,NA,N,95 - 100,96,,,,1210,610,600,660,9,1210,,,,,,,,,,,,,,,,,,,,,,0,0,0,0,0,0,0,0,0,0,0,1,0,1,1,0,0,0,0,1,0,0,0,0,4
F19_344,F19,pre,I consent.,2,4,2,5,4,0,20,Asian,1,1,New,Native,United States,NA,Y,90 - 94.9,92,,8,,1410,,,,,,,,,,,,,,,,,,,,,,,,,,,1,1,0,1,1,0,0,1,1,1,1,1,1,1,1,1,0,0,1,1,1,0,1,0,17
F19_296,F19,pre,I consent.,2,3,2,2,2,0,20,Asian,0,0,New,Alien Temporary,"Taiwan, Province of Chi",NA,N,90 - 94.9,91,,,2,,,,,,,,,,,,,,,,,,,,,,,,,,,,0,1,0,0,0,0,0,0,0,0,0,1,0,1,0,0,0,0,0,1,0,0,0,0,4
F19_245,F19,pre,I consent.,1,4,2,3,3,2,20,,1,1,Transfer,Naturalized,Unknown,NA,Y,85 - 89.9,87,3.36,,,,,,,,,,,,,,,,,,,,,,,,,,,,,,1,0,1,1,1,1,0,1,1,1,1,1,1,0,1,1,0,0,1,1,1,0,1,1,18
F19_053,F19,pre,I consent.,1,5,1,4,3,2,19,Asian,1,0,New,Native,United States,NA,N,90 - 94.9,90,,4,,,,,,,,,,,,,,,,,,,,,,,,,,,,,0,0,0,0,0,1,0,1,0,1,0,0,0,0,0,0,1,0,0,0,1,0,0,1,6
F19_477,F19,pre,I consent.,1,4,2,4,3,3,20,Asian,0,1,Other,Alien Permanent,Chi,NA,Y,90 - 94.9,93,,,3,,,,,,,,,,,,,,,,,,,,,,,,,,,,1,0,0,0,1,0,1,1,0,0,1,1,1,0,0,1,0,0,1,0,1,0,1,1,12
F19_094,F19,pre,I consent.,2,4,2,0,0,2,20,White,0,0,Transfer,Native,United States,NA,Y,85 - 89.9,89,3.82,2.5,,1150,,,,,,,,,,,,,,,,,,,,,,,,,,,0,1,0,1,0,0,0,0,0,1,0,1,0,0,0,1,0,0,0,1,0,0,0,0,6
F19_491,F19,pre,I consent.,2,4,1,5,1,0,19,Asian,1,1,New,Native,United States,NA,Y,90 - 94.9,92,,8,,1370,730,640,580,6,1370,,,,,,,,,,,,,,,,,,,,,,1,1,0,0,1,0,0,0,1,0,0,0,1,0,1,0,1,0,0,0,1,0,0,0,8
F19_233,F19,pre,I consent.,1,3,2,2,0,3,20,Asian,1,0,New,Alien Temporary,Chi,NA,N,90 - 94.9,92,,,2,,,,,,,,,,,,,,,,,,,,,,,,,,,,0,1,0,1,0,0,0,0,0,0,0,1,0,0,0,0,0,1,0,1,1,0,0,0,6
F19_259,F19,pre,I consent.,2,5,1,4,4,3,20,Hispanic of any race,1,1,New,Native,United States,NA,Y,90 - 94.9,94,,,,,,,,,,,,,,,,,,,,,,,,,,,,,,,0,1,0,1,0,0,0,0,0,0,0,0,0,1,0,0,1,0,0,0,0,0,0,0,4
F19_368,F19,pre,I consent.,1,4,1,5,5,3,20,Asian,1,0,New,Native,United States,NA,N,95 - 100,96,,,,1410,,,,,,,,,,,,,,,,,,,,,,,,,,,1,0,1,0,1,1,0,1,1,0,0,0,0,1,0,1,0,0,0,0,0,1,1,0,10
F19_044,F19,pre,I consent.,1,4,1,5,5,3,20,Asian,0,1,New,Native,United States,NA,N,95 - 100,99,,4,,,,,,,,,,,,,,,,,,,,,,,,,,,,,0,0,0,0,0,0,0,0,0,0,0,0,0,1,1,1,0,0,0,1,1,0,0,0,5
F19_194,F19,pre,I consent.,2,4,1,5,5,2,20,White,1,0,New,Native,United States,NA,N,90 - 94.9,92,,6,,,,,,,,,,,,,,,,,,,,,,,,,,,,,1,1,1,1,1,1,0,1,1,1,1,1,1,1,1,0,0,1,1,1,1,0,1,1,20
F19_096,F19,pre,I consent.,2,5,2,2,2,2,20,Asian,0,0,New,Undocumented Alien,"Korea, Republic of",NA,Y,90 - 94.9,94,,,,,,,,,,,,,,,,,,,,,,,,,,,,,,,0,0,1,1,1,0,0,1,1,1,1,1,0,0,0,1,1,1,1,0,1,0,0,0,13
F19_488,F19,pre,I consent.,2,4,1,5,4,0,20,Asian,0,1,New,Native,United States,NA,Y,95 - 100,95,,7,,,,,,,,,,,,,,,,,,,,,,,,,,,,,1,1,1,0,0,0,0,1,1,1,0,0,0,1,1,1,0,0,1,1,1,1,0,0,13
F19_437,F19,pre,I consent.,2,4,1,5,5,0,19,Black/African American,1,0,New,Native,United States,NA,N,95 - 100,95,,4,,1410,,,,,,,,,,,,,,,,,,,,,,,,,,,1,1,1,1,0,0,0,0,0,1,0,1,0,1,0,1,0,1,0,0,1,0,0,0,10
F19_228,F19,pre,I consent.,2,4,1,3,2,3,20,Asian,0,1,New,Native,United States,NA,Y,90 - 94.9,92,,5,,1320,770,550,670,8,1320,,,,,,,,,,,,,,,,,,,,,,1,1,0,0,1,0,1,0,1,1,0,0,1,0,1,0,0,1,1,1,1,0,0,0,12
F19_312,F19,pre,I consent.,1,3,1,4,4,2,20,Hispanic of any race,0,0,Transfer,Native,United States,NA,Y,NA,,3.14,,4,,,,,,,,,,,,,,,,,,,,,,,,,,,,1,1,0,0,1,0,1,0,1,1,0,0,1,0,0,0,0,1,0,1,0,0,0,0,9
F19_020,F19,pre,I consent.,1,4,1,5,5,3,20,Asian,0,0,New,Alien Temporary,India,NA,N,85 - 89.9,87,,,4,,,,,,,,,,,,,,,,,,,,,,,,,,,,0,0,0,1,0,1,0,0,0,1,0,0,1,0,0,1,0,0,0,1,1,0,0,1,8
F19_078,F19,pre,I consent.,2,5,1,5,5,3,19,White,1,0,New,Native,United States,NA,N,95 - 100,97,4,,,1290,,,,,,,,,,,,,,,,,,,,,,,,,,,1,1,1,0,1,0,0,1,1,1,1,0,1,0,1,1,0,1,1,1,1,0,0,0,15
F19_486,F19,pre,I consent.,1,4,2,3,3,3,20,Black/African American,1,1,New,Naturalized,Unknown,NA,Y,90 - 94.9,92,,6,3,,,,,,,,,,,,,,,,,,,,,,,,,,,,0,1,0,1,0,0,0,0,1,1,0,0,1,1,0,1,0,0,0,1,1,1,1,0,11
F19_195,F19,pre,I consent.,1,4,2,5,5,3,20,Asian,0,0,New,Alien Temporary,India,NA,,90 - 94.9,90,,,,,,,,,,,,,,,,,,,,,,,,,,,,,,,0,0,0,0,1,0,1,1,1,1,1,0,1,1,0,1,0,1,1,1,0,0,1,0,13
F19_238,F19,pre,I consent.,2,4,1,2,2,2,20,Asian,1,1,New,Native,United States,NA,N,90 - 94.9,93,,,,,,,,,,,,,,,,,,,,,,,,,,,,,,,1,0,0,0,1,1,1,1,1,1,1,1,1,0,1,1,0,0,1,0,0,0,0,1,14
F19_041,F19,pre,I consent.,3,4,1,5,4,2,19,Asian,1,1,New,Native,United States,NA,Y,90 - 94.9,93,,,,,,,,,,,,,,,,,,,,,,,,,,,,,,,0,1,0,0,0,0,0,0,1,0,0,1,0,0,0,0,0,1,0,0,0,0,0,0,4
F19_151,F19,pre,I consent.,2,4,1,4,3,0,20,Asian,1,0,New,Native,United States,NA,Y,95 - 100,96,,,,,,,,,,,,,,,,,,,,,,,,,,,,,,,0,0,0,0,1,0,0,0,1,1,0,1,0,1,0,1,0,1,0,1,0,0,0,0,8
F19_135,F19,pre,I consent.,2,4,2,5,5,0,19,Asian,0,0,New,Alien Temporary,India,NA,N,90 - 94.9,92,,,,,,,,,,,,,,,,,,,,,,,,,,,,,,,0,0,0,0,0,0,0,0,0,1,0,0,0,0,0,1,0,0,0,0,1,0,0,0,3
F19_253,F19,pre,I consent.,1,4,1,5,3,3,20,Black/African American,1,1,New,Native,United States,NA,Y,95 - 100,95,,,,1380,670,710,580,7,1380,,,,,,,,,,,,,,,,,,,,,,1,1,1,0,1,0,0,1,1,1,1,1,1,1,1,1,1,1,1,1,0,0,1,0,18
F19_428,F19,pre,I consent.,1,4,2,3,3,3,19,Hispanic of any race,1,1,New,Native,United States,NA,Y,95 - 100,95,,3,,,,,,,,,,,,,,,,,,,,,,,,,,,,,1,1,1,1,1,0,0,0,1,0,1,1,0,0,0,1,0,0,1,0,1,0,0,1,12
F19_342,F19,pre,I consent.,2,4,1,5,5,2,20,White,1,0,New,Native,United States,NA,N,90 - 94.9,92,,6,,,,,,,,,,,,,,,,,,,,,,,,,,,,,0,0,1,1,1,1,0,1,1,0,0,1,1,0,0,1,1,1,1,1,1,0,0,1,15
F18_571,F19,pre,I consent.,1,5,1,5,5,2,19,Asian,0,0,New,Native,United States,NA,N,90 - 94.9,93,,8,,1410,,,,,,,,,,,,,,,,,,,,,,,,,,,0,0,1,0,0,0,0,0,0,1,0,1,0,0,0,0,0,0,0,0,0,0,0,1,4
F19_358,F19,pre,I consent.,2,4,1,5,5,2,20,Asian,0,1,New,Native,United States,NA,N,95 - 100,96,,4,,,,,,,,,,,,,,,,,,,,,,,,,,,,,0,0,0,1,0,0,0,0,0,0,0,0,0,1,0,1,0,0,0,1,0,0,0,0,4
F19_423,F19,pre,I consent.,1,4,1,5,5,3,20,Asian,0,1,New,Native,United States,NA,N,85 - 89.9,89,,4,,1410,690,720,650,7,1410,,,,,,,,,,,,,,,,,,,,,,0,0,0,0,0,0,0,0,0,0,0,0,0,0,0,1,0,1,0,1,0,0,0,0,3
F19_461,F19,pre,I consent.,1,3,2,4,4,2,19,Asian,0,0,New,Alien Temporary,Honduras,NA,Y,95 - 100,96,,3,2,,,,,,,,,,,,,,,,,,,,,,,,,,,,0,0,0,0,0,0,0,1,0,0,0,0,1,1,0,1,0,1,0,0,0,0,0,0,5
F19_286,F19,pre,I consent.,2,4,2,1,1,0,20,Asian,1,0,New,Alien Temporary,"Taiwan, Province of Chi",NA,Y,85 - 89.9,88,,,1.5,,,,,,,,,,,,,,,,,,,,,,,,,,,,0,0,0,1,1,0,0,0,1,1,0,0,1,0,0,1,0,1,1,1,1,1,1,0,12
F19_205,F19,pre,I consent.,1,5,2,4,4,3,20,Asian,0,0,New,Native,United States,NA,N,90 - 94.9,94,,5,,1480,,,,,,,,,,,,,,,,,,,,,,,,,,,1,1,1,1,1,0,0,0,1,1,0,1,0,1,0,1,1,1,1,1,0,0,0,1,15
F19_115,F19,pre,I consent.,1,4,2,5,5,3,19,Asian,0,1,New,Native,United States,NA,Y,90 - 94.9,94,,,,1310,730,580,560,8,1310,,,,,,,,,,,,,,,,,,,,,,0,0,0,1,0,0,0,0,0,1,0,0,1,0,0,1,0,0,0,0,1,0,0,0,5
F19_291,F19,pre,I consent.,1,3,1,4,3,0,19,Black/African American,0,1,Transfer,Native,United States,"$0-14,999",Y,Unknown,,2.93,3,,,,,,,,,,,,,,,,,,,,,,,,,,,,,1,0,1,0,0,0,0,1,1,1,0,0,0,0,0,0,0,1,0,1,0,0,0,1,8
F19_188,F19,pre,I consent.,2,5,2,4,4,2,20,Asian,0,0,New,Native,United States,NA,N,95 - 100,95,,,,1520,,,,,,,,,,,,,,,,,,,,,,,,,,,1,0,1,1,1,0,1,1,1,1,0,1,1,1,1,1,0,1,1,0,1,0,1,1,18
F19_104,F19,pre,I consent.,1,5,1,4,4,2,20,Asian,0,0,New,Native,United States,NA,Y,95 - 100,99,,7,,,,,,,,,,,,,,,,,,,,,,,,,,,,,1,1,1,0,1,1,0,1,1,1,0,0,1,1,1,1,0,1,1,1,0,0,0,0,15
F19_152,F19,pre,I consent.,1,4,1,5,4,3,20,White,1,0,New,Native,United States,NA,N,95 - 100,95,,2,,1290,,,,,,,,,,,,,,,,,,,,,,,,,,,1,1,0,1,1,0,0,1,1,1,1,0,1,0,1,1,0,1,1,0,1,0,0,1,15
F18_082,F19,pre,I consent.,1,3,3,2,2,2,21,Asian,0,0,New,Undocumented Alien,"Korea, Republic of",NA,Y,95 - 100,95,,,3,1200,710,490,530,8,1200,,,,,,,,,,,,,,,,,,,,,,0,1,1,0,0,1,0,0,1,1,0,1,1,0,0,0,0,1,0,1,0,0,0,0,9
F19_117,F19,pre,I consent.,1,4,2,4,4,2,20,Asian,1,1,New,Native,United States,"$15,000-29,999",,90 - 94.9,94,,4,,,,,,,,,,,,,,,,,,,,,,,,,,,,,0,1,1,0,1,0,0,1,0,0,0,1,0,1,0,1,1,0,0,1,1,1,0,0,11
F19_319,F19,pre,I consent.,1,3,1,5,4,0,20,Black/African American,1,0,New,Native,United States,NA,N,90 - 94.9,90,,3,,,,,,,,,,,,,,,,,,,,,,,,,,,,,0,1,0,0,0,1,0,0,0,0,0,0,1,0,0,1,0,0,0,1,0,0,0,0,5
F19_181,F19,pre,I consent.,1,3,1,5,5,2,18,White,0,0,New,Native,United States,NA,N,95 - 100,95,,4,,1220,,,,,,,,,,,,,,,,,,,,,,,,,,,1,1,1,0,0,0,0,1,1,1,0,1,0,0,1,1,0,1,0,0,0,0,1,0,11
F19_445,F19,pre,I consent.,1,3,2,5,2,2,19,Asian,1,1,New,Native,United States,NA,N,90 - 94.9,93,,4,,,,,,,,,,,,,,,,,,,,,,,,,,,,,0,0,0,0,1,1,0,0,1,1,0,0,1,0,0,0,0,1,0,1,1,0,1,1,10
F19_165,F19,pre,I consent.,1,4,2,3,3,2,23,Hispanic of any race,0,0,Transfer,Alien Permanent,Colombia,NA,,NA,,3.5,,,,,,,,,,,,,,,,,,,,,,,,,,,,,,1,1,0,1,0,0,0,0,0,1,0,1,1,0,0,1,0,0,0,0,0,0,0,0,7
F19_219,F19,pre,I consent.,3,3,2,2,2,0,20,Asian,0,0,New,Alien Temporary,"Taiwan, Province of Chi",NA,N,85 - 89.9,88,,,2,,,,,,,,,,,,,,,,,,,,,,,,,,,,0,1,0,0,1,0,1,0,1,0,0,0,0,1,0,0,0,0,0,1,1,0,0,0,7
F19_396,F19,pre,I consent.,1,3,1,4,4,2,19,Hispanic of any race,0,0,New,Native,United States,"$45,000-64,999",,85 - 89.9,88,,3,4,1350,,,,,,,,,,,,,,,,,,,,,,,,,,,1,1,0,1,1,0,0,1,1,0,0,0,0,1,0,1,0,0,0,1,1,0,0,1,11
F19_262,F19,pre,I consent.,3,2,1,4,3,0,19,White,0,0,New,Native,United States,"$125,000-144,999",,85 - 89.9,86,,2,3,980,,,,,,,,,,,,,,,,,,,,,,,,,,,0,1,0,1,0,1,0,0,0,0,0,0,1,0,0,1,0,0,0,0,0,0,0,0,5
F19_430,F19,pre,I consent.,3,3,2,3,2,0,19,Hispanic of any race,0,1,New,Native,United States,NA,Y,95 - 100,95,,3,3,,,,,,,,,,,,,,,,,,,,,,,,,,,,1,0,0,1,0,0,0,0,1,0,0,1,1,0,1,1,0,0,0,1,0,0,0,0,8
F19_171,F19,pre,I consent.,2,3,2,4,2,0,20,Asian,1,1,New,Alien Permanent,Bangladesh,"$0-14,999",,95 - 100,98,,6,,,,,,,,,,,,,,,,,,,,,,,,,,,,,1,1,1,0,0,0,1,0,1,1,0,0,0,0,0,1,0,0,0,0,0,0,0,0,7
F19_490,F19,pre,I consent.,2,3,2,2,2,2,18,Asian,0,1,New,Native,United States,"$15,000-29,999",,95 - 100,95,,4,,,,,,,,,,,,,,,,,,,,,,,,,,,,,1,0,0,1,0,1,0,1,1,1,1,1,0,0,0,1,0,1,0,1,1,1,0,0,13
F19_251,F19,pre,I consent.,1,3,1,5,3,2,19,Hispanic of any race,0,1,New,Native,United States,NA,,95 - 100,96,,4,,,,,,,,,,,,,,,,,,,,,,,,,,,,,1,0,1,0,0,1,0,1,1,1,0,1,1,1,0,1,0,0,0,0,1,0,1,1,13
F19_289,F19,pre,I consent.,1,3,2,4,4,3,19,Asian,0,1,New,Native,United States,NA,Y,95 - 100,99,,,,1440,,,,,,,,,,,,,,,,,,,,,,,,,,,1,1,0,0,1,0,1,1,1,1,0,0,0,1,1,1,0,0,1,0,1,0,0,1,13
F19_355,F19,pre,I consent.,1,3,1,4,4,2,19,Asian,0,0,New,Native,United States,NA,Y,90 - 94.9,93,,3,,,,,,,,,,,,,,,,,,,,,,,,,,,,,0,0,0,0,1,0,0,0,0,1,0,1,1,0,0,1,0,1,0,1,0,0,0,0,7
F19_481,F19,pre,I consent.,1,4,2,4,4,2,19,Asian,0,1,New,Alien Permanent,Chi,"$30,000-44,999",,95 - 100,99,,8,3,,,,,,,,,,,,,,,,,,,,,,,,,,,,1,0,0,1,1,0,0,0,1,1,1,1,1,0,0,1,0,1,1,1,0,0,0,0,12
F19_234,F19,pre,I consent.,1,3,2,4,3,2,19,Asian,1,1,New,Naturalized,Chi,"$15,000-29,999",,95 - 100,96,,9,,,,,,,,,,,,,,,,,,,,,,,,,,,,,1,1,0,0,1,0,0,1,1,1,0,1,0,1,1,1,0,0,1,0,1,1,1,0,14
F19_180,F19,pre,I consent.,1,4,1,5,5,2,19,,0,1,New,Naturalized,Unknown,NA,Y,90 - 94.9,92,3.25,4,,,,,,,,,,,,,,,,,,,,,,,,,,,,,0,1,1,1,1,0,0,1,1,1,1,1,1,1,0,1,0,0,0,1,0,0,0,1,14
F19_051,F19,pre,I consent.,3,3,2,4,4,0,19,Hispanic of any race,0,1,New,Alien Permanent,Honduras,"$0-14,999",,90 - 94.9,91,,2.5,3,,,,,,,,,,,,,,,,,,,,,,,,,,,,0,0,0,0,0,0,0,0,0,0,0,0,0,0,0,1,0,0,0,1,0,0,0,0,2
F19_261,F19,pre,I consent.,2,3,1,5,5,0,19,White,0,0,New,Native,United States,NA,Y,90 - 94.9,93,,,,1350,,,,,,,,,,,,,,,,,,,,,,,,,,,0,0,1,0,0,0,0,1,0,0,0,0,0,1,0,0,1,0,0,0,0,1,0,0,5
F19_142,F19,pre,I consent.,3,3,1,4,4,2,19,Asian,0,1,New,Native,United States,NA,Y,95 - 100,96,,,,1220,,,,,,,,,,,,,,,,,,,,,,,,,,,0,0,0,0,0,0,1,0,1,0,0,0,0,1,0,1,0,0,1,1,0,0,0,1,7
F19_063,F19,pre,I consent.,1,4,1,3,3,2,18,White,0,1,New,Native,United States,NA,Y,95 - 100,99,,,,,,,,,,,,,,,,,,,,,,,,,,,,,,,0,0,0,0,0,0,0,1,0,1,0,0,0,0,0,1,0,0,0,1,1,0,0,0,5
F19_232,F19,pre,I consent.,2,3,2,3,3,0,19,Asian,0,0,New,Alien Temporary,Chi,NA,N,90 - 94.9,91,,,3,,,,,,,,,,,,,,,,,,,,,,,,,,,,0,1,0,1,0,1,0,0,0,0,0,1,1,0,1,0,0,0,0,1,0,0,0,1,8
F19_394,F19,pre,I consent.,1,3,1,5,5,2,19,White,0,1,New,Native,United States,NA,N,90 - 94.9,94,,,,,,,,,,,,,,,,,,,,,,,,,,,,,,,1,1,1,0,1,0,0,1,1,1,0,0,0,1,0,1,0,0,0,0,1,1,0,1,12
F19_433,F19,pre,I consent.,2,3,1,5,5,0,19,White,0,0,New,Native,United States,NA,N,95 - 100,96,,3,,1090,,,,,,,,,,,,,,,,,,,,,,,,,,,0,1,0,1,0,1,0,0,0,0,0,0,1,0,0,0,0,1,0,0,1,1,1,1,9
F19_472,F19,pre,I consent.,1,3,1,4,4,2,18,Asian,0,0,New,Native,United States,NA,N,95 - 100,96,,5,,,,,,,,,,,,,,,,,,,,,,,,,,,,,1,0,1,1,1,0,0,1,1,1,1,0,1,1,1,1,0,1,0,0,1,0,0,0,14
F19_470,F19,pre,I consent.,3,3,1,5,5,2,19,White,0,0,New,Native,United States,NA,Y,95 - 100,97,,4,,1350,,,,,,,,,,,,,,,,,,,,,,,,,,,1,0,1,0,1,0,0,1,1,1,0,1,1,0,0,1,0,1,1,0,1,0,0,0,12
F19_110,F19,pre,I consent.,1,4,2,2,2,2,19,Asian,1,1,New,Naturalized,Unknown,NA,Y,90 - 94.9,93,,9,,,,,,,,,,,,,,,,,,,,,,,,,,,,,1,0,0,1,0,0,1,0,0,0,0,0,0,1,0,0,1,0,0,1,1,0,0,0,7
F19_263,F19,pre,I consent.,1,3,1,5,5,2,19,White,0,1,New,Native,United States,NA,Y,95 - 100,99,,3,,,,,,,,,,,,,,,,,,,,,,,,,,,,,0,1,0,0,0,0,0,0,0,0,0,0,1,0,0,0,0,0,0,1,0,0,0,1,4
F19_132,F19,pre,I consent.,2,4,1,5,5,2,19,Asian,1,0,New,Native,United States,NA,N,95 - 100,99,,,,,,,,,,,,,,,,,,,,,,,,,,,,,,,1,1,0,0,1,0,0,1,1,1,1,0,1,1,1,1,0,0,1,1,0,1,0,1,15
F19_156,F19,pre,I consent.,3,3,2,5,5,2,18,Asian,0,0,New,Alien Permanent,India,NA,N,95 - 100,95,,,,1320,,,,,,,,,,,,,,,,,,,,,,,,,,,0,0,0,0,0,0,0,1,0,1,0,1,1,0,0,0,0,0,0,0,0,0,0,0,4
F19_040,F19,pre,I consent.,1,3,2,2,2,2,19,Asian,1,1,New,Alien Permanent,Chi,"$15,000-29,999",,95 - 100,95,,4,3,,,,,,,,,,,,,,,,,,,,,,,,,,,,0,1,0,1,0,1,0,0,0,0,0,0,1,0,1,1,1,0,0,1,1,1,0,0,10
F19_409,F19,pre,I consent.,2,3,1,4,4,2,19,White,0,0,New,Native,United States,NA,N,95 - 100,96,,4,,1220,,,,,,,,,,,,,,,,,,,,,,,,,,,1,1,0,1,0,0,0,0,0,1,0,0,1,0,0,1,0,1,0,1,0,0,0,0,8
F19_376,F19,pre,I consent.,2,3,2,5,4,0,18,Asian,1,1,New,Native,United States,NA,Y,95 - 100,95,,4,,,,,,,,,,,,,,,,,,,,,,,,,,,,,0,0,0,0,0,0,0,1,1,1,0,1,1,0,0,0,0,0,0,0,0,0,0,0,5
F19_030,F19,pre,I consent.,2,3,1,5,5,0,19,White,1,0,New,Native,United States,NA,N,95 - 100,96,,3,,1380,,,,,,,,,,,,,,,,,,,,,,,,,,,1,1,1,0,0,0,0,1,1,1,1,1,0,0,0,1,0,1,1,1,1,0,1,0,14
F19_321,F19,pre,I consent.,1,3,1,5,5,2,19,White,1,1,New,Native,United States,NA,N,95 - 100,95,,4,,1290,,,,,,,,,,,,,,,,,,,,,,,,,,,1,1,0,1,1,0,0,1,1,1,1,1,1,0,1,1,0,1,1,0,1,0,0,0,15
F19_362,F19,pre,I consent.,1,3,1,4,3,2,19,Asian,0,1,New,Native,United States,NA,Y,85 - 89.9,87,,4,,,,,,,,,,,,,,,,,,,,,,,,,,,,,1,1,1,0,1,0,0,1,1,1,0,0,1,1,1,1,0,1,1,0,1,1,0,0,15
F19_231,F19,pre,I consent.,1,3,2,2,1,2,18,Asian,0,1,New,Alien Permanent,Chi,"$15,000-29,999",,95 - 100,99,,8,,,,,,,,,,,,,,,,,,,,,,,,,,,,,1,1,0,1,0,0,0,1,0,1,1,1,0,0,1,0,1,0,0,1,0,0,0,1,11
F19_256,F19,pre,I consent.,2,3,1,4,4,0,18,Hispanic of any race,0,1,New,Native,United States,NA,N,95 - 100,97,,3,,1220,,,,,,,,,,,,,,,,,,,,,,,,,,,1,0,1,1,1,0,1,0,0,1,1,0,1,0,1,1,1,1,1,1,1,0,1,0,16
F19_237,F19,pre,I consent.,1,4,1,3,3,3,19,Asian,0,1,New,Native,United States,NA,Y,95 - 100,99,,,,1320,,,,,,,,,,,,,,,,,,,,,,,,,,,0,0,1,0,0,0,0,0,0,1,0,0,0,1,0,1,0,1,0,1,1,1,1,0,9
F19_349,F19,pre,I consent.,1,3,1,5,5,2,18,Asian,0,0,New,Native,United States,NA,Y,90 - 94.9,93,,5,,,,,,,,,,,,,,,,,,,,,,,,,,,,,0,1,0,1,0,0,0,1,0,1,0,0,1,0,0,1,0,1,0,1,0,0,0,0,8
F19_380,F19,pre,I consent.,1,3,2,5,5,2,19,White,0,0,New,Native,United States,NA,N,90 - 94.9,93,,5,,,,,,,,,,,,,,,,,,,,,,,,,,,,,1,1,1,1,1,0,0,1,1,1,0,1,1,1,0,1,0,1,1,1,0,0,0,0,15
F19_275,F19,pre,I consent.,1,3,1,5,4,3,18,White,1,0,New,Native,United States,"105,000-124,999",,90 - 94.9,92,,5,,,,,,,,,,,,,,,,,,,,,,,,,,,,,1,1,1,0,1,0,0,1,1,1,0,1,1,1,1,1,0,1,1,1,1,1,1,0,18
F19_249,F19,pre,I consent.,3,3,1,5,5,0,19,Black/African American,0,1,New,Native,United States,NA,Y,85 - 89.9,86,,3,3,,,,,,,,,,,,,,,,,,,,,,,,,,,,0,0,0,0,0,0,0,0,0,0,0,0,0,0,0,1,1,1,1,0,0,0,0,0,4
F19_169,F19,pre,I consent.,1,4,2,3,4,2,19,Hispanic of any race,1,0,New,Undocumented Alien,Peru,NA,Y,95 - 100,96,,7,,,,,,,,,,,,,,,,,,,,,,,,,,,,,0,1,1,0,0,1,0,0,1,0,0,1,0,0,0,0,0,0,0,1,1,0,0,0,7
F19_213,F19,pre,I consent.,1,3,1,5,4,2,19,White,1,0,New,Native,United States,NA,N,95 - 100,98,,3,,1380,,,,,,,,,,,,,,,,,,,,,,,,,,,1,0,1,0,1,1,0,1,1,1,1,1,1,1,0,1,0,0,1,0,1,1,1,1,17
F19_330,F19,pre,I consent.,3,3,1,4,4,0,19,White,1,0,New,Native,United States,NA,N,90 - 94.9,93,,4,,1380,,,,,,,,,,,,,,,,,,,,,,,,,,,1,1,0,0,1,0,0,0,1,1,0,1,0,1,1,1,1,0,1,1,0,0,0,0,12
F19_254,F19,pre,I do not consent.,2,4,1,3,3,3,19,White,1,0,New,Native,United States,NA,N,90 - 94.9,92,,,,,,,,,,,,,,,,,,,,,,,,,,,,,,,1,1,1,0,1,0,1,1,1,1,1,1,1,1,1,1,0,1,1,1,1,0,1,0,19
F19_257,F19,pre,I consent.,2,4,1,5,5,0,19,Asian,0,1,New,Native,United States,NA,Y,95 - 100,99,4,3,,1290,,,,,,,,,,,,,,,,,,,,,,,,,,,0,0,0,0,0,1,1,1,0,1,0,0,0,0,0,0,0,0,0,1,0,0,0,1,6
F19_281,F19,pre,I consent.,2,3,1,4,5,2,18,White,1,0,New,Native,United States,NA,N,95 - 100,97,,5,,,,,,,,,,,,,,,,,,,,,,,,,,,,,1,0,1,0,1,1,1,1,1,1,1,1,1,1,1,1,1,1,1,1,1,0,1,1,21
F19_379,F19,pre,I consent.,2,3,1,4,4,0,19,Asian,0,1,New,Native,United States,NA,Y,90 - 94.9,92,,,,,,,,,,,,,,,,,,,,,,,,,,,,,,,0,1,1,0,0,0,0,0,0,0,0,0,1,0,0,1,0,0,0,0,0,0,0,0,4
F19_435,F19,pre,I consent.,1,3,2,5,5,2,19,Hispanic of any race,0,1,New,Native,United States,NA,Y,95 - 100,99,,3,,,,,,,,,,,,,,,,,,,,,,,,,,,,,1,0,1,0,0,0,0,1,0,1,1,1,1,1,0,1,0,1,0,1,1,0,0,0,12
F19_258,F19,pre,I consent.,1,3,1,4,4,2,19,White,0,1,New,Native,United States,NA,Y,95 - 100,99,,8,,,,,,,,,,,,,,,,,,,,,,,,,,,,,0,1,1,1,1,1,0,1,1,1,1,0,1,1,1,1,1,1,1,1,1,0,0,0,18
F19_052,F19,pre,I consent.,1,3,1,5,4,3,18,White,0,0,New,Native,United States,NA,N,95 - 100,97,,3,,1320,,,,,,,,,,,,,,,,,,,,,,,,,,,1,0,1,0,0,0,0,0,1,1,1,0,1,0,0,0,0,1,0,1,0,0,0,0,8
F19_412,F19,pre,I consent.,1,3,1,5,5,2,19,Asian,0,1,New,Native,United States,NA,Y,95 - 100,99,,5,,,,,,,,,,,,,,,,,,,,,,,,,,,,,1,0,1,1,0,0,0,1,0,1,0,1,0,0,0,1,1,0,0,1,0,1,0,0,10
F19_417,F19,pre,I consent.,3,3,1,4,4,0,18,Hispanic of any race,1,1,New,Native,United States,"$15,000-29,999",,85 - 89.9,87,,3,4,,,,,,,,,,,,,,,,,,,,,,,,,,,,1,1,0,1,1,0,0,1,1,1,0,0,1,0,0,0,0,1,1,0,1,0,0,0,11
F19_216,F19,pre,I consent.,1,4,1,2,3,2,19,Asian,0,1,New,Native,United States,"$30,000-44,999",,95 - 100,99,,8,,,,,,,,,,,,,,,,,,,,,,,,,,,,,0,1,1,0,0,0,0,0,0,1,0,0,0,1,0,0,0,0,0,0,1,0,1,0,6
F19_487,F19,pre,I consent.,2,4,3,2,2,0,19,Asian,1,1,New,Native,United States,NA,Y,90 - 94.9,93,,,,,,,,,,,,,,,,,,,,,,,,,,,,,,,1,0,0,1,0,0,0,1,0,1,0,1,1,0,1,1,0,0,0,1,1,0,0,1,11
F19_080,F19,pre,I consent.,1,5,2,5,5,2,19,Asian,0,1,New,Native,United States,NA,N,90 - 94.9,93,,,,,,,,,,,,,,,,,,,,,,,,,,,,,,,0,1,1,1,0,0,0,0,0,1,0,0,0,0,0,0,0,0,0,1,0,0,0,0,5
F19_374,F19,pre,I consent.,1,3,2,3,3,0,19,Asian,1,1,New,Alien Permanent,Chi,NA,Y,90 - 94.9,94,,7,,,,,,,,,,,,,,,,,,,,,,,,,,,,,0,1,1,0,0,0,0,0,0,1,0,0,0,1,0,1,0,0,0,1,1,0,0,0,7
F19_466,F19,pre,I consent.,1,3,1,5,5,2,18,Asian,0,0,New,Native,United States,NA,N,90 - 94.9,94,,4,,,,,,,,,,,,,,,,,,,,,,,,,,,,,0,0,0,1,0,0,0,1,0,1,0,0,1,1,0,1,0,1,1,1,0,0,0,0,9
F19_174,F19,pre,I consent.,3,3,1,3,3,2,19,Hispanic of any race,1,1,New,Native,United States,"$30,000-44,999",,80 - 84.9,82,,2,4,,,,,,,,,,,,,,,,,,,,,,,,,,,,1,0,0,0,0,0,0,0,0,0,0,0,0,1,0,0,1,0,0,1,1,0,0,1,6
F19_068,F19,pre,I consent.,1,3,3,5,4,2,18,White,1,0,Transfer,Native,United States,"$185,000+",N,Unknown,,3.56,,,,,,,,,,,,,,,,,,,,,,,,,,,,,,1,1,1,1,0,0,0,1,1,1,1,0,0,1,1,1,0,0,1,1,1,0,1,1,16
F19_404,F19,pre,I consent.,1,3,2,3,3,2,19,Asian,0,0,New,Native,United States,NA,Y,95 - 100,96,,5,,,,,,,,,,,,,,,,,,,,,,,,,,,,,1,1,0,1,1,1,0,1,1,1,0,0,1,0,1,0,0,0,0,1,0,0,0,0,11
F19_178,F19,pre,I consent.,1,3,1,5,4,2,19,White,0,0,Transfer,Native,United States,"$185,000+",N,Unknown,,3.19,,,,,,,,,,,,,,,,,,,,,,,,,,,,,,1,0,1,1,1,0,0,1,1,1,0,1,1,1,1,1,0,1,1,1,1,0,1,0,17
F19_273,F19,pre,I consent.,2,3,1,5,5,2,18,Hispanic of any race,1,0,New,Native,United States,NA,N,95 - 100,99,,7,,,,,,,,,,,,,,,,,,,,,,,,,,,,,1,1,1,0,1,1,0,1,1,1,1,1,1,1,1,1,0,0,1,0,1,1,1,0,18
F19_141,F19,pre,I consent.,2,3,1,4,3,2,18,Asian,0,1,New,Native,United States,NA,Y,95 - 100,95,,8,,,,,,,,,,,,,,,,,,,,,,,,,,,,,1,1,1,0,1,0,1,1,1,1,0,1,1,1,0,1,1,1,1,1,1,1,1,1,20
F19_202,F19,pre,I consent.,2,4,1,5,5,2,19,White,1,0,New,Native,United States,NA,N,95 - 100,96,,9,,,,,,,,,,,,,,,,,,,,,,,,,,,,,1,0,0,0,0,1,0,0,1,1,0,1,1,0,1,1,0,1,0,0,0,0,0,0,9
F19_352,F19,pre,I consent.,1,3,1,5,5,2,19,White,1,1,New,Native,United States,NA,Y,95 - 100,99,,,,1440,,,,,,,,,,,,,,,,,,,,,,,,,,,1,1,0,1,0,0,0,1,1,1,1,1,1,0,0,1,0,1,0,1,0,1,0,1,14
F19_351,F19,pre,I consent.,2,3,1,5,5,0,18,White,0,0,New,Native,United States,NA,Y,90 - 94.9,94,,3,,1520,,,,,,,,,,,,,,,,,,,,,,,,,,,0,0,0,0,1,0,1,1,1,1,1,0,1,0,1,1,1,1,1,1,1,0,1,1,16
F19_335,F19,pre,I consent.,3,3,1,4,4,3,19,Asian,0,1,Other,Native,United States,"$15,000-29,999",,95 - 100,95,,4,,,,,,,,,,,,,,,,,,,,,,,,,,,,,1,1,0,0,1,1,0,1,1,1,0,0,1,0,0,0,0,0,0,1,1,0,0,1,11
F19_468,F19,pre,I consent.,1,3,1,4,4,2,19,White,1,1,New,Native,United States,NA,Y,95 - 100,99,,4,,1410,,,,,,,,,,,,,,,,,,,,,,,,,,,1,1,1,1,1,1,1,1,1,1,1,0,1,1,1,1,1,1,1,1,1,1,1,1,23
F19_414,F19,pre,I consent.,2,3,1,5,5,0,19,White,1,0,New,Native,United States,NA,N,95 - 100,97,,,,,,,,,,,,,,,,,,,,,,,,,,,,,,,0,1,0,0,1,1,0,1,1,1,0,1,1,0,1,1,0,1,1,1,0,0,0,0,13
F19_215,F19,pre,I consent.,1,3,2,3,3,2,19,Asian,1,1,New,Alien Permanent,Chi,NA,Y,95 - 100,95,,,3,,,,,,,,,,,,,,,,,,,,,,,,,,,,0,1,0,0,0,1,0,0,0,1,1,1,1,0,0,1,0,0,0,0,0,1,1,0,9
F19_144,F19,pre,I consent.,1,3,1,5,5,2,19,Hispanic of any race,0,1,New,Native,United States,NA,Y,95 - 100,99,,3,,,,,,,,,,,,,,,,,,,,,,,,,,,,,1,1,1,1,1,0,0,1,1,1,0,0,0,0,1,1,0,0,1,1,0,0,0,0,12
F19_014,F19,pre,I consent.,3,4,2,4,3,2,19,Asian,0,0,Other,Native,United States,NA,N,95 - 100,95,,,,1380,,,,,,,,,,,,,,,,,,,,,,,,,,,1,1,0,0,1,0,0,0,1,1,0,1,0,0,0,0,0,0,0,1,1,0,0,0,8
F19_199,F19,pre,I consent.,2,3,1,5,5,2,19,,0,0,New,Native,United States,NA,N,95 - 100,99,,4,,,,,,,,,,,,,,,,,,,,,,,,,,,,,1,0,1,1,1,0,1,1,1,0,0,1,0,0,0,0,0,0,0,0,1,0,0,1,10
F19_147,F19,pre,I consent.,3,4,1,5,5,2,19,White,1,1,New,Native,United States,NA,Y,95 - 100,98,,,,,,,,,,,,,,,,,,,,,,,,,,,,,,,1,0,0,1,1,0,0,0,1,1,0,0,1,0,1,1,0,0,1,1,1,0,0,1,12
F19_081,F19,pre,I consent.,2,3,1,4,4,0,19,Asian,1,0,New,Native,United States,NA,N,95 - 100,99,,6,,1410,,,,,,,,,,,,,,,,,,,,,,,,,,,1,0,1,0,0,1,0,1,1,1,0,0,1,1,0,1,0,1,0,0,0,0,0,0,10
F19_385,F19,pre,I consent.,2,4,2,2,3,2,18,Asian,0,0,New,Native,United States,"$65,000-84,999",,95 - 100,99,,6,4,1480,,,,,,,,,,,,,,,,,,,,,,,,,,,1,1,0,1,1,0,0,1,0,0,0,0,0,0,0,0,0,0,0,0,0,0,0,0,5
F19_129,F19,pre,I consent.,2,3,1,5,5,2,19,Asian,1,1,New,Native,United States,"$30,000-44,999",,90 - 94.9,90,,4,,,,,,,,,,,,,,,,,,,,,,,,,,,,,0,0,0,0,0,0,0,0,1,1,0,0,0,0,0,1,0,1,0,1,0,0,0,0,5
F19_111,F19,pre,I consent.,2,3,2,1,1,2,19,Asian,0,1,New,Native,United States,NA,Y,95 - 100,96,,5,,,,,,,,,,,,,,,,,,,,,,,,,,,,,0,0,0,0,0,0,0,0,1,1,0,0,1,0,1,1,0,1,1,1,0,0,0,1,9
F19_266,F19,pre,I consent.,2,3,1,5,5,2,18,White,1,0,New,Native,United States,NA,N,90 - 94.9,94,,3,,,,,,,,,,,,,,,,,,,,,,,,,,,,,0,0,0,1,0,0,0,0,0,1,0,0,1,0,0,1,0,0,0,1,0,0,0,0,5
F19_421,F19,pre,I consent.,2,3,1,5,4,0,19,White,0,0,New,Native,United States,NA,N,95 - 100,99,,,,,,,,,,,,,,,,,,,,,,,,,,,,,,,1,0,0,0,1,0,0,0,1,1,0,0,0,0,0,0,0,1,1,1,0,0,0,0,7
F19_348,F19,pre,I consent.,1,3,2,4,3,2,19,Asian,0,1,New,Naturalized,Unknown,NA,Y,95 - 100,96,,7,3,,,,,,,,,,,,,,,,,,,,,,,,,,,,1,1,1,1,0,1,0,0,0,0,0,1,0,0,0,0,0,0,0,0,0,0,0,0,6
F19_329,F19,pre,I consent.,1,3,2,3,2,2,19,Asian,0,0,New,Alien Temporary,Chi,NA,N,95 - 100,95,,,2,,,,,,,,,,,,,,,,,,,,,,,,,,,,0,0,0,0,0,1,0,1,0,1,0,0,0,0,0,1,0,1,0,1,0,0,0,1,7
F19_284,F19,pre,I consent.,2,4,1,3,3,2,19,Asian,1,0,New,Native,United States,NA,N,90 - 94.9,93,,,3,,,,,,,,,,,,,,,,,,,,,,,,,,,,1,0,1,1,0,1,0,1,1,1,0,0,1,1,0,1,0,1,0,1,1,1,0,1,15
F19_378,F19,pre,I consent.,1,3,1,4,4,0,19,Asian,0,1,New,Native,United States,NA,Y,90 - 94.9,94,,7,,,,,,,,,,,,,,,,,,,,,,,,,,,,,0,1,0,1,0,0,0,0,0,0,0,0,0,0,0,1,0,1,0,1,0,0,0,0,5
F19_318,F19,pre,I consent.,1,3,3,3,4,2,19,Asian,1,1,New,Native,United States,NA,N,95 - 100,97,,4,,1250,,,,,,,,,,,,,,,,,,,,,,,,,,,1,0,1,1,1,0,1,1,1,1,1,0,0,1,1,1,1,1,1,0,1,0,1,0,17
F19_363,F19,pre,I consent.,1,3,1,5,5,2,18,White,0,0,New,Native,United States,NA,N,90 - 94.9,93,,,,,,,,,,,,,,,,,,,,,,,,,,,,,,,1,1,1,1,0,1,0,0,0,0,0,0,0,0,0,0,0,0,0,1,1,0,0,0,7
F19_059,F19,pre,I consent.,1,3,1,5,5,0,19,Asian,1,1,New,Native,United States,NA,Y,90 - 94.9,94,,,,,,,,,,,,,,,,,,,,,,,,,,,,,,,0,1,0,1,0,0,0,0,1,1,0,0,0,0,0,0,0,0,0,0,0,0,0,0,4
F19_297,F19,pre,I consent.,1,3,1,5,5,2,20,White,0,0,New,Native,United States,NA,Y,90 - 94.9,94,,4,,,,,,,,,,,,,,,,,,,,,,,,,,,,,1,1,0,0,1,0,0,1,1,1,0,0,0,0,1,1,1,0,1,0,0,0,0,0,10
F19_212,F19,pre,I consent.,1,4,1,5,5,3,19,White,1,1,New,Native,United States,NA,N,95 - 100,96,3.34,,,,,,,,,,,,,,,,,,,,,,,,,,,,,,0,0,1,1,0,0,0,1,0,1,0,0,1,0,0,0,1,0,0,1,0,1,1,0,9
F19_045,F19,pre,I consent.,2,4,1,5,5,2,19,,1,0,New,Native,United States,NA,N,95 - 100,99,,,,1560,,,,,,,,,,,,,,,,,,,,,,,,,,,1,1,1,0,1,0,0,1,1,1,1,1,1,1,1,1,0,1,1,1,1,0,1,1,19
F19_446,F19,pre,I consent.,2,3,1,5,5,0,19,Asian,0,0,New,Native,United States,NA,N,95 - 100,99,,8,,1520,,,,,,,,,,,,,,,,,,,,,,,,,,,1,0,0,0,1,0,0,1,1,1,1,0,1,1,1,1,0,1,1,1,1,1,1,0,16
F19_450,F19,pre,I consent.,1,3,2,3,3,3,19,Asian,1,1,Transfer,Native,United States,"$30,000-44,999",Y,95 - 100,96,3.41,,,,,,,,,,,,,,,,,,,,,,,,,,,,,,1,1,0,1,0,0,0,0,0,1,0,0,1,0,0,1,0,1,0,1,0,0,0,0,8
F19_328,F19,pre,I consent.,1,3,2,2,1,2,21,Asian,0,0,New,Alien Permanent,Chi,NA,Y,90 - 94.9,93,,7,,,,,,,,,,,,,,,,,,,,,,,,,,,,,1,1,1,1,1,0,0,1,1,1,0,0,1,1,1,1,0,1,0,1,1,1,1,1,18
F19_411,F19,pre,I consent.,1,4,2,5,5,2,19,Black/African American,0,1,New,Native,United States,NA,N,95 - 100,96,,,,,,,,,,,,,,,,,,,,,,,,,,,,,,,0,1,0,1,0,0,0,0,0,0,0,0,0,0,1,0,0,0,0,1,1,1,0,0,6
F19_389,F19,pre,I consent.,1,3,1,5,5,3,19,Asian,1,1,New,Native,United States,NA,N,95 - 100,95,,5,,,,,,,,,,,,,,,,,,,,,,,,,,,,,1,1,1,1,1,1,1,1,1,1,1,1,1,1,1,1,1,1,1,1,1,1,1,0,23
F19_270,F19,pre,I consent.,2,4,1,5,5,2,19,White,0,1,New,Native,United States,NA,N,95 - 100,96,,5,,1320,,,,,,,,,,,,,,,,,,,,,,,,,,,1,0,1,1,1,0,0,1,1,1,1,0,1,1,0,1,1,1,1,1,1,1,1,1,19
F19_429,F19,pre,I consent.,2,3,2,5,5,2,18,White,0,0,New,Native,United States,NA,Y,95 - 100,97,,,,,,,,,,,,,,,,,,,,,,,,,,,,,,,0,0,1,0,0,0,0,0,0,0,0,0,1,1,0,1,0,1,0,1,0,0,0,0,6
F19_189,F19,pre,I consent.,1,3,2,4,4,2,19,Asian,0,0,New,Native,United States,NA,N,90 - 94.9,94,,3,,,,,,,,,,,,,,,,,,,,,,,,,,,,,1,1,0,0,0,0,0,1,1,1,0,1,0,1,0,1,0,1,0,1,0,0,0,0,10
F19_179,F19,pre,I consent.,1,2,1,5,5,0,19,Asian,1,0,New,Alien Temporary,Sri Lanka,NA,Y,90 - 94.9,92,,3,,,,,,,,,,,,,,,,,,,,,,,,,,,,,0,1,0,0,0,0,1,0,0,1,0,0,0,0,0,1,0,1,0,1,0,1,0,0,7
F19_285,F19,pre,I consent.,1,3,2,5,5,2,18,Asian,0,1,New,Native,United States,NA,N,95 - 100,99,,5,,,,,,,,,,,,,,,,,,,,,,,,,,,,,0,1,1,0,0,0,0,1,0,0,0,1,0,0,0,1,0,0,0,0,1,0,0,1,7
F19_444,F19,pre,I consent.,2,3,1,3,3,0,18,White,1,1,New,Native,United States,NA,N,95 - 100,95,,,,,,,,,,,,,,,,,,,,,,,,,,,,,,,1,1,0,1,1,0,0,0,1,1,1,1,1,1,1,1,0,0,1,1,1,0,1,0,16
F19_332,F19,pre,I consent.,2,3,1,5,4,0,19,White,0,0,New,Native,United States,NA,N,90 - 94.9,92,,3,,,,,,,,,,,,,,,,,,,,,,,,,,,,,0,0,0,1,0,0,0,1,0,0,0,0,1,0,0,1,0,0,0,1,0,0,0,0,5
F19_290,F19,pre,I consent.,2,3,2,3,3,2,19,Asian,0,1,Transfer,Alien Permanent,Dominican Republic,"$30,000-44,999",Y,95 - 100,97,,,,,,,,,,,,,,,,,,,,,,,,,,,,,,,1,0,0,0,1,0,0,1,1,1,1,1,1,0,1,1,0,1,1,1,0,1,0,0,14
F19_383,F19,pre,I consent.,3,3,1,5,5,0,19,White,1,0,New,Native,United States,NA,N,90 - 94.9,93,3.84,6,,,,,,,,,,,,,,,,,,,,,,,,,,,,,1,1,1,0,1,0,0,1,1,1,1,1,0,1,0,1,0,0,1,0,1,1,1,1,16
F19_269,F19,pre,I consent.,2,3,1,4,5,0,19,White,0,0,New,Native,United States,NA,N,90 - 94.9,92,,3,,,,,,,,,,,,,,,,,,,,,,,,,,,,,1,1,1,1,1,0,1,1,1,1,1,0,1,1,1,1,0,1,1,0,1,0,1,1,19
F19_271,F19,pre,I consent.,1,3,1,5,5,2,19,White,0,1,New,Native,United States,NA,Y,95 - 100,96,,3,,,,,,,,,,,,,,,,,,,,,,,,,,,,,1,1,0,0,0,1,0,0,1,1,0,0,1,0,0,1,0,1,0,0,0,0,0,1,9
F19_395,F19,pre,I consent.,3,3,1,5,5,0,19,White,0,0,New,Native,United States,NA,Y,95 - 100,98,,3,,,,,,,,,,,,,,,,,,,,,,,,,,,,,1,1,0,1,1,0,0,1,1,1,1,1,0,1,1,1,0,1,0,0,1,1,1,0,16
F19_242,F19,pre,I consent.,1,4,1,4,4,3,19,Asian,0,0,New,Native,United States,NA,N,95 - 100,95,,7,,,,,,,,,,,,,,,,,,,,,,,,,,,,,1,1,1,1,1,0,0,1,1,1,0,1,1,1,1,1,1,1,1,1,1,1,1,1,21
F19_163,F19,pre,I consent.,1,3,1,5,5,2,19,White,1,1,New,Native,United States,NA,Y,90 - 94.9,91,,,,,,,,,,,,,,,,,,,,,,,,,,,,,,,1,0,0,1,0,0,0,1,0,1,0,0,1,0,1,1,0,0,0,1,0,0,0,0,8
F19_025,F19,pre,I consent.,2,4,1,5,5,0,19,White,1,0,New,Native,United States,NA,N,95 - 100,98,,,,1560,,,,,,,,,,,,,,,,,,,,,,,,,,,1,1,1,0,1,0,1,1,1,1,1,0,1,1,1,1,0,1,1,0,0,0,0,0,15
F19_248,F19,pre,I consent.,2,4,1,5,5,0,18,Asian,1,0,New,Alien Permanent,India,NA,N,95 - 100,96,,,,,,,,,,,,,,,,,,,,,,,,,,,,,,,1,1,1,0,1,1,0,1,1,1,1,1,1,1,1,1,0,1,1,1,1,1,1,1,21
F19_002,F19,pre,I consent.,2,4,2,5,5,2,19,Asian,0,0,New,Naturalized,Unknown,NA,N,95 - 100,99,,8,,,,,,,,,,,,,,,,,,,,,,,,,,,,,0,1,1,0,0,0,0,1,1,1,0,0,0,0,0,1,0,1,0,0,0,0,0,0,7
F19_146,F19,pre,I consent.,1,3,1,5,5,2,19,Black/African American,1,0,Transfer,Native,United States,"$185,000+",N,Unknown,,3.18,,,1190,,,,,,,,,,,,,,,,,,,,,,,,,,,0,0,0,0,0,1,1,0,0,0,0,1,0,0,0,1,1,0,0,0,0,0,0,0,5
F19_375,F19,pre,I consent.,1,3,2,4,5,2,18,Asian,0,0,New,Native,United States,NA,Y,90 - 94.9,92,,5,,,,,,,,,,,,,,,,,,,,,,,,,,,,,0,0,0,1,0,0,0,0,0,1,0,0,1,0,0,0,0,0,0,1,0,0,0,1,5
F19_371,F19,pre,I consent.,1,3,1,3,3,2,18,Asian,1,1,New,Native,United States,NA,Y,95 - 100,96,,4,,,,,,,,,,,,,,,,,,,,,,,,,,,,,1,1,1,1,1,0,0,1,1,1,0,0,1,1,1,1,1,0,1,1,0,1,0,0,16
F19_077,F19,pre,I consent.,2,4,1,5,5,0,18,Asian,0,1,New,Native,United States,NA,N,95 - 100,95,3.57,,,1410,,,,,,,,,,,,,,,,,,,,,,,,,,,0,1,0,1,0,0,0,0,1,1,0,0,1,0,0,1,0,0,1,0,1,0,0,0,8
F19_482,F19,pre,I consent.,1,3,1,5,5,2,19,Asian,1,1,New,Native,United States,NA,Y,85 - 89.9,89,,8,,,,,,,,,,,,,,,,,,,,,,,,,,,,,1,1,1,0,0,0,0,1,1,1,1,0,1,1,0,0,1,1,0,1,1,1,1,1,16
F19_309,F19,pre,I consent.,2,3,1,4,3,2,19,Asian,1,0,New,Native,United States,NA,N,95 - 100,97,,5,,1480,,,,,,,,,,,,,,,,,,,,,,,,,,,1,1,0,1,0,0,0,0,0,1,0,0,1,0,0,1,0,1,0,1,0,0,0,0,8
F19_100,F19,pre,I consent.,1,3,1,5,3,3,18,Asian,1,0,New,Native,United States,NA,Y,95 - 100,98,,,,,,,,,,,,,,,,,,,,,,,,,,,,,,,0,0,0,1,0,0,0,0,0,1,0,1,1,0,0,0,0,1,0,0,0,0,0,0,5
F19_439,F19,pre,I consent.,1,4,1,5,5,2,19,White,1,0,New,Native,United States,NA,N,95 - 100,96,,4,,1380,,,,,,,,,,,,,,,,,,,,,,,,,,,1,0,0,0,1,0,0,1,1,1,0,0,1,1,0,1,0,0,1,1,1,1,1,1,14
F19_316,F19,pre,I consent.,1,3,1,4,4,2,19,Hispanic of any race,1,0,New,Native,United States,NA,N,90 - 94.9,92,,6,,1190,,,,,,,,,,,,,,,,,,,,,,,,,,,1,1,1,1,1,0,1,1,1,1,1,0,1,0,1,1,1,0,1,1,1,1,0,0,18
F19_308,F19,pre,I consent.,2,3,1,5,5,0,19,,0,0,New,Native,United States,NA,N,90 - 94.9,91,,3,,1250,,,,,,,,,,,,,,,,,,,,,,,,,,,0,0,0,0,0,0,0,0,0,0,0,0,1,0,0,0,0,0,0,0,0,0,0,0,1
F19_015,F19,pre,I consent.,3,4,1,4,4,0,19,Asian,1,1,Transfer,Native,United States,NA,N,90 - 94.9,93,,5,,,,,,,,,,,,,,,,,,,,,,,,,,,,,0,0,1,0,0,0,0,0,0,0,0,1,0,1,0,1,0,0,0,1,1,1,0,0,7
F19_116,F19,pre,I consent.,1,3,1,4,4,2,18,Asian,0,1,New,Native,United States,NA,Y,95 - 100,95,,,,,,,,,,,,,,,,,,,,,,,,,,,,,,,1,1,1,0,1,1,0,0,1,1,0,1,0,0,1,1,0,1,1,0,0,0,0,0,12
F19_408,F19,pre,I consent.,1,3,2,4,3,3,21,Asian,1,0,New,Native,United States,NA,N,85 - 89.9,89,,7,,,,,,,,,,,,,,,,,,,,,,,,,,,,,0,1,1,0,1,1,0,1,1,1,1,1,1,0,1,1,1,1,0,1,1,0,0,0,16
F19_060,F19,pre,I consent.,1,4,1,5,5,3,18,Asian,0,0,New,Native,United States,NA,N,95 - 100,99,,,,,,,,,,,,,,,,,,,,,,,,,,,,,,,1,0,0,1,1,0,0,0,1,0,0,0,1,0,0,1,0,1,0,1,0,0,0,0,8
F19_464,F19,pre,I consent.,1,3,1,4,3,2,19,Asian,0,0,New,Native,United States,NA,N,95 - 100,98,,4,,1290,,,,,,,,,,,,,,,,,,,,,,,,,,,1,1,0,0,0,0,0,0,0,0,0,0,1,0,0,1,0,0,0,0,0,0,0,0,4
F19_200,F19,pre,I consent.,3,4,1,5,5,3,19,Asian,1,0,New,Native,United States,NA,N,90 - 94.9,91,,,,1480,,,,,,,,,,,,,,,,,,,,,,,,,,,0,1,0,1,0,1,1,0,0,1,0,0,1,0,0,1,0,0,0,1,1,1,0,1,11
F19_382,F19,pre,I consent.,2,3,1,5,5,2,19,Asian,0,0,New,Native,United States,NA,N,95 - 100,95,,4,,,,,,,,,,,,,,,,,,,,,,,,,,,,,1,1,0,0,1,1,1,1,1,1,1,1,1,1,1,1,0,1,1,0,1,0,1,1,19
F19_334,F19,pre,I consent.,1,3,1,5,3,2,19,Asian,1,1,New,Native,United States,NA,N,95 - 100,98,,5,,1440,,,,,,,,,,,,,,,,,,,,,,,,,,,1,1,0,0,1,0,0,1,1,1,0,1,1,0,0,0,0,1,1,1,0,0,1,1,13
F19_436,F19,pre,I consent.,1,3,2,4,4,0,19,Asian,1,0,New,Native,United States,NA,N,90 - 94.9,90,,5,,,,,,,,,,,,,,,,,,,,,,,,,,,,,1,1,1,1,1,0,0,1,1,1,1,0,1,1,1,1,0,1,1,1,1,1,1,1,20
F19_485,F19,pre,I consent.,1,3,2,3,4,3,20,Asian,1,0,New,Alien Permanent,Chi,NA,Y,95 - 100,95,,,3,,,,,,,,,,,,,,,,,,,,,,,,,,,,0,0,0,1,0,0,0,0,1,0,0,1,0,1,0,0,0,0,0,1,0,0,0,1,6
F19_038,F19,pre,I consent.,1,4,1,4,4,2,19,Asian,1,0,New,Native,United States,NA,N,95 - 100,99,,,,1560,,,,,,,,,,,,,,,,,,,,,,,,,,,1,1,1,0,1,0,0,1,1,1,0,1,1,1,1,1,0,1,1,1,0,0,1,1,17
F19_047,F19,pre,I consent.,2,4,1,5,4,0,18,Asian,1,0,New,Native,United States,NA,N,95 - 100,99,,7,,,,,,,,,,,,,,,,,,,,,,,,,,,,,1,1,1,1,1,0,0,1,1,1,1,1,1,1,1,1,0,1,1,0,1,1,1,0,19
F19_313,F19,pre,I consent.,1,4,1,4,4,2,19,White,1,1,New,Native,United States,NA,N,90 - 94.9,92,,9,,,,,,,,,,,,,,,,,,,,,,,,,,,,,1,1,1,1,1,0,1,1,1,1,1,1,1,0,1,1,0,1,1,1,1,1,1,0,20
F19_377,F19,pre,I consent.,1,3,2,2,2,0,19,Asian,1,1,New,Native,United States,NA,Y,95 - 100,98,,,3,,,,,,,,,,,,,,,,,,,,,,,,,,,,0,0,0,1,0,1,0,0,0,1,0,1,1,1,1,0,0,1,0,1,0,0,0,0,9
F19_176,F19,pre,I consent.,3,3,1,4,4,0,19,White,0,0,New,Native,United States,NA,N,90 - 94.9,94,,,,,,,,,,,,,,,,,,,,,,,,,,,,,,,1,0,0,1,1,1,1,1,1,1,0,0,0,0,1,1,0,1,1,1,0,0,1,0,14
F19_400,F19,pre,I consent.,1,3,1,5,3,2,19,,1,0,New,Native,United States,"$85,000-104,999",,95 - 100,97.5,,4,,,,,,,,,,,,,,,,,,,,,,,,,,,,,0,0,0,1,0,0,0,1,1,1,0,0,1,1,0,1,0,1,0,1,0,0,0,0,9
F19_150,F19,pre,I consent.,1,4,1,5,4,2,19,Asian,1,0,New,Native,United States,NA,Y,95 - 100,99,,7,,,,,,,,,,,,,,,,,,,,,,,,,,,,,1,1,1,1,1,1,1,1,1,1,1,0,0,1,1,1,0,1,1,1,1,0,0,1,19
F19_088,F19,pre,I consent.,1,4,1,4,4,2,19,Asian,0,0,New,Native,United States,NA,N,95 - 100,99,,,,1560,,,,,,,,,,,,,,,,,,,,,,,,,,,1,1,1,1,1,0,1,1,1,1,1,0,1,1,1,1,0,0,1,1,1,0,1,0,18
F19_134,F19,pre,I consent.,1,3,2,3,3,3,19,Asian,0,0,New,Native,United States,NA,Y,95 - 100,95,,,,,,,,,,,,,,,,,,,,,,,,,,,,,,,0,1,1,0,0,0,0,0,0,0,0,1,1,0,0,0,1,0,1,0,1,1,0,0,8
F19_247,F19,pre,I consent.,1,3,2,4,4,2,19,Asian,0,1,New,Native,United States,NA,Y,90 - 94.9,93,,3,,1290,,,,,,,,,,,,,,,,,,,,,,,,,,,0,0,0,1,0,0,0,0,0,0,0,0,1,0,0,0,1,0,0,0,0,0,0,0,3
F19_066,F19,pre,I consent.,1,2,1,4,5,2,19,Asian,1,0,New,Naturalized,Unknown,NA,N,90 - 94.9,92,,,,,,,,,,,,,,,,,,,,,,,,,,,,,,,1,0,1,0,0,0,0,0,0,1,0,1,1,0,1,1,0,1,0,0,0,0,0,0,8
F19_107,F19,pre,I consent.,1,4,1,5,4,2,19,White,0,0,New,Native,United States,NA,N,95 - 100,99,,9,,,,,,,,,,,,,,,,,,,,,,,,,,,,,1,1,0,0,1,0,0,1,1,1,1,0,1,1,0,1,0,0,0,0,1,0,0,1,12
F19_454,F19,pre,I consent.,1,3,1,5,5,2,19,White,0,0,New,Native,United States,NA,N,95 - 100,95,3.15,5,,,,,,,,,,,,,,,,,,,,,,,,,,,,,1,1,0,0,1,0,0,1,1,1,1,1,1,0,1,1,0,1,1,1,1,0,1,1,17
F19_145,F19,pre,I consent.,1,4,1,5,5,2,19,White,1,0,New,Native,United States,"$185,000+",,95 - 100,99,,9,,1520,,,,,,,,,,,,,,,,,,,,,,,,,,,1,1,1,0,1,1,0,1,1,1,1,1,1,0,1,1,0,0,1,0,0,0,0,0,14
F19_338,F19,pre,I consent.,2,3,1,5,4,0,19,White,0,0,New,Native,United States,NA,N,90 - 94.9,94,,6,,,,,,,,,,,,,,,,,,,,,,,,,,,,,1,1,1,0,1,0,0,1,1,1,0,0,1,0,1,1,1,0,1,1,1,1,0,1,16
F19_357,F19,pre,I consent.,1,3,1,3,3,2,19,Asian,1,0,New,Native,United States,NA,Y,90 - 94.9,91.1,,5,,,,,,,,,,,,,,,,,,,,,,,,,,,,,1,0,1,0,1,0,0,1,0,1,0,0,1,1,0,1,0,0,1,1,0,1,0,0,11
F19_274,F19,pre,I consent.,1,3,2,4,3,2,19,White,0,1,New,Native,United States,NA,N,95 - 100,96,,,,,,,,,,,,,,,,,,,,,,,,,,,,,,,1,1,1,1,1,0,0,1,1,1,0,1,0,1,0,1,0,0,0,1,0,0,0,0,12
F19_325,F19,pre,I consent.,2,3,1,5,5,0,19,White,1,1,New,Native,United States,NA,N,95 - 100,97,,,,,,,,,,,,,,,,,,,,,,,,,,,,,,,0,1,1,0,0,1,0,1,1,1,1,1,1,1,1,1,1,1,1,1,1,1,1,0,19
F19_484,F19,pre,I consent.,1,3,1,3,3,3,19,Asian,0,0,Transfer,Native,United States,NA,N,95 - 100,97,3.86,,,,,,,,,,,,,,,,,,,,,,,,,,,,,,0,1,0,0,0,0,0,0,0,1,0,0,0,0,0,1,0,1,0,1,0,0,0,0,5
F19_462,F19,pre,I consent.,1,3,2,3,2,2,19,Asian,0,1,New,Native,United States,NA,Y,90 - 94.9,93,,5,,,,,,,,,,,,,,,,,,,,,,,,,,,,,1,0,1,1,1,0,0,1,1,1,0,0,1,0,0,1,1,1,0,0,1,0,0,0,12
F19_366,F19,pre,I consent.,1,3,1,4,3,3,19,Asian,0,1,New,Native,United States,NA,Y,90 - 94.9,93,,5,,,,,,,,,,,,,,,,,,,,,,,,,,,,,1,1,1,0,1,0,0,1,1,1,0,0,1,1,1,1,0,1,1,0,1,1,0,0,15
F19_155,F19,pre,I consent.,2,3,1,5,5,2,18,Asian,0,0,New,Native,United States,NA,N,90 - 94.9,91,,5,,,,,,,,,,,,,,,,,,,,,,,,,,,,,0,0,0,0,0,0,0,0,0,0,0,0,0,0,0,0,0,0,0,1,0,0,0,1,2
F19_479,F19,pre,I consent.,2,3,2,4,4,0,18,Asian,0,0,New,Alien Temporary,Hong Kong,NA,N,Below 75,71,,,3,,,,,,,,,,,,,,,,,,,,,,,,,,,,0,0,0,0,0,0,0,1,0,0,0,1,1,0,0,0,0,0,0,1,0,0,0,0,4
F19_390,F19,pre,I consent.,1,3,1,4,4,2,19,Asian,1,0,New,Native,United States,NA,N,95 - 100,97,,3,,,,,,,,,,,,,,,,,,,,,,,,,,,,,1,1,1,1,1,0,0,1,1,1,1,1,0,1,1,1,0,1,1,1,0,0,0,1,17
F19_182,F19,pre,I consent.,2,4,1,5,5,2,18,Hispanic of any race,0,0,New,Native,United States,NA,Y,95 - 100,99,,5,,1350,,,,,,,,,,,,,,,,,,,,,,,,,,,1,1,1,0,0,0,0,0,1,1,0,1,1,0,1,1,0,0,0,1,0,0,0,1,11
F19_207,F19,pre,I consent.,1,4,1,5,5,2,18,Hispanic of any race,1,0,New,Native,United States,NA,N,95 - 100,99,,,,,,,,,,,,,,,,,,,,,,,,,,,,,,,1,1,1,1,1,0,0,1,1,1,1,1,1,1,1,1,1,0,1,1,1,1,0,0,19
F19_326,F19,pre,I consent.,1,3,1,5,5,0,18,Black/African American,0,0,Transfer,Native,United States,NA,N,90 - 94.9,94,3.68,,,1050,,,,,,,,,,,,,,,,,,,,,,,,,,,1,0,0,1,0,0,0,0,0,0,0,0,0,0,0,0,0,1,0,0,0,0,0,0,3
F19_252,F19,pre,I consent.,1,3,1,5,5,2,19,Asian,0,1,New,Naturalized,India,NA,N,95 - 100,95,,,,,,,,,,,,,,,,,,,,,,,,,,,,,,,0,0,0,1,0,0,0,1,0,0,0,0,0,0,0,1,0,0,0,1,0,0,0,0,4
F19_424,F19,pre,I consent.,2,4,2,5,4,0,19,Asian,1,1,New,Native,United States,NA,N,95 - 100,99,,,,,,,,,,,,,,,,,,,,,,,,,,,,,,,1,1,0,0,0,0,0,0,0,1,0,0,1,0,0,1,0,0,0,1,0,0,0,0,6
F19_065,F19,pre,I consent.,2,3,1,3,3,2,19,White,1,0,New,Native,United States,NA,Y,95 - 100,95,,3,,,,,,,,,,,,,,,,,,,,,,,,,,,,,1,0,1,1,1,1,0,1,1,1,1,1,1,1,1,1,1,0,1,1,1,1,0,0,19
F19_093,F19,pre,I consent.,1,4,2,4,4,2,19,Asian,1,1,New,Naturalized,Bangladesh,NA,N,95 - 100,98,,,,,,,,,,,,,,,,,,,,,,,,,,,,,,,1,1,1,1,1,1,0,1,1,0,0,0,1,0,1,0,0,0,1,0,0,0,0,0,11
F19_449,F19,pre,I consent.,1,3,1,5,5,0,19,Asian,0,1,Transfer,Native,United States,"$85,000-104,999",Y,90 - 94.9,94,3.9,,,,,,,,,,,,,,,,,,,,,,,,,,,,,,0,0,0,0,0,0,0,0,0,1,0,0,1,1,0,0,0,0,0,1,1,0,0,0,5
F19_398,F19,pre,I consent.,1,3,1,3,4,0,19,Hispanic of any race,0,0,New,Naturalized,Unknown,NA,N,90 - 94.9,93,,3,3,,,,,,,,,,,,,,,,,,,,,,,,,,,,0,0,1,0,0,1,0,0,1,0,0,1,1,0,1,0,0,0,0,1,0,0,0,1,8
F19_083,F19,pre,I consent.,1,3,2,5,4,2,19,White,0,0,New,Alien Permanent,France,NA,N,95 - 100,98,,,,,,,,,,,,,,,,,,,,,,,,,,,,,,,1,0,0,1,0,1,0,0,1,1,0,0,0,1,1,0,0,1,0,1,1,0,0,0,10
F19_476,F19,pre,I consent.,1,3,1,5,4,3,19,Asian,1,0,New,Native,United States,NA,Y,90 - 94.9,93,,8,,,,,,,,,,,,,,,,,,,,,,,,,,,,,1,1,0,0,1,0,1,1,1,1,1,0,1,1,1,1,0,0,1,1,1,1,1,0,17
F19_434,F19,pre,I consent.,1,3,2,5,5,2,19,Hispanic of any race,0,1,New,Native,United States,NA,Y,90 - 94.9,94,,3,,,,,,,,,,,,,,,,,,,,,,,,,,,,,1,0,0,1,0,0,0,0,0,0,0,0,1,0,0,0,0,1,0,0,0,0,0,0,4
F19_282,F19,pre,I consent.,1,3,1,5,4,3,19,Asian,0,0,Other,Native,United States,NA,N,95 - 100,95,,4,,,,,,,,,,,,,,,,,,,,,,,,,,,,,1,1,0,0,1,0,0,1,1,1,1,0,0,0,1,1,1,1,1,1,0,0,0,0,13
F19_005,F19,pre,I consent.,1,4,1,4,4,2,18,Asian,1,0,New,Alien Temporary,Pakistan,NA,N,95 - 100,99,,,,1410,,,,,,,,,,,,,,,,,,,,,,,,,,,1,1,0,0,1,1,1,0,1,1,0,0,1,0,1,1,0,1,1,0,0,0,0,0,12
F19_058,F19,pre,I consent.,2,3,1,5,5,0,19,Asian,0,0,New,Native,United States,NA,N,90 - 94.9,94,,,,,,,,,,,,,,,,,,,,,,,,,,,,,,,1,0,1,0,0,0,0,0,0,1,0,1,0,1,0,1,0,0,0,1,0,0,0,0,7
F19_043,F19,pre,I consent.,1,3,1,4,4,3,19,Asian,0,0,New,Native,United States,NA,Y,90 - 94.9,94,,,,,,,,,,,,,,,,,,,,,,,,,,,,,,,1,0,1,0,1,0,0,1,1,1,0,0,0,1,1,1,0,1,1,0,1,1,0,1,14
F19_250,F19,pre,I consent.,1,3,1,4,4,2,18,Asian,1,1,New,Native,United States,NA,N,90 - 94.9,93,,,,,,,,,,,,,,,,,,,,,,,,,,,,,,,1,1,1,1,1,1,1,1,1,1,1,0,1,1,1,1,0,1,1,1,1,0,1,0,20
F19_337,F19,pre,I consent.,2,4,1,5,5,0,18,Asian,1,0,New,Native,United States,NA,N,95 - 100,98,,8,,1600,,,,,,,,,,,,,,,,,,,,,,,,,,,1,1,0,1,1,0,1,1,1,1,1,1,1,1,1,1,0,1,1,0,1,1,1,1,20
F19_426,F19,pre,I consent.,1,3,1,4,3,3,19,White,0,0,New,Native,United States,NA,N,90 - 94.9,94,,3,,,,,,,,,,,,,,,,,,,,,,,,,,,,,0,1,0,1,0,0,0,0,0,0,0,1,1,0,0,1,0,1,0,1,0,0,0,1,8
F19_153,F19,pre,I consent.,1,3,1,5,4,2,19,Asian,1,0,New,Native,United States,NA,N,95 - 100,95,,4,,,,,,,,,,,,,,,,,,,,,,,,,,,,,1,0,1,0,0,1,0,1,0,1,0,1,0,0,1,0,0,0,0,0,1,0,0,1,9
F19_090,F19,pre,I consent.,1,4,1,5,5,2,19,White,0,0,New,Native,United States,NA,N,95 - 100,97,4,,,,,,,,,,,,,,,,,,,,,,,,,,,,,,1,0,0,1,1,0,0,1,1,1,1,0,1,1,1,1,0,0,0,1,1,1,0,0,14
F19_062,F19,pre,I consent.,1,4,1,5,5,2,19,Asian,0,0,New,Native,United States,NA,Y,95 - 100,99,,,,,,,,,,,,,,,,,,,,,,,,,,,,,,,0,0,0,1,0,0,0,0,0,1,0,0,1,1,0,0,0,1,0,0,0,0,0,0,5
F19_397,F19,pre,I consent.,2,4,2,4,4,0,19,White,1,0,New,Naturalized,Poland,NA,N,90 - 94.9,92,,,,,,,,,,,,,,,,,,,,,,,,,,,,,,,1,0,1,0,1,0,0,1,1,1,0,1,1,1,1,1,0,1,1,1,1,1,1,0,17
F19_255,F19,pre,I consent.,3,3,2,2,4,2,19,Hispanic of any race,1,1,New,Native,United States,NA,Y,85 - 89.9,88,,4,3,,,,,,,,,,,,,,,,,,,,,,,,,,,,1,0,1,1,0,1,0,0,0,1,0,0,1,0,0,0,0,0,0,1,0,0,0,0,7
F19_471,F19,pre,I consent.,1,3,1,4,4,3,19,Hispanic of any race,0,1,New,Native,United States,NA,N,95 - 100,98,,3,,,,,,,,,,,,,,,,,,,,,,,,,,,,,1,0,1,0,1,1,1,1,1,1,1,0,1,0,1,1,0,1,1,0,1,1,1,1,18
F19_475,F19,pre,I consent.,1,3,1,4,4,2,18,Asian,1,0,New,Native,United States,NA,N,90 - 94.9,92,,5,,,,,,,,,,,,,,,,,,,,,,,,,,,,,0,0,1,0,1,0,0,1,1,1,0,1,1,0,0,1,0,1,1,1,0,0,1,0,12
F19_489,F19,pre,I consent.,1,3,1,3,2,2,18,Asian,1,1,New,Native,United States,NA,Y,90 - 94.9,91,,5,,,,,,,,,,,,,,,,,,,,,,,,,,,,,0,1,0,1,1,0,0,0,0,1,0,1,0,0,0,1,0,1,0,0,0,0,1,0,8
F19_303,F19,pre,I consent.,2,3,1,4,4,0,19,Asian,1,1,New,Native,United States,NA,N,95 - 100,97,,5,,,,,,,,,,,,,,,,,,,,,,,,,,,,,0,0,0,1,0,0,0,0,1,1,0,0,0,1,0,1,0,1,0,1,0,0,0,1,8
F19_388,F19,pre,I consent.,2,3,2,5,5,0,19,Asian,1,1,New,Native,United States,NA,N,90 - 94.9,94,,,,,,,,,,,,,,,,,,,,,,,,,,,,,,,1,1,0,0,1,0,0,1,1,1,1,1,1,1,1,1,0,0,1,1,0,0,1,1,16
F19_236,F19,pre,I consent.,1,3,2,2,2,2,19,Asian,0,0,New,Native,United States,NA,Y,90 - 94.9,91,,5,,,,,,,,,,,,,,,,,,,,,,,,,,,,,1,1,0,0,0,0,0,1,1,1,0,0,0,0,1,1,0,1,0,0,1,0,1,0,10
F19_353,F19,pre,I consent.,1,4,3,5,5,2,19,Asian,0,0,New,Native,United States,NA,Y,95 - 100,99,,8,,1520,,,,,,,,,,,,,,,,,,,,,,,,,,,0,0,0,1,0,0,0,0,1,1,0,0,0,1,0,1,0,1,0,1,1,0,0,0,8
F19_193,F19,pre,I consent.,2,3,1,5,5,0,18,Asian,0,0,New,Native,United States,NA,N,90 - 94.9,93,,3,,,,,,,,,,,,,,,,,,,,,,,,,,,,,0,1,1,0,0,0,0,1,0,1,0,1,0,1,0,1,0,0,1,0,1,0,1,0,10
F19_125,F19,pre,I consent.,2,3,1,3,3,0,19,Asian,0,1,New,Native,United States,NA,Y,90 - 94.9,93,,5,,1410,,,,,,,,,,,,,,,,,,,,,,,,,,,1,1,1,1,0,1,0,1,1,1,0,1,1,1,0,1,0,1,0,1,0,0,0,1,15
F19_103,F19,pre,I consent.,1,3,1,4,4,2,19,Asian,1,0,New,Native,United States,NA,N,90 - 94.9,92,,,,,,,,,,,,,,,,,,,,,,,,,,,,,,,1,0,0,1,1,0,1,1,1,1,1,0,1,1,1,0,1,0,1,0,1,1,0,0,15
F19_087,F19,pre,I consent.,1,3,2,4,4,3,19,Asian,0,1,New,Alien Permanent,"Korea, Republic of",NA,N,95 - 100,98,,8,,,,,,,,,,,,,,,,,,,,,,,,,,,,,1,1,1,1,0,1,0,0,0,1,0,0,1,0,1,0,1,0,1,0,0,0,0,0,10
F19_260,F19,pre,I consent.,2,3,1,5,5,0,19,Asian,1,0,New,Native,United States,NA,Y,90 - 94.9,92,,3,,,,,,,,,,,,,,,,,,,,,,,,,,,,,0,1,0,0,0,0,0,1,0,1,0,0,1,0,0,0,0,0,0,1,0,0,0,1,6
F19_123,F19,pre,I consent.,1,4,2,4,4,3,18,Asian,1,0,New,Naturalized,Unknown,NA,N,95 - 100,95.64,,,,,,,,,,,,,,,,,,,,,,,,,,,,,,,1,0,0,0,1,0,0,0,1,0,1,1,1,1,1,1,0,1,1,1,1,0,0,0,13
F19_018,F19,pre,I consent.,2,5,1,4,4,0,21,Hispanic of any race,0,1,Transfer,Native,United States,"$0-14,999",,Unknown,,3.6,2,,,,,,,,,,,,,,,,,,,,,,,,,,,,,0,1,0,1,0,0,0,1,0,0,0,1,0,0,0,0,0,0,0,1,0,0,0,1,6
F19_159,F19,pre,I consent.,2,3,1,3,3,0,20,White,1,0,New,Alien Temporary,Cada,"$125,000-144,999",,85 - 89.9,88,,,3,950,490,460,450,7,950,,,,,,,,,,,,,,,,,,,,,,1,1,1,0,1,1,0,0,0,1,0,0,1,0,1,1,0,0,0,1,0,0,0,0,10
F19_295,F19,pre,I consent.,1,3,1,4,4,2,18,Asian,1,1,New,Native,United States,NA,Y,95 - 100,95,,5,,,,,,,,,,,,,,,,,,,,,,,,,,,,,1,0,1,0,0,0,0,1,1,1,1,0,1,0,1,1,0,1,0,0,1,0,1,0,12
F19_167,F19,pre,I consent.,1,4,2,2,1,0,19,Asian,1,1,New,Native,United States,NA,Y,90 - 94.9,93,,,,,,,,,,,,,,,,,,,,,,,,,,,,,,,1,0,1,0,1,0,0,1,1,1,1,0,1,1,1,1,0,1,1,1,1,0,1,1,17
F19_127,F19,pre,I consent.,1,3,2,4,4,2,18,Hispanic of any race,0,0,New,Native,United States,NA,Y,95 - 100,96,,,,,,,,,,,,,,,,,,,,,,,,,,,,,,,0,0,0,1,0,0,0,0,0,1,0,1,1,0,0,0,0,0,0,0,1,0,0,0,5
F19_324,F19,pre,I consent.,1,3,1,4,3,3,19,Asian,1,0,New,Native,United States,NA,N,95 - 100,99,,,,,,,,,,,,,,,,,,,,,,,,,,,,,,,1,1,1,1,1,0,0,1,1,1,1,1,1,1,1,1,0,1,1,1,1,1,1,0,20
F19_006,F19,pre,I consent.,1,4,1,5,3,2,19,Asian,0,0,New,Native,United States,NA,N,90 - 94.9,94,,5,,,,,,,,,,,,,,,,,,,,,,,,,,,,,1,1,1,1,1,0,0,1,1,1,1,1,1,1,1,1,1,1,1,1,1,0,1,0,20
F19_154,F19,pre,I consent.,1,4,1,5,5,2,19,Asian,1,0,New,Native,United States,NA,N,95 - 100,99,,9,,,,,,,,,,,,,,,,,,,,,,,,,,,,,0,1,1,1,0,0,1,1,1,0,0,0,0,0,0,0,0,0,0,1,1,0,0,1,9
F19_294,F19,pre,I consent.,2,3,1,5,5,0,19,Asian,0,1,New,Native,United States,NA,N,90 - 94.9,93,,5,,,,,,,,,,,,,,,,,,,,,,,,,,,,,1,1,1,1,1,0,0,1,1,1,1,1,1,1,1,1,0,1,1,1,1,1,1,1,21
F19_360,F19,pre,I consent.,2,4,2,3,3,0,20,Asian,1,1,New,Naturalized,"Korea, Republic of",NA,N,95 - 100,98,,,,,,,,,,,,,,,,,,,,,,,,,,,,,,,1,0,1,1,1,1,0,1,1,1,0,0,0,1,1,1,0,0,1,1,1,1,1,0,16
F19_420,F19,pre,I consent.,1,3,1,4,4,2,19,Asian,0,1,New,Native,United States,NA,Y,95 - 100,98,,4,,,,,,,,,,,,,,,,,,,,,,,,,,,,,0,0,1,1,1,0,0,1,0,1,0,0,1,0,1,0,1,0,0,0,0,1,0,1,10
F19_469,F19,pre,I consent.,1,3,2,3,2,2,18,Asian,1,0,New,Native,United States,NA,Y,95 - 100,99,,7,,,,,,,,,,,,,,,,,,,,,,,,,,,,,1,1,1,1,1,1,0,1,1,1,1,1,1,1,1,1,0,1,1,1,1,1,1,1,22
F19_246,F19,pre,I consent.,2,3,1,4,4,2,19,Asian,0,0,New,Native,United States,NA,Y,90 - 94.9,92,,4,,,,,,,,,,,,,,,,,,,,,,,,,,,,,0,0,0,0,0,1,0,0,0,0,0,0,0,0,0,0,0,1,0,1,0,0,0,1,4
F19_114,F19,pre,I consent.,1,4,1,5,5,2,19,Asian,1,1,New,Native,United States,NA,Y,90 - 94.9,94,,,,1520,,,,,,,,,,,,,,,,,,,,,,,,,,,1,1,1,0,1,1,0,1,1,1,1,0,1,1,1,1,1,1,1,1,1,0,1,1,20
F19_361,F19,pre,I consent.,2,3,1,4,4,3,19,Asian,0,1,New,Native,United States,NA,N,90 - 94.9,94,,,,1520,,,,,,,,,,,,,,,,,,,,,,,,,,,0,0,1,1,1,0,0,1,1,1,1,1,0,1,1,1,0,1,0,0,1,1,1,1,16
F19_399,F19,pre,I consent.,3,3,2,3,2,2,19,Hispanic of any race,0,1,New,Native,United States,NA,Y,95 - 100,95,,6,,,,,,,,,,,,,,,,,,,,,,,,,,,,,1,0,1,1,0,0,0,0,1,1,0,1,0,0,0,0,1,0,0,0,0,0,0,1,8
F19_463,F19,pre,I consent.,1,3,1,5,5,2,19,Asian,0,1,New,Native,United States,NA,N,95 - 100,95,,4,,,,,,,,,,,,,,,,,,,,,,,,,,,,,1,0,1,1,1,0,0,1,1,1,0,1,1,1,1,1,0,1,1,1,0,0,0,0,15
F19_307,F19,pre,I consent.,2,3,2,5,5,2,18,Asian,0,0,New,Native,United States,NA,Y,95 - 100,98,,,,,,,,,,,,,,,,,,,,,,,,,,,,,,,0,0,0,1,1,0,0,0,0,1,0,1,1,0,0,1,0,0,0,1,0,0,0,1,8
F19_140,F19,pre,I consent.,2,4,1,2,2,0,19,Asian,1,0,New,Native,United States,NA,Y,95 - 100,95,,,,,,,,,,,,,,,,,,,,,,,,,,,,,,,1,0,1,0,0,0,0,1,1,0,0,1,1,0,1,1,0,1,0,1,1,0,1,1,13
F19_370,F19,pre,I consent.,2,3,2,5,5,0,19,Asian,0,1,New,Native,United States,NA,Y,85 - 89.9,88,,3,,,,,,,,,,,,,,,,,,,,,,,,,,,,,1,1,0,1,0,0,0,0,1,1,0,0,1,0,0,1,0,1,0,1,0,0,0,1,10
F19_373,F19,pre,I consent.,2,3,1,3,3,0,19,Asian,0,0,New,Native,United States,NA,N,95 - 100,99,,,,,,,,,,,,,,,,,,,,,,,,,,,,,,,1,0,0,1,0,0,0,1,0,1,0,0,1,1,1,1,0,1,0,1,1,0,0,0,11
F19_359,F19,pre,I consent.,1,3,1,5,5,2,19,Hispanic of any race,0,1,New,Native,United States,NA,Y,95 - 100,99,,4,,,,,,,,,,,,,,,,,,,,,,,,,,,,,1,1,0,1,1,0,0,1,1,1,1,0,1,0,0,0,0,1,1,0,1,0,0,0,12
F19_364,F19,pre,I consent.,3,3,1,5,5,0,18,White,1,1,New,Native,United States,NA,Y,90 - 94.9,93,,5,,,,,,,,,,,,,,,,,,,,,,,,,,,,,0,0,1,1,0,0,0,1,0,1,0,0,0,0,0,0,0,1,0,1,0,0,0,0,6
F19_109,F19,pre,I consent.,1,3,2,2,2,2,19,Asian,0,1,New,Alien Permanent,Chi,NA,Y,90 - 94.9,94,,,,,,,,,,,,,,,,,,,,,,,,,,,,,,,0,1,1,1,0,0,0,1,1,1,0,1,1,1,1,1,0,1,1,1,1,0,0,0,15
F19_427,F19,pre,I consent.,1,3,1,5,4,0,19,,0,0,New,Native,United States,NA,N,90 - 94.9,93,,3,,,,,,,,,,,,,,,,,,,,,,,,,,,,,0,0,1,0,0,0,0,1,1,0,0,0,1,0,0,1,0,0,0,1,0,0,0,0,6
F19_034,F19,pre,I consent.,1,5,1,5,5,0,21,White,1,1,Transfer,Native,United States,NA,N,NA,,4,4,,,,,,,,,,,,,,,,,,,,,,,,,,,,,1,1,0,0,1,1,1,1,1,1,1,0,1,1,1,1,1,1,1,1,0,0,1,0,18
F19_323,F19,pre,I consent.,2,4,2,1,1,0,21,Asian,1,0,Transfer,Alien Temporary,Chi,NA,,NA,,3.62,,,,,,,,,,,,,,,,,,,,,,,,,,,,,,0,1,0,1,0,0,0,0,0,1,0,0,1,0,1,0,1,0,0,0,0,1,0,1,8
F19_265,F19,pre,I consent.,3,4,1,5,5,0,20,Asian,0,0,Transfer,Alien Temporary,India,"$45,000-64,999",,Unknown,,3.9,,,,,,,,,,,,,,,,,,,,,,,,,,,,,,1,1,1,1,1,1,1,1,1,1,1,1,1,1,1,1,1,1,1,0,1,1,0,0,21
F19_406,F19,pre,I consent.,1,3,2,3,3,0,20,Hispanic of any race,1,1,Transfer,Naturalized,Dominican Republic,NA,Y,NA,,3.97,2.5,,,,,,,,,,,,,,,,,,,,,,,,,,,,,0,1,1,0,0,0,1,1,1,1,1,0,1,1,1,1,1,1,0,1,1,0,0,1,16
F19_413,F19,pre,I consent.,3,3,1,5,5,0,19,White,0,0,New,Native,United States,NA,N,90 - 94.9,91,,4,,,,,,,,,,,,,,,,,,,,,,,,,,,,,1,0,0,1,0,0,0,0,0,1,0,0,0,0,0,0,0,0,0,0,0,1,0,0,4
F19_299,F19,pre,I consent.,1,5,2,5,5,3,21,Hispanic of any race,0,1,Transfer,Native,United States,NA,,NA,,2.79,,,,,,,,,,,,,,,,,,,,,,,,,,,,,,0,1,0,0,0,0,0,0,1,1,1,0,1,0,0,0,0,1,1,1,0,0,0,0,8
F19_206,F19,pre,I consent.,2,5,2,4,4,0,25,Asian,0,1,Transfer,Alien Permanent,Bangladesh,"$15,000-29,999",,Unknown,,3.62,4,3,,,,,,,,,,,,,,,,,,,,,,,,,,,,1,0,0,1,1,0,0,1,0,1,0,0,0,0,0,0,0,0,0,0,0,1,1,0,7
F19_300,F19,pre,I consent.,1,4,1,5,3,0,22,White,0,0,Transfer,Native,United States,"$85,000-104,999",,Unknown,,,3,,1070,490,580,520,6,1070,,,,,,,,,,,,,,,,,,,,,,0,0,0,1,0,0,0,0,0,0,0,0,1,0,0,1,0,1,0,0,0,0,0,0,4
F19_311,F19,pre,I consent.,2,4,3,5,5,2,21,White,1,0,Transfer,Alien Temporary,Turkey,"$15,000-29,999",,Unknown,,3.79,,,,,,,,,,,,,,,,,,,,,,,,,,,,,,1,0,0,1,0,1,0,0,1,1,0,0,1,1,1,1,0,1,0,1,0,0,0,0,11
F19_073,F19,pre,I consent.,1,4,1,2,2,3,21,Hispanic of any race,1,0,Transfer,Native,United States,"$45,000-64,999",,Unknown,,3.5,3,,,,,,,,,,,,,,,,,,,,,,,,,,,,,0,0,0,0,0,0,0,0,0,1,0,1,0,0,1,0,1,0,0,0,0,0,1,1,6
F19_133,F19,pre,I consent.,2,4,1,4,3,2,20,,0,0,Transfer,Native,United States,NA,,NA,,3.1,,,,,,,,,,,,,,,,,,,,,,,,,,,,,,0,0,0,1,1,0,0,0,0,1,0,0,0,0,0,1,0,0,0,1,0,1,0,1,7
F19_048,F19,pre,I consent.,1,3,2,5,5,2,22,Asian,0,0,Transfer,Alien Temporary,"Korea, Republic of","$185,000+",,Unknown,,3.64,,,,,,,,,,,,,,,,,,,,,,,,,,,,,,0,0,0,0,1,1,0,1,0,0,0,1,0,0,0,1,0,0,0,1,0,0,0,1,7
F19_221,F19,pre,I consent.,1,4,1,4,4,0,23,White,1,0,Transfer,Native,United States,"$0-14,999",,Unknown,,,4,,,,,,,,,,,,,,,,,,,,,,,,,,,,,1,1,0,0,1,0,1,1,1,1,0,0,1,1,1,1,0,1,1,1,1,1,1,1,18
F19_448,F19,pre,I consent.,2,5,1,5,5,0,26,White,0,0,Transfer,Native,United States,NA,,75 - 79.9,76,3.35,3,,,,,,,,,,,,,,,,,,,,,,,,,,,,,1,1,0,0,0,0,0,0,0,0,0,1,1,0,0,1,0,1,0,1,0,0,0,0,7
F19_465,F19,pre,I consent.,1,4,1,4,4,0,21,White,0,1,Transfer,Native,United States,"$15,000-29,999",,Unknown,,4,,,,,,,,,,,,,,,,,,,,,,,,,,,,,,0,0,0,0,0,0,0,0,0,1,0,0,1,0,0,1,0,0,0,1,0,0,0,0,4
F19_272,F19,pre,I consent.,1,2,1,5,4,0,18,White,0,0,New,Native,United States,NA,N,90 - 94.9,90,,2.5,3,1150,,,,,,,,,,,,,,,,,,,,,,,,,,,0,1,0,1,0,1,0,0,1,1,0,1,1,0,0,0,1,0,0,1,1,0,0,1,11
F19_480,F19,pre,I consent.,1,2,1,5,5,2,18,Asian,0,0,New,Native,United States,NA,Y,90 - 94.9,92,,7,,,,,,,,,,,,,,,,,,,,,,,,,,,,,1,0,1,1,0,0,0,0,1,1,0,0,1,0,0,1,0,1,0,1,1,0,0,0,10
F19_101,F19,pre,I consent.,1,2,1,4,3,0,18,White,0,0,Transfer,Native,United States,NA,N,90 - 94.9,94,4,4,,,,,,,,,,,,,,,,,,,,,,,,,,,,,1,1,0,1,1,0,0,0,0,0,0,1,1,0,0,1,0,1,0,1,0,0,0,0,9
F19_075,F19,pre,I consent.,1,4,1,5,4,3,20,Asian,1,1,Transfer,Native,United States,"$15,000-29,999",,Unknown,,2.94,,,,,,,,,,,,,,,,,,,,,,,,,,,,,,1,1,0,0,1,0,0,1,0,0,0,0,0,0,1,1,0,1,0,0,1,0,0,0,8
F19_118,F19,pre,I consent.,1,4,2,1,0,2,20,Asian,1,1,Transfer,Alien Permanent,Chi,"$0-14,999",,Unknown,,3.85,,,,,,,,,,,,,,,,,,,,,,,,,,,,,,0,0,0,0,0,0,0,0,0,1,0,1,1,0,0,1,0,1,0,1,0,0,0,0,6
F19_092,F19,pre,I consent.,1,3,2,3,4,0,19,Asian,0,1,Transfer,Alien Permanent,Pakistan,"$45,000-64,999",,Unknown,,3.7,,,,,,,,,,,,,,,,,,,,,,,,,,,,,,0,0,0,0,0,0,0,0,0,1,0,0,0,0,0,0,0,0,0,1,1,0,0,0,3
F19_173,F19,pre,I consent.,1,4,2,5,5,3,21,Asian,0,1,Transfer,Naturalized,Unknown,"105,000-124,999",,Unknown,,3.35,,,,,,,,,,,,,,,,,,,,,,,,,,,,,,0,1,1,0,0,0,0,1,1,1,0,0,0,1,0,1,0,1,0,0,0,0,0,0,8
F19_327,F19,pre,I consent.,1,4,1,5,5,0,19,White,0,0,Transfer,Native,United States,NA,,NA,,3.69,3,,,,,,,,,,,,,,,,,,,,,,,,,,,,,0,0,0,0,0,0,0,0,0,1,0,1,0,0,0,0,0,0,0,1,0,0,0,0,3
F19_442,F19,pre,I consent.,1,2,1,5,5,2,19,White,0,0,Transfer,Native,United States,NA,N,90 - 94.9,91,,5,,,,,,,,,,,,,,,,,,,,,,,,,,,,,1,1,1,1,0,1,0,1,1,1,0,0,0,1,0,1,1,0,0,1,0,0,0,0,12
F19_177,F19,pre,I consent.,1,4,1,5,4,0,31,White,0,1,Transfer,Native,United States,"$0-14,999",,80 - 84.9,81,2.77,1,3,,,,,,,,,,,,,,,,,,,,,,,,,,,,0,1,0,1,0,0,0,0,0,0,0,0,1,1,0,0,0,1,0,0,0,0,0,0,5
F19_085,F19,pre,I consent.,1,4,1,4,4,3,26,White,1,1,Transfer,Native,United States,NA,,NA,,3.2,,,,,,,,,,,,,,,,,,,,,,,,,,,,,,1,1,1,1,1,0,0,1,1,1,0,0,1,1,1,1,0,1,1,1,1,0,0,0,16
F19_333,F19,pre,I consent.,1,3,1,4,2,0,19,Asian,0,1,Transfer,Native,United States,"$125,000-144,999",,95 - 100,96,3.88,,,,,,,,,,,,,,,,,,,,,,,,,,,,,,1,1,0,0,0,1,0,1,0,0,0,1,0,0,0,0,0,0,0,1,0,1,1,0,8
F19_315,F19,pre,I consent.,1,3,1,4,4,2,24,White,1,0,Transfer,Native,United States,"$65,000-84,999",,90 - 94.9,93,,4,,1320,510,600,570,8,1110,,,,,,,,,,,,,,,,,,,,,,1,1,0,1,1,1,1,1,1,1,1,1,1,1,1,1,0,1,1,1,0,0,1,0,19
F19_459,F19,pre,I consent.,1,3,2,4,4,3,19,Hispanic of any race,1,1,Transfer,Native,United States,"$0-14,999",,90 - 94.9,91,4,,,,,,,,,,,,,,,,,,,,,,,,,,,,,,0,0,0,1,1,0,0,1,1,1,0,1,1,1,1,1,0,0,1,1,1,0,0,0,13
F19_347,F19,pre,I consent.,1,4,1,5,5,2,19,White,1,0,Transfer,Native,United States,"$185,000+",,Unknown,,3.88,,,,,,,,,,,,,,,,,,,,,,,,,,,,,,1,1,1,0,1,1,1,1,1,1,1,1,0,0,1,1,0,0,1,1,1,1,1,0,18
F19_478,F19,pre,I consent.,1,4,1,5,4,3,24,Black/African American,1,1,Transfer,Native,United States,"$125,000-144,999",,Unknown,,3.4,,,,,,,,,,,,,,,,,,,,,,,,,,,,,,1,1,0,1,1,0,0,1,1,1,0,0,0,0,1,1,0,1,1,1,1,0,0,0,13
F19_208,F19,pre,I consent.,1,3,3,2,2,0,21,Hispanic of any race,0,1,Transfer,Native,United States,"105,000-124,999",,Unknown,,3.12,2,,,,,,,,,,,,,,,,,,,,,,,,,,,,,0,1,0,1,1,0,0,1,0,0,0,0,0,0,0,0,0,1,0,0,1,0,0,0,6
F19_010,F19,pre,I consent.,2,4,1,5,4,2,20,White,0,0,Transfer,Native,United States,"$185,000+",,Unknown,,3.4,,,,,,,,,,,,,,,,,,,,,,,,,,,,,,1,1,0,1,1,0,0,1,1,0,1,1,1,0,1,1,0,1,0,0,1,0,0,0,13
F19_418,F19,pre,I consent.,1,4,1,5,5,2,20,White,1,0,Transfer,Native,United States,"$185,000+",,Unknown,,,,,,,,,,,,,,,,,,,,,,,,,,,,,,,,1,1,1,0,0,0,0,1,1,1,1,1,0,1,0,1,0,0,0,0,1,1,1,1,14
F19_365,F19,pre,I consent.,1,3,1,4,4,0,19,Black/African American,1,1,Transfer,Alien Permanent,Jamaica,NA,,NA,,3.64,,,,,,,,,,,,,,,,,,,,,,,,,,,,,,1,0,0,0,0,1,1,1,0,0,0,0,1,1,0,0,0,1,0,0,0,0,0,0,7
F19_346,F19,pre,I consent.,1,3,1,5,5,3,19,Asian,0,1,Transfer,Native,United States,"$30,000-44,999",,Unknown,,3.2,,,,,,,,,,,,,,,,,,,,,,,,,,,,,,1,1,0,0,1,1,0,1,1,1,0,1,1,1,1,1,0,0,1,0,1,1,1,0,16
F19_473,F19,pre,I consent.,1,3,1,5,4,2,18,White,0,0,New,Native,United States,NA,N,95 - 100,99,,,,1410,,,,,,,,,,,,,,,,,,,,,,,,,,,0,1,0,1,0,0,0,1,1,1,0,0,1,1,0,0,0,1,1,1,0,0,0,0,10
F19_021,F19,pre,I consent.,1,3,1,5,5,2,19,Asian,1,0,New,Native,United States,NA,N,90 - 94.9,94,,5,,,,,,,,,,,,,,,,,,,,,,,,,,,,,0,0,0,0,0,0,0,0,1,1,0,1,0,0,1,1,0,0,0,0,1,0,0,1,7
F19_356,F19,pre,I consent.,3,5,2,3,3,0,23,Asian,0,1,Transfer,Alien Permanent,Sri Lanka,NA,,NA,,3.4,,,,,,,,,,,,,,,,,,,,,,,,,,,,,,0,1,0,1,0,0,1,1,0,0,0,1,0,0,1,0,0,0,0,1,0,0,0,1,8
F19_201,F19,pre,I consent.,1,3,1,4,4,2,19,Asian,1,1,Transfer,Native,United States,"$165,000-184,999",N,90 - 94.9,90,3.92,,,950,,,,,,,,,,,,,,,,,,,,,,,,,,,1,0,0,0,0,0,0,1,0,1,0,0,1,1,1,1,1,1,1,1,0,0,0,0,11
F19_474,F19,pre,I consent.,1,3,1,4,5,0,18,Hispanic of any race,1,0,Transfer,Native,United States,"$85,000-104,999",Y,Unknown,,,3,,,,,,,,,,,,,,,,,,,,,,,,,,,,,1,0,0,0,0,0,0,1,1,1,1,1,1,1,1,1,0,1,0,1,0,0,0,0,12
Sp15_357,Sp15,pre,I consent.,3,6,1,5,5,3,29,White,0,0,New,Native,United States,NA,,Unknown,,3.08,3,,1170,540,630,,,1170,1,1,1,0,1,0,0,1,1,1,1,1,0,1,1,0,0,1,1,0,13,,,,,,,,,,,,,,,,,,,,,,,,,
Sp15_126,Sp15,pre,I consent.,1,5,1,5,5,3,28,Black/African American,1,0,Transfer,Native,United States,"$65,000-84,999",,85 - 89.9,86,3.5,,,980,510,470,,,980,0,1,1,0,1,0,0,1,0,1,0,0,0,0,1,0,0,1,0,0,7,,,,,,,,,,,,,,,,,,,,,,,,,
Sp15_281,Sp15,pre,I consent.,1,5,1,2,2,0,25,White,0,1,Transfer,Native,United States,"$0-14,999",,85 - 89.9,86,3.9,3,,,,,,,,1,1,1,0,1,1,1,1,0,1,1,1,0,1,1,1,1,1,1,0,16,,,,,,,,,,,,,,,,,,,,,,,,,
Sp15_002,Sp15,pre,I consent.,3,6,2,5,5,3,24,Asian,1,0,New,Native,United States,NA,,85 - 89.9,86,,4,4,1150,620,530,540,6,1150,1,0,0,0,0,0,0,1,0,0,0,0,0,0,0,1,0,0,0,0,3,,,,,,,,,,,,,,,,,,,,,,,,,
Sp15_069,Sp15,pre,I consent.,1,3,1,4,4,0,24,,0,1,New,Native,United States,NA,,85 - 89.9,89,,2,,1250,600,650,520,,1250,0,1,1,1,1,1,1,1,1,1,1,1,1,1,1,0,1,1,1,1,18,,,,,,,,,,,,,,,,,,,,,,,,,
Sp15_394,Sp15,pre,I consent.,1,5,1,5,5,3,20,Asian,0,0,New,Native,United States,NA,,95 - 100,99,,9,,1600,800,740,680,12,1540,1,1,1,1,1,1,1,1,1,1,1,1,1,1,1,1,0,1,1,1,19,,,,,,,,,,,,,,,,,,,,,,,,,
Sp15_372,Sp15,pre,I consent.,3,5,1,5,5,3,21,White,0,0,New,Native,United States,"$85,000-104,999",,95 - 100,99,,9,,1270,620,650,640,,1270,1,1,1,1,1,1,1,1,0,0,1,1,1,1,1,0,1,1,1,1,17,,,,,,,,,,,,,,,,,,,,,,,,,
Sp15_251,Sp15,pre,I consent.,1,4,1,4,4,3,19,White,0,0,Other,Native,United States,NA,,85 - 89.9,89,,3,,1320,660,640,690,10,1300,1,0,0,0,0,0,0,0,1,0,0,0,1,0,0,1,0,0,0,0,4,,,,,,,,,,,,,,,,,,,,,,,,,
Sp15_345,Sp15,pre,I consent.,1,5,1,5,5,3,19,White,0,0,New,Native,United States,NA,,95 - 100,98,,2.5,,1260,660,600,590,10,1260,1,1,1,0,1,0,1,0,0,1,1,1,0,1,1,0,0,1,0,0,11,,,,,,,,,,,,,,,,,,,,,,,,,
Sp15_300,Sp15,pre,I consent.,2,5,1,4,4,3,19,,0,0,New,Native,United States,NA,,95 - 100,99,4,5,,1500,780,720,730,11,1500,1,1,1,1,1,0,1,0,0,1,1,0,0,0,0,0,0,0,1,1,10,,,,,,,,,,,,,,,,,,,,,,,,,
Sp15_025,Sp15,pre,I consent.,2,5,1,5,5,2,21,White,0,0,Transfer,Native,United States,"$45,000-64,999",,95 - 100,98,3.33,,,1130,580,550,580,8,1130,1,1,1,0,1,1,1,1,0,1,0,0,1,0,0,0,0,0,1,0,10,,,,,,,,,,,,,,,,,,,,,,,,,
Sp15_124,Sp15,pre,I consent.,1,5,1,5,4,3,21,White,1,0,New,Native,United States,NA,,95 - 100,98,,4,,1220,650,570,550,8,1220,1,1,1,0,1,0,0,0,0,1,1,1,0,0,1,0,0,1,0,0,9,,,,,,,,,,,,,,,,,,,,,,,,,
Sp15_416,Sp15,pre,I consent.,1,5,2,3,2,3,21,Asian,1,0,New,Alien Temporary,Chi,NA,,90 - 94.9,90,,5,1,1100,700,400,450,8,1100,0,0,1,1,0,0,0,0,0,0,0,0,1,0,0,0,0,0,0,1,4,,,,,,,,,,,,,,,,,,,,,,,,,
Sp15_059,Sp15,pre,I consent.,1,5,1,4,5,3,21,White,0,0,New,Native,United States,"$125,000-144,999",,90 - 94.9,93,,2.5,,1240,640,600,630,8,1240,0,1,1,0,1,0,0,1,0,1,0,0,1,1,1,0,0,1,0,1,10,,,,,,,,,,,,,,,,,,,,,,,,,
Sp15_290,Sp15,pre,I consent.,3,4,1,5,4,0,21,Hispanic of any race,1,0,Transfer,Native,United States,"$125,000-144,999",,85 - 89.9,85,2.61,2,,1010,450,450,440,8,900,0,1,0,0,1,0,1,1,0,0,1,0,0,0,0,1,1,0,1,1,9,,,,,,,,,,,,,,,,,,,,,,,,,
Sp15_378,Sp15,pre,I consent.,1,5,1,5,5,3,21,Asian,1,0,Transfer,Native,United States,"$125,000-144,999",,90 - 94.9,90,,,,1140,510,630,520,9,1140,1,1,1,1,1,1,0,1,1,0,1,0,1,1,1,0,1,1,1,1,16,,,,,,,,,,,,,,,,,,,,,,,,,
Sp15_049,Sp15,pre,I consent.,1,4,1,5,5,0,21,American Indian/Alaska tive,0,1,Transfer,Native,United States,"$125,000-144,999",,90 - 94.9,94,3.3,,,,,,,,,1,1,1,0,0,0,1,0,0,1,1,1,0,0,0,1,1,1,1,0,11,,,,,,,,,,,,,,,,,,,,,,,,,
Sp15_143,Sp15,pre,I consent.,1,5,1,5,5,3,21,White,0,1,Transfer,Native,United States,"$15,000-29,999",,90 - 94.9,92,,3,,1430,650,700,660,10,1350,0,1,1,1,1,1,1,1,1,1,0,1,1,1,1,0,1,1,1,1,17,,,,,,,,,,,,,,,,,,,,,,,,,
Sp15_287,Sp15,pre,I consent.,2,5,1,5,5,3,21,White,1,0,New,Native,United States,NA,,90 - 94.9,90,,3,,1310,660,650,660,10,1310,1,1,1,0,1,1,1,1,1,1,1,1,1,1,1,1,1,1,1,1,19,,,,,,,,,,,,,,,,,,,,,,,,,
Sp15_340,Sp15,pre,I consent.,2,5,1,4,4,3,21,Asian,0,0,New,Native,United States,"$65,000-84,999",,90 - 94.9,92,,7,,1330,710,620,670,10,1330,1,1,1,0,1,1,0,1,0,1,1,0,1,0,1,0,0,0,0,1,11,,,,,,,,,,,,,,,,,,,,,,,,,
Sp15_149,Sp15,pre,I consent.,2,5,1,4,3,2,22,White,1,0,New,Native,United States,NA,,85 - 89.9,85,,1,,990,470,520,560,6,990,1,1,1,0,1,0,1,0,1,1,1,1,0,0,1,1,1,1,1,0,14,,,,,,,,,,,,,,,,,,,,,,,,,
Sp15_324,Sp15,pre,I consent.,2,5,1,5,5,2,22,White,0,0,Transfer,Native,United States,"105,000-124,999",,95 - 100,95,3.3,,,1310,640,670,650,,1310,1,1,1,1,1,0,1,0,0,1,1,1,1,1,1,0,1,1,1,1,16,,,,,,,,,,,,,,,,,,,,,,,,,
Sp15_234,Sp15,pre,I consent.,1,5,1,4,4,3,22,Asian,1,1,New,Native,United States,NA,,85 - 89.9,85,,5,,1200,720,480,500,8,1200,1,1,0,1,1,0,1,1,0,0,1,0,0,0,0,1,0,0,0,1,9,,,,,,,,,,,,,,,,,,,,,,,,,
Sp15_402,Sp15,pre,I consent.,1,5,1,5,5,3,21,White,1,0,New,Native,United States,NA,,95 - 100,97,,4,,1250,630,620,620,10,1250,1,1,1,1,1,1,1,1,1,1,1,1,1,1,1,1,1,1,1,1,20,,,,,,,,,,,,,,,,,,,,,,,,,
Sp15_029,Sp15,pre,I consent.,2,5,2,4,3,0,21,Hispanic of any race,1,1,Transfer,Native,United States,"$0-14,999",,80 - 84.9,84,3.1,2,,1050,450,450,460,,900,1,1,1,1,1,0,1,0,1,0,1,0,1,0,0,1,0,1,0,0,11,,,,,,,,,,,,,,,,,,,,,,,,,
Sp15_451,Sp15,pre,I consent.,3,4,1,5,5,0,22,White,1,0,Transfer,Native,United States,NA,,85 - 89.9,86,3.7,2.5,,1190,560,630,670,9,1190,1,1,1,1,1,1,1,1,1,0,1,1,0,0,1,0,1,1,1,1,16,,,,,,,,,,,,,,,,,,,,,,,,,
Sp15_140,Sp15,pre,I consent.,2,5,1,5,5,2,21,White,1,0,Transfer,Native,United States,"$125,000-144,999",,85 - 89.9,85,3.4,2.5,,1010,460,470,400,8,930,0,1,1,0,1,0,0,0,0,1,1,1,0,0,1,1,1,1,0,1,11,,,,,,,,,,,,,,,,,,,,,,,,,
Sp15_032,Sp15,pre,I consent.,1,5,2,5,5,0,23,Asian,1,1,Transfer,Naturalized,Unknown,"$30,000-44,999",,Unknown,,3.6,,4,,,,,,,1,0,1,0,1,0,0,0,0,0,1,1,0,1,1,0,0,1,1,0,9,,,,,,,,,,,,,,,,,,,,,,,,,
Sp15_209,Sp15,pre,I consent.,1,4,1,4,4,3,19,White,0,0,New,Native,United States,NA,,95 - 100,96,,3,,1180,600,580,720,10,1180,0,1,1,0,1,0,0,1,1,0,0,0,0,1,1,1,0,0,1,1,10,,,,,,,,,,,,,,,,,,,,,,,,,
Sp15_429,Sp15,pre,I consent.,1,4,3,3,3,3,19,Asian,1,0,Transfer,Native,United States,NA,,95 - 100,96,3.35,7,,1250,620,550,570,11,1170,1,1,1,0,0,1,0,0,0,1,1,1,0,1,1,1,1,1,1,0,13,,,,,,,,,,,,,,,,,,,,,,,,,
Sp15_483,Sp15,pre,I consent.,2,4,1,4,4,2,20,White,0,0,New,Native,United States,"$185,000+",,90 - 94.9,90,,4,,1240,650,590,610,9,1240,1,1,1,0,1,0,1,0,1,0,0,1,0,0,1,1,0,1,0,0,10,,,,,,,,,,,,,,,,,,,,,,,,,
Sp15_073,Sp15,pre,I consent.,1,5,1,3,3,3,24,Asian,1,0,New,Native,United States,"$85,000-104,999",,90 - 94.9,94,,5,,1250,750,500,690,9,1250,0,0,1,0,0,0,0,1,0,0,1,0,0,0,0,1,1,0,0,0,5,,,,,,,,,,,,,,,,,,,,,,,,,
Sp15_167,Sp15,pre,I consent.,1,4,1,5,5,3,19,White,0,0,New,Native,United States,"$85,000-104,999",,95 - 100,96,,8,,1300,670,630,600,8,1300,1,1,1,1,1,0,1,1,0,0,1,1,1,0,0,0,1,0,1,0,12,,,,,,,,,,,,,,,,,,,,,,,,,
Sp15_020,Sp15,pre,I consent.,1,5,1,4,4,3,19,Asian,0,0,New,Native,United States,NA,,95 - 100,99,,9,,1340,670,670,690,,1340,1,1,1,0,1,1,1,1,1,1,1,1,0,1,1,1,1,1,1,1,18,,,,,,,,,,,,,,,,,,,,,,,,,
Sp15_292,Sp15,pre,I consent.,1,5,1,5,4,3,20,White,1,1,New,Native,United States,NA,,90 - 94.9,92,,,,1290,660,630,580,9,1290,0,1,1,0,0,0,0,1,0,0,0,1,0,1,0,0,0,0,0,0,5,,,,,,,,,,,,,,,,,,,,,,,,,
Sp15_441,Sp15,pre,I consent.,2,4,2,5,5,3,20,Asian,0,0,New,Naturalized,India,NA,,85 - 89.9,87,,3,,1210,,,,,,0,1,1,0,0,0,0,0,0,0,0,0,0,0,0,0,0,0,1,1,4,,,,,,,,,,,,,,,,,,,,,,,,,
Sp15_422,Sp15,pre,I consent.,1,4,1,5,5,2,20,Asian,0,0,New,Native,United States,NA,,90 - 94.9,92,3.5,4,,1210,690,520,550,10,1210,1,1,1,0,1,0,0,1,0,0,1,1,0,1,1,1,1,1,0,1,13,,,,,,,,,,,,,,,,,,,,,,,,,
Sp15_216,Sp15,pre,I consent.,1,4,1,5,5,3,20,White,1,0,Transfer,Native,United States,NA,,NA,,3.67,2.5,,920,470,450,500,8,920,1,1,1,0,1,0,1,0,1,0,1,1,0,1,1,0,0,0,0,0,10,,,,,,,,,,,,,,,,,,,,,,,,,
Sp15_412,Sp15,pre,I consent.,1,4,1,2,3,2,20,White,1,1,Transfer,Native,United States,"$15,000-29,999",,90 - 94.9,94,3.5,,,1050,560,490,480,8,1050,1,1,1,0,1,0,1,0,0,1,1,1,0,0,0,0,0,1,1,1,11,,,,,,,,,,,,,,,,,,,,,,,,,
Sp15_318,Sp15,pre,I consent.,2,5,1,4,4,2,20,Asian,1,0,New,Native,United States,NA,,85 - 89.9,86,,4,,1210,690,520,570,8,1210,1,1,1,0,1,0,0,0,0,1,1,1,0,0,0,1,0,0,0,0,8,,,,,,,,,,,,,,,,,,,,,,,,,
Sp15_139,Sp15,pre,I consent.,1,4,1,5,5,3,20,Asian,0,1,New,Native,United States,"$15,000-29,999",,95 - 100,98.36,,3,,1240,640,600,660,8,1240,1,1,1,0,1,0,0,1,0,1,1,1,0,1,0,0,0,1,1,1,12,,,,,,,,,,,,,,,,,,,,,,,,,
Sp15_410,Sp15,pre,I consent.,2,5,2,3,3,3,20,Asian,1,0,New,Naturalized,Unknown,NA,,85 - 89.9,88,,7,,1330,670,660,680,11,1330,1,1,1,0,1,1,1,1,0,1,1,1,0,1,1,1,1,1,1,1,17,,,,,,,,,,,,,,,,,,,,,,,,,
Sp15_094,Sp15,pre,I consent.,2,4,2,3,2,3,21,Asian,0,0,New,Alien Permanent,"Korea, Republic of","$15,000-29,999",,95 - 100,96,,5,,1090,690,400,560,8,1090,0,0,1,1,1,0,0,1,0,0,0,0,1,0,0,1,0,1,0,0,7,,,,,,,,,,,,,,,,,,,,,,,,,
Sp15_015,Sp15,pre,I consent.,3,4,1,4,5,0,20,White,1,0,New,Native,United States,NA,,90 - 94.9,92,,3,,1200,620,570,500,8,1190,1,1,1,0,1,0,0,0,0,0,1,1,0,1,1,1,0,1,0,0,10,,,,,,,,,,,,,,,,,,,,,,,,,
Sp15_258,Sp15,pre,I consent.,1,5,1,5,5,3,20,Asian,0,1,New,Native,United States,"$15,000-29,999",,95 - 100,95,,7,,1190,620,570,540,8,1190,1,1,1,0,1,0,0,1,0,0,0,1,0,0,1,0,0,1,1,0,9,,,,,,,,,,,,,,,,,,,,,,,,,
Sp15_477,Sp15,pre,I consent.,1,5,1,5,4,3,20,Asian,0,0,New,Native,United States,NA,,95 - 100,95,3.15,6,4,1090,610,480,520,10,1090,1,1,1,0,0,0,0,0,0,0,1,0,1,0,0,1,0,1,0,0,7,,,,,,,,,,,,,,,,,,,,,,,,,
Sp15_009,Sp15,pre,I consent.,1,4,2,2,2,3,20,Asian,1,0,New,Naturalized,Unknown,NA,,90 - 94.9,90,,3,,1250,700,550,610,8,1250,1,1,1,0,1,0,0,1,0,1,1,1,0,0,1,0,0,1,1,0,11,,,,,,,,,,,,,,,,,,,,,,,,,
Sp15_282,Sp15,pre,I consent.,1,5,1,4,4,3,20,Asian,1,0,New,Native,United States,NA,,95 - 100,99,,4,,1310,670,620,650,,1290,0,1,1,1,1,1,1,1,1,1,1,0,1,0,1,1,1,1,1,1,17,,,,,,,,,,,,,,,,,,,,,,,,,
Sp15_057,Sp15,pre,I consent.,1,5,1,5,5,3,20,White,0,1,New,Native,United States,NA,,95 - 100,97,,6,,1200,540,640,580,,1180,1,1,1,0,1,0,0,1,1,1,0,1,0,0,0,1,0,0,1,0,10,,,,,,,,,,,,,,,,,,,,,,,,,
Sp15_089,Sp15,pre,I consent.,2,4,1,5,5,0,20,Black/African American,0,0,Transfer,Native,United States,"$185,000+",,Unknown,,3.4,,,870,440,430,480,,870,1,1,1,0,0,0,0,0,0,1,1,0,0,1,0,1,1,0,1,0,9,,,,,,,,,,,,,,,,,,,,,,,,,
Sp15_356,Sp15,pre,I consent.,1,5,1,5,5,3,20,Hispanic of any race,1,1,Transfer,Native,United States,NA,,90 - 94.9,91,,2,,1250,600,650,600,8,1250,1,1,1,1,1,1,1,0,1,0,1,1,1,1,1,1,1,0,1,1,17,,,,,,,,,,,,,,,,,,,,,,,,,
Sp15_177,Sp15,pre,I consent.,1,3,2,4,3,2,19,Asian,0,1,Other,Naturalized,Malaysia,NA,,95 - 100,98,3.9,,,980,590,390,450,8,980,1,1,1,0,1,0,1,1,1,1,1,0,0,1,1,1,0,0,1,1,14,,,,,,,,,,,,,,,,,,,,,,,,,
Sp15_072,Sp15,pre,I consent.,1,4,1,5,4,3,20,Asian,0,1,New,Native,United States,"$30,000-44,999",,90 - 94.9,93,,3,,1180,580,600,630,8,1180,0,1,0,0,1,1,1,1,1,1,0,0,0,1,1,1,1,1,1,0,13,,,,,,,,,,,,,,,,,,,,,,,,,
Sp15_475,Sp15,pre,I consent.,1,5,1,4,4,3,20,Asian,0,1,New,Native,United States,NA,,90 - 94.9,90,,4,,1260,690,570,540,8,1260,0,1,1,0,1,0,0,0,1,0,1,1,0,1,0,0,0,1,0,1,9,,,,,,,,,,,,,,,,,,,,,,,,,
Sp15_176,Sp15,pre,I consent.,2,4,2,2,1,2,21,Asian,0,0,New,Alien Temporary,"Korea, Republic of",NA,,90 - 94.9,90,,5,2,1150,680,470,490,9,1150,1,0,0,1,0,0,0,0,0,0,1,0,0,0,1,1,0,0,1,0,6,,,,,,,,,,,,,,,,,,,,,,,,,
Sp15_198,Sp15,pre,I consent.,2,5,2,4,4,3,21,Asian,0,0,New,Native,United States,NA,,95 - 100,99,,3,,1160,610,550,640,11,1160,1,1,1,0,1,0,0,0,0,0,0,1,1,0,0,1,0,0,0,0,7,,,,,,,,,,,,,,,,,,,,,,,,,
Sp15_303,Sp15,pre,I consent.,2,4,1,4,4,2,20,Hispanic of any race,0,1,Transfer,Native,United States,"$45,000-64,999",,90 - 94.9,90,3.3,3,,900,460,440,420,,900,1,0,1,0,1,0,0,0,0,0,1,0,0,1,0,1,0,0,1,0,7,,,,,,,,,,,,,,,,,,,,,,,,,
Sp15_042,Sp15,pre,I consent.,2,5,1,3,2,0,20,White,1,0,New,Native,United States,"$145,000-164,999",,90 - 94.9,92,,,,1370,670,700,600,8,1370,1,1,1,0,0,1,1,1,1,0,1,0,0,0,1,0,1,1,1,0,12,,,,,,,,,,,,,,,,,,,,,,,,,
Sp15_225,Sp15,pre,I consent.,1,5,1,5,5,3,20,Asian,1,0,New,Alien Permanent,"Korea, Republic of",NA,,90 - 94.9,93,,8,,1310,750,560,650,10,1310,0,0,1,1,1,1,0,0,0,0,0,0,0,1,0,1,0,0,0,0,6,,,,,,,,,,,,,,,,,,,,,,,,,
Sp15_227,Sp15,pre,I consent.,2,5,1,4,3,3,20,Asian,0,0,New,Native,United States,NA,,95 - 100,95,,6,,1160,660,500,550,7,1160,1,0,1,0,1,0,1,0,0,1,1,1,0,1,1,1,1,0,1,0,12,,,,,,,,,,,,,,,,,,,,,,,,,
Sp15_418,Sp15,pre,I consent.,1,4,1,3,3,3,20,Asian,0,0,New,Native,United States,NA,,95 - 100,96,,5,,1240,680,560,610,10,1240,1,1,0,0,1,0,1,1,0,1,0,0,0,0,0,1,0,0,0,0,7,,,,,,,,,,,,,,,,,,,,,,,,,
Sp15_388,Sp15,pre,I consent.,2,5,1,5,3,3,20,,0,0,New,Native,United States,NA,,90 - 94.9,94,,8,,1290,630,550,590,8,1180,1,1,0,0,1,0,1,1,0,0,1,1,1,0,1,0,1,1,1,1,13,,,,,,,,,,,,,,,,,,,,,,,,,
Sp15_447,Sp15,pre,I consent.,2,5,2,4,3,2,20,Asian,0,1,New,Naturalized,Chi,NA,,85 - 89.9,89,,3,,1250,760,490,600,9,1250,1,0,0,0,0,0,1,0,0,1,0,0,0,0,0,1,0,0,1,0,5,,,,,,,,,,,,,,,,,,,,,,,,,
Sp15_329,Sp15,pre,I consent.,1,5,2,3,3,2,20,Black/African American,0,1,New,Alien Permanent,Haiti,NA,,95 - 100,95,,4,,900,470,430,470,7,900,0,1,1,0,1,0,0,0,0,1,1,1,0,0,0,0,1,1,0,0,8,,,,,,,,,,,,,,,,,,,,,,,,,
Sp15_061,Sp15,pre,I consent.,1,3,1,5,5,2,20,Black/African American,1,1,Transfer,Native,United States,"$45,000-64,999",,75 - 79.9,75,2.84,3,,1120,510,610,450,,1120,1,1,1,0,1,1,1,1,1,0,0,1,0,0,1,0,1,1,1,1,14,,,,,,,,,,,,,,,,,,,,,,,,,
Sp15_254,Sp15,pre,I consent.,1,5,1,5,5,3,21,White,0,1,Other,Native,United States,NA,,95 - 100,95,,5,,1480,720,760,740,8,1480,1,1,1,1,1,1,1,1,0,1,1,1,1,1,1,1,1,1,1,1,19,,,,,,,,,,,,,,,,,,,,,,,,,
Sp15_096,Sp15,pre,I consent.,2,5,1,5,4,3,21,Asian,0,0,New,Native,United States,NA,,95 - 100,96,,7,,1430,740,690,720,10,1430,1,1,1,0,1,0,0,0,1,0,0,1,0,1,0,0,0,1,0,0,8,,,,,,,,,,,,,,,,,,,,,,,,,
Sp15_208,Sp15,pre,I consent.,1,5,1,4,4,3,21,Asian,1,1,New,Naturalized,Bangladesh,NA,,95 - 100,99,,7,,1240,560,550,610,10,1110,1,1,1,0,0,0,1,0,0,1,0,0,0,0,1,0,1,0,0,0,7,,,,,,,,,,,,,,,,,,,,,,,,,
Sp15_070,Sp15,pre,I consent.,2,4,1,1,2,3,20,Asian,1,0,New,Native,United States,NA,,85 - 89.9,88,,4,,1280,680,600,690,10,1280,0,0,0,0,0,0,1,0,0,0,1,0,0,0,0,0,0,1,0,0,3,,,,,,,,,,,,,,,,,,,,,,,,,
Sp15_239,Sp15,pre,I consent.,1,4,2,3,3,3,20,Asian,1,1,Other,Naturalized,Unknown,NA,,85 - 89.9,87,,5,,1340,730,610,600,8,1340,0,1,1,0,1,0,0,0,0,0,1,1,0,1,1,1,0,0,0,0,8,,,,,,,,,,,,,,,,,,,,,,,,,
Sp15_056,Sp15,pre,I consent.,1,5,1,5,5,3,20,White,0,0,New,Native,United States,NA,,95 - 100,95,,6,,1400,,,,,,1,1,1,0,1,1,1,0,0,0,1,0,1,1,1,1,1,1,1,0,14,,,,,,,,,,,,,,,,,,,,,,,,,
Sp15_036,Sp15,pre,I consent.,2,4,1,5,5,0,20,Black/African American,0,1,Transfer,Native,United States,"$15,000-29,999",,Below 75,73,2.99,2,,,,,,,,1,0,0,0,1,1,1,0,0,0,0,0,0,0,0,0,0,0,0,0,4,,,,,,,,,,,,,,,,,,,,,,,,,
Sp15_373,Sp15,pre,I consent.,2,3,1,4,4,0,20,White,1,0,New,Native,United States,NA,,95 - 100,96,,3,,1270,610,660,540,8,1270,0,1,1,0,1,1,1,1,1,1,1,0,0,1,0,1,1,0,0,0,12,,,,,,,,,,,,,,,,,,,,,,,,,
Sp15_194,Sp15,pre,I consent.,2,5,2,4,4,2,20,Asian,0,0,New,Native,United States,NA,,90 - 94.9,92,,4,,1450,760,690,670,8,1450,1,1,1,0,1,0,1,1,0,0,1,1,0,1,1,1,0,1,1,0,13,,,,,,,,,,,,,,,,,,,,,,,,,
Sp15_350,Sp15,pre,I consent.,2,4,1,4,3,3,20,White,0,0,New,Native,United States,NA,,90 - 94.9,92,,3,,1150,580,570,490,8,1150,1,1,1,1,1,0,1,1,1,0,0,1,0,1,1,1,1,1,1,1,16,,,,,,,,,,,,,,,,,,,,,,,,,
Sp15_445,Sp15,pre,I consent.,2,4,1,3,5,0,20,Asian,1,1,New,Native,United States,NA,,85 - 89.9,85,,4,,1380,710,670,650,8,1380,1,1,1,0,1,1,0,0,1,1,1,1,0,0,1,0,0,1,1,1,13,,,,,,,,,,,,,,,,,,,,,,,,,
Sp15_237,Sp15,pre,I consent.,2,5,1,4,4,0,20,Black/African American,0,0,New,Native,United States,NA,,85 - 89.9,89,3.65,3,,1260,640,620,590,8,1260,1,1,1,0,1,0,1,1,0,1,1,1,1,1,1,1,0,1,0,0,14,,,,,,,,,,,,,,,,,,,,,,,,,
Sp15_404,Sp15,pre,I consent.,1,3,2,1,2,2,21,Asian,1,1,New,Alien Permanent,"Korea, Republic of",NA,,90 - 94.9,93,,4,,1230,690,540,600,8,1230,1,0,1,0,1,0,1,0,0,0,1,0,0,0,1,0,1,1,1,1,10,,,,,,,,,,,,,,,,,,,,,,,,,
Sp15_310,Sp15,pre,I consent.,2,5,1,5,5,0,20,American Indian/Alaska tive,0,0,New,Native,United States,NA,,95 - 100,99,4,,,1580,690,790,670,9,1480,1,1,1,1,1,1,1,0,0,1,1,1,1,1,1,1,1,1,1,0,17,,,,,,,,,,,,,,,,,,,,,,,,,
Sp15_114,Sp15,pre,I consent.,2,5,2,4,4,2,20,Hispanic of any race,1,1,New,Alien Permanent,Peru,NA,,90 - 94.9,91,,3,,1280,660,620,540,,1280,1,1,1,0,0,0,0,0,0,0,0,0,0,0,1,0,0,0,0,0,4,,,,,,,,,,,,,,,,,,,,,,,,,
Sp15_067,Sp15,pre,I consent.,1,5,1,3,3,3,20,Asian,0,0,New,Native,United States,NA,,85 - 89.9,89,,8,,1410,750,660,610,8,1410,1,1,1,0,1,1,1,1,1,0,1,1,0,1,1,1,0,1,1,1,16,,,,,,,,,,,,,,,,,,,,,,,,,
Sp15_431,Sp15,pre,I consent.,1,5,1,4,4,3,20,,0,1,New,Native,United States,NA,,95 - 100,95,,5,,1420,,,,,,1,1,1,0,1,1,1,1,0,0,1,1,1,1,1,0,1,1,1,1,16,,,,,,,,,,,,,,,,,,,,,,,,,
Sp15_093,Sp15,pre,I consent.,1,4,2,3,2,3,20,Asian,0,0,New,Alien Permanent,"Korea, Republic of","$45,000-64,999",,90 - 94.9,91,,4,,1080,660,420,460,7,1080,1,1,0,0,0,0,0,0,1,0,0,1,0,0,0,1,0,0,0,0,5,,,,,,,,,,,,,,,,,,,,,,,,,
Sp15_308,Sp15,pre,I consent.,1,5,1,5,5,2,19,White,0,0,New,Native,United States,NA,,95 - 100,97,,8,,1350,660,690,570,8,1350,0,0,1,0,1,0,0,0,0,0,0,0,0,0,0,0,0,1,0,0,3,,,,,,,,,,,,,,,,,,,,,,,,,
Sp15_417,Sp15,pre,I consent.,1,4,1,5,5,3,19,Asian,1,0,New,Native,United States,NA,,95 - 100,98,,,,1450,730,720,640,9,1450,1,1,1,1,1,1,1,1,1,0,1,1,1,0,1,1,1,1,1,1,18,,,,,,,,,,,,,,,,,,,,,,,,,
Sp15_298,Sp15,pre,I consent.,1,4,1,5,5,3,20,White,0,0,New,Native,United States,NA,,95 - 100,99,,8,,1530,670,770,800,11,1440,1,0,1,1,1,1,1,1,1,1,0,1,1,1,1,1,1,1,1,1,18,,,,,,,,,,,,,,,,,,,,,,,,,
Sp15_175,Sp15,pre,I consent.,3,4,1,4,3,3,19,White,1,0,Transfer,Native,United States,NA,,90 - 94.9,94,,3,,1410,600,700,660,10,1300,1,1,1,0,1,1,1,0,0,1,1,1,0,1,1,1,0,1,1,1,15,,,,,,,,,,,,,,,,,,,,,,,,,
Sp15_221,Sp15,pre,I consent.,2,3,1,5,5,1,18,Hispanic of any race,0,0,New,Native,United States,NA,N,95 - 100,97,,2.5,,1280,500,680,610,8,1180,1,1,1,0,0,1,1,1,0,1,1,1,1,0,1,0,1,1,1,1,15,,,,,,,,,,,,,,,,,,,,,,,,,
Sp15_437,Sp15,pre,I consent.,2,4,1,5,5,3,19,Asian,1,0,New,Native,United States,NA,,95 - 100,96,,,,1510,740,650,700,10,1390,1,1,1,1,1,1,1,1,0,1,1,1,1,1,1,1,1,1,1,1,19,,,,,,,,,,,,,,,,,,,,,,,,,
Sp15_360,Sp15,pre,I consent.,2,3,1,5,5,0,18,Asian,0,0,New,Native,United States,NA,N,90 - 94.9,94,,4,,1250,640,610,680,9,1250,0,1,0,0,0,0,0,1,1,0,0,1,0,0,0,1,0,0,0,0,5,,,,,,,,,,,,,,,,,,,,,,,,,
Sp15_117,Sp15,pre,I consent.,2,3,1,4,5,1,20,White,0,1,New,Native,United States,NA,,90 - 94.9,93,3.8,3,,1210,600,560,570,8,1160,1,1,1,1,1,1,1,1,0,1,1,1,1,0,1,1,1,1,1,1,18,,,,,,,,,,,,,,,,,,,,,,,,,
Sp15_454,Sp15,pre,I consent.,1,4,1,2,2,3,22,Black/African American,0,0,Transfer,Alien Permanent,Jamaica,NA,,NA,,4,,,,,,,,,1,1,1,0,0,0,0,1,0,0,1,0,0,0,0,1,0,0,0,0,6,,,,,,,,,,,,,,,,,,,,,,,,,
Sp15_296,Sp15,pre,I consent.,1,4,1,5,5,3,19,White,0,1,Other,Native,United States,NA,,95 - 100,99,,7,,1350,640,710,610,8,1350,1,1,1,0,1,0,0,1,1,0,1,0,0,1,1,0,1,0,1,0,11,,,,,,,,,,,,,,,,,,,,,,,,,
Sp15_265,Sp15,pre,I consent.,2,3,1,5,5,2,19,Asian,0,0,Transfer,Native,United States,"$45,000-64,999",,90 - 94.9,90,3.42,,,1060,550,510,590,10,1060,1,1,1,0,1,0,0,1,0,0,1,1,0,0,1,0,1,0,0,1,10,,,,,,,,,,,,,,,,,,,,,,,,,
Sp15_462,Sp15,pre,I consent.,2,3,1,5,5,0,20,Asian,0,1,New,Native,United States,"$15,000-29,999",,90 - 94.9,92,,8,,1200,640,520,700,10,1160,1,1,1,0,1,0,0,0,1,1,1,0,0,0,0,0,0,1,0,0,8,,,,,,,,,,,,,,,,,,,,,,,,,
Sp15_162,Sp15,pre,I consent.,1,2,1,5,5,0,18,White,0,1,New,Native,United States,NA,Y,90 - 94.9,94,,3,,1280,590,560,570,8,1150,1,1,1,0,0,0,0,0,1,0,1,1,0,1,0,1,0,0,1,0,9,,,,,,,,,,,,,,,,,,,,,,,,,
Sp15_328,Sp15,pre,I consent.,2,4,1,4,4,0,20,White,0,0,New,Native,United States,NA,,90 - 94.9,90,,3,,1160,620,540,620,10,1160,1,1,1,0,1,0,1,1,1,0,1,1,0,1,1,1,0,0,0,0,12,,,,,,,,,,,,,,,,,,,,,,,,,
Sp15_259,Sp15,pre,I consent.,1,3,1,4,4,3,19,Asian,0,0,New,Native,United States,"105,000-124,999",,95 - 100,97,,,,1290,700,590,620,8,1290,1,1,1,0,1,0,1,0,0,0,0,0,0,0,1,1,0,1,0,1,9,,,,,,,,,,,,,,,,,,,,,,,,,
Sp15_392,Sp15,pre,I consent.,1,3,1,4,4,3,19,White,1,0,New,Native,United States,NA,,95 - 100,98,,3,,1270,650,620,570,10,1270,1,1,1,0,1,0,1,0,0,0,0,0,1,0,0,0,0,0,0,1,7,,,,,,,,,,,,,,,,,,,,,,,,,
Sp15_288,Sp15,pre,I consent.,1,3,1,4,3,2,20,Black/African American,0,0,New,Naturalized,Unknown,NA,,NA,,,5,,1160,540,620,510,7,1160,1,1,1,1,1,0,1,1,0,0,1,1,1,1,1,0,0,1,1,1,15,,,,,,,,,,,,,,,,,,,,,,,,,
Sp15_304,Sp15,pre,I consent.,1,4,1,5,5,3,19,White,1,1,New,Native,United States,NA,,90 - 94.9,90,,5,,1510,,,,,,1,1,1,1,1,1,1,1,0,1,1,1,1,1,1,0,1,1,1,1,18,,,,,,,,,,,,,,,,,,,,,,,,,
Sp15_132,Sp15,pre,I consent.,2,3,1,5,4,3,19,Asian,0,1,New,Native,United States,"$30,000-44,999",,95 - 100,96,,5,,1280,650,630,570,8,1280,1,1,1,0,1,1,1,1,0,0,0,1,0,1,0,0,0,0,1,1,11,,,,,,,,,,,,,,,,,,,,,,,,,
Sp15_261,Sp15,pre,I consent.,1,3,1,5,5,3,19,White,0,0,New,Native,United States,NA,,95 - 100,95,,5,,1400,680,680,640,10,1360,0,1,1,0,1,1,1,0,1,1,1,1,1,1,1,1,1,1,1,1,17,,,,,,,,,,,,,,,,,,,,,,,,,
Sp15_294,Sp15,pre,I consent.,1,4,1,4,4,2,19,White,1,1,New,Native,United States,NA,,95 - 100,99,,5,,1310,680,630,640,10,1310,1,1,1,0,1,0,1,0,1,0,0,1,0,0,1,1,0,0,1,0,10,,,,,,,,,,,,,,,,,,,,,,,,,
Sp15_272,Sp15,pre,I consent.,1,4,1,5,5,3,19,White,0,0,New,Native,United States,NA,,95 - 100,98,,4,,1160,580,580,630,11,1160,1,1,1,1,1,1,1,1,0,1,1,1,1,1,1,0,1,0,1,1,17,,,,,,,,,,,,,,,,,,,,,,,,,
Sp15_299,Sp15,pre,I consent.,1,4,1,5,5,2,19,White,0,0,New,Native,United States,NA,,95 - 100,95,,3,,1200,550,650,680,11,1200,1,1,1,0,1,1,1,1,1,0,1,0,1,1,1,1,1,0,1,1,16,,,,,,,,,,,,,,,,,,,,,,,,,
Sp15_109,Sp15,pre,I consent.,1,4,1,5,5,3,19,White,1,0,New,Native,United States,"$85,000-104,999",,90 - 94.9,90,,3,,1210,550,600,570,9,1150,1,1,1,1,1,1,1,1,0,1,0,1,1,0,0,0,0,1,0,0,12,,,,,,,,,,,,,,,,,,,,,,,,,
Sp15_443,Sp15,pre,I consent.,1,4,1,5,5,3,20,White,1,0,Other,Native,United States,NA,,95 - 100,95,,,,1380,680,660,690,8,1340,1,1,1,0,0,0,0,0,0,0,0,0,0,0,0,0,0,1,0,0,4,,,,,,,,,,,,,,,,,,,,,,,,,
Sp15_152,Sp15,pre,I consent.,2,3,1,5,5,3,19,White,0,0,New,Native,United States,NA,,95 - 100,95,,5,,1170,560,610,600,8,1170,1,1,1,1,1,1,1,0,0,1,1,1,1,1,1,0,1,1,1,1,17,,,,,,,,,,,,,,,,,,,,,,,,,
Sp15_044,Sp15,pre,I consent.,1,4,1,5,5,3,19,White,1,0,New,Native,United States,NA,,90 - 94.9,94,,7,,1320,670,650,560,8,1320,1,1,1,1,1,0,1,1,1,1,0,1,1,0,0,0,0,1,0,1,13,,,,,,,,,,,,,,,,,,,,,,,,,
Sp15_465,Sp15,pre,I consent.,2,4,2,2,2,0,19,Asian,0,1,New,Native,United States,NA,,85 - 89.9,86,,8,,1320,730,590,620,8,1320,0,1,0,0,0,0,1,0,0,1,0,1,0,0,1,0,1,1,1,0,8,,,,,,,,,,,,,,,,,,,,,,,,,
Sp15_159,Sp15,pre,I consent.,1,3,1,3,3,2,20,White,1,0,New,Native,United States,NA,,95 - 100,99,,3,,1160,590,570,510,8,1160,1,1,1,1,1,0,1,1,0,0,1,1,0,0,0,0,1,0,0,1,11,,,,,,,,,,,,,,,,,,,,,,,,,
Sp15_091,Sp15,pre,I consent.,1,3,1,5,4,0,19,Asian,0,1,Transfer,Native,United States,"$15,000-29,999",,Unknown,,3.33,,,1160,630,530,540,10,1160,1,1,0,0,1,1,0,1,0,1,1,1,0,0,0,1,0,0,0,1,10,,,,,,,,,,,,,,,,,,,,,,,,,
Sp15_279,Sp15,pre,I consent.,1,4,1,5,5,3,19,White,1,0,New,Native,United States,NA,,95 - 100,99,,,,1350,710,640,700,12,1350,0,1,1,0,1,0,0,1,0,0,1,1,0,1,1,1,0,0,0,0,9,,,,,,,,,,,,,,,,,,,,,,,,,
Sp15_342,Sp15,pre,I consent.,1,4,2,4,3,3,19,Asian,0,0,Transfer,Native,United States,NA,,95 - 100,99,,4,,1200,650,550,620,9,1200,1,1,1,0,1,1,1,0,0,1,1,1,0,1,1,1,1,1,1,1,16,,,,,,,,,,,,,,,,,,,,,,,,,
Sp15_374,Sp15,pre,I consent.,1,4,1,5,4,3,19,White,0,1,New,Native,United States,NA,,90 - 94.9,91,,4,,1160,640,520,540,8,1160,1,1,0,0,1,1,1,1,0,0,1,1,0,0,1,1,0,0,1,1,12,,,,,,,,,,,,,,,,,,,,,,,,,
Sp15_018,Sp15,pre,I consent.,1,4,1,4,4,3,19,White,0,0,New,Native,United States,NA,,95 - 100,99,3.7,4,,1320,630,690,620,10,1320,1,1,1,0,1,0,0,1,1,1,1,1,0,1,1,1,1,1,1,0,15,,,,,,,,,,,,,,,,,,,,,,,,,
Sp15_297,Sp15,pre,I consent.,1,4,1,4,4,3,19,White,0,1,Transfer,Native,United States,NA,,95 - 100,96,3.05,2.5,,1220,,,,,,1,1,1,0,1,0,1,0,0,0,0,1,0,1,1,1,1,0,1,1,12,,,,,,,,,,,,,,,,,,,,,,,,,
Sp15_405,Sp15,pre,I consent.,1,3,1,3,5,0,19,White,0,0,Transfer,Native,United States,NA,,90 - 94.9,92,3.64,,,1140,570,570,630,11,1140,1,1,1,0,1,0,0,0,0,0,1,1,0,1,1,0,0,0,0,0,8,,,,,,,,,,,,,,,,,,,,,,,,,
Sp15_364,Sp15,pre,I consent.,1,4,1,4,4,3,19,White,1,0,New,Native,United States,NA,,90 - 94.9,93,3.9,,,1210,610,570,580,10,1180,1,1,1,0,1,1,0,1,0,1,1,1,0,1,1,0,1,0,1,1,14,,,,,,,,,,,,,,,,,,,,,,,,,
Sp15_363,Sp15,pre,I consent.,2,3,1,2,2,0,19,White,1,0,New,Native,United States,NA,,85 - 89.9,89,,5,,1190,650,540,540,8,1190,0,1,0,0,0,0,1,0,0,0,1,1,1,0,0,0,0,0,0,1,6,,,,,,,,,,,,,,,,,,,,,,,,,
Sp15_284,Sp15,pre,I consent.,1,3,1,5,5,3,19,White,0,0,New,Native,United States,"$185,000+",,90 - 94.9,94,,3,4,1170,,,,,,1,1,1,0,1,0,1,0,0,1,1,1,0,1,1,0,1,1,1,0,13,,,,,,,,,,,,,,,,,,,,,,,,,
Sp15_349,Sp15,pre,I consent.,2,3,2,3,3,3,19,Asian,0,1,New,Native,United States,NA,,90 - 94.9,94,3.67,6,3,970,470,430,380,,900,1,1,0,0,0,0,1,0,1,0,0,0,0,1,0,1,0,0,0,0,6,,,,,,,,,,,,,,,,,,,,,,,,,
Sp15_146,Sp15,pre,I consent.,2,4,1,5,5,0,20,White,0,0,New,Native,United States,NA,,95 - 100,98,,4,,1110,530,580,610,,1110,1,1,1,1,1,0,0,1,1,1,1,1,0,1,1,0,0,1,0,1,14,,,,,,,,,,,,,,,,,,,,,,,,,
Sp15_148,Sp15,pre,I consent.,1,4,1,4,4,3,19,White,0,0,New,Native,United States,NA,,95 - 100,99,,,,1400,630,620,630,8,1250,1,1,1,1,1,1,1,1,1,0,1,1,1,1,1,1,1,1,1,1,19,,,,,,,,,,,,,,,,,,,,,,,,,
Sp15_003,Sp15,pre,I consent.,1,4,1,5,5,2,19,Asian,1,0,New,Native,United States,NA,,95 - 100,96,,4,,1190,650,540,540,8,1190,0,1,1,1,1,0,0,1,1,1,1,0,1,1,0,1,1,1,1,1,15,,,,,,,,,,,,,,,,,,,,,,,,,
Sp15_214,Sp15,pre,I consent.,1,4,1,5,5,2,19,White,0,1,New,Native,United States,NA,,95 - 100,99,,3,,1200,610,580,580,8,1190,1,1,1,0,1,0,0,0,0,0,1,0,0,0,0,0,0,1,0,0,6,,,,,,,,,,,,,,,,,,,,,,,,,
Sp15_165,Sp15,pre,I consent.,1,4,1,4,3,3,19,White,1,1,New,Native,United States,NA,,95 - 100,97,,4,,1380,680,700,560,7,1380,1,1,1,0,1,1,1,0,0,0,1,1,0,0,0,0,1,1,1,1,12,,,,,,,,,,,,,,,,,,,,,,,,,
Sp15_111,Sp15,pre,I consent.,1,4,1,5,5,3,19,White,0,0,New,Native,United States,NA,,95 - 100,99,,,,1240,630,610,590,8,1240,0,1,1,0,1,1,1,1,1,1,0,1,0,1,1,1,1,1,1,1,16,,,,,,,,,,,,,,,,,,,,,,,,,
Sp15_077,Sp15,pre,I consent.,1,3,2,3,3,3,19,Asian,1,1,New,Alien Permanent,Chi,"$0-14,999",,95 - 100,98,,5,,1200,710,490,570,8,1200,1,1,1,0,1,0,0,0,1,0,1,0,0,1,0,0,0,1,0,0,8,,,,,,,,,,,,,,,,,,,,,,,,,
Sp15_179,Sp15,pre,I consent.,1,4,2,3,3,3,19,Asian,0,1,New,Naturalized,Unknown,"$30,000-44,999",,95 - 100,95,,5,,1340,710,630,610,10,1340,1,1,1,0,1,0,1,0,0,1,1,1,0,0,0,1,1,1,1,0,12,,,,,,,,,,,,,,,,,,,,,,,,,
Sp15_380,Sp15,pre,I consent.,1,4,1,5,5,3,19,White,0,0,New,Native,United States,NA,,95 - 100,99,,3,,1240,550,690,720,10,1240,0,1,1,1,1,1,1,1,1,0,1,1,1,1,1,0,0,0,1,1,15,,,,,,,,,,,,,,,,,,,,,,,,,
Sp15_088,Sp15,pre,I consent.,1,4,1,5,5,2,20,Asian,0,0,Transfer,Native,United States,NA,,95 - 100,99,,4,,1200,620,580,680,9,1200,1,1,1,0,1,0,0,0,1,0,0,0,0,0,1,0,0,0,0,0,6,,,,,,,,,,,,,,,,,,,,,,,,,
Sp15_164,Sp15,pre,I consent.,1,4,1,5,5,3,20,Black/African American,0,1,New,Native,United States,NA,,95 - 100,99,,5,,1170,570,600,560,,1170,1,1,1,1,0,1,1,0,0,0,1,1,0,0,0,0,1,0,0,0,9,,,,,,,,,,,,,,,,,,,,,,,,,
Sp15_151,Sp15,pre,I consent.,1,4,1,5,4,3,20,White,1,0,New,Native,United States,NA,,95 - 100,97,,4,,1240,610,630,570,10,1240,1,1,1,0,1,1,1,1,0,0,1,1,0,1,1,1,1,1,1,1,16,,,,,,,,,,,,,,,,,,,,,,,,,
Sp15_334,Sp15,pre,I consent.,1,4,1,2,3,3,19,White,1,0,New,Native,United States,NA,,90 - 94.9,92,,5,,1370,700,670,620,7,1370,1,1,1,1,1,1,1,1,0,1,1,1,1,1,1,0,1,1,1,1,18,,,,,,,,,,,,,,,,,,,,,,,,,
Sp15_075,Sp15,pre,I consent.,1,4,1,5,5,3,19,Black/African American,0,1,New,Naturalized,Jamaica,"$30,000-44,999",,95 - 100,99,,4,,1190,630,560,550,8,1190,1,1,1,0,0,0,1,1,0,0,0,0,1,0,0,0,0,1,0,0,7,,,,,,,,,,,,,,,,,,,,,,,,,
Sp15_285,Sp15,pre,I consent.,1,4,1,4,4,3,19,White,0,0,Transfer,Native,United States,NA,,90 - 94.9,94,,4,,1210,610,600,550,8,1210,1,1,0,0,1,0,1,1,0,1,1,1,0,1,0,0,0,1,1,1,12,,,,,,,,,,,,,,,,,,,,,,,,,
Sp15_397,Sp15,pre,I consent.,1,3,1,4,4,3,19,Asian,0,0,New,Native,United States,NA,,90 - 94.9,90,,,,1360,,,,,,1,1,0,1,1,1,0,0,0,0,1,1,0,0,1,1,0,0,1,1,11,,,,,,,,,,,,,,,,,,,,,,,,,
Sp15_100,Sp15,pre,I consent.,1,4,2,5,5,3,19,Asian,0,0,New,Native,United States,NA,,90 - 94.9,93,,5,,1430,800,630,710,7,1430,1,1,1,0,1,1,1,1,0,1,0,1,1,1,1,0,1,1,1,1,16,,,,,,,,,,,,,,,,,,,,,,,,,
Sp15_189,Sp15,pre,I consent.,1,4,2,5,5,3,20,Asian,0,1,New,Naturalized,Unknown,"$30,000-44,999",,95 - 100,96,,4,,1210,610,600,620,8,1210,0,1,1,0,0,0,0,0,0,1,0,1,0,1,1,0,0,1,0,0,7,,,,,,,,,,,,,,,,,,,,,,,,,
Sp15_371,Sp15,pre,I consent.,2,4,1,5,5,0,19,White,0,0,New,Native,United States,NA,,90 - 94.9,93,,3,,1220,600,620,560,8,1220,0,1,1,1,1,1,1,1,0,1,1,1,1,1,1,0,1,1,1,1,17,,,,,,,,,,,,,,,,,,,,,,,,,
Sp15_414,Sp15,pre,I consent.,2,4,1,5,5,1,19,White,1,0,Transfer,Native,United States,NA,,90 - 94.9,93,3.56,3,,1130,560,570,550,10,1130,1,1,0,0,1,0,0,1,0,0,0,0,1,0,1,1,0,1,0,1,9,,,,,,,,,,,,,,,,,,,,,,,,,
Sp15_482,Sp15,pre,I consent.,3,3,1,4,3,0,20,Asian,0,1,New,Native,United States,"$0-14,999",,90 - 94.9,93,,5,,1280,680,600,620,8,1280,1,1,1,0,1,1,1,0,0,1,1,1,0,0,1,1,1,1,1,1,15,,,,,,,,,,,,,,,,,,,,,,,,,
Sp15_385,Sp15,pre,I consent.,1,3,1,3,3,3,19,Asian,0,1,New,Native,United States,NA,,85 - 89.9,89,,3,,1250,590,660,600,9,1250,0,1,0,0,1,1,0,0,0,0,1,1,0,1,0,0,0,1,1,1,9,,,,,,,,,,,,,,,,,,,,,,,,,
Sp15_463,Sp15,pre,I consent.,2,5,1,4,3,2,19,White,0,0,New,Native,United States,NA,,90 - 94.9,94,4,3,,1230,620,610,660,8,1230,0,1,1,1,1,0,1,1,1,1,1,1,1,1,1,1,1,1,1,1,18,,,,,,,,,,,,,,,,,,,,,,,,,
Sp15_424,Sp15,pre,I consent.,1,4,1,3,4,2,19,White,0,0,Transfer,Native,United States,NA,,90 - 94.9,92,,,,1340,800,540,580,8,1340,1,1,0,1,1,1,1,1,1,1,1,1,1,1,1,1,1,1,1,0,18,,,,,,,,,,,,,,,,,,,,,,,,,
Sp15_379,Sp15,pre,I consent.,2,4,1,4,4,0,19,Asian,0,0,New,Native,United States,NA,,90 - 94.9,92,,5,,1220,650,570,600,11,1220,1,0,0,0,1,0,1,1,1,0,1,0,0,0,0,1,0,0,0,0,7,,,,,,,,,,,,,,,,,,,,,,,,,
Sp15_138,Sp15,pre,I consent.,2,3,1,4,4,2,20,White,0,0,New,Native,United States,NA,,85 - 89.9,89,,3,4,1170,,,,,,1,0,1,0,0,0,0,1,1,0,0,1,1,0,1,1,0,0,0,0,8,,,,,,,,,,,,,,,,,,,,,,,,,
Sp15_278,Sp15,pre,I consent.,2,3,1,5,3,2,19,White,0,0,New,Native,United States,NA,,90 - 94.9,90,,2,4,1210,,,,,,1,1,1,0,1,0,0,1,1,1,0,0,1,0,1,1,1,1,0,1,13,,,,,,,,,,,,,,,,,,,,,,,,,
Sp15_305,Sp15,pre,I consent.,1,4,1,5,5,3,20,White,0,0,New,Native,United States,NA,,95 - 100,97,,6,,1340,670,670,720,10,1340,1,1,1,0,1,0,1,0,1,0,1,0,1,1,1,0,1,1,1,0,13,,,,,,,,,,,,,,,,,,,,,,,,,
Sp15_438,Sp15,pre,I consent.,1,3,1,5,5,3,20,White,1,0,New,Native,United States,NA,,95 - 100,95,,3,,1290,650,640,570,9,1290,1,1,1,0,1,0,1,0,0,0,1,1,0,0,1,1,1,1,1,0,12,,,,,,,,,,,,,,,,,,,,,,,,,
Sp15_486,Sp15,pre,I consent.,1,3,1,4,4,2,19,White,1,0,New,Native,United States,NA,,90 - 94.9,93,,3,,1130,580,550,460,6,1130,1,1,0,0,1,0,1,1,0,1,1,1,0,0,1,0,1,1,0,1,12,,,,,,,,,,,,,,,,,,,,,,,,,
Sp15_134,Sp15,pre,I consent.,1,3,1,5,4,3,19,White,0,0,New,Native,United States,NA,,90 - 94.9,94,,3,,1210,570,550,500,8,1120,1,1,1,1,0,0,1,1,1,1,1,0,1,1,0,0,1,0,1,1,14,,,,,,,,,,,,,,,,,,,,,,,,,
Sp15_348,Sp15,pre,I consent.,1,4,1,5,5,3,19,White,1,0,New,Native,United States,NA,,95 - 100,96,,4,,1270,640,630,650,9,1270,1,1,1,1,1,1,1,0,0,0,1,1,0,1,1,0,0,1,1,1,14,,,,,,,,,,,,,,,,,,,,,,,,,
Sp15_293,Sp15,pre,I consent.,1,4,1,3,2,3,19,White,1,1,New,Native,United States,NA,,85 - 89.9,89,,3,,1140,600,540,510,6,1140,1,1,1,0,1,1,1,1,1,1,0,1,0,1,1,1,0,1,1,0,15,,,,,,,,,,,,,,,,,,,,,,,,,
Sp15_252,Sp15,pre,I consent.,1,4,2,3,3,3,20,Asian,0,1,New,Naturalized,Chi,"$15,000-29,999",,95 - 100,99,,7,,1230,680,550,600,10,1230,1,1,1,0,1,0,1,0,0,1,1,1,0,0,0,1,1,1,1,0,12,,,,,,,,,,,,,,,,,,,,,,,,,
Sp15_316,Sp15,pre,I consent.,1,3,2,3,1,3,19,Asian,1,1,New,Naturalized,Hong Kong,"$15,000-29,999",,95 - 100,99,,8,,1230,760,470,570,8,1230,1,0,1,0,0,0,0,1,0,1,1,1,0,0,1,0,0,1,1,1,10,,,,,,,,,,,,,,,,,,,,,,,,,
Sp15_390,Sp15,pre,I consent.,2,4,2,2,2,3,20,Asian,0,0,New,Alien Temporary,"Korea, Republic of","$85,000-104,999",,95 - 100,95,,,2,1200,700,500,460,6,1200,1,1,0,0,1,1,0,1,0,0,0,0,0,0,0,0,0,1,0,1,7,,,,,,,,,,,,,,,,,,,,,,,,,
Sp15_485,Sp15,pre,I consent.,2,3,2,3,3,2,19,Asian,0,1,New,Native,United States,"$30,000-44,999",,85 - 89.9,89,,3,,1200,630,570,630,9,1200,0,1,1,0,1,0,1,0,0,1,0,1,0,0,1,0,0,1,0,1,9,,,,,,,,,,,,,,,,,,,,,,,,,
Sp15_040,Sp15,pre,I consent.,1,4,2,5,5,3,19,,1,0,New,Native,United States,NA,,90 - 94.9,91,,5,,1500,720,780,750,10,1500,1,1,1,0,1,1,1,1,1,1,1,1,1,1,1,1,1,1,1,1,19,,,,,,,,,,,,,,,,,,,,,,,,,
Sp15_197,Sp15,pre,I consent.,2,3,2,5,5,2,18,Black/African American,0,1,New,Alien Permanent,Haiti,"$85,000-104,999",,90 - 94.9,94,,5,,1200,610,590,530,8,1200,0,1,1,0,0,0,0,1,0,0,1,0,0,1,0,0,0,0,0,1,6,,,,,,,,,,,,,,,,,,,,,,,,,
Sp15_331,Sp15,pre,I consent.,1,3,1,4,4,2,19,White,0,0,New,Native,United States,NA,,90 - 94.9,94,,5,,1240,,,,,,0,1,1,0,1,1,1,1,0,0,0,1,0,0,0,1,0,0,1,1,10,,,,,,,,,,,,,,,,,,,,,,,,,
Sp15_033,Sp15,pre,I consent.,1,3,1,2,2,3,19,Black/African American,1,0,New,Native,United States,"$45,000-64,999",,95 - 100,99,,8,,1160,610,550,560,8,1160,1,1,1,0,0,0,0,0,0,1,1,0,0,0,0,1,0,1,1,1,9,,,,,,,,,,,,,,,,,,,,,,,,,
Sp15_274,Sp15,pre,I consent.,1,3,1,2,4,3,19,Asian,0,1,New,Native,United States,NA,,90 - 94.9,94,,6,,1150,610,540,650,10,1150,1,0,1,0,0,0,0,0,0,1,1,0,0,0,0,1,0,1,0,0,6,,,,,,,,,,,,,,,,,,,,,,,,,
Sp15_130,Sp15,pre,I consent.,2,4,1,5,5,3,19,White,1,0,New,Naturalized,Unknown,NA,,90 - 94.9,94,,7,,1460,740,700,800,11,1440,1,1,1,0,1,0,1,1,0,1,1,1,0,0,1,1,0,1,0,1,13,,,,,,,,,,,,,,,,,,,,,,,,,
Sp15_223,Sp15,pre,I consent.,2,3,1,3,3,1,19,Asian,1,0,New,Native,United States,NA,,95 - 100,95,,3,,1380,760,620,640,11,1380,1,1,1,1,1,1,1,1,1,1,1,1,0,1,1,1,1,1,1,1,19,,,,,,,,,,,,,,,,,,,,,,,,,
Sp15_206,Sp15,pre,I consent.,1,4,1,5,4,3,19,White,0,0,Transfer,Naturalized,Unknown,NA,,95 - 100,99,,5,,1400,750,650,800,10,1400,1,1,1,0,1,0,1,1,0,1,1,1,0,1,1,0,0,1,0,1,13,,,,,,,,,,,,,,,,,,,,,,,,,
Sp15_269,Sp15,pre,I consent.,1,5,1,4,5,3,19,Asian,0,0,New,Native,United States,NA,,95 - 100,99,,,,1350,710,640,660,10,1350,1,1,1,1,1,1,1,1,1,1,1,1,1,1,1,1,1,1,1,1,20,,,,,,,,,,,,,,,,,,,,,,,,,
Sp15_220,Sp15,pre,I consent.,1,4,1,5,5,3,19,Asian,0,0,New,Native,United States,NA,,95 - 100,97,,4,,1230,630,600,560,8,1230,0,0,1,1,1,0,1,1,1,0,0,1,1,1,1,0,1,1,1,0,13,,,,,,,,,,,,,,,,,,,,,,,,,
Sp15_054,Sp15,pre,I consent.,1,4,1,1,1,3,19,White,0,0,New,Native,United States,NA,,95 - 100,99,4,,,1290,650,640,690,9,1290,1,1,1,0,1,1,1,1,0,1,1,1,1,1,1,1,1,1,1,1,18,,,,,,,,,,,,,,,,,,,,,,,,,
Sp15_253,Sp15,pre,I consent.,1,4,2,3,3,2,19,Asian,0,1,New,Alien Permanent,Chi,NA,,95 - 100,95,,5,,1200,680,520,640,9,1200,1,1,1,1,1,1,1,1,0,1,0,0,0,1,1,1,1,0,1,1,15,,,,,,,,,,,,,,,,,,,,,,,,,
Sp15_466,Sp15,pre,I consent.,1,3,1,3,2,3,19,Asian,0,1,Transfer,Native,United States,"$0-14,999",,90 - 94.9,93,,5,,1210,690,520,480,8,1210,0,1,1,0,1,0,1,1,1,1,0,0,0,0,0,1,1,1,1,1,12,,,,,,,,,,,,,,,,,,,,,,,,,
Sp15_382,Sp15,pre,I consent.,1,4,2,4,3,1,20,Asian,0,0,New,Alien Permanent,Japan,NA,,95 - 100,99,4,5,,1390,700,690,630,8,1390,1,1,1,0,1,1,1,1,1,1,1,1,0,1,1,1,1,1,1,1,18,,,,,,,,,,,,,,,,,,,,,,,,,
Sp15_375,Sp15,pre,I consent.,1,4,2,5,5,3,19,Hispanic of any race,0,1,New,Native,United States,NA,,90 - 94.9,94,,,4,1240,,,,,,1,1,0,0,1,1,0,0,0,1,1,0,0,0,1,0,0,1,1,0,9,,,,,,,,,,,,,,,,,,,,,,,,,
Sp15_434,Sp15,pre,I consent.,1,4,1,4,4,3,20,Asian,0,1,New,Native,United States,NA,,95 - 100,99,,4,,1240,650,590,610,8,1240,1,1,1,0,1,0,1,0,0,0,1,1,0,0,0,0,0,0,0,0,7,,,,,,,,,,,,,,,,,,,,,,,,,
Sp15_200,Sp15,pre,I consent.,2,3,1,5,5,2,19,American Indian/Alaska tive,1,0,New,Native,United States,NA,,90 - 94.9,91,,3,4,1210,,,,,,1,1,1,1,0,1,1,0,1,0,0,1,0,0,0,1,1,1,0,0,11,,,,,,,,,,,,,,,,,,,,,,,,,
Sp15_332,Sp15,pre,I consent.,1,4,2,5,5,2,19,White,1,0,New,Naturalized,Unknown,NA,,95 - 100,95,,,,1350,660,660,640,,1320,1,1,1,0,1,1,1,0,0,1,1,1,1,1,1,0,1,1,1,1,16,,,,,,,,,,,,,,,,,,,,,,,,,
Sp15_413,Sp15,pre,I consent.,1,4,1,5,5,3,19,Asian,1,1,New,Native,United States,NA,,85 - 89.9,89,,,,1490,800,690,720,9,1490,1,0,1,0,1,1,1,1,1,1,1,0,1,1,1,1,1,1,1,1,17,,,,,,,,,,,,,,,,,,,,,,,,,
Sp15_266,Sp15,pre,I consent.,1,4,1,4,5,3,19,Asian,0,0,New,Native,United States,NA,,95 - 100,96,,7,,1170,660,510,600,10,1170,0,1,1,0,1,0,0,1,0,1,1,1,0,0,1,1,1,1,1,0,12,,,,,,,,,,,,,,,,,,,,,,,,,
Sp15_481,Sp15,pre,I consent.,1,4,1,4,4,3,19,Asian,1,0,Transfer,Native,United States,NA,,90 - 94.9,90,3.02,,,1410,720,690,700,10,1410,1,1,1,0,1,0,1,0,0,1,1,1,1,0,1,1,1,1,1,1,15,,,,,,,,,,,,,,,,,,,,,,,,,
Sp15_236,Sp15,pre,I consent.,2,4,1,4,4,2,19,White,0,0,Transfer,Native,United States,NA,,95 - 100,96,3.81,4,,1160,610,550,510,,1160,1,1,1,0,1,1,0,0,1,0,0,1,0,1,1,1,0,0,1,0,11,,,,,,,,,,,,,,,,,,,,,,,,,
Sp15_277,Sp15,pre,I consent.,1,3,1,5,4,3,19,White,0,0,New,Native,United States,NA,,95 - 100,99,,,,1150,590,560,590,9,1150,0,1,1,0,1,1,1,1,1,0,1,0,1,0,0,0,0,0,1,0,10,,,,,,,,,,,,,,,,,,,,,,,,,
Sp15_341,Sp15,pre,I consent.,1,3,2,3,2,3,20,Asian,0,0,New,Naturalized,Unknown,NA,,90 - 94.9,90,,4,,1120,650,470,460,9,1120,1,1,0,0,0,0,0,0,0,1,1,0,0,1,0,0,0,0,1,0,6,,,,,,,,,,,,,,,,,,,,,,,,,
Sp15_241,Sp15,pre,I consent.,1,2,2,2,1,0,21,Asian,1,0,New,Alien Temporary,Chi,NA,,90 - 94.9,90,,4,1,1000,640,360,350,7,1000,1,0,0,0,0,0,1,0,0,1,0,1,0,0,0,0,0,1,1,0,6,,,,,,,,,,,,,,,,,,,,,,,,,
Sp15_052,Sp15,pre,I consent.,1,4,1,5,4,3,19,Black/African American,0,0,New,Native,United States,NA,,95 - 100,99,,7,,1360,650,580,620,8,1230,0,1,1,0,1,1,1,1,1,0,1,1,1,1,0,1,0,1,1,0,14,,,,,,,,,,,,,,,,,,,,,,,,,
Sp15_186,Sp15,pre,I consent.,1,3,1,3,4,2,19,Hispanic of any race,0,0,Transfer,Native,United States,"$85,000-104,999",,95 - 100,96,3.41,,,1390,670,610,580,8,1280,1,1,0,1,1,1,1,1,0,1,1,0,1,0,1,0,1,1,1,1,15,,,,,,,,,,,,,,,,,,,,,,,,,
Sp15_327,Sp15,pre,I consent.,1,4,1,3,3,3,19,White,0,0,New,Native,United States,NA,,95 - 100,99,,9,,1360,680,650,640,9,1330,1,1,1,0,1,1,1,1,1,1,1,1,1,1,1,1,1,1,1,1,19,,,,,,,,,,,,,,,,,,,,,,,,,
Sp15_045,Sp15,pre,I consent.,1,4,1,5,4,3,19,Hispanic of any race,1,1,New,Native,United States,"$15,000-29,999",,95 - 100,98,,5,,1320,650,670,610,8,1320,1,1,1,1,1,1,1,1,1,0,1,1,1,1,1,1,1,0,1,1,18,,,,,,,,,,,,,,,,,,,,,,,,,
Sp15_432,Sp15,pre,I consent.,1,3,2,2,2,3,19,Asian,0,0,New,Undocumented Alien,Nepal,"$15,000-29,999",,95 - 100,96,,3,,1210,590,560,710,10,1150,1,1,1,0,1,0,0,0,1,1,0,0,0,1,1,1,0,0,0,0,9,,,,,,,,,,,,,,,,,,,,,,,,,
Sp15_469,Sp15,pre,I consent.,1,4,2,4,3,3,19,Asian,1,1,New,Alien Permanent,"Korea, Republic of",NA,,95 - 100,97,,,2,1170,730,440,460,8,1170,1,1,1,0,1,1,0,0,1,0,0,1,0,1,0,0,0,0,0,0,8,,,,,,,,,,,,,,,,,,,,,,,,,
Sp15_286,Sp15,pre,I consent.,1,5,1,4,3,3,19,White,1,0,New,Native,United States,NA,,95 - 100,99,,,,1450,800,650,660,8,1450,0,1,1,0,1,1,1,1,1,1,1,1,1,1,1,1,1,1,1,0,17,,,,,,,,,,,,,,,,,,,,,,,,,
Sp15_163,Sp15,pre,I consent.,1,4,1,5,5,3,19,White,0,1,New,Native,United States,NA,,95 - 100,96,,6,,1210,620,590,700,12,1210,1,1,1,0,1,1,1,1,0,1,1,1,1,0,1,0,1,1,1,1,16,,,,,,,,,,,,,,,,,,,,,,,,,
Sp15_358,Sp15,pre,I consent.,1,4,1,3,4,3,19,White,0,0,New,Native,United States,NA,,95 - 100,97,4,,,1210,610,570,680,10,1180,1,1,1,0,1,0,1,0,0,1,1,1,0,0,1,1,0,1,1,1,13,,,,,,,,,,,,,,,,,,,,,,,,,
Sp15_326,Sp15,pre,I consent.,2,4,1,4,3,3,20,White,0,0,New,Native,United States,NA,,95 - 100,97,,,,1320,,,,,,1,1,1,0,1,0,0,1,0,1,1,0,1,1,1,1,0,0,0,0,11,,,,,,,,,,,,,,,,,,,,,,,,,
Sp15_016,Sp15,pre,I consent.,1,4,1,5,5,3,19,Asian,0,0,New,Naturalized,Unknown,NA,,95 - 100,99,,2,,1150,620,520,500,9,1140,0,1,1,0,0,1,0,0,0,0,0,0,0,0,0,1,0,0,0,0,4,,,,,,,,,,,,,,,,,,,,,,,,,
Sp15_467,Sp15,pre,I consent.,1,4,2,5,5,3,20,Asian,1,0,New,Undocumented Alien,"Taiwan, Province of Chi",NA,,85 - 89.9,87,,,,1310,720,590,610,8,1310,1,1,0,0,1,0,1,0,0,0,1,0,0,0,0,0,0,1,1,1,8,,,,,,,,,,,,,,,,,,,,,,,,,
Sp15_082,Sp15,pre,I consent.,1,4,1,5,5,3,20,Asian,0,1,New,Native,United States,NA,,90 - 94.9,93,,6,,1320,,,,,,0,1,1,0,1,0,0,0,0,1,0,1,0,1,1,1,0,0,1,0,9,,,,,,,,,,,,,,,,,,,,,,,,,
Sp15_068,Sp15,pre,I consent.,1,4,1,5,5,3,19,Asian,0,1,New,Native,United States,NA,,95 - 100,97,3.9,7,,1340,720,620,720,10,1340,1,0,1,0,1,1,0,0,0,1,1,1,0,0,0,0,0,1,1,1,10,,,,,,,,,,,,,,,,,,,,,,,,,
Sp15_205,Sp15,pre,I consent.,1,5,1,5,5,3,19,Asian,0,0,New,Naturalized,Unknown,NA,,95 - 100,97,,6,,1480,770,710,660,8,1480,0,1,1,0,1,1,1,1,0,0,1,0,0,0,0,0,0,0,0,0,7,,,,,,,,,,,,,,,,,,,,,,,,,
Sp15_231,Sp15,pre,I consent.,1,4,2,4,4,3,20,Asian,0,1,New,Naturalized,"Korea, Republic of","$85,000-104,999",,90 - 94.9,91,,5,,1290,740,550,710,10,1290,0,1,1,0,1,1,1,1,0,1,0,0,1,0,1,1,1,1,1,0,13,,,,,,,,,,,,,,,,,,,,,,,,,
Sp15_144,Sp15,pre,I consent.,1,4,1,5,5,3,19,White,1,0,New,Native,United States,NA,,95 - 100,99,,,,1340,650,660,700,8,1310,0,1,1,1,1,1,1,1,1,0,1,1,1,1,1,1,1,1,1,1,18,,,,,,,,,,,,,,,,,,,,,,,,,
Sp15_478,Sp15,pre,I consent.,1,4,1,3,4,3,19,White,1,1,New,Native,United States,NA,,90 - 94.9,91,,4,,1170,600,570,600,10,1170,1,1,1,0,1,1,1,1,0,1,1,1,0,1,1,1,0,1,1,1,16,,,,,,,,,,,,,,,,,,,,,,,,,
Sp15_368,Sp15,pre,I consent.,2,3,1,4,4,0,19,Hispanic of any race,0,1,New,Native,United States,"$30,000-44,999",,85 - 89.9,88,,4,,940,430,510,490,10,940,1,1,1,0,1,0,0,1,1,0,1,1,0,1,1,1,0,1,0,0,12,,,,,,,,,,,,,,,,,,,,,,,,,
Sp15_180,Sp15,pre,I consent.,1,3,2,2,2,3,19,Asian,1,0,New,Alien Temporary,"Taiwan, Province of Chi",NA,,90 - 94.9,90,,,2,,,,,,,1,1,1,0,1,1,1,0,1,1,0,1,0,0,0,0,0,1,1,0,11,,,,,,,,,,,,,,,,,,,,,,,,,
Sp15_330,Sp15,pre,I consent.,1,4,1,5,5,3,19,White,0,0,Other,Native,United States,NA,,95 - 100,99,,3,,1400,690,710,670,9,1400,1,1,1,1,0,1,0,0,0,1,0,1,0,0,1,0,0,0,0,0,8,,,,,,,,,,,,,,,,,,,,,,,,,
Sp15_400,Sp15,pre,I consent.,1,3,2,3,3,0,20,Asian,1,1,New,Alien Permanent,Nepal,"$0-14,999",,95 - 100,96,,8,,1270,660,610,550,8,1270,1,1,1,0,1,1,1,0,1,0,1,1,0,0,1,0,0,0,1,1,12,,,,,,,,,,,,,,,,,,,,,,,,,
Sp15_315,Sp15,pre,I consent.,2,4,1,5,5,0,20,White,0,0,New,Native,United States,NA,,90 - 94.9,93,,4,,1260,,,,,,1,1,0,0,1,1,1,1,1,0,0,1,1,0,1,1,1,0,1,1,14,,,,,,,,,,,,,,,,,,,,,,,,,
Sp15_060,Sp15,pre,I consent.,1,4,1,5,5,3,19,White,0,0,New,Native,United States,NA,,95 - 100,99,,4,,1200,590,610,650,10,1200,0,1,1,1,1,0,0,1,1,1,0,0,1,1,1,1,0,0,0,0,11,,,,,,,,,,,,,,,,,,,,,,,,,
Sp15_335,Sp15,pre,I consent.,1,4,1,3,4,3,19,Asian,0,0,New,Alien Permanent,India,NA,,95 - 100,95,,,,1540,800,740,690,9,1540,1,1,1,1,1,1,1,1,1,1,1,0,1,1,1,1,1,1,0,1,18,,,,,,,,,,,,,,,,,,,,,,,,,
Sp15_064,Sp15,pre,I consent.,1,4,2,4,4,3,19,Asian,1,0,New,Alien Permanent,"Korea, Republic of",NA,,90 - 94.9,92,,9,,1470,770,700,750,10,1470,1,1,1,1,1,1,1,1,1,1,1,1,0,1,1,1,1,1,1,1,19,,,,,,,,,,,,,,,,,,,,,,,,,
Sp15_453,Sp15,pre,I consent.,1,4,1,5,5,3,18,White,0,0,New,Native,United States,NA,,95 - 100,99,,3,,1210,580,630,640,10,1210,1,1,1,1,1,1,0,0,0,1,1,1,1,1,1,0,1,1,1,0,15,,,,,,,,,,,,,,,,,,,,,,,,,
Sp15_142,Sp15,pre,I consent.,1,3,1,5,5,3,20,White,0,1,New,Native,United States,NA,,90 - 94.9,92,3,,,1170,560,610,660,8,1170,1,1,0,1,1,1,1,1,1,1,1,1,1,0,1,0,1,1,0,1,16,,,,,,,,,,,,,,,,,,,,,,,,,
Sp15_452,Sp15,pre,I consent.,1,4,1,4,4,3,20,Asian,1,1,New,Naturalized,Unknown,NA,,90 - 94.9,94,,7,,1420,760,660,760,12,1420,1,1,1,0,1,0,0,0,0,1,1,0,0,0,0,1,0,0,0,0,7,,,,,,,,,,,,,,,,,,,,,,,,,
Sp15_137,Sp15,pre,I consent.,1,3,2,2,2,3,19,Asian,0,1,New,Naturalized,Unknown,NA,,90 - 94.9,94,,5,,1240,650,590,670,9,1240,1,1,1,1,0,1,1,1,1,1,1,1,0,0,0,1,0,0,0,0,12,,,,,,,,,,,,,,,,,,,,,,,,,
Sp15_295,Sp15,pre,I consent.,2,3,1,5,5,2,19,Black/African American,0,0,Other,Native,United States,NA,,85 - 89.9,88,,4,,1220,630,590,690,9,1220,0,1,1,0,1,0,1,1,1,0,1,1,1,1,1,0,1,1,1,1,15,,,,,,,,,,,,,,,,,,,,,,,,,
Sp15_010,Sp15,pre,I consent.,1,4,1,5,5,3,19,Asian,0,0,New,Native,United States,NA,,90 - 94.9,90,,7,,1300,700,600,690,8,1300,0,1,1,1,1,1,1,1,1,1,0,0,1,0,1,1,1,1,1,1,16,,,,,,,,,,,,,,,,,,,,,,,,,
Sp15_433,Sp15,pre,I consent.,1,5,1,5,5,3,20,White,1,0,New,Native,United States,NA,,95 - 100,99,,,,1440,750,690,690,9,1440,1,1,1,1,1,1,1,1,1,1,1,1,1,1,1,1,1,1,1,1,20,,,,,,,,,,,,,,,,,,,,,,,,,
Sp15_182,Sp15,pre,I consent.,1,3,1,5,5,3,19,White,0,0,New,Native,United States,NA,,90 - 94.9,94,,3,,1210,560,600,530,,1160,1,1,1,0,1,1,1,1,1,1,0,1,1,1,1,0,0,1,0,1,15,,,,,,,,,,,,,,,,,,,,,,,,,
Sp15_391,Sp15,pre,I consent.,1,4,2,5,5,3,20,Asian,1,0,New,Undocumented Alien,"Korea, Republic of",NA,,95 - 100,98,,7,,1410,790,620,710,9,1410,1,1,0,1,1,0,0,1,0,0,1,0,1,0,1,1,0,1,0,0,10,,,,,,,,,,,,,,,,,,,,,,,,,
Sp15_263,Sp15,pre,I consent.,1,4,2,2,2,2,19,Asian,0,1,Transfer,Native,United States,NA,,90 - 94.9,91,,7,,1350,760,590,640,8,1350,1,1,0,0,0,1,0,1,0,1,1,1,0,0,0,0,1,1,1,1,11,,,,,,,,,,,,,,,,,,,,,,,,,
Sp15_074,Sp15,pre,I consent.,1,4,1,5,4,3,19,Asian,0,1,New,Naturalized,Unknown,NA,,85 - 89.9,88,,5,,1380,710,670,720,10,1380,0,1,1,1,1,0,1,1,1,0,0,0,1,1,1,1,1,0,1,0,13,,,,,,,,,,,,,,,,,,,,,,,,,
Sp15_065,Sp15,pre,I consent.,1,4,2,5,5,3,19,Asian,1,0,New,Native,United States,NA,,95 - 100,99,,6,,1540,740,800,720,11,1540,1,1,1,0,1,1,1,1,0,1,1,1,0,1,1,1,1,1,1,1,17,,,,,,,,,,,,,,,,,,,,,,,,,
Sp15_461,Sp15,pre,I consent.,1,4,2,3,2,3,19,Asian,0,0,New,Native,United States,NA,,95 - 100,98,,,,1370,800,570,560,7,1370,1,1,1,1,1,1,1,1,1,1,1,1,1,0,1,0,1,1,1,1,18,,,,,,,,,,,,,,,,,,,,,,,,,
Sp15_262,Sp15,pre,I consent.,2,4,1,3,3,3,20,Black/African American,0,0,New,Native,United States,NA,,95 - 100,96,4,3,,1170,580,590,570,8,1170,1,1,1,0,1,0,1,0,1,1,1,1,1,1,1,0,1,0,1,1,15,,,,,,,,,,,,,,,,,,,,,,,,,
Sp15_264,Sp15,pre,I consent.,1,4,1,5,5,3,19,Asian,0,0,New,Native,United States,NA,,90 - 94.9,93,,,,1560,760,800,680,8,1560,0,1,1,0,1,1,1,1,0,0,1,1,0,1,1,1,1,1,1,1,15,,,,,,,,,,,,,,,,,,,,,,,,,
Sp15_188,Sp15,pre,I consent.,1,3,2,3,3,2,19,Asian,0,1,New,Native,United States,NA,,90 - 94.9,90,,5,,1230,630,600,610,8,1230,1,1,1,0,1,0,1,0,0,1,0,1,0,0,1,0,1,1,0,1,11,,,,,,,,,,,,,,,,,,,,,,,,,
Sp15_312,Sp15,pre,I consent.,1,3,1,4,4,3,20,Asian,0,0,New,Alien Temporary,India,NA,,95 - 100,95,,,,1430,710,720,760,9,1430,1,1,1,0,1,0,1,1,1,0,1,1,1,1,0,1,1,1,1,1,16,,,,,,,,,,,,,,,,,,,,,,,,,
Sp15_325,Sp15,pre,I consent.,1,3,1,5,5,3,19,Asian,0,1,New,Naturalized,Unknown,NA,,95 - 100,99,,5,,1210,610,600,590,8,1210,1,1,1,1,1,0,0,1,0,0,0,1,1,1,1,1,0,0,1,1,13,,,,,,,,,,,,,,,,,,,,,,,,,
Sp15_245,Sp15,pre,I consent.,2,3,1,5,5,1,19,White,1,1,New,Native,United States,NA,,90 - 94.9,90,,4,,1250,610,600,630,10,1210,1,1,1,0,1,0,1,0,1,0,1,1,0,1,1,0,1,0,0,1,12,,,,,,,,,,,,,,,,,,,,,,,,,
Sp15_158,Sp15,pre,I consent.,1,3,1,5,5,3,19,White,0,0,Other,Native,United States,NA,,95 - 100,95,,3,,1220,550,670,610,8,1220,1,1,1,1,1,1,1,1,1,0,1,1,1,0,0,1,0,0,0,1,14,,,,,,,,,,,,,,,,,,,,,,,,,
Sp15_456,Sp15,pre,I consent.,2,5,1,3,3,2,19,Asian,0,0,New,Native,United States,NA,,85 - 89.9,85,3.1,4,,1200,650,550,590,9,1200,0,1,1,0,1,1,0,0,1,0,1,1,0,1,0,0,0,1,1,1,11,,,,,,,,,,,,,,,,,,,,,,,,,
Sp15_257,Sp15,pre,I consent.,2,3,2,4,3,2,19,Asian,0,1,New,Naturalized,Unknown,NA,,85 - 89.9,89,,4,,1230,670,560,590,9,1230,0,1,0,0,0,0,1,1,0,1,0,0,0,0,0,0,0,0,0,0,4,,,,,,,,,,,,,,,,,,,,,,,,,
Sp15_411,Sp15,pre,I consent.,1,4,1,4,4,3,19,Asian,0,0,New,Native,United States,NA,,95 - 100,97,,8,,1470,740,730,700,8,1470,0,1,1,1,1,0,1,1,0,1,1,1,1,1,1,0,1,1,1,0,15,,,,,,,,,,,,,,,,,,,,,,,,,
Sp15_181,Sp15,pre,I consent.,2,3,2,5,5,1,19,Asian,0,1,New,Native,United States,NA,,90 - 94.9,92,,4,,1400,750,650,620,8,1400,1,1,1,0,1,0,1,0,1,1,0,0,0,1,1,0,0,1,0,0,10,,,,,,,,,,,,,,,,,,,,,,,,,
Sp15_007,Sp15,pre,I consent.,1,4,1,5,5,3,19,Black/African American,0,0,New,Native,United States,NA,,95 - 100,98,,5,,1400,650,750,770,8,1400,1,1,1,1,1,0,1,1,1,1,1,1,1,1,1,1,0,1,1,1,18,,,,,,,,,,,,,,,,,,,,,,,,,
Sp15_354,Sp15,pre,I consent.,2,4,1,3,4,3,20,White,1,0,New,Native,United States,NA,,95 - 100,99,,,,1340,710,630,760,9,1340,1,1,0,0,1,0,0,0,0,1,1,1,0,1,0,1,0,1,0,0,9,,,,,,,,,,,,,,,,,,,,,,,,,
Sp15_244,Sp15,pre,I consent.,1,4,1,5,5,3,19,Asian,0,1,New,Alien Permanent,Chi,NA,,90 - 94.9,92,,5,,1430,800,630,730,10,1430,1,1,1,0,1,1,1,1,0,1,1,1,1,1,1,1,0,1,1,1,17,,,,,,,,,,,,,,,,,,,,,,,,,
Sp15_168,Sp15,pre,I consent.,1,3,1,5,4,3,20,Asian,1,1,New,Native,United States,NA,,90 - 94.9,91,,6,,1420,800,620,590,8,1420,0,1,1,0,1,0,1,0,1,0,1,1,0,0,1,1,1,0,1,0,11,,,,,,,,,,,,,,,,,,,,,,,,,
Sp15_080,Sp15,pre,I consent.,1,4,1,4,2,3,19,Asian,1,0,New,Native,United States,NA,,90 - 94.9,93,,,,1570,770,690,630,9,1460,1,1,1,1,1,1,1,1,0,1,1,1,1,1,1,0,1,1,1,1,18,,,,,,,,,,,,,,,,,,,,,,,,,
Sp15_387,Sp15,pre,I consent.,1,4,1,5,5,2,19,White,0,0,Transfer,Native,United States,"$85,000-104,999",,95 - 100,99,,,,1350,620,590,640,9,1210,1,1,1,1,0,1,1,1,0,1,1,1,1,1,0,0,1,1,0,0,14,,,,,,,,,,,,,,,,,,,,,,,,,
Sp15_108,Sp15,pre,I consent.,1,4,1,5,5,3,19,White,1,0,New,Native,United States,NA,,95 - 100,98,,,,1360,620,740,610,8,1360,0,1,1,1,1,1,0,1,1,0,0,1,1,1,1,1,1,0,1,1,15,,,,,,,,,,,,,,,,,,,,,,,,,
Sp15_425,Sp15,pre,I consent.,2,3,1,4,4,2,19,White,1,0,New,Native,United States,NA,,95 - 100,98,3.9,5,,1350,690,660,560,8,1350,1,1,0,1,1,1,1,1,1,0,1,1,1,1,1,1,1,0,1,1,17,,,,,,,,,,,,,,,,,,,,,,,,,
Sp15_230,Sp15,pre,I consent.,1,4,1,5,5,3,19,Asian,1,0,New,Native,United States,NA,,90 - 94.9,90,,,,1550,770,780,730,8,1550,1,1,1,1,1,1,1,1,0,1,1,1,1,1,1,1,1,1,1,1,19,,,,,,,,,,,,,,,,,,,,,,,,,
Sp15_027,Sp15,pre,I consent.,1,3,1,5,4,3,19,White,0,0,New,Native,United States,NA,,90 - 94.9,94,,4,,1350,700,650,660,9,1350,1,1,1,1,1,1,1,1,0,1,1,0,1,1,1,0,1,1,1,1,17,,,,,,,,,,,,,,,,,,,,,,,,,
Sp15_115,Sp15,pre,I consent.,2,3,1,5,5,2,19,White,0,0,New,Native,United States,NA,,95 - 100,97,,5,,1150,600,550,480,8,1150,1,1,1,0,1,1,1,1,0,1,1,1,0,1,1,0,1,0,1,1,15,,,,,,,,,,,,,,,,,,,,,,,,,
Sp15_095,Sp15,pre,I consent.,1,4,1,3,3,3,19,Asian,0,1,New,Native,United States,"$30,000-44,999",,90 - 94.9,91,,8,,1350,770,580,610,8,1350,1,1,1,1,1,0,1,0,0,1,1,1,1,0,1,1,0,1,1,0,14,,,,,,,,,,,,,,,,,,,,,,,,,
Sp15_273,Sp15,pre,I consent.,1,3,1,5,5,3,19,Hispanic of any race,0,1,Transfer,Native,United States,"$15,000-29,999",,90 - 94.9,94,,3,,1230,610,620,600,8,1230,1,1,0,0,1,1,1,1,1,0,1,1,1,1,1,0,1,0,1,1,15,,,,,,,,,,,,,,,,,,,,,,,,,
Sp15_119,Sp15,pre,I consent.,1,3,1,4,4,2,18,Asian,0,0,New,Alien Permanent,Philippines,NA,,90 - 94.9,93,,5,,1190,590,600,560,10,1190,0,1,0,1,0,0,0,1,1,0,0,0,1,0,0,1,0,0,1,1,8,,,,,,,,,,,,,,,,,,,,,,,,,
Sp15_110,Sp15,pre,I consent.,2,3,1,5,5,1,18,Black/African American,0,0,New,Native,United States,NA,,90 - 94.9,94,,,,1220,620,600,660,6,1220,1,1,1,0,1,0,1,0,0,1,0,1,0,1,1,1,1,1,0,0,12,,,,,,,,,,,,,,,,,,,,,,,,,
Sp15_123,Sp15,pre,I consent.,1,4,1,5,4,3,19,White,0,0,New,Native,United States,NA,,85 - 89.9,86,,,,1380,680,700,670,9,1380,1,1,1,0,1,1,1,1,0,1,1,1,1,1,1,1,1,0,1,1,17,,,,,,,,,,,,,,,,,,,,,,,,,
Sp15_474,Sp15,pre,I consent.,3,3,1,5,5,0,19,Asian,1,1,New,Native,United States,NA,,85 - 89.9,86,,4,,1400,700,700,620,7,1400,1,1,0,0,1,1,1,1,1,1,1,1,0,1,1,1,1,1,1,1,17,,,,,,,,,,,,,,,,,,,,,,,,,
Sp15_473,Sp15,pre,I consent.,1,4,2,2,2,2,19,Asian,1,1,New,Native,United States,"$15,000-29,999",,90 - 94.9,91,,,,1440,740,700,660,10,1440,1,1,1,1,1,0,1,1,0,1,1,0,0,1,1,1,1,1,1,1,16,,,,,,,,,,,,,,,,,,,,,,,,,
Sp15_085,Sp15,pre,I consent.,1,4,2,5,5,2,19,Asian,1,1,New,Naturalized,Unknown,NA,,90 - 94.9,93,,5,,1340,710,630,640,10,1340,1,1,1,0,1,0,1,0,1,0,0,1,0,0,0,0,0,0,1,0,8,,,,,,,,,,,,,,,,,,,,,,,,,
Sp15_202,Sp15,pre,I consent.,1,4,1,3,3,3,19,Asian,1,1,New,Native,United States,"$15,000-29,999",,95 - 100,96,,5,,1170,630,530,580,9,1160,0,1,1,0,1,1,1,1,1,1,0,1,0,0,1,1,1,0,0,1,13,,,,,,,,,,,,,,,,,,,,,,,,,
Sp15_275,Sp15,pre,I consent.,2,4,1,5,5,2,21,White,1,1,Transfer,Naturalized,Unknown,"$30,000-44,999",,Unknown,,3.45,,,,,,,,,0,1,1,0,1,0,1,1,1,0,0,1,1,1,1,0,1,0,1,0,12,,,,,,,,,,,,,,,,,,,,,,,,,
Sp15_242,Sp15,pre,I consent.,3,4,2,2,2,3,20,Asian,1,1,New,Naturalized,Unknown,NA,,90 - 94.9,90,,5,,1330,720,610,640,9,1330,1,1,1,0,1,0,1,0,0,1,1,1,0,1,1,0,0,1,1,1,13,,,,,,,,,,,,,,,,,,,,,,,,,
Sp15_183,Sp15,pre,I consent.,1,4,1,4,4,2,19,White,1,0,New,Native,United States,NA,,90 - 94.9,94,,,,1280,680,600,670,10,1280,1,1,1,0,1,1,1,1,1,1,1,1,1,1,1,1,1,1,1,1,19,,,,,,,,,,,,,,,,,,,,,,,,,
Sp15_338,Sp15,pre,I consent.,2,4,1,5,5,2,19,Asian,0,0,New,Native,United States,NA,,90 - 94.9,94,,4,,1200,620,580,590,9,1200,1,1,1,0,1,0,1,1,0,1,0,0,0,0,1,1,0,0,1,1,11,,,,,,,,,,,,,,,,,,,,,,,,,
Sp15_270,Sp15,pre,I consent.,1,3,1,2,3,3,20,Asian,1,1,New,Native,United States,NA,,95 - 100,97,,6,,1150,680,470,650,10,1150,0,1,0,0,0,0,1,0,0,0,1,0,0,1,1,1,0,1,1,0,8,,,,,,,,,,,,,,,,,,,,,,,,,
Sp15_039,Sp15,pre,I consent.,1,5,1,3,4,2,19,Asian,1,0,New,Native,United States,NA,,95 - 100,99,,,,1350,710,640,670,12,1350,0,1,1,0,1,0,1,1,1,1,1,1,0,0,0,1,1,1,1,1,14,,,,,,,,,,,,,,,,,,,,,,,,,
Sp15_419,Sp15,pre,I consent.,1,4,1,5,5,3,19,Asian,1,0,New,Native,United States,NA,,95 - 100,95,,,,1300,700,570,570,10,1270,0,1,1,0,1,0,1,0,1,1,0,1,0,0,0,0,0,1,0,0,8,,,,,,,,,,,,,,,,,,,,,,,,,
Sp15_092,Sp15,pre,I consent.,1,3,2,2,2,3,20,Asian,0,0,New,Alien Temporary,"Korea, Republic of",NA,,90 - 94.9,90,,,1,,,,,,,0,1,1,0,1,0,0,1,0,1,0,1,0,0,0,1,0,1,0,0,8,,,,,,,,,,,,,,,,,,,,,,,,,
Sp15_187,Sp15,pre,I consent.,1,3,1,5,4,3,19,Asian,0,1,New,Native,United States,NA,,90 - 94.9,92,,5,,1200,660,540,640,8,1200,1,1,1,0,1,0,1,1,1,1,1,1,0,0,1,1,0,1,0,1,14,,,,,,,,,,,,,,,,,,,,,,,,,
Sp15_104,Sp15,pre,I consent.,1,5,1,5,5,3,19,Black/African American,0,0,New,Native,United States,NA,,90 - 94.9,93,,4,,1390,700,690,670,10,1390,1,1,1,0,1,1,1,1,0,1,1,1,1,1,1,0,1,1,1,1,17,,,,,,,,,,,,,,,,,,,,,,,,,
Sp15_199,Sp15,pre,I consent.,1,4,1,5,5,3,19,Asian,0,0,New,Native,United States,NA,,95 - 100,99,,9,,1500,710,790,800,11,1500,1,1,1,1,1,1,1,1,1,1,0,1,1,1,1,1,0,0,1,1,17,,,,,,,,,,,,,,,,,,,,,,,,,
Sp15_174,Sp15,pre,I consent.,1,4,1,5,5,3,19,White,1,0,New,Native,United States,NA,,90 - 94.9,92,,5,,1390,730,660,630,8,1390,1,1,1,0,1,1,1,1,1,0,1,1,1,1,1,1,1,1,1,1,18,,,,,,,,,,,,,,,,,,,,,,,,,
Sp15_099,Sp15,pre,I consent.,1,4,2,2,2,3,19,Asian,1,1,New,Native,United States,NA,,90 - 94.9,93,,,,1320,790,530,640,10,1320,1,0,1,0,1,0,0,0,1,0,1,1,0,1,0,0,0,0,0,0,7,,,,,,,,,,,,,,,,,,,,,,,,,
Sp15_161,Sp15,pre,I consent.,1,4,1,4,4,3,19,Asian,0,1,New,Native,United States,NA,,90 - 94.9,93,,5,,1380,690,690,650,8,1380,1,1,0,1,1,0,1,1,0,1,0,0,0,1,1,0,1,1,1,1,13,,,,,,,,,,,,,,,,,,,,,,,,,
Sp15_401,Sp15,pre,I consent.,1,5,1,5,4,3,20,White,1,1,New,Native,United States,NA,,95 - 100,99,,,,1310,680,630,610,8,1310,1,1,1,0,1,1,1,1,0,1,0,1,0,1,1,1,0,1,1,1,15,,,,,,,,,,,,,,,,,,,,,,,,,
Sp15_367,Sp15,pre,I consent.,1,4,2,5,5,3,19,Hispanic of any race,0,0,Other,Naturalized,Unknown,NA,,95 - 100,99,,4,,1150,530,570,530,8,1100,0,0,1,1,0,1,1,0,0,0,1,1,0,1,0,0,0,1,1,0,9,,,,,,,,,,,,,,,,,,,,,,,,,
Sp15_317,Sp15,pre,I consent.,1,4,1,5,5,3,19,Asian,0,1,New,Native,United States,NA,,90 - 94.9,90,,4,,1440,740,700,620,8,1440,1,1,1,0,1,1,1,1,1,1,1,1,0,1,1,1,1,1,1,1,18,,,,,,,,,,,,,,,,,,,,,,,,,
Sp15_420,Sp15,pre,I consent.,1,4,1,4,4,3,19,Asian,1,0,New,Native,United States,NA,,95 - 100,98,,8,,1600,,,,,,0,1,1,1,1,1,1,1,1,1,0,1,1,1,1,1,1,0,1,1,17,,,,,,,,,,,,,,,,,,,,,,,,,
Sp15_399,Sp15,pre,I consent.,1,4,1,5,4,2,19,Asian,0,0,New,Native,United States,NA,,95 - 100,99,,,,1360,720,640,720,10,1360,1,1,1,0,1,0,1,1,0,1,1,1,1,1,1,1,1,1,1,1,17,,,,,,,,,,,,,,,,,,,,,,,,,
Sp15_260,Sp15,pre,I consent.,1,4,2,4,4,3,19,Asian,0,1,New,Alien Permanent,Chi,NA,,90 - 94.9,93,,,,1260,720,540,590,9,1260,1,0,1,0,0,0,0,0,0,1,1,1,0,0,0,1,0,1,0,0,7,,,,,,,,,,,,,,,,,,,,,,,,,
Sp15_212,Sp15,pre,I consent.,1,4,1,4,2,3,19,,1,0,New,Undocumented Alien,Guya,NA,,95 - 100,98,,,,1190,650,540,550,9,1190,1,1,1,0,1,0,0,1,1,1,1,1,0,1,1,0,0,1,0,0,12,,,,,,,,,,,,,,,,,,,,,,,,,
Sp15_370,Sp15,pre,I consent.,1,3,1,5,5,2,19,Hispanic of any race,1,0,Transfer,Native,United States,NA,,NA,,,,,1110,590,520,490,10,1110,0,0,1,0,1,0,0,1,0,0,0,1,1,0,0,1,0,0,0,0,6,,,,,,,,,,,,,,,,,,,,,,,,,
Sp15_250,Sp15,pre,I consent.,1,3,2,2,2,0,20,Asian,1,1,New,Naturalized,Chi,NA,,95 - 100,96,,,,1170,690,480,460,8,1170,1,0,1,1,1,0,1,0,1,1,1,0,0,0,0,0,0,1,1,0,10,,,,,,,,,,,,,,,,,,,,,,,,,
Sp15_026,Sp15,pre,I consent.,2,5,1,5,5,3,20,White,1,0,New,Native,United States,NA,,95 - 100,96,,5,,1430,750,680,660,8,1430,1,1,1,1,1,1,1,1,1,1,1,1,1,1,1,1,1,1,1,1,20,,,,,,,,,,,,,,,,,,,,,,,,,
Sp15_217,Sp15,pre,I consent.,1,4,2,5,5,3,19,Asian,0,0,New,Naturalized,Philippines,NA,,95 - 100,99,,7,,1410,640,620,670,11,1260,0,1,0,0,1,0,1,0,0,1,0,0,0,1,1,0,0,1,0,0,7,,,,,,,,,,,,,,,,,,,,,,,,,
Sp15_192,Sp15,pre,I consent.,1,4,1,3,3,3,19,Asian,0,0,New,Native,United States,NA,,90 - 94.9,94,,4,,1360,720,640,620,8,1360,1,1,1,1,1,0,1,1,0,1,0,1,0,1,1,0,0,0,1,0,12,,,,,,,,,,,,,,,,,,,,,,,,,
Sp15_190,Sp15,pre,I consent.,1,4,2,4,4,3,19,Asian,1,0,New,Native,United States,NA,,90 - 94.9,92,3,,,1450,760,690,770,10,1450,1,1,1,0,1,1,1,1,1,0,1,1,0,0,1,1,0,0,0,1,13,,,,,,,,,,,,,,,,,,,,,,,,,
Sp15_449,Sp15,pre,I consent.,1,4,1,2,2,3,19,Asian,0,0,New,Native,United States,NA,,95 - 100,95,,,,1150,670,480,640,8,1150,1,1,1,0,1,0,1,1,0,1,0,1,0,1,1,0,0,1,0,1,12,,,,,,,,,,,,,,,,,,,,,,,,,
Sp15_112,Sp15,pre,I consent.,1,4,1,5,5,3,19,,0,0,New,Naturalized,Unknown,NA,,85 - 89.9,88,,4,,1380,680,700,740,10,1380,1,1,1,1,1,1,1,1,1,0,1,1,1,1,1,1,1,1,1,1,19,,,,,,,,,,,,,,,,,,,,,,,,,
Sp15_427,Sp15,pre,I consent.,2,4,1,4,3,2,19,Hispanic of any race,1,0,New,Native,United States,NA,,85 - 89.9,89,,,,1190,630,560,620,10,1190,1,1,1,0,1,0,1,0,1,0,0,0,0,1,1,1,1,0,0,0,10,,,,,,,,,,,,,,,,,,,,,,,,,
Sp15_014,Sp15,pre,I consent.,1,4,1,5,5,3,19,Black/African American,0,1,New,Native,United States,NA,,95 - 100,99,,3,,1270,600,670,610,8,1270,1,1,1,0,1,0,1,1,0,0,0,1,1,1,1,1,1,1,1,1,15,,,,,,,,,,,,,,,,,,,,,,,,,
Sp15_226,Sp15,pre,I consent.,2,4,1,3,3,3,19,Asian,0,0,New,Native,United States,NA,,90 - 94.9,93,,5,,1430,750,680,650,9,1430,0,0,0,0,0,1,0,0,0,1,0,1,1,0,1,0,0,0,0,1,6,,,,,,,,,,,,,,,,,,,,,,,,,
Sp15_361,Sp15,pre,I consent.,2,5,1,5,5,3,19,Asian,1,0,New,Native,United States,NA,,95 - 100,96,3.9,,,1360,690,670,660,10,1360,0,1,1,0,1,0,0,0,0,0,0,1,0,1,1,1,0,1,1,0,9,,,,,,,,,,,,,,,,,,,,,,,,,
Sp15_248,Sp15,pre,I consent.,3,3,1,5,3,0,19,Asian,1,1,New,Native,United States,"$0-14,999",,90 - 94.9,90,,2.5,,1210,610,600,580,8,1210,1,1,1,0,1,0,0,1,0,0,1,0,0,1,1,0,1,0,0,0,9,,,,,,,,,,,,,,,,,,,,,,,,,
Sp15_430,Sp15,pre,I consent.,1,4,1,5,5,3,19,Asian,1,0,New,Native,United States,NA,,90 - 94.9,94,,8,,1460,760,700,710,10,1460,1,1,1,0,1,1,1,1,1,0,1,1,1,1,1,1,1,1,1,1,18,,,,,,,,,,,,,,,,,,,,,,,,,
Sp15_381,Sp15,pre,I consent.,3,4,1,2,2,0,19,Asian,0,1,New,Native,United States,"$125,000-144,999",,90 - 94.9,94,,4,,1230,580,650,670,12,1230,1,1,1,1,1,1,1,1,0,0,0,0,0,1,1,0,1,0,1,0,12,,,,,,,,,,,,,,,,,,,,,,,,,
Sp15_213,Sp15,pre,I consent.,1,3,1,4,4,2,19,Black/African American,0,1,New,Native,United States,"$15,000-29,999",,95 - 100,98,,6,,1250,670,580,580,,1250,1,1,1,1,1,1,1,1,0,1,1,1,1,1,1,1,1,1,1,1,19,,,,,,,,,,,,,,,,,,,,,,,,,
Sp15_166,Sp15,pre,I consent.,1,4,1,5,5,3,19,Asian,0,1,New,Native,United States,NA,,90 - 94.9,93,,4,,1470,780,690,630,6,1470,1,1,1,0,1,1,1,0,1,1,1,1,0,1,1,1,0,1,1,1,16,,,,,,,,,,,,,,,,,,,,,,,,,
Sp15_468,Sp15,pre,I consent.,1,3,2,5,5,3,21,Asian,0,0,New,Alien Temporary,Japan,NA,,85 - 89.9,87,,,,1220,710,510,550,8,1220,0,1,1,0,1,1,0,1,0,1,0,1,0,1,1,1,0,1,1,1,13,,,,,,,,,,,,,,,,,,,,,,,,,
Sp15_034,Sp15,pre,I consent.,1,4,1,5,5,3,19,Asian,0,1,New,Native,United States,"$30,000-44,999",,95 - 100,99,,,,1300,660,640,650,9,1300,1,1,1,0,1,1,0,1,0,1,1,1,0,1,1,1,1,1,1,1,16,,,,,,,,,,,,,,,,,,,,,,,,,
Sp15_048,Sp15,pre,I consent.,1,5,1,5,5,3,22,White,0,0,Transfer,Native,United States,NA,,NA,,3.66,,,,,,,,,1,1,1,1,1,1,1,1,0,1,1,1,1,0,1,0,1,1,1,1,17,,,,,,,,,,,,,,,,,,,,,,,,,
Sp15_021,Sp15,pre,I consent.,1,5,2,3,3,2,20,Black/African American,1,1,Transfer,Alien Permanent,Haiti,"$0-14,999",,Unknown,,3.6,2.5,,,,,,,,1,0,1,0,1,0,0,0,1,0,0,0,1,0,0,0,0,0,0,0,5,,,,,,,,,,,,,,,,,,,,,,,,,
Sp15_086,Sp15,pre,I consent.,1,4,2,2,2,2,21,Asian,0,0,Other,Alien Temporary,Chi,NA,,90 - 94.9,90,,,,1120,730,390,440,7,1120,1,1,1,0,1,1,0,0,0,1,1,1,0,0,1,1,0,0,0,0,10,,,,,,,,,,,,,,,,,,,,,,,,,
Sp15_105,Sp15,pre,I consent.,2,5,1,4,4,0,25,White,1,1,Transfer,Native,United States,NA,,85 - 89.9,87,3.38,2,,,,,,,,1,1,1,0,0,1,1,1,0,1,1,1,0,1,0,0,1,0,1,0,12,,,,,,,,,,,,,,,,,,,,,,,,,
Sp15_150,Sp15,pre,I consent.,1,3,1,4,4,2,18,Asian,0,0,New,Native,United States,NA,Y,95 - 100,99,,8,,1430,730,640,750,10,1370,0,1,1,1,1,1,1,1,1,1,0,1,1,1,1,1,1,1,1,1,18,,,,,,,,,,,,,,,,,,,,,,,,,
Sp15_268,Sp15,pre,I consent.,2,3,1,5,5,1,18,White,0,0,Transfer,Native,United States,NA,N,95 - 100,99,,7,,1480,700,780,780,10,1480,1,1,1,1,1,0,1,1,0,1,1,1,1,1,1,1,1,1,1,1,18,,,,,,,,,,,,,,,,,,,,,,,,,
Sp15_028,Sp15,pre,I consent.,1,3,1,5,5,2,18,Asian,1,0,New,Native,United States,NA,N,95 - 100,99,,,,1410,800,610,800,10,1410,1,1,1,0,1,1,1,1,1,1,1,1,0,1,1,0,1,1,1,1,17,,,,,,,,,,,,,,,,,,,,,,,,,
Sp15_024,Sp15,pre,I consent.,2,3,1,5,5,0,18,White,1,0,New,Native,United States,NA,N,95 - 100,99,,,,1250,650,600,630,,1250,0,1,1,0,1,0,0,0,1,0,0,1,0,1,1,1,0,0,0,0,8,,,,,,,,,,,,,,,,,,,,,,,,,
Sp15_008,Sp15,pre,I consent.,2,3,1,5,5,0,18,Asian,1,1,New,Native,United States,NA,N,95 - 100,99,,,,1250,660,590,650,10,1250,1,1,0,0,1,0,0,0,0,1,0,0,0,1,0,1,0,1,0,1,8,,,,,,,,,,,,,,,,,,,,,,,,,
Sp15_232,Sp15,pre,I consent.,2,5,3,3,2,1,24,,1,1,Transfer,Native,United States,NA,,NA,,2.78,,,,,,,,,1,1,0,0,0,1,1,1,0,1,0,0,0,0,0,1,1,1,1,1,11,,,,,,,,,,,,,,,,,,,,,,,,,
Sp15_435,Sp15,pre,I consent.,1,3,1,5,5,3,18,White,1,0,New,Native,United States,NA,N,95 - 100,98,,,,1430,,,,,,1,1,1,0,1,1,1,0,1,0,0,1,1,0,1,0,1,1,1,1,14,,,,,,,,,,,,,,,,,,,,,,,,,
Sp15_172,Sp15,pre,I consent.,1,4,1,4,4,3,22,White,1,0,Transfer,Native,United States,NA,Y,90 - 94.9,90,3.18,,,,,,,,,0,1,1,0,1,1,1,0,1,1,1,1,0,1,0,1,1,1,1,1,15,,,,,,,,,,,,,,,,,,,,,,,,,
Sp15_337,Sp15,pre,I consent.,1,5,2,5,3,2,24,White,0,0,Transfer,Naturalized,Ukraine,"$0-14,999",,Unknown,,,3,4,,,,,,,1,1,1,0,0,0,1,0,0,1,1,1,0,1,0,0,0,0,1,0,9,,,,,,,,,,,,,,,,,,,,,,,,,
Sp15_386,Sp15,pre,I consent.,1,3,1,4,5,1,18,White,0,0,New,Native,United States,NA,,90 - 94.9,92,,,,1240,670,570,500,8,1240,0,1,1,0,1,1,0,1,1,1,0,1,0,1,1,1,0,1,1,1,14,,,,,,,,,,,,,,,,,,,,,,,,,
Sp15_339,Sp15,pre,I consent.,2,2,2,5,5,0,18,Asian,1,1,New,Naturalized,New Zealand,"$15,000-29,999",,90 - 94.9,91,,,,1320,680,590,640,8,1270,1,1,1,0,0,1,0,0,0,1,1,1,0,0,0,0,0,0,0,0,7,,,,,,,,,,,,,,,,,,,,,,,,,
Sp15_133,Sp15,pre,I consent.,2,4,1,4,4,2,20,Asian,1,1,Transfer,Native,United States,"$15,000-29,999",,85 - 89.9,85,3.6,,,,,,,,,1,0,1,0,0,0,1,0,0,0,1,0,0,0,0,1,1,0,0,1,7,,,,,,,,,,,,,,,,,,,,,,,,,
Sp15_051,Sp15,pre,I consent.,1,2,1,5,5,1,18,Black/African American,1,1,New,Native,United States,NA,N,95 - 100,99,,6,,1210,630,580,580,9,1210,1,0,1,0,0,0,1,0,0,0,0,0,0,0,0,1,0,1,0,1,6,,,,,,,,,,,,,,,,,,,,,,,,,
Sp15_255,Sp15,pre,I consent.,2,3,1,3,3,0,18,Asian,0,1,Other,Native,United States,NA,Y,95 - 100,98,,3,,1190,620,570,540,6,1190,1,1,1,0,1,0,1,1,0,1,1,1,0,1,1,0,1,0,0,0,12,,,,,,,,,,,,,,,,,,,,,,,,,
Sp15_098,Sp15,pre,I consent.,1,3,1,5,4,2,18,,1,0,Other,Native,United States,NA,N,95 - 100,96,,,,1320,740,550,590,8,1290,1,1,1,0,0,1,1,0,1,0,1,1,0,1,0,0,1,0,1,1,12,,,,,,,,,,,,,,,,,,,,,,,,,
Sp15_240,Sp15,pre,I consent.,2,3,2,3,2,0,24,Asian,1,0,New,Alien Temporary,Chi,NA,N,90 - 94.9,90,,4,1,,,,,,,1,0,1,0,0,0,0,1,0,0,0,1,0,0,0,0,0,1,1,0,6,,,,,,,,,,,,,,,,,,,,,,,,,
Sp15_097,Sp15,pre,I consent.,2,2,1,3,3,0,19,Asian,1,0,New,Native,United States,"$45,000-64,999",,85 - 89.9,86,,3,3,1200,,,,,,1,1,0,0,0,0,0,1,0,0,1,0,0,0,1,1,0,0,0,0,6,,,,,,,,,,,,,,,,,,,,,,,,,
Sp15_408,Sp15,pre,I consent.,1,3,1,2,3,2,18,Hispanic of any race,1,0,New,Native,United States,"$45,000-64,999",,90 - 94.9,94,,4,,1200,590,600,520,8,1190,0,1,1,0,1,0,1,0,0,1,1,1,0,0,1,1,0,1,0,0,10,,,,,,,,,,,,,,,,,,,,,,,,,
Sp15_398,Sp15,pre,I consent.,1,3,1,5,5,0,18,White,0,0,Other,Native,United States,NA,N,90 - 94.9,93,3.3,4,,1420,740,680,610,6,1420,1,1,1,0,1,1,1,1,1,0,1,1,1,1,1,1,1,1,1,1,18,,,,,,,,,,,,,,,,,,,,,,,,,
Sp15_289,Sp15,pre,I consent.,2,2,1,5,5,0,18,Asian,0,1,New,Alien Permanent,Cada,NA,N,95 - 100,96,,5,,1260,630,630,630,9,1260,1,1,0,0,0,0,0,1,0,0,1,0,0,0,0,0,0,0,0,1,5,,,,,,,,,,,,,,,,,,,,,,,,,
Sp15_087,Sp15,pre,I consent.,3,3,2,2,2,0,18,Asian,1,0,New,Undocumented Alien,"Taiwan, Province of Chi","$0-14,999",,95 - 100,95,,5,,1270,760,510,540,8,1270,1,1,1,0,1,1,0,1,0,0,1,1,0,1,0,1,0,1,0,0,11,,,,,,,,,,,,,,,,,,,,,,,,,
Sp15_384,Sp15,pre,I consent.,1,3,1,5,5,1,18,White,0,0,New,Native,United States,NA,N,95 - 100,95,3.7,6,,1240,570,590,670,9,1160,0,1,1,0,0,0,0,1,0,0,1,1,0,1,1,1,0,0,1,1,10,,,,,,,,,,,,,,,,,,,,,,,,,
Sp15_224,Sp15,pre,I consent.,3,5,2,3,2,0,23,Asian,0,0,Transfer,Alien Temporary,"Korea, Republic of","105,000-124,999",,Unknown,,,4,,,,,,,,1,0,1,0,0,1,1,1,1,1,0,1,1,1,1,1,1,1,0,0,14,,,,,,,,,,,,,,,,,,,,,,,,,
Sp15_396,Sp15,pre,I consent.,1,3,1,5,5,2,18,Asian,1,0,New,Native,United States,NA,N,95 - 100,99,,,,1520,770,750,650,8,1520,1,1,1,0,1,1,1,1,0,0,1,1,0,1,1,1,0,1,1,0,14,,,,,,,,,,,,,,,,,,,,,,,,,
Sp15_219,Sp15,pre,I consent.,1,3,2,5,5,1,18,White,0,0,New,Native,United States,NA,Y,95 - 100,95,,2,,1240,530,520,520,7,1050,0,1,1,0,1,0,1,1,0,0,1,1,0,1,1,1,1,0,1,0,12,,,,,,,,,,,,,,,,,,,,,,,,,
Sp15_047,Sp15,pre,I consent.,2,3,1,5,5,1,18,Black/African American,0,0,New,Native,United States,NA,N,95 - 100,96,,3,,1230,630,600,590,9,1230,1,1,0,0,1,1,1,1,0,0,1,1,0,0,1,0,0,1,1,1,12,,,,,,,,,,,,,,,,,,,,,,,,,
Sp15_171,Sp15,pre,I consent.,2,2,1,5,5,0,18,Hispanic of any race,1,1,New,Native,United States,NA,Y,95 - 100,95,,7,,1110,570,540,540,8,1110,1,1,1,0,0,0,0,0,0,0,1,1,0,1,1,1,1,0,0,0,9,,,,,,,,,,,,,,,,,,,,,,,,,
Sp15_307,Sp15,pre,I consent.,2,2,2,5,5,0,18,White,0,1,New,Alien Permanent,Poland,"$0-14,999",,90 - 94.9,92,,3,,1020,540,480,510,8,1020,1,0,0,0,0,0,1,0,1,0,1,0,0,0,0,0,0,0,1,1,6,,,,,,,,,,,,,,,,,,,,,,,,,
Sp15_107,Sp15,pre,I consent.,1,3,1,5,5,1,18,Hispanic of any race,0,0,New,Native,United States,NA,N,95 - 100,99,4,3,,1210,580,630,680,10,1210,1,1,1,1,1,0,0,0,1,1,1,1,1,1,1,1,1,1,1,0,16,,,,,,,,,,,,,,,,,,,,,,,,,
Sp15_046,Sp15,pre,I consent.,3,3,1,5,5,1,18,White,1,1,New,Native,United States,NA,N,95 - 100,99,,4,,1230,640,590,490,6,1230,1,1,0,0,1,1,1,0,1,0,1,0,0,0,1,1,1,0,1,1,12,,,,,,,,,,,,,,,,,,,,,,,,,
Sp15_306,Sp15,pre,I consent.,1,3,1,4,4,0,18,Asian,1,1,New,Native,United States,NA,Y,90 - 94.9,92,,7,,1380,770,610,650,9,1380,1,1,1,0,1,0,0,1,0,0,0,0,0,1,1,1,0,0,0,1,9,,,,,,,,,,,,,,,,,,,,,,,,,
Sp15_476,Sp15,pre,I consent.,2,2,1,5,5,0,18,Asian,0,0,New,Native,United States,NA,N,95 - 100,97,,3,,1280,590,670,730,10,1260,0,1,0,0,1,0,0,0,0,0,0,1,1,1,1,1,0,0,0,0,7,,,,,,,,,,,,,,,,,,,,,,,,,
Sp15_145,Sp15,pre,I consent.,2,2,1,5,4,0,18,White,0,0,New,Native,United States,NA,N,95 - 100,98,,4,,1320,620,590,600,9,1210,1,0,0,0,1,0,0,1,1,0,1,1,0,0,1,1,1,0,0,0,9,,,,,,,,,,,,,,,,,,,,,,,,,
Sp15_147,Sp15,pre,I consent.,2,3,1,5,5,2,18,White,1,0,New,Native,United States,NA,N,95 - 100,99,,5,,1590,790,800,670,6,1590,1,1,1,1,1,1,1,1,1,1,1,1,1,1,1,0,1,1,1,1,19,,,,,,,,,,,,,,,,,,,,,,,,,
Sp15_131,Sp15,pre,I consent.,1,3,1,4,4,0,18,White,1,1,New,Native,United States,NA,Y,95 - 100,99,4,5,,1370,770,600,640,10,1370,1,1,1,0,1,0,1,1,1,0,1,1,1,1,1,1,1,1,1,1,17,,,,,,,,,,,,,,,,,,,,,,,,,
Sp15_233,Sp15,pre,I consent.,1,2,1,4,3,0,18,White,0,0,New,Native,United States,NA,N,90 - 94.9,91,,3,4,1120,,,,,,1,1,1,0,1,0,0,1,1,0,0,1,0,1,0,1,1,0,0,0,10,,,,,,,,,,,,,,,,,,,,,,,,,
Sp15_314,Sp15,pre,I consent.,2,2,1,5,5,0,18,Hispanic of any race,0,1,New,Native,United States,NA,Y,90 - 94.9,93,,2,,970,450,520,480,7,970,1,1,0,0,1,0,0,0,0,0,1,0,0,0,1,1,0,0,0,1,7,,,,,,,,,,,,,,,,,,,,,,,,,
Sp15_439,Sp15,pre,I consent.,2,5,1,3,4,0,27,White,1,1,Transfer,Native,United States,NA,,75 - 79.9,78,3.55,2,,,,,,,,1,1,1,1,0,1,1,0,0,0,0,0,0,1,1,0,1,0,0,0,9,,,,,,,,,,,,,,,,,,,,,,,,,
Sp15_480,Sp15,pre,I consent.,3,2,1,5,3,2,18,Asian,0,0,New,Native,United States,NA,N,85 - 89.9,88,,6,,1390,730,550,690,10,1280,1,0,1,0,1,0,0,1,1,0,1,0,0,1,0,1,0,0,0,0,8,,,,,,,,,,,,,,,,,,,,,,,,,
Sp15_153,Sp15,pre,I consent.,1,2,2,4,4,0,18,White,0,1,New,Alien Permanent,Albania,NA,Y,95 - 100,95,,5,3,970,,,,,,1,1,1,0,1,0,1,1,0,0,0,0,0,1,1,1,0,1,0,0,10,,,,,,,,,,,,,,,,,,,,,,,,,
Sp15_004,Sp15,pre,I consent.,1,2,1,4,4,2,18,Black/African American,0,0,New,Native,United States,NA,Y,90 - 94.9,94,,3,,1160,590,510,620,9,1100,1,1,1,0,1,0,0,1,1,0,0,1,0,0,1,0,0,0,1,0,9,,,,,,,,,,,,,,,,,,,,,,,,,
Sp15_078,Sp15,pre,I consent.,2,3,1,5,5,0,18,Asian,1,0,New,Native,United States,NA,,90 - 94.9,93,,,,1350,800,550,730,10,1350,0,1,0,0,0,1,1,0,0,0,0,0,0,0,0,0,1,1,0,0,5,,,,,,,,,,,,,,,,,,,,,,,,,
Sp15_120,Sp15,pre,I consent.,3,2,1,5,5,0,18,White,1,1,New,Native,United States,NA,Y,90 - 94.9,92,,3,,1200,,,,,,1,1,0,0,1,0,1,0,1,0,1,0,0,1,1,0,1,0,1,1,11,,,,,,,,,,,,,,,,,,,,,,,,,
Sp15_457,Sp15,pre,I consent.,2,3,2,2,3,0,18,Asian,0,0,New,Native,United States,NA,Y,95 - 100,96,2.47,4,,1220,630,590,670,10,1220,0,1,0,0,1,0,0,1,1,0,1,0,0,0,1,0,0,0,0,0,6,,,,,,,,,,,,,,,,,,,,,,,,,
Sp15_011,Sp15,pre,I consent.,1,3,1,4,,1,18,Asian,1,1,New,Native,United States,"$30,000-44,999",,90 - 94.9,93,,2,,1230,580,650,590,8,1230,1,1,1,0,1,1,1,0,0,0,1,0,0,0,0,0,1,0,1,0,9,,,,,,,,,,,,,,,,,,,,,,,,,
Sp15_128,Sp15,pre,I consent.,1,2,1,4,4,2,18,Asian,1,1,Other,Native,United States,NA,Y,90 - 94.9,93,,7,,1240,650,590,620,8,1240,0,1,1,0,0,0,0,0,0,0,1,0,0,0,1,1,1,1,0,0,7,,,,,,,,,,,,,,,,,,,,,,,,,
Sp15_006,Sp15,pre,I consent.,3,3,1,5,5,1,18,White,1,0,New,Native,United States,NA,N,90 - 94.9,90,,3,,1180,620,560,660,8,1180,0,1,1,0,1,0,0,0,0,0,1,1,0,0,1,1,1,0,0,0,8,,,,,,,,,,,,,,,,,,,,,,,,,
Sp15_083,Sp15,pre,I consent.,2,3,2,1,1,0,19,Asian,1,1,New,Native,United States,"$15,000-29,999",,95 - 100,97,,9,,1230,740,490,470,9,1230,1,1,1,1,1,0,0,0,0,0,0,0,1,0,0,1,0,1,1,0,9,,,,,,,,,,,,,,,,,,,,,,,,,
Sp15_173,Sp15,pre,I consent.,1,3,1,5,5,1,18,Black/African American,1,0,New,Native,United States,NA,N,95 - 100,97,,3,,990,460,530,530,,990,1,1,1,1,0,0,1,0,1,1,1,1,1,0,1,0,1,1,0,0,13,,,,,,,,,,,,,,,,,,,,,,,,,
Sp15_369,Sp15,pre,I consent.,1,3,1,4,4,2,18,Hispanic of any race,0,0,New,Native,United States,NA,N,95 - 100,98,,4,,1500,740,760,740,8,1500,1,1,1,1,0,1,1,1,1,1,1,1,1,1,1,1,1,1,1,1,19,,,,,,,,,,,,,,,,,,,,,,,,,
Sp15_023,Sp15,pre,I consent.,2,3,1,4,4,0,18,White,1,0,New,Native,United States,"$165,000-184,999",,95 - 100,97,,3,,1390,620,750,620,9,1370,0,1,0,0,0,1,0,1,1,0,1,1,0,1,1,0,1,1,1,1,12,,,,,,,,,,,,,,,,,,,,,,,,,
Sp15_459,Sp15,pre,I consent.,1,3,1,3,4,0,18,Asian,1,0,New,Native,United States,NA,,95 - 100,95,,4,,1170,630,540,530,11,1170,1,1,0,0,1,0,0,0,0,0,1,1,0,0,1,1,0,0,1,1,9,,,,,,,,,,,,,,,,,,,,,,,,,
Sp15_127,Sp15,pre,I consent.,1,3,1,5,5,2,18,White,0,0,New,Native,United States,"$85,000-104,999",,95 - 100,98,,,,1220,630,590,620,10,1220,0,0,1,0,0,0,1,1,0,1,0,1,0,1,0,0,1,1,1,1,10,,,,,,,,,,,,,,,,,,,,,,,,,
Sp15_365,Sp15,pre,I consent.,1,2,1,5,5,1,18,White,0,0,New,Native,United States,NA,N,90 - 94.9,93,,3,,1150,570,580,560,8,1150,1,1,1,0,1,0,1,1,0,0,0,1,0,1,1,1,1,1,1,1,14,,,,,,,,,,,,,,,,,,,,,,,,,
Sp15_125,Sp15,pre,I consent.,1,2,1,5,4,0,18,Black/African American,0,1,New,Native,United States,"$45,000-64,999",,95 - 100,95,,3,,1220,630,590,610,8,1220,1,1,1,0,1,0,0,0,0,0,1,1,0,0,0,1,0,0,0,0,7,,,,,,,,,,,,,,,,,,,,,,,,,
Sp15_017,Sp15,pre,I consent.,1,3,1,5,5,1,18,,1,0,New,Native,United States,NA,N,90 - 94.9,92,,4,,1300,630,670,610,9,1300,0,1,1,0,1,0,1,1,0,0,1,1,0,1,1,0,0,1,0,1,11,,,,,,,,,,,,,,,,,,,,,,,,,
Sp15_389,Sp15,pre,I consent.,3,2,1,4,4,0,18,White,0,0,New,Native,United States,NA,N,90 - 94.9,91,,3,4,1200,,,,,,1,1,1,0,0,0,0,0,1,0,1,1,0,1,1,0,0,1,0,0,9,,,,,,,,,,,,,,,,,,,,,,,,,
Sp15_031,Sp15,pre,I consent.,1,2,1,3,4,0,18,White,1,0,New,Native,United States,NA,Y,90 - 94.9,94,,3,,1240,590,650,640,9,1240,1,1,1,0,1,0,1,1,1,0,1,1,0,1,1,1,0,1,0,0,13,,,,,,,,,,,,,,,,,,,,,,,,,
Sp15_116,Sp15,pre,I consent.,3,3,1,2,2,0,18,Hispanic of any race,1,0,New,Native,United States,NA,N,90 - 94.9,91,,,,1200,,,,,,1,1,1,0,1,1,1,0,0,1,1,1,0,1,1,0,1,1,0,1,14,,,,,,,,,,,,,,,,,,,,,,,,,
Sp15_344,Sp15,pre,I consent.,1,2,1,5,3,1,18,White,1,0,New,Native,United States,NA,N,85 - 89.9,89,,2.5,,1150,580,570,560,10,1150,1,1,1,0,1,0,1,1,0,1,1,1,0,1,1,0,1,0,1,1,14,,,,,,,,,,,,,,,,,,,,,,,,,
Sp15_321,Sp15,pre,I consent.,2,3,1,5,3,0,18,Black/African American,0,0,New,Native,United States,NA,N,90 - 94.9,91,,,,1230,560,670,580,8,1230,1,1,1,0,0,0,1,1,1,0,1,1,0,0,1,0,1,0,1,1,12,,,,,,,,,,,,,,,,,,,,,,,,,
Sp15_012,Sp15,pre,I consent.,1,3,1,5,5,0,18,Asian,0,0,Other,Native,United States,NA,N,90 - 94.9,92,,6,,1270,630,640,620,8,1270,1,1,1,0,1,1,1,1,1,1,1,0,0,0,0,0,1,0,0,1,12,,,,,,,,,,,,,,,,,,,,,,,,,
Sp15_218,Sp15,pre,I consent.,1,3,1,5,4,1,18,White,1,0,New,Native,United States,NA,Y,90 - 94.9,93,,3,,1200,610,590,540,8,1200,1,1,1,0,1,1,1,0,1,1,1,1,0,1,1,1,0,0,1,1,15,,,,,,,,,,,,,,,,,,,,,,,,,
Sp15_084,Sp15,pre,I consent.,2,3,2,4,4,1,18,Asian,0,1,New,Naturalized,Unknown,NA,Y,90 - 94.9,93,,,,1340,720,620,710,8,1340,1,1,1,1,1,0,1,1,1,1,1,1,1,1,1,0,1,1,1,1,18,,,,,,,,,,,,,,,,,,,,,,,,,
Sp15_071,Sp15,pre,I consent.,1,3,1,4,4,2,18,Asian,1,0,New,Native,United States,NA,N,95 - 100,95,,9,,1470,730,740,700,9,1470,1,1,1,1,1,1,1,1,1,0,1,1,1,1,1,0,0,1,1,1,17,,,,,,,,,,,,,,,,,,,,,,,,,
Sp15_037,Sp15,pre,I consent.,1,3,2,5,3,2,18,White,1,0,New,Native,United States,NA,N,95 - 100,98,,9,,1530,,,,,,1,1,1,1,1,1,1,0,1,1,1,1,1,1,1,1,1,1,1,1,19,,,,,,,,,,,,,,,,,,,,,,,,,
Sp15_211,Sp15,pre,I consent.,1,2,2,3,2,1,20,Asian,1,0,New,Alien Temporary,Bangladesh,NA,N,90 - 94.9,91,,,,960,530,430,380,8,960,1,0,0,1,1,1,0,1,0,0,0,1,1,0,0,0,0,0,1,0,8,,,,,,,,,,,,,,,,,,,,,,,,,
Sp15_081,Sp15,pre,I consent.,2,3,2,5,4,0,18,Asian,1,1,New,Native,United States,NA,Y,90 - 94.9,91,,4,,1420,710,710,690,10,1420,1,1,1,0,1,1,1,1,0,1,1,1,0,1,1,0,1,1,1,1,16,,,,,,,,,,,,,,,,,,,,,,,,,
Sp15_276,Sp15,pre,I consent.,1,2,1,5,5,0,18,Asian,0,0,New,Native,United States,NA,Y,90 - 94.9,94,,3,,1150,580,570,500,7,1150,0,1,1,0,1,0,0,0,0,0,1,0,0,1,0,1,0,0,0,0,6,,,,,,,,,,,,,,,,,,,,,,,,,
Sp15_247,Sp15,pre,I consent.,2,3,1,3,3,0,18,Asian,1,1,New,Native,United States,"$30,000-44,999",,90 - 94.9,93,,6,,1280,,,,,,0,1,1,0,0,0,1,0,0,1,0,0,1,1,0,0,0,0,1,1,8,,,,,,,,,,,,,,,,,,,,,,,,,
Sp15_319,Sp15,pre,I consent.,2,3,1,2,2,1,18,Asian,0,1,Transfer,Naturalized,Unknown,"$15,000-29,999",,85 - 89.9,86,,2.5,,970,520,450,510,9,970,1,1,1,0,1,0,0,0,0,1,0,0,1,0,1,1,0,1,0,0,9,,,,,,,,,,,,,,,,,,,,,,,,,
Sp15_066,Sp15,pre,I consent.,1,2,1,4,3,0,18,Black/African American,0,0,New,Native,United States,NA,N,90 - 94.9,91,,3,,1190,620,570,540,6,1190,1,1,1,0,1,0,0,1,0,1,1,1,0,1,1,0,0,1,0,0,11,,,,,,,,,,,,,,,,,,,,,,,,,
Sp15_106,Sp15,pre,I consent.,2,3,1,5,5,1,18,White,0,0,New,Native,United States,NA,N,95 - 100,96,3.37,4,,1240,660,580,630,,1240,1,1,1,0,1,0,0,0,1,1,1,1,0,1,1,1,1,1,0,1,14,,,,,,,,,,,,,,,,,,,,,,,,,
Sp15_313,Sp15,pre,I consent.,2,2,1,5,4,0,19,Black/African American,0,1,New,Native,United States,NA,Y,90 - 94.9,92,,3,,1160,530,630,570,10,1160,1,1,1,0,1,0,1,0,1,1,1,0,0,0,1,0,1,1,1,1,13,,,,,,,,,,,,,,,,,,,,,,,,,
Sp15_362,Sp15,pre,I consent.,1,3,1,5,5,2,18,White,0,0,New,Native,United States,NA,N,90 - 94.9,92,,,,1360,650,710,580,8,1360,0,1,1,0,1,0,0,0,0,1,1,0,0,1,1,1,0,1,1,0,10,,,,,,,,,,,,,,,,,,,,,,,,,
Sp15_336,Sp15,pre,I consent.,3,3,2,2,4,1,18,Asian,0,1,New,Native,United States,NA,N,90 - 94.9,93,,4,,1300,690,610,620,10,1300,1,1,1,0,1,0,0,0,0,0,1,1,0,0,1,1,0,1,0,0,9,,,,,,,,,,,,,,,,,,,,,,,,,
Sp15_426,Sp15,pre,I consent.,2,3,1,5,3,1,18,Hispanic of any race,0,0,New,Native,United States,NA,Y,90 - 94.9,91,3.9,3,,1280,550,620,650,9,1170,0,1,1,0,1,1,1,1,1,1,1,1,0,1,1,1,1,1,1,1,17,,,,,,,,,,,,,,,,,,,,,,,,,
Sp15_243,Sp15,pre,I consent.,2,3,1,3,3,2,18,Asian,1,1,New,Native,United States,NA,Y,90 - 94.9,91,,8,,1370,720,650,540,7,1370,1,1,1,0,1,0,0,1,1,0,0,1,0,1,0,1,0,1,0,0,10,,,,,,,,,,,,,,,,,,,,,,,,,
Sp15_471,Sp15,pre,I consent.,3,2,2,2,1,0,19,Asian,1,1,New,Alien Permanent,Australia,NA,Y,85 - 89.9,87,,5,,1250,730,520,560,8,1250,1,1,0,0,1,0,0,0,0,1,1,1,0,1,0,1,0,0,0,0,8,,,,,,,,,,,,,,,,,,,,,,,,,
Sp15_323,Sp15,pre,I consent.,3,3,2,3,3,2,18,Asian,0,1,Transfer,Native,United States,NA,Y,90 - 94.9,93,,8,,1330,700,630,710,10,1330,1,1,1,0,1,0,1,0,1,1,1,1,0,1,1,0,1,1,0,0,13,,,,,,,,,,,,,,,,,,,,,,,,,
Sp15_090,Sp15,pre,I consent.,1,2,2,4,2,0,18,Asian,0,1,New,Native,United States,NA,N,90 - 94.9,94,,,,1180,770,410,420,7,1180,1,0,1,0,1,0,0,1,0,1,0,1,0,0,1,1,0,1,0,0,9,,,,,,,,,,,,,,,,,,,,,,,,,
Sp15_470,Sp15,pre,I consent.,1,2,2,2,2,0,18,Asian,1,1,New,Alien Permanent,Chi,NA,Y,90 - 94.9,91,,5,,1410,750,660,570,8,1410,1,1,1,1,1,0,1,1,0,1,1,0,0,1,1,1,1,1,1,0,15,,,,,,,,,,,,,,,,,,,,,,,,,
Sp15_246,Sp15,pre,I consent.,1,3,2,5,5,2,18,Asian,0,1,New,Native,United States,NA,Y,95 - 100,99,,9,,1350,740,610,680,10,1350,1,1,1,1,1,0,1,0,1,1,1,1,1,1,1,1,1,1,1,1,18,,,,,,,,,,,,,,,,,,,,,,,,,
Sp15_238,Sp15,pre,I consent.,1,3,1,5,4,2,18,Asian,0,1,New,Native,United States,"$15,000-29,999",,95 - 100,98,,7,,1130,560,570,500,8,1130,1,1,1,0,0,0,1,1,1,1,1,0,0,0,1,1,0,0,1,1,12,,,,,,,,,,,,,,,,,,,,,,,,,
Sp15_122,Sp15,pre,I consent.,1,3,1,5,4,2,18,Black/African American,1,0,New,Naturalized,Unknown,NA,N,90 - 94.9,92,,,,1160,600,560,570,9,1160,1,1,1,0,1,0,0,0,0,0,0,1,0,1,1,1,0,0,0,0,8,,,,,,,,,,,,,,,,,,,,,,,,,
Sp15_450,Sp15,pre,I consent.,1,3,1,5,5,2,19,Asian,0,0,New,Native,United States,NA,N,95 - 100,99,,,,1600,780,800,800,9,1580,1,1,1,0,1,1,1,1,0,1,1,1,0,1,1,1,1,1,1,1,17,,,,,,,,,,,,,,,,,,,,,,,,,
Sp15_019,Sp15,pre,I consent.,1,3,1,5,5,1,18,White,1,0,New,Native,United States,NA,N,95 - 100,97,4,,,1330,740,590,650,11,1330,1,1,1,1,1,1,1,1,1,1,1,1,1,1,1,1,0,0,1,1,18,,,,,,,,,,,,,,,,,,,,,,,,,
Sp15_129,Sp15,pre,I consent.,1,3,1,3,3,1,18,Asian,0,1,New,Native,United States,NA,Y,90 - 94.9,94,,7,,1280,720,540,530,8,1260,1,1,1,1,1,0,0,0,1,0,1,1,0,1,0,0,1,0,0,0,10,,,,,,,,,,,,,,,,,,,,,,,,,
Sp15_191,Sp15,pre,I consent.,1,2,2,4,4,0,18,Black/African American,1,1,New,Naturalized,Unknown,NA,N,95 - 100,96,,3,,1150,580,570,610,8,1150,1,1,0,1,1,0,0,1,1,1,1,1,1,1,1,1,1,1,0,0,15,,,,,,,,,,,,,,,,,,,,,,,,,
Sp15_359,Sp15,pre,I consent.,1,2,2,4,4,0,19,White,1,0,New,Alien Temporary,Lebanon,"105,000-124,999",,85 - 89.9,85,,,,1150,650,500,580,9,1150,1,1,1,0,1,1,1,0,0,1,1,1,0,1,1,1,0,0,1,1,14,,,,,,,,,,,,,,,,,,,,,,,,,
Sp15_041,Sp15,pre,I consent.,1,2,1,5,4,0,19,Asian,0,0,New,Alien Temporary,India,NA,N,95 - 100,95,,,,1200,610,590,650,10,1200,1,1,1,0,1,0,0,0,0,1,1,1,0,1,0,1,0,1,1,1,12,,,,,,,,,,,,,,,,,,,,,,,,,
Sp15_484,Sp15,pre,I consent.,1,3,1,5,3,2,18,White,0,1,New,Native,United States,NA,N,95 - 100,97,,2.5,,1120,620,500,500,9,1120,0,1,1,0,1,0,1,0,0,0,0,1,0,0,1,1,1,1,0,1,10,,,,,,,,,,,,,,,,,,,,,,,,,
Sp15_464,Sp15,pre,I consent.,3,2,1,4,3,0,19,Asian,0,0,New,Native,United States,NA,Y,85 - 89.9,89,,3,,1240,,,,,,0,1,1,1,1,0,1,1,1,1,1,1,1,1,0,0,1,1,1,1,16,,,,,,,,,,,,,,,,,,,,,,,,,
Sp15_121,Sp15,pre,I consent.,2,3,1,3,5,1,18,White,0,0,New,Native,United States,NA,N,85 - 89.9,86,,4,,1200,630,570,540,8,1200,1,1,1,0,1,1,1,1,0,1,1,1,1,0,1,0,1,1,1,1,16,,,,,,,,,,,,,,,,,,,,,,,,,
Sp15_076,Sp15,pre,I consent.,2,2,2,2,2,0,19,Asian,1,1,New,Naturalized,Unknown,NA,Y,95 - 100,97,,4,,1100,580,520,490,5,1100,1,1,0,0,0,0,0,1,1,0,0,0,0,0,0,1,0,1,1,0,7,,,,,,,,,,,,,,,,,,,,,,,,,
Sp15_196,Sp15,pre,I consent.,2,2,1,3,3,0,21,,0,1,New,Alien Permanent,Guya,NA,Y,85 - 89.9,85,,2.5,,1170,600,570,610,6,1170,1,0,0,0,1,0,0,0,0,0,0,0,0,0,1,1,1,0,0,1,6,,,,,,,,,,,,,,,,,,,,,,,,,
Sp15_229,Sp15,pre,I consent.,1,3,2,2,1,2,18,Asian,0,1,New,Native,United States,NA,N,95 - 100,97,,8,,1220,760,460,610,10,1220,1,1,0,0,0,1,1,1,1,0,0,0,0,1,1,1,1,0,1,1,12,,,,,,,,,,,,,,,,,,,,,,,,,
Sp15_157,Sp15,pre,I consent.,2,2,1,5,5,0,17,Black/African American,0,0,New,Native,United States,NA,N,95 - 100,99,,2.5,,1110,520,590,540,8,1110,1,1,1,0,0,0,1,0,0,1,0,0,0,0,0,0,0,1,0,0,6,,,,,,,,,,,,,,,,,,,,,,,,,
Sp15_376,Sp15,pre,I consent.,2,4,1,4,4,2,19,,0,0,New,Native,United States,NA,Y,90 - 94.9,92,3.57,,,1170,580,590,570,9,1170,1,1,1,1,1,0,1,0,0,0,0,1,0,1,1,0,1,0,1,1,12,,,,,,,,,,,,,,,,,,,,,,,,,
Sp15_280,Sp15,pre,I consent.,1,2,1,5,3,1,18,White,1,1,New,Native,United States,NA,Y,90 - 94.9,92,,2.5,,1200,560,570,520,9,1130,1,1,1,0,1,1,0,0,0,1,1,1,0,0,1,0,0,1,0,0,10,,,,,,,,,,,,,,,,,,,,,,,,,
Sp15_043,Sp15,pre,I consent.,1,5,1,5,5,2,23,Black/African American,1,0,Transfer,Alien Permanent,Jamaica,"$45,000-64,999",,80 - 84.9,84,4,,,830,380,450,480,,830,1,1,1,1,1,1,1,0,0,0,1,1,1,0,1,1,0,1,1,1,15,,,,,,,,,,,,,,,,,,,,,,,,,
Sp15_063,Sp15,pre,I consent.,1,5,2,4,4,3,23,Hispanic of any race,1,1,Transfer,Alien Permanent,Peru,"$0-14,999",,Unknown,,3.24,,,,,,,,,0,1,1,0,0,0,0,0,1,0,0,0,1,0,0,1,0,1,0,0,6,,,,,,,,,,,,,,,,,,,,,,,,,
Sp15_320,Sp15,pre,I consent.,1,2,1,3,3,0,19,,0,0,New,Native,United States,NA,N,90 - 94.9,92,,4,,1190,630,560,510,8,1190,1,0,1,1,1,0,1,1,0,1,1,1,1,1,1,0,1,1,1,1,16,,,,,,,,,,,,,,,,,,,,,,,,,
Sp15_249,Sp15,pre,I consent.,3,3,1,5,3,0,18,Asian,0,0,New,Native,United States,NA,Y,90 - 94.9,92,,5,,1280,680,600,660,10,1280,1,1,1,1,0,0,1,0,0,1,1,1,1,0,0,1,1,0,0,0,11,,,,,,,,,,,,,,,,,,,,,,,,,
Sp15_185,Sp15,pre,I consent.,3,3,1,4,4,0,18,Black/African American,1,0,New,Native,United States,NA,Y,95 - 100,95,3.55,,,1160,620,540,450,6,1160,1,1,1,0,0,0,1,1,0,1,1,1,1,0,0,1,0,1,1,0,12,,,,,,,,,,,,,,,,,,,,,,,,,
Sp15_055,Sp15,pre,I consent.,2,2,1,5,5,0,17,Black/African American,0,1,Transfer,Native,United States,NA,Y,90 - 94.9,91,,3,,1140,510,630,610,,1140,1,1,1,0,1,0,0,0,0,0,1,1,0,1,1,1,0,0,0,1,10,,,,,,,,,,,,,,,,,,,,,,,,,
Sp15_440,Sp15,pre,I consent.,1,3,1,5,5,1,19,White,0,0,New,Native,United States,NA,N,95 - 100,99,,4,,1320,,,,,,1,1,1,0,1,0,1,1,0,1,1,1,0,0,1,1,0,1,1,0,13,,,,,,,,,,,,,,,,,,,,,,,,,
Sp15_351,Sp15,pre,I consent.,1,4,1,5,5,3,21,Hispanic of any race,0,1,Transfer,Native,United States,"$30,000-44,999",,Unknown,,2.98,2,,,,,,,,1,1,1,0,1,0,0,0,1,0,1,1,0,0,1,0,0,0,0,0,8,,,,,,,,,,,,,,,,,,,,,,,,,
Sp15_428,Sp15,pre,I consent.,3,3,2,4,3,2,18,Hispanic of any race,1,1,New,Native,United States,NA,Y,95 - 100,98,,,,1220,640,580,510,8,1220,1,1,1,0,1,0,1,0,0,0,1,1,0,1,1,1,1,0,1,0,12,,,,,,,,,,,,,,,,,,,,,,,,,
Sp15_395,Sp15,pre,I consent.,2,3,1,5,5,2,18,Asian,0,0,New,Native,United States,NA,N,95 - 100,95,,,,1410,710,700,790,11,1410,0,1,1,0,1,0,1,1,0,1,0,1,0,0,1,0,1,1,1,1,12,,,,,,,,,,,,,,,,,,,,,,,,,
Sp15_160,Sp15,pre,I consent.,2,3,1,4,2,0,20,Black/African American,0,1,Transfer,Alien Permanent,Trinidad and Tobago,"$0-14,999",,80 - 84.9,82,3.09,2,,,,,,,,1,0,0,0,0,0,0,0,0,1,1,1,0,0,1,1,0,0,0,0,6,,,,,,,,,,,,,,,,,,,,,,,,,
Sp15_283,Sp15,pre,I consent.,2,4,1,2,2,2,20,American Indian/Alaska tive,0,1,Transfer,Native,United States,"$0-14,999",,80 - 84.9,84,3.34,,,,,,,,,0,1,1,0,1,1,0,0,0,0,1,1,0,1,0,1,0,0,0,0,8,,,,,,,,,,,,,,,,,,,,,,,,,
Sp15_222,Sp15,pre,I consent.,1,3,3,2,2,1,18,Asian,0,1,New,Native,United States,NA,Y,85 - 89.9,88,,5,,1310,720,590,540,8,1310,1,0,0,0,1,0,1,0,0,0,1,0,0,1,0,1,0,0,0,0,6,,,,,,,,,,,,,,,,,,,,,,,,,
Sp15_178,Sp15,pre,I consent.,1,3,1,4,3,0,19,Asian,1,1,New,Native,United States,NA,Y,90 - 94.9,91,,5,,1220,640,580,580,8,1220,0,1,1,1,1,0,0,1,1,0,1,0,0,0,1,1,0,1,0,0,10,,,,,,,,,,,,,,,,,,,,,,,,,
Sp15_203,Sp15,pre,I consent.,1,4,1,5,5,0,22,White,1,0,Transfer,Native,United States,NA,Y,75 - 79.9,77,3,1,,,,,,,,1,1,0,0,0,0,0,0,0,0,0,0,0,1,0,1,0,1,1,0,6,,,,,,,,,,,,,,,,,,,,,,,,,
Sp15_256,Sp15,pre,I consent.,2,4,1,5,5,0,19,White,0,0,Transfer,Native,United States,"$45,000-64,999",,95 - 100,95,3.63,2.5,,1140,580,560,590,8,1140,1,1,1,1,1,0,1,0,1,1,0,0,1,0,1,1,1,1,0,0,13,,,,,,,,,,,,,,,,,,,,,,,,,
Sp15_301,Sp15,pre,I consent.,3,3,2,5,5,0,20,Hispanic of any race,0,1,Transfer,Native,United States,"$15,000-29,999",,Unknown,,3,,,,,,,,,0,1,0,0,1,1,0,0,0,1,0,0,0,0,1,0,0,0,0,1,6,,,,,,,,,,,,,,,,,,,,,,,,,
Sp15_366,Sp15,pre,I consent.,1,5,1,4,4,2,24,Hispanic of any race,1,1,Transfer,Native,United States,NA,,75 - 79.9,78,3.3,,,,,,,,,1,0,0,0,1,0,1,1,0,1,1,1,0,1,0,0,1,1,0,0,10,,,,,,,,,,,,,,,,,,,,,,,,,
Sp15_383,Sp15,pre,I consent.,2,4,1,3,3,3,20,Asian,0,0,Other,Native,United States,NA,,NA,,3.1,2,,810,390,420,450,8,810,0,1,1,0,1,0,0,0,0,0,1,0,0,0,0,1,0,0,0,0,5,,,,,,,,,,,,,,,,,,,,,,,,,
Sp15_458,Sp15,pre,I consent.,1,4,1,4,4,2,21,White,0,0,Transfer,Native,United States,NA,,NA,,3.1,2.5,,,,,,,,1,1,1,0,1,0,0,1,0,1,1,0,0,1,1,0,1,1,1,0,12,,,,,,,,,,,,,,,,,,,,,,,,,
Sp15_406,Sp15,pre,I consent.,2,4,1,3,3,0,20,White,1,0,Transfer,Native,United States,"$125,000-144,999",,Unknown,,3.47,2,,,,,,,,1,1,0,0,1,0,1,0,0,1,1,0,1,0,0,0,1,1,0,1,10,,,,,,,,,,,,,,,,,,,,,,,,,
Sp15_155,Sp15,pre,I consent.,2,4,1,4,3,2,20,White,0,1,Transfer,Native,United States,"$45,000-64,999",,85 - 89.9,87,3.3,2.5,,,,,,,,1,1,1,0,1,0,1,0,0,1,1,0,0,1,1,0,1,0,0,0,10,,,,,,,,,,,,,,,,,,,,,,,,,
Sp15_184,Sp15,pre,I consent.,1,4,1,5,4,2,20,White,0,0,Transfer,Native,United States,"$65,000-84,999",,Unknown,,3.2,,,,,,,,,1,1,1,0,1,1,1,1,0,1,1,0,0,1,1,1,1,0,1,1,15,,,,,,,,,,,,,,,,,,,,,,,,,
Sp15_403,Sp15,pre,I consent.,2,4,1,4,4,0,20,White,0,0,Transfer,Native,United States,"105,000-124,999",,80 - 84.9,84,3.65,,,,,,,,,1,0,1,0,1,0,0,1,1,0,1,0,0,1,1,0,1,1,0,0,10,,,,,,,,,,,,,,,,,,,,,,,,,
Sp15_442,Sp15,pre,I consent.,1,4,1,3,3,0,20,Hispanic of any race,0,1,Transfer,Native,United States,"$30,000-44,999",,85 - 89.9,88,3.59,3,,,,,,,,1,0,1,1,1,0,1,0,1,1,1,1,0,0,0,0,1,1,0,0,11,,,,,,,,,,,,,,,,,,,,,,,,,
Sp15_228,Sp15,pre,I consent.,2,3,2,4,3,0,20,Asian,0,0,Transfer,Alien Temporary,"Korea, Republic of",NA,N,NA,,3.84,5,,,,,,,,1,1,1,0,1,0,0,0,0,1,0,1,0,1,0,0,0,1,0,0,8,,,,,,,,,,,,,,,,,,,,,,,,,
Sp15_170,Sp15,pre,I consent.,3,3,1,5,5,0,19,White,0,0,Transfer,Alien Temporary,Australia,NA,,85 - 89.9,88,3.08,3,,1170,560,610,570,7,1170,1,0,0,0,1,0,0,0,0,1,1,1,0,1,0,0,0,0,1,1,8,,,,,,,,,,,,,,,,,,,,,,,,,
Sp15_333,Sp15,pre,I consent.,1,4,1,4,4,0,20,Black/African American,1,0,Transfer,Native,United States,"$45,000-64,999",,85 - 89.9,86,3.94,,,,,,,,,1,1,0,0,0,0,0,0,1,0,1,1,1,0,1,1,1,0,1,1,11,,,,,,,,,,,,,,,,,,,,,,,,,
Sp15_407,Sp15,pre,I consent.,3,3,1,5,5,0,25,Hispanic of any race,0,1,Transfer,Native,United States,NA,,80 - 84.9,83,3.2,,,,,,,,,0,1,1,0,1,0,1,0,1,0,0,1,0,1,1,1,1,1,0,0,11,,,,,,,,,,,,,,,,,,,,,,,,,
Sp15_423,Sp15,pre,I consent.,1,5,1,5,5,2,20,White,0,0,Transfer,Native,United States,"$65,000-84,999",,95 - 100,99,3.84,,,,,,,,,1,1,1,1,1,1,1,1,1,1,1,1,0,0,0,1,1,1,1,1,17,,,,,,,,,,,,,,,,,,,,,,,,,
Sp15_030,Sp15,pre,I consent.,1,3,2,3,3,0,19,Black/African American,0,1,Transfer,Alien Permanent,Haiti,"$15,000-29,999",,80 - 84.9,81,3.09,,,910,480,430,390,7,910,1,0,1,0,0,0,0,0,0,1,1,0,0,0,0,1,0,1,0,0,6,,,,,,,,,,,,,,,,,,,,,,,,,
Sp15_102,Sp15,pre,I consent.,2,3,1,5,5,0,19,White,0,0,Transfer,Native,United States,"$85,000-104,999",,90 - 94.9,93,3.8,3,,,,,,,,1,1,1,0,1,0,0,0,1,1,1,1,0,1,1,1,0,1,0,1,13,,,,,,,,,,,,,,,,,,,,,,,,,
Sp15_118,Sp15,pre,I consent.,2,5,1,4,5,3,23,White,1,0,Transfer,Native,United States,NA,,80 - 84.9,83,3,3,,,,,,,,1,1,0,0,1,1,0,0,0,0,1,1,0,0,1,0,0,0,0,0,7,,,,,,,,,,,,,,,,,,,,,,,,,
Sp15_472,Sp15,pre,I consent.,3,1,2,1,0,0,21,Asian,0,0,Other,Alien Temporary,"Korea, Republic of",NA,,NA,,,,,,,,,,,0,1,1,0,0,1,0,0,0,1,0,1,0,0,0,0,1,0,0,0,6,,,,,,,,,,,,,,,,,,,,,,,,,
Sp15_322,Sp15,pre,I consent.,3,2,1,4,3,2,18,White,0,0,New,Alien Temporary,Cada,NA,N,NA,,,,,1010,580,430,470,5,1010,1,1,1,0,1,0,0,0,0,0,1,0,0,0,1,1,0,0,0,0,7,,,,,,,,,,,,,,,,,,,,,,,,,
Sp15_448,Sp15,pre,I consent.,2,2,2,4,3,0,18,Asian,0,0,New,Alien Temporary,Chi,NA,N,NA,,,,2,,,,,,,1,1,1,0,1,0,0,0,1,1,0,0,1,0,0,1,1,0,0,0,9,,,,,,,,,,,,,,,,,,,,,,,,,
Sp15_444,Sp15,pre,I consent.,1,3,1,4,4,2,19,White,1,0,Transfer,Native,United States,"$45,000-64,999",,85 - 89.9,89,3.89,,,,,,,,,1,1,1,0,1,0,0,1,0,0,0,0,0,0,0,0,1,0,0,0,6,,,,,,,,,,,,,,,,,,,,,,,,,
Sp15_446,Sp15,pre,I consent.,1,4,2,2,2,0,23,Asian,0,1,Transfer,Alien Permanent,Chi,NA,,NA,,3.79,,,,,,,,,1,1,1,0,1,0,0,0,0,0,0,1,0,0,0,0,0,0,0,0,5,,,,,,,,,,,,,,,,,,,,,,,,,
Sp15_050,Sp15,pre,I consent.,2,4,1,5,5,3,20,White,0,0,Transfer,Native,United States,NA,,85 - 89.9,89,3.4,,,,,,,,,1,1,1,1,1,1,1,1,1,0,1,1,0,0,1,0,1,1,1,1,16,,,,,,,,,,,,,,,,,,,,,,,,,
Sp15_377,Sp15,pre,I consent.,3,5,1,3,4,2,24,White,1,0,Transfer,Native,United States,"105,000-124,999",,Unknown,,3.39,,,,,,,,,1,1,1,0,1,0,0,0,0,1,1,1,0,0,1,1,0,0,0,0,9,,,,,,,,,,,,,,,,,,,,,,,,,
Sp15_409,Sp15,pre,I consent.,1,3,3,4,4,0,18,Asian,0,1,Transfer,Native,United States,NA,,NA,,,5,,,,,,,,1,1,1,1,0,0,1,1,1,0,0,1,1,1,1,1,1,1,1,0,15,,,,,,,,,,,,,,,,,,,,,,,,,
Sp15_058,Sp15,pre,I consent.,3,2,1,4,4,0,18,Asian,1,1,Transfer,Native,United States,"$30,000-44,999",,90 - 94.9,91,2.92,,,1150,590,560,500,9,1150,1,0,1,0,0,0,0,0,0,1,1,1,0,0,0,0,0,0,0,0,5,,,,,,,,,,,,,,,,,,,,,,,,,
Sp15_210,Sp15,pre,I consent.,2,3,1,4,4,0,23,Asian,1,0,Transfer,Alien Permanent,Pakistan,"$45,000-64,999",,Unknown,,3.67,,,,,,,,,1,1,1,1,1,1,1,0,1,1,1,0,1,0,1,1,1,0,1,1,16,,,,,,,,,,,,,,,,,,,,,,,,,
Sp15_001,Sp15,pre,I consent.,3,4,2,5,5,0,25,White,0,1,Transfer,Naturalized,Iran (Islamic Republic Of),NA,,NA,,3.7,,,,,,,,,1,0,1,0,1,0,0,0,0,0,0,0,1,0,1,1,0,0,0,1,7,,,,,,,,,,,,,,,,,,,,,,,,,
Sp15_347,Sp15,pre,I consent.,1,4,2,4,3,0,21,Hispanic of any race,0,0,Transfer,Native,United States,"$0-14,999",,85 - 89.9,89,3.5,2.5,,,,,,,,1,1,1,1,1,0,1,0,0,0,1,1,0,0,0,0,0,0,0,0,8,,,,,,,,,,,,,,,,,,,,,,,,,
Sp15_101,Sp15,pre,I consent.,1,4,1,3,3,0,20,White,0,0,Transfer,Native,United States,NA,,NA,,3.45,,,,,,,,,1,1,1,0,1,0,0,0,0,0,1,0,0,0,0,1,0,0,0,0,6,,,,,,,,,,,,,,,,,,,,,,,,,
Sp15_346,Sp15,pre,I consent.,1,4,1,5,5,0,22,Black/African American,0,1,Other,Alien Permanent,Gha,"$15,000-29,999",,Unknown,,3.23,,,,,,,,,1,0,1,0,0,1,1,1,0,0,1,0,0,0,1,1,1,0,1,0,10,,,,,,,,,,,,,,,,,,,,,,,,,
Sp15_062,Sp15,pre,I consent.,3,3,1,5,4,0,18,White,0,0,Transfer,Native,United States,"$85,000-104,999",,95 - 100,99,3.7,,,1220,600,620,600,8,1220,1,1,1,0,1,0,0,0,1,0,0,0,0,0,0,1,0,0,0,1,7,,,,,,,,,,,,,,,,,,,,,,,,,
Sp15_201,Sp15,pre,I consent.,1,3,2,2,2,2,26,Asian,1,0,Transfer,Alien Temporary,"Korea, Republic of",NA,N,80 - 84.9,83,1.3,,,,,,,,,1,0,1,0,1,0,0,0,1,1,0,0,0,1,0,1,0,1,0,0,8,,,,,,,,,,,,,,,,,,,,,,,,,
Sp15_013,Sp15,pre,I consent.,1,4,1,5,5,0,23,Hispanic of any race,0,1,Transfer,Native,United States,"$30,000-44,999",,Unknown,,3.9,2,,,,,,,,1,1,1,0,1,0,0,0,1,1,1,0,0,1,1,1,0,1,0,0,11,,,,,,,,,,,,,,,,,,,,,,,,,
Sp16_359,Sp16,pre,I consent.,1,5,2,5,5,3,21,Asian,1,1,New,Native,United States,NA,,90 - 94.9,93,,5,,1340,740,600,710,9,1340,1,1,0,0,0,0,0,0,0,1,1,1,0,1,1,1,0,1,0,1,10,,,,,,,,,,,,,,,,,,,,,,,,,
Sp16_107,Sp16,pre,I consent.,2,5,1,5,5,0,21,White,1,0,New,Native,United States,NA,,90 - 94.9,92,,,,1160,600,560,510,8,1160,1,1,1,0,1,0,0,0,0,0,1,1,0,0,0,0,1,0,0,0,7,,,,,,,,,,,,,,,,,,,,,,,,,
Sp16_317,Sp16,pre,I consent.,2,3,1,3,0,0,19,Asian,0,0,New,Native,United States,NA,N,90 - 94.9,90,,3,,990,520,470,550,8,990,1,1,1,0,1,0,0,0,1,0,0,0,0,1,0,0,1,1,0,1,9,,,,,,,,,,,,,,,,,,,,,,,,,
Sp16_226,Sp16,pre,I consent.,2,5,1,4,5,1,22,White,0,0,New,Native,United States,"$185,000+",,95 - 100,98,,7,,1310,680,630,730,11,1310,0,1,1,0,1,1,1,1,1,1,1,1,1,1,1,0,1,1,0,0,15,,,,,,,,,,,,,,,,,,,,,,,,,
Sp16_339,Sp16,pre,I consent.,3,5,1,4,4,3,22,White,0,0,New,Native,United States,"$65,000-84,999",,95 - 100,95,,,,1100,560,540,550,8,1100,1,1,1,1,0,1,1,0,0,0,1,0,0,0,1,1,0,1,1,1,12,,,,,,,,,,,,,,,,,,,,,,,,,
Sp16_051,Sp16,pre,I consent.,2,5,1,5,4,0,22,White,1,0,Transfer,Native,United States,"$185,000+",,85 - 89.9,86,3.4,4,,900,480,420,360,6,900,0,1,1,0,1,1,1,0,1,1,1,1,0,1,0,0,1,1,1,1,14,,,,,,,,,,,,,,,,,,,,,,,,,
Sp16_088,Sp16,pre,I consent.,1,5,2,5,5,3,22,Asian,0,1,New,Naturalized,"Korea, Republic of","$0-14,999",,95 - 100,96.27,,4,,1220,620,600,610,6,1220,0,1,1,1,1,1,1,1,1,1,0,0,0,1,1,1,1,0,1,1,15,,,,,,,,,,,,,,,,,,,,,,,,,
Sp16_363,Sp16,pre,I consent.,2,5,1,5,4,2,22,White,1,1,Transfer,Native,United States,"$30,000-44,999",,80 - 84.9,82,3,,,920,490,430,460,9,920,1,0,1,1,1,1,0,0,0,0,0,0,1,0,0,0,0,1,1,1,9,,,,,,,,,,,,,,,,,,,,,,,,,
Sp16_012,Sp16,pre,I consent.,2,5,1,2,3,0,22,Asian,1,1,New,Native,United States,"$30,000-44,999",,90 - 94.9,94,,,,1290,740,550,510,8,1290,1,1,1,0,0,0,1,0,0,0,0,0,0,0,0,0,1,0,0,1,6,,,,,,,,,,,,,,,,,,,,,,,,,
Sp16_205,Sp16,pre,I consent.,2,5,1,2,2,1,22,Asian,1,1,Other,Native,United States,"$45,000-64,999",,85 - 89.9,88,3.2,,,990,490,500,390,,990,1,1,1,0,1,0,0,0,1,1,1,1,1,1,1,0,0,1,0,0,12,,,,,,,,,,,,,,,,,,,,,,,,,
Sp16_008,Sp16,pre,I consent.,2,5,1,4,3,0,22,White,0,0,Transfer,Native,United States,"$85,000-104,999",,90 - 94.9,91,3.5,,,1000,540,460,500,,1000,1,1,1,0,1,0,0,0,0,1,1,1,0,1,0,1,0,0,1,0,10,,,,,,,,,,,,,,,,,,,,,,,,,
Sp16_136,Sp16,pre,I consent.,3,5,1,5,5,3,20,Asian,1,0,New,Native,United States,NA,,90 - 94.9,92,,3,,1270,,,,,,1,1,1,0,1,0,0,1,0,1,1,0,1,0,0,0,0,0,1,0,9,,,,,,,,,,,,,,,,,,,,,,,,,
Sp16_337,Sp16,pre,I consent.,1,5,1,4,4,3,19,Asian,0,0,New,Native,United States,NA,N,95 - 100,97,3.81,,,1370,740,630,750,11,1370,1,0,1,0,1,0,1,0,0,1,1,1,0,0,0,0,0,1,0,1,9,,,,,,,,,,,,,,,,,,,,,,,,,
Sp16_210,Sp16,pre,I consent.,2,5,1,5,5,0,21,Asian,0,1,New,Naturalized,"Korea, Republic of",NA,,85 - 89.9,85,,3,,1210,600,550,600,11,1150,0,1,0,0,1,0,0,0,0,0,0,0,0,0,0,1,0,0,0,0,3,,,,,,,,,,,,,,,,,,,,,,,,,
Sp16_065,Sp16,pre,I consent.,1,5,1,4,4,3,22,White,1,0,New,Native,United States,NA,,85 - 89.9,88,,3,,1180,630,550,560,8,1180,0,1,1,0,1,1,1,0,1,1,1,1,0,0,1,0,1,1,1,1,14,,,,,,,,,,,,,,,,,,,,,,,,,
Sp16_302,Sp16,pre,I consent.,1,5,1,4,4,3,21,Asian,1,1,New,Native,United States,NA,,90 - 94.9,91,,4,,1220,600,620,530,10,1220,1,1,1,0,1,0,0,1,0,0,0,1,1,1,1,1,1,1,0,0,12,,,,,,,,,,,,,,,,,,,,,,,,,
Sp16_204,Sp16,pre,I consent.,2,5,2,1,1,2,21,Asian,1,0,New,Naturalized,Unknown,"$45,000-64,999",,90 - 94.9,92,,5,,1270,,,,,,1,1,1,1,1,1,1,0,0,1,0,1,1,1,1,1,0,1,1,1,16,,,,,,,,,,,,,,,,,,,,,,,,,
Sp16_228,Sp16,pre,I consent.,2,5,2,5,5,0,21,White,0,1,New,Alien Permanent,Poland,"$30,000-44,999",,80 - 84.9,82,,5,,1310,680,630,640,9,1310,1,1,0,0,1,0,0,0,0,1,0,0,0,0,0,1,1,1,0,0,7,,,,,,,,,,,,,,,,,,,,,,,,,
Sp16_269,Sp16,pre,I consent.,1,5,3,5,5,3,23,Asian,0,1,New,Alien Permanent,Chi,"$0-14,999",,90 - 94.9,92,,8,,1190,690,500,550,8,1190,1,1,1,0,0,1,1,1,1,1,0,1,0,1,1,1,0,1,1,1,15,,,,,,,,,,,,,,,,,,,,,,,,,
Sp16_126,Sp16,pre,I consent.,2,5,1,5,5,0,21,Asian,1,1,New,Native,United States,NA,,90 - 94.9,91,,5,,1260,630,630,600,8,1260,1,1,1,0,0,1,1,1,1,1,1,1,0,1,1,0,0,1,0,0,13,,,,,,,,,,,,,,,,,,,,,,,,,
Sp16_258,Sp16,pre,I consent.,2,5,2,5,4,0,22,Asian,1,1,New,Native,United States,NA,,85 - 89.9,85,,4,,1250,630,580,560,8,1210,1,1,1,0,0,0,0,1,0,0,1,1,0,1,0,1,0,0,0,1,9,,,,,,,,,,,,,,,,,,,,,,,,,
Sp16_255,Sp16,pre,I consent.,2,5,1,5,5,0,21,Asian,0,0,New,Native,United States,"$45,000-64,999",,90 - 94.9,90,,3,,1230,600,630,660,10,1230,1,1,1,0,1,1,0,1,1,0,0,1,1,1,1,1,0,0,1,1,14,,,,,,,,,,,,,,,,,,,,,,,,,
Sp16_033,Sp16,pre,I consent.,1,5,1,4,4,3,19,Asian,1,0,Other,Native,United States,NA,N,95 - 100,98,2.97,7,,1410,680,710,740,10,1390,1,1,1,0,1,0,0,0,0,0,1,1,0,0,1,0,0,1,0,0,8,,,,,,,,,,,,,,,,,,,,,,,,,
F14_054,Sp16,pre,I consent.,1,5,2,3,2,3,21,Asian,0,0,New,Alien Temporary,Chi,NA,,85 - 89.9,89,,5,2,1050,660,390,590,12,1050,0,1,1,0,1,0,0,0,0,1,1,1,0,0,1,0,0,1,0,0,8,,,,,,,,,,,,,,,,,,,,,,,,,
Sp16_209,Sp16,pre,I consent.,2,5,1,3,3,3,21,Asian,1,1,New,Native,United States,NA,,90 - 94.9,90,,5,,1320,670,650,630,11,1320,1,1,0,1,1,1,1,1,1,1,1,1,0,1,1,1,1,0,0,1,16,,,,,,,,,,,,,,,,,,,,,,,,,
Sp16_224,Sp16,pre,I consent.,3,2,2,2,1,0,23,Asian,1,0,New,Alien Temporary,"Korea, Republic of",NA,,85 - 89.9,89,,4,2,990,600,390,390,8,990,0,0,0,0,1,1,1,1,0,0,1,0,0,0,0,0,0,0,0,1,6,,,,,,,,,,,,,,,,,,,,,,,,,
Sp16_115,Sp16,pre,I consent.,2,3,1,5,5,0,20,White,0,1,Other,Native,United States,NA,N,90 - 94.9,92,,4,,1250,580,520,550,8,1100,1,1,1,0,1,0,1,0,0,0,1,1,1,1,1,1,1,0,0,0,12,,,,,,,,,,,,,,,,,,,,,,,,,
Sp16_289,Sp16,pre,I consent.,1,3,1,3,3,1,16,White,0,0,New,Native,United States,NA,N,95 - 100,96,,4,,1320,,,,,,1,1,1,1,0,1,0,1,1,0,0,0,0,0,0,1,0,1,0,0,9,,,,,,,,,,,,,,,,,,,,,,,,,
Sp16_055,Sp16,pre,I consent.,1,4,1,5,5,3,19,White,1,0,New,Native,United States,NA,N,95 - 100,98,,4,,1450,730,720,670,10,1450,1,1,1,0,0,1,0,1,1,1,0,1,1,0,0,0,0,1,1,0,11,,,,,,,,,,,,,,,,,,,,,,,,,
Sp16_016,Sp16,pre,I consent.,1,4,2,5,2,3,20,Asian,0,1,New,Naturalized,Bangladesh,"$30,000-44,999",,95 - 100,96,,3,,1170,590,580,550,8,1170,0,0,0,1,0,0,0,1,1,0,0,0,1,0,0,0,0,0,0,0,4,,,,,,,,,,,,,,,,,,,,,,,,,
Sp16_036,Sp16,pre,I consent.,1,3,1,3,3,2,19,Asian,1,0,New,Native,United States,NA,N,95 - 100,95,,4,,1260,670,590,670,11,1260,0,0,0,1,0,0,0,0,0,0,1,1,1,0,0,0,0,1,0,0,5,,,,,,,,,,,,,,,,,,,,,,,,,
Sp16_020,Sp16,pre,I consent.,1,3,1,2,2,2,20,,1,1,Transfer,Native,United States,"$65,000-84,999",Y,85 - 89.9,89,3.4,,,910,480,430,510,8,910,1,1,1,1,1,0,1,1,1,1,1,1,1,1,0,1,0,1,1,1,17,,,,,,,,,,,,,,,,,,,,,,,,,
Sp16_427,Sp16,pre,I consent.,1,4,1,3,3,3,19,Asian,1,0,New,Native,United States,NA,N,95 - 100,97,,,,1430,690,630,690,10,1320,1,1,1,1,1,1,1,1,1,1,1,1,1,1,1,1,0,1,1,0,18,,,,,,,,,,,,,,,,,,,,,,,,,
Sp16_021,Sp16,pre,I consent.,1,5,2,0,0,2,22,Asian,1,1,Transfer,Alien Permanent,Chi,"$0-14,999",,Below 75,73,3.22,,,,,,,,,1,1,0,0,1,0,0,0,1,1,1,0,0,1,1,1,0,0,0,0,9,,,,,,,,,,,,,,,,,,,,,,,,,
Sp16_292,Sp16,pre,I consent.,1,3,1,3,2,0,18,Asian,0,1,New,Native,United States,NA,Y,95 - 100,97,,,,1280,680,600,680,9,1280,1,1,1,0,1,1,1,1,0,1,1,1,0,1,1,0,1,0,1,1,15,,,,,,,,,,,,,,,,,,,,,,,,,
Sp16_180,Sp16,pre,I consent.,1,4,1,5,4,3,19,White,0,0,New,Native,United States,NA,N,90 - 94.9,94,,3,,1200,590,610,630,8,1200,1,1,0,0,1,0,1,0,0,1,0,1,0,1,1,1,1,1,1,0,12,,,,,,,,,,,,,,,,,,,,,,,,,
Sp16_042,Sp16,pre,I consent.,2,5,1,5,5,3,21,White,0,0,New,Native,United States,NA,,95 - 100,99,,3,,1260,610,650,640,9,1260,1,1,1,0,1,1,0,1,0,0,1,1,1,0,0,0,0,1,0,0,10,,,,,,,,,,,,,,,,,,,,,,,,,
Sp16_399,Sp16,pre,I consent.,2,5,2,2,2,0,21,Asian,1,1,Transfer,Naturalized,Chi,NA,,NA,,3.23,,,,,,,,,1,0,0,1,0,1,0,0,0,0,1,0,1,0,0,0,0,0,0,1,6,,,,,,,,,,,,,,,,,,,,,,,,,
Sp16_158,Sp16,pre,I consent.,1,4,1,5,5,3,19,White,0,1,New,Native,United States,NA,N,95 - 100,95,,3,,1220,650,570,610,10,1220,0,1,1,0,0,0,0,0,0,0,0,1,0,0,0,1,0,1,1,0,6,,,,,,,,,,,,,,,,,,,,,,,,,
Sp16_344,Sp16,pre,I consent.,1,4,1,3,4,3,20,White,1,0,New,Native,United States,NA,N,95 - 100,99,4,7,,1350,700,640,640,8,1340,1,1,1,0,1,0,1,1,1,0,1,1,1,1,1,1,1,1,0,0,15,,,,,,,,,,,,,,,,,,,,,,,,,
Sp16_324,Sp16,pre,I consent.,1,4,3,1,1,3,19,White,0,0,New,Naturalized,Unknown,NA,N,90 - 94.9,94,,5,,1210,660,550,710,10,1210,0,1,1,0,0,0,0,0,0,1,0,0,0,1,0,0,0,1,0,0,5,,,,,,,,,,,,,,,,,,,,,,,,,
Sp16_408,Sp16,pre,I consent.,1,4,1,5,5,2,20,White,1,0,New,Native,United States,NA,N,90 - 94.9,92,,4,,1200,600,600,560,11,1200,1,1,1,1,1,1,1,1,1,1,1,1,1,1,0,1,1,1,1,1,19,,,,,,,,,,,,,,,,,,,,,,,,,
Sp16_249,Sp16,pre,I consent.,1,4,2,1,1,3,21,Asian,0,0,New,Alien Temporary,Chi,NA,,90 - 94.9,93,,,2,,,,,,,0,1,1,1,1,1,1,0,0,0,0,0,0,1,0,0,0,0,0,1,8,,,,,,,,,,,,,,,,,,,,,,,,,
Sp16_239,Sp16,pre,I consent.,2,5,1,2,2,2,21,Asian,0,1,New,Native,United States,"$15,000-29,999",,85 - 89.9,88,,8,,1150,610,540,530,8,1150,1,1,0,1,1,0,0,0,0,0,1,0,0,0,0,1,0,1,0,0,7,,,,,,,,,,,,,,,,,,,,,,,,,
Sp16_186,Sp16,pre,I consent.,2,5,1,5,5,2,20,White,0,0,New,Native,United States,NA,,85 - 89.9,85,,2,3,950,,,,,,0,0,0,1,0,0,0,0,0,1,0,0,0,0,0,0,0,1,0,0,3,,,,,,,,,,,,,,,,,,,,,,,,,
Sp16_105,Sp16,pre,I consent.,1,3,2,4,4,0,21,Hispanic of any race,1,1,New,Native,United States,"$15,000-29,999",,90 - 94.9,90,,3,,1080,520,560,570,7,1080,1,1,0,0,1,1,1,1,0,1,1,1,0,1,1,0,0,1,1,1,14,,,,,,,,,,,,,,,,,,,,,,,,,
Sp16_429,Sp16,pre,I consent.,1,5,2,5,4,3,20,Asian,0,1,New,Alien Permanent,Chi,"$15,000-29,999",,95 - 100,98,,7,,1380,780,600,620,8,1380,1,0,1,0,1,1,1,1,0,1,1,1,1,1,1,0,1,1,1,0,15,,,,,,,,,,,,,,,,,,,,,,,,,
Sp16_056,Sp16,pre,I consent.,2,4,1,4,4,1,21,White,0,0,Transfer,Native,United States,"$85,000-104,999",,90 - 94.9,94,,,,1170,580,590,510,7,1170,1,0,1,1,0,0,1,1,0,1,0,1,1,0,1,0,1,1,0,0,11,,,,,,,,,,,,,,,,,,,,,,,,,
Sp16_018,Sp16,pre,I consent.,2,4,1,5,5,2,22,Hispanic of any race,0,1,New,Native,United States,"$0-14,999",,85 - 89.9,89,,3,,930,440,490,530,6,930,1,0,1,1,1,0,1,0,0,1,0,1,1,0,0,0,0,1,0,0,9,,,,,,,,,,,,,,,,,,,,,,,,,
Sp16_100,Sp16,pre,I consent.,1,5,1,4,4,3,20,White,0,0,New,Native,United States,NA,,95 - 100,97,,3,,1230,600,620,660,10,1220,0,1,1,0,1,0,0,1,1,1,0,1,0,0,1,1,0,1,0,0,10,,,,,,,,,,,,,,,,,,,,,,,,,
Sp16_252,Sp16,pre,I consent.,1,4,2,5,5,3,20,Asian,0,0,Transfer,Alien Permanent,Philippines,"$30,000-44,999",,95 - 100,95,,3,,920,450,470,510,7,920,0,1,1,0,1,0,0,1,0,1,1,0,0,0,1,0,0,1,1,0,9,,,,,,,,,,,,,,,,,,,,,,,,,
Sp16_313,Sp16,pre,I consent.,1,4,1,5,5,3,21,Asian,0,0,Transfer,Native,United States,"$45,000-64,999",,95 - 100,95,3.3,,,950,520,430,440,8,950,1,1,1,0,1,0,0,1,1,1,0,0,0,1,1,1,0,1,0,0,11,,,,,,,,,,,,,,,,,,,,,,,,,
Sp16_288,Sp16,pre,I consent.,1,5,1,2,2,3,20,Asian,0,0,New,Naturalized,Unknown,"$30,000-44,999",,95 - 100,96,,3,,1150,610,540,550,10,1150,0,1,1,0,1,1,0,0,0,1,0,1,0,0,0,1,0,1,1,0,9,,,,,,,,,,,,,,,,,,,,,,,,,
Sp16_010,Sp16,pre,I consent.,1,5,1,0,2,3,20,Asian,0,1,New,Native,United States,"$15,000-29,999",,95 - 100,97,,3,,1220,630,590,620,8,1220,1,1,0,0,1,0,1,1,1,0,1,0,0,1,1,1,1,1,1,1,14,,,,,,,,,,,,,,,,,,,,,,,,,
Sp16_273,Sp16,pre,I consent.,2,4,1,4,4,3,20,Black/African American,1,1,New,Alien Permanent,Gha,NA,,90 - 94.9,94,,3,,1010,530,480,450,7,1010,1,0,0,1,1,0,1,0,0,0,1,1,0,0,0,0,1,0,0,0,7,,,,,,,,,,,,,,,,,,,,,,,,,
Sp16_383,Sp16,pre,I consent.,2,5,1,5,5,1,20,White,0,0,New,Native,United States,NA,,90 - 94.9,94,3.02,,,1260,570,570,590,10,1140,1,1,1,0,1,1,1,1,1,0,1,1,0,1,0,1,0,1,1,1,15,,,,,,,,,,,,,,,,,,,,,,,,,
Sp16_311,Sp16,pre,I consent.,1,5,1,5,5,3,20,Asian,0,0,New,Native,United States,NA,,95 - 100,95,,3,,1280,610,670,560,8,1280,1,1,1,0,1,1,1,1,1,1,1,1,0,1,1,0,0,1,1,1,16,,,,,,,,,,,,,,,,,,,,,,,,,
Sp16_385,Sp16,pre,I consent.,2,5,1,5,5,0,20,White,1,0,New,Native,United States,NA,,85 - 89.9,87,,1,,1150,560,590,500,8,1150,1,1,1,0,1,0,1,0,1,0,0,1,0,1,1,1,0,0,0,1,11,,,,,,,,,,,,,,,,,,,,,,,,,
Sp16_443,Sp16,pre,I consent.,1,5,1,4,4,3,21,White,0,1,Transfer,Native,United States,"$45,000-64,999",,95 - 100,96,3.6,,,1200,580,590,590,10,1170,1,1,1,0,1,0,1,0,0,0,1,1,0,0,1,1,0,1,0,1,11,,,,,,,,,,,,,,,,,,,,,,,,,
Sp16_068,Sp16,pre,I consent.,1,5,1,5,5,3,20,White,0,0,New,Native,United States,NA,,95 - 100,95,,7,,1440,700,740,800,10,1440,0,1,1,1,1,1,1,1,1,1,0,0,1,1,1,1,0,0,1,1,15,,,,,,,,,,,,,,,,,,,,,,,,,
Sp16_236,Sp16,pre,I consent.,1,4,2,5,2,3,22,Asian,1,0,New,Alien Temporary,Chi,NA,,80 - 84.9,84,,5,,1220,700,520,550,7,1220,1,1,1,0,1,1,1,0,0,1,0,1,0,0,1,0,0,0,0,0,9,,,,,,,,,,,,,,,,,,,,,,,,,
Sp16_334,Sp16,pre,I consent.,1,4,1,4,4,3,20,White,1,0,New,Native,United States,NA,,90 - 94.9,91,,,,1310,,,,,,1,1,1,1,1,1,1,1,0,1,1,1,1,1,1,0,1,1,1,1,18,,,,,,,,,,,,,,,,,,,,,,,,,
Sp16_185,Sp16,pre,I consent.,1,5,1,0,5,3,20,White,0,0,New,Native,United States,NA,,95 - 100,95,,4,,1220,570,650,690,10,1220,1,1,1,1,1,1,0,1,1,0,1,1,1,1,0,0,0,1,1,0,14,,,,,,,,,,,,,,,,,,,,,,,,,
Sp16_092,Sp16,pre,I consent.,2,5,1,5,5,2,20,Asian,1,0,New,Native,United States,NA,,90 - 94.9,92,,8,,1300,700,600,640,9,1300,1,0,1,0,0,1,1,1,1,1,1,1,0,0,1,1,0,1,1,1,14,,,,,,,,,,,,,,,,,,,,,,,,,
Sp16_103,Sp16,pre,I consent.,2,5,1,4,4,3,20,Asian,0,0,New,Native,United States,"$65,000-84,999",,85 - 89.9,88,,5,,1260,620,640,580,8,1260,1,1,1,0,0,0,0,0,0,1,1,1,0,0,1,0,1,1,1,0,10,,,,,,,,,,,,,,,,,,,,,,,,,
Sp16_130,Sp16,pre,I consent.,2,5,1,5,5,3,20,Hispanic of any race,1,0,New,Native,United States,NA,,95 - 100,98,,5,,1360,720,640,700,10,1360,1,1,1,0,1,0,0,0,0,1,1,1,0,0,0,0,0,0,0,1,8,,,,,,,,,,,,,,,,,,,,,,,,,
Sp16_242,Sp16,pre,I consent.,2,4,2,4,2,0,22,Asian,0,1,Transfer,Naturalized,Chi,"$15,000-29,999",,90 - 94.9,92,3.5,,,1160,640,520,530,8,1160,1,1,1,0,1,1,0,0,0,0,1,0,0,0,1,0,0,0,0,0,7,,,,,,,,,,,,,,,,,,,,,,,,,
Sp16_361,Sp16,pre,I consent.,1,4,1,5,5,3,20,Asian,0,0,New,Native,United States,NA,,90 - 94.9,93,,4,,1350,680,670,720,9,1350,0,1,1,1,1,1,1,1,1,1,1,1,1,1,1,1,1,0,1,1,18,,,,,,,,,,,,,,,,,,,,,,,,,
Sp16_250,Sp16,pre,I consent.,1,5,1,5,5,3,20,White,0,1,New,Native,United States,NA,,95 - 100,97,,6,,1270,620,580,650,9,1200,1,1,1,1,1,1,1,1,0,0,1,1,1,1,1,1,1,1,1,1,18,,,,,,,,,,,,,,,,,,,,,,,,,
Sp16_332,Sp16,pre,I consent.,1,5,1,5,5,3,20,White,0,0,Transfer,Native,United States,NA,,95 - 100,99,3.78,,,1240,,,,,,0,1,1,0,1,0,0,1,1,1,1,1,0,1,1,1,1,1,0,1,14,,,,,,,,,,,,,,,,,,,,,,,,,
Sp16_118,Sp16,pre,I consent.,1,4,2,3,3,3,20,Black/African American,0,1,Transfer,Native,United States,"$30,000-44,999",,85 - 89.9,88,2.92,2,,760,380,380,380,8,760,0,1,1,1,1,0,1,1,0,0,1,0,0,0,0,0,0,1,0,1,9,,,,,,,,,,,,,,,,,,,,,,,,,
Sp16_200,Sp16,pre,I consent.,1,5,1,5,5,3,20,White,0,0,New,Native,United States,NA,,95 - 100,98,,7,,1400,710,690,650,8,1400,0,1,1,1,1,1,1,1,1,1,1,1,1,1,1,0,1,1,1,1,18,,,,,,,,,,,,,,,,,,,,,,,,,
Sp16_005,Sp16,pre,I consent.,2,5,1,3,3,3,20,Asian,0,0,Transfer,Naturalized,Philippines,NA,,95 - 100,96,,7,,1290,660,600,600,8,1260,0,1,1,0,1,0,0,1,0,0,0,0,0,0,0,0,0,0,0,0,4,,,,,,,,,,,,,,,,,,,,,,,,,
Sp16_015,Sp16,pre,I consent.,1,5,1,4,4,0,20,Asian,0,1,New,Naturalized,Unknown,NA,,90 - 94.9,92,,,,1290,640,650,670,9,1290,1,1,1,0,1,0,1,0,1,1,0,0,0,0,1,0,0,1,1,1,11,,,,,,,,,,,,,,,,,,,,,,,,,
Sp16_381,Sp16,pre,I consent.,2,5,2,5,3,2,20,Asian,0,1,New,Native,United States,NA,,90 - 94.9,91,2.8,,,1230,630,600,630,8,1230,1,1,1,1,1,1,1,1,1,1,1,1,1,1,1,1,1,1,1,1,20,,,,,,,,,,,,,,,,,,,,,,,,,
Sp16_106,Sp16,pre,I consent.,1,5,1,5,5,0,25,Hispanic of any race,0,1,Transfer,Native,United States,"$0-14,999",,Unknown,,2.92,2,,,,,,,,0,1,1,1,1,0,1,0,1,1,1,1,1,1,1,0,1,1,1,1,16,,,,,,,,,,,,,,,,,,,,,,,,,
Sp16_121,Sp16,pre,I consent.,2,4,1,5,5,2,20,White,0,0,Transfer,Native,United States,NA,N,90 - 94.9,90,3.9,3,,1080,520,560,570,8,1080,0,1,1,1,1,1,1,1,1,1,0,0,1,1,1,0,1,1,1,1,16,,,,,,,,,,,,,,,,,,,,,,,,,
Sp16_407,Sp16,pre,I consent.,2,4,1,5,5,3,20,Black/African American,0,0,New,Native,United States,NA,,95 - 100,96,,4,,1180,550,630,570,6,1180,0,1,1,0,1,0,0,1,0,0,0,1,0,1,1,0,0,0,0,0,7,,,,,,,,,,,,,,,,,,,,,,,,,
Sp16_241,Sp16,pre,I consent.,2,5,2,3,3,2,24,Asian,0,1,Transfer,Naturalized,Chi,"$15,000-29,999",,95 - 100,98,3.71,,,,,,,,,1,1,1,0,1,1,0,0,0,1,1,0,1,0,0,1,0,1,1,0,11,,,,,,,,,,,,,,,,,,,,,,,,,
Sp16_076,Sp16,pre,I consent.,1,4,1,4,3,3,24,White,1,1,Transfer,Native,United States,NA,,80 - 84.9,80,4,4,,,,,,,,1,1,1,0,1,0,1,0,0,0,1,1,0,0,0,0,1,0,0,0,8,,,,,,,,,,,,,,,,,,,,,,,,,
Sp16_254,Sp16,pre,I consent.,1,4,2,5,5,3,19,Asian,0,0,New,Naturalized,Nepal,NA,N,95 - 100,97,,,,1300,620,680,610,11,1300,1,1,1,0,1,1,1,1,0,1,0,1,1,1,1,1,1,1,1,1,17,,,,,,,,,,,,,,,,,,,,,,,,,
Sp16_202,Sp16,pre,I consent.,1,4,1,5,5,0,19,Hispanic of any race,1,0,New,Native,United States,NA,N,95 - 100,99,,7,,1280,620,660,640,9,1280,1,1,1,0,1,1,0,0,1,1,1,1,1,1,1,1,1,0,0,1,15,,,,,,,,,,,,,,,,,,,,,,,,,
Sp16_201,Sp16,pre,I consent.,2,5,2,4,3,0,25,Hispanic of any race,0,1,Transfer,Naturalized,Turkey,"$0-14,999",,85 - 89.9,86,3.6,,,,,,,,,1,1,1,0,1,0,0,0,0,0,1,1,0,0,0,0,0,1,0,0,7,,,,,,,,,,,,,,,,,,,,,,,,,
Sp16_014,Sp16,pre,I consent.,1,4,2,2,2,2,25,Asian,1,1,Transfer,Naturalized,Bangladesh,NA,,80 - 84.9,82,3.2,,,,,,,,,0,0,0,1,1,1,0,1,1,1,0,1,1,0,0,0,0,0,0,1,9,,,,,,,,,,,,,,,,,,,,,,,,,
Sp16_032,Sp16,pre,I consent.,3,5,1,4,4,1,22,Hispanic of any race,1,1,Transfer,Native,United States,NA,,90 - 94.9,90,3.2,,,,,,,,,1,1,1,0,1,1,1,1,0,1,1,1,0,0,1,1,0,1,1,0,14,,,,,,,,,,,,,,,,,,,,,,,,,
Sp16_346,Sp16,pre,I consent.,2,3,1,5,5,1,19,White,0,0,New,Native,United States,NA,N,95 - 100,99,,3,,1240,620,620,650,8,1240,1,1,1,0,1,0,1,0,0,1,0,0,1,1,1,1,1,1,0,1,13,,,,,,,,,,,,,,,,,,,,,,,,,
Sp16_206,Sp16,pre,I consent.,2,4,1,5,5,3,19,Asian,1,1,Other,Native,United States,NA,N,90 - 94.9,91,,9,,1280,670,610,650,10,1280,1,1,1,0,1,0,1,0,1,0,1,1,0,0,0,1,0,0,1,1,11,,,,,,,,,,,,,,,,,,,,,,,,,
Sp16_220,Sp16,pre,I consent.,2,4,2,2,2,2,19,Asian,0,0,New,Alien Temporary,Hong Kong,NA,Y,80 - 84.9,83,,,,1100,650,450,420,6,1100,1,1,1,0,1,0,1,0,0,1,1,1,1,0,0,1,0,1,1,1,13,,,,,,,,,,,,,,,,,,,,,,,,,
Sp16_400,Sp16,pre,I consent.,1,3,1,5,4,1,18,White,0,0,Other,Native,United States,NA,N,95 - 100,98,,,,1460,700,760,630,6,1460,1,1,1,1,1,1,1,1,1,1,1,1,1,1,1,1,1,1,1,1,20,,,,,,,,,,,,,,,,,,,,,,,,,
Sp16_049,Sp16,pre,I consent.,2,3,1,4,4,2,20,Asian,0,1,Transfer,Native,United States,"$0-14,999",,80 - 84.9,82,3.48,,,930,490,440,470,8,930,1,1,1,0,1,0,0,0,0,0,1,1,0,0,0,1,0,0,0,0,7,,,,,,,,,,,,,,,,,,,,,,,,,
Sp16_149,Sp16,pre,I consent.,3,3,2,4,4,0,19,Hispanic of any race,0,1,New,Native,United States,"$15,000-29,999",,90 - 94.9,92,,4,3,1010,480,530,410,,1010,1,1,1,1,1,0,1,0,0,0,0,0,1,0,0,1,0,0,0,0,8,,,,,,,,,,,,,,,,,,,,,,,,,
Sp16_387,Sp16,pre,I consent.,1,3,1,3,3,3,19,Asian,0,1,New,Alien Permanent,Chi,NA,,95 - 100,97,,7,,1230,650,580,590,10,1230,1,1,1,0,0,1,0,0,0,0,1,0,0,1,0,1,1,0,1,1,10,,,,,,,,,,,,,,,,,,,,,,,,,
Sp16_439,Sp16,pre,I consent.,2,4,2,3,3,3,20,Asian,0,1,Other,Naturalized,Unknown,"$15,000-29,999",,95 - 100,97,,,,1220,670,550,550,9,1220,0,0,1,0,0,0,1,0,0,0,1,0,0,0,1,1,1,0,0,0,6,,,,,,,,,,,,,,,,,,,,,,,,,
Sp16_026,Sp16,pre,I consent.,1,4,1,5,5,3,20,White,0,0,New,Native,United States,"$65,000-84,999",,95 - 100,96,,4,,1280,620,590,580,8,1210,1,1,1,1,1,0,1,1,1,1,1,1,1,1,1,1,1,1,1,1,19,,,,,,,,,,,,,,,,,,,,,,,,,
Sp16_216,Sp16,pre,I consent.,2,3,1,4,3,3,19,White,0,0,New,Native,United States,NA,N,90 - 94.9,92,,4,,1200,,,,,,1,0,0,1,1,0,1,0,1,0,0,0,0,1,1,1,0,0,1,1,10,,,,,,,,,,,,,,,,,,,,,,,,,
Sp16_340,Sp16,pre,I consent.,1,5,1,4,4,3,19,White,0,0,New,Native,United States,NA,N,95 - 100,99,,9,,1530,720,660,750,10,1380,1,1,1,1,1,1,1,1,1,1,1,1,1,1,1,1,1,1,1,1,20,,,,,,,,,,,,,,,,,,,,,,,,,
Sp16_119,Sp16,pre,I consent.,1,5,1,5,5,3,19,White,0,0,New,Native,United States,NA,N,95 - 100,97,4,4,,1420,640,780,770,10,1420,1,1,1,0,1,1,1,1,1,1,0,1,1,1,1,1,1,0,1,1,17,,,,,,,,,,,,,,,,,,,,,,,,,
Sp16_048,Sp16,pre,I consent.,2,4,1,2,2,0,19,White,0,0,New,Native,United States,NA,N,90 - 94.9,93,,5,,1280,680,520,580,8,1200,1,1,1,0,1,1,1,0,0,0,1,0,1,0,1,1,0,0,0,0,10,,,,,,,,,,,,,,,,,,,,,,,,,
Sp16_327,Sp16,pre,I consent.,1,4,1,5,5,3,19,,0,0,New,Native,United States,"105,000-124,999",,95 - 100,98,,,,1200,560,570,580,8,1130,1,1,0,0,1,0,0,1,0,1,1,0,0,0,1,0,0,0,0,0,7,,,,,,,,,,,,,,,,,,,,,,,,,
Sp16_096,Sp16,pre,I consent.,1,3,1,4,3,3,20,Hispanic of any race,1,1,New,Native,United States,"$0-14,999",,90 - 94.9,92,,3,,1060,500,560,490,8,1060,1,1,0,0,0,0,1,1,0,0,0,1,1,0,1,0,0,0,0,1,8,,,,,,,,,,,,,,,,,,,,,,,,,
Sp16_274,Sp16,pre,I consent.,1,4,2,5,5,2,19,White,0,1,New,Native,United States,NA,Y,95 - 100,96,3.7,3,,1210,570,640,610,8,1210,1,1,1,0,0,0,0,0,0,1,1,1,0,0,1,0,1,0,0,0,8,,,,,,,,,,,,,,,,,,,,,,,,,
Sp16_343,Sp16,pre,I consent.,1,4,1,5,5,2,19,White,0,0,New,Native,United States,NA,,95 - 100,97,4,4,,1350,600,750,710,10,1350,1,0,0,1,1,0,1,0,0,0,0,1,0,0,1,0,0,1,0,1,8,,,,,,,,,,,,,,,,,,,,,,,,,
Sp16_067,Sp16,pre,I consent.,2,4,1,0,5,2,19,White,0,0,New,Native,United States,NA,N,95 - 100,98,,3,,1180,610,570,630,8,1180,1,1,1,0,0,0,0,1,1,1,0,1,0,1,0,0,1,0,1,1,11,,,,,,,,,,,,,,,,,,,,,,,,,
Sp16_243,Sp16,pre,I consent.,2,4,1,5,0,0,19,White,1,0,New,Native,United States,NA,N,90 - 94.9,94,3.7,,,1200,630,560,540,8,1190,1,1,1,0,1,0,1,1,1,1,1,1,0,1,0,1,0,1,0,0,13,,,,,,,,,,,,,,,,,,,,,,,,,
Sp16_120,Sp16,pre,I consent.,1,5,1,5,5,3,19,White,0,0,New,Native,United States,NA,N,95 - 100,99,3.5,,,1220,560,660,590,9,1220,0,1,1,0,1,0,0,0,1,1,0,1,1,1,1,1,1,0,0,0,11,,,,,,,,,,,,,,,,,,,,,,,,,
Sp16_041,Sp16,pre,I consent.,1,4,1,5,4,3,19,White,1,0,New,Native,United States,NA,N,95 - 100,95,,7,,1350,700,650,620,8,1350,1,1,1,1,1,0,1,0,1,0,1,1,1,1,1,1,1,1,1,1,17,,,,,,,,,,,,,,,,,,,,,,,,,
Sp16_160,Sp16,pre,I consent.,1,3,1,5,4,3,19,White,1,0,New,Native,United States,NA,N,90 - 94.9,90,,4,,1220,680,540,650,10,1220,1,0,0,1,0,0,1,1,0,1,1,0,0,0,0,0,1,1,1,0,9,,,,,,,,,,,,,,,,,,,,,,,,,
Sp16_157,Sp16,pre,I consent.,1,4,1,5,5,3,20,White,1,0,New,Native,United States,NA,N,90 - 94.9,92,,6,,1350,,,,,,1,1,1,1,1,1,1,1,1,1,1,1,1,1,0,1,0,0,0,1,16,,,,,,,,,,,,,,,,,,,,,,,,,
Sp16_294,Sp16,pre,I consent.,1,4,2,4,4,3,20,Asian,1,1,New,Naturalized,Unknown,"$30,000-44,999",,95 - 100,96,,4,,1350,,,,,,1,1,1,1,1,1,1,1,1,0,1,1,1,1,0,1,1,1,1,1,18,,,,,,,,,,,,,,,,,,,,,,,,,
Sp16_215,Sp16,pre,I consent.,2,5,2,4,4,0,22,White,0,1,Transfer,Alien Permanent,Turkey,NA,,85 - 89.9,86,3.2,,,,,,,,,1,0,1,0,1,0,0,0,0,0,0,1,0,0,0,1,0,0,0,0,5,,,,,,,,,,,,,,,,,,,,,,,,,
Sp16_155,Sp16,pre,I consent.,1,3,1,4,4,3,19,Asian,0,0,New,Alien Temporary,India,NA,N,90 - 94.9,90,,8,,1150,660,490,480,7,1150,1,0,1,0,0,0,0,0,0,1,1,1,1,0,1,0,0,0,1,0,8,,,,,,,,,,,,,,,,,,,,,,,,,
Sp16_170,Sp16,pre,I consent.,2,4,2,4,4,3,19,Asian,0,1,New,Native,United States,"$15,000-29,999",,90 - 94.9,92,,7,,1310,690,620,600,10,1310,1,0,1,0,0,0,0,0,0,0,0,1,0,0,1,0,0,0,0,0,4,,,,,,,,,,,,,,,,,,,,,,,,,
Sp16_066,Sp16,pre,I consent.,1,4,1,5,5,3,19,White,0,0,New,Native,United States,NA,Y,95 - 100,97,,4,,1350,640,630,670,9,1270,1,1,0,0,1,0,0,0,1,0,1,1,0,0,0,0,1,0,0,0,7,,,,,,,,,,,,,,,,,,,,,,,,,
Sp16_179,Sp16,pre,I consent.,1,3,1,5,5,2,19,Asian,0,1,New,Naturalized,Pakistan,NA,N,95 - 100,95,,3,,1150,580,570,560,8,1150,1,0,1,0,1,0,0,0,1,1,1,0,0,1,0,1,1,0,1,0,10,,,,,,,,,,,,,,,,,,,,,,,,,
Sp16_418,Sp16,pre,I consent.,1,3,1,5,4,2,19,White,1,1,Transfer,Native,United States,NA,,90 - 94.9,92,3.3,,,1170,620,550,490,8,1170,1,0,0,0,1,1,1,1,1,1,1,1,0,1,1,0,1,1,1,0,14,,,,,,,,,,,,,,,,,,,,,,,,,
Sp16_131,Sp16,pre,I consent.,1,4,1,5,4,2,19,White,1,0,New,Native,United States,NA,N,90 - 94.9,93,2.35,,,1320,700,600,620,10,1300,1,1,1,0,0,1,1,1,0,1,1,1,0,1,1,1,0,1,1,1,15,,,,,,,,,,,,,,,,,,,,,,,,,
Sp16_069,Sp16,pre,I consent.,2,4,1,5,5,0,19,White,1,0,New,Native,United States,NA,N,90 - 94.9,94,,,,1210,620,590,570,8,1210,1,0,0,0,0,0,1,0,1,0,0,1,0,0,1,1,0,0,0,0,6,,,,,,,,,,,,,,,,,,,,,,,,,
Sp16_086,Sp16,pre,I consent.,1,4,1,3,4,3,19,Hispanic of any race,1,0,New,Native,United States,NA,N,95 - 100,95,,,,1340,720,620,580,9,1340,1,1,1,0,1,1,1,1,1,0,1,1,1,1,0,1,1,1,0,0,15,,,,,,,,,,,,,,,,,,,,,,,,,
Sp16_341,Sp16,pre,I consent.,1,4,1,5,5,3,19,White,0,0,New,Native,United States,NA,N,95 - 100,99,4,,,1370,650,720,680,9,1370,1,1,1,1,1,1,1,1,1,1,1,1,1,1,1,1,0,1,1,1,19,,,,,,,,,,,,,,,,,,,,,,,,,
Sp16_369,Sp16,pre,I consent.,1,5,1,5,5,3,19,Asian,1,0,New,Native,United States,NA,Y,95 - 100,98,3.89,7,,1350,,,,,,1,1,1,0,0,1,1,0,0,0,0,0,0,0,0,1,0,1,0,0,7,,,,,,,,,,,,,,,,,,,,,,,,,
Sp16_212,Sp16,pre,I consent.,1,4,1,3,3,3,20,White,0,0,New,Native,United States,NA,N,95 - 100,95,3.42,,,1200,590,520,570,8,1110,1,1,1,0,1,0,1,0,1,1,1,1,0,1,1,0,0,0,0,0,11,,,,,,,,,,,,,,,,,,,,,,,,,
Sp16_323,Sp16,pre,I consent.,1,3,1,5,4,3,19,Hispanic of any race,1,0,Transfer,Native,United States,NA,Y,90 - 94.9,92,,3,,1290,560,570,610,8,1130,0,1,1,0,1,0,0,0,0,0,1,0,0,0,0,0,0,0,0,1,5,,,,,,,,,,,,,,,,,,,,,,,,,
Sp16_111,Sp16,pre,I consent.,1,4,1,5,5,3,19,Asian,1,1,New,Native,United States,NA,Y,90 - 94.9,92,,3,,1250,620,630,560,8,1250,0,0,0,1,1,1,1,0,0,0,0,0,0,0,0,0,1,0,0,1,6,,,,,,,,,,,,,,,,,,,,,,,,,
Sp16_153,Sp16,pre,I consent.,1,4,1,4,5,1,19,White,0,1,New,Native,United States,NA,Y,95 - 100,98,3.57,7,,1330,660,670,620,8,1330,1,1,0,1,1,1,1,1,1,1,1,1,1,0,0,1,1,1,1,0,16,,,,,,,,,,,,,,,,,,,,,,,,,
Sp16_409,Sp16,pre,I consent.,1,4,1,4,4,3,19,Asian,0,0,New,Native,United States,NA,N,90 - 94.9,90,,5,,1430,730,690,710,9,1420,1,1,1,1,1,1,0,1,1,0,1,1,0,1,1,1,0,0,1,0,14,,,,,,,,,,,,,,,,,,,,,,,,,
Sp16_444,Sp16,pre,I consent.,2,3,1,5,5,3,19,White,0,0,New,Native,United States,NA,N,95 - 100,98,,5,,1240,660,560,580,8,1220,0,1,1,0,1,0,0,0,1,1,0,1,0,1,1,1,0,1,0,0,10,,,,,,,,,,,,,,,,,,,,,,,,,
Sp16_094,Sp16,pre,I consent.,1,4,1,5,5,3,19,White,1,0,New,Native,United States,NA,N,90 - 94.9,94,3.58,3,,1210,580,630,600,8,1210,1,1,1,1,1,1,1,1,0,1,0,1,1,1,1,0,1,1,1,1,17,,,,,,,,,,,,,,,,,,,,,,,,,
Sp16_004,Sp16,pre,I consent.,1,4,2,5,5,3,19,Asian,0,0,New,Native,United States,NA,N,90 - 94.9,91.45,,3,,1250,640,610,650,10,1250,0,1,1,0,1,0,1,0,1,0,0,1,0,1,0,0,0,1,1,1,10,,,,,,,,,,,,,,,,,,,,,,,,,
Sp16_057,Sp16,pre,I consent.,1,4,1,5,5,3,19,White,1,0,New,Native,United States,NA,N,95 - 100,96,,5,,1600,,,,,,1,1,1,1,1,1,1,1,1,1,1,0,1,1,0,1,0,1,0,1,16,,,,,,,,,,,,,,,,,,,,,,,,,
Sp16_035,Sp16,pre,I consent.,1,4,1,4,4,3,19,Asian,1,0,New,Native,United States,"$65,000-84,999",,90 - 94.9,92,,5,,1370,740,630,650,9,1370,1,1,1,1,1,1,1,1,1,1,1,1,1,1,1,0,0,0,1,1,17,,,,,,,,,,,,,,,,,,,,,,,,,
Sp16_192,Sp16,pre,I consent.,1,5,1,5,5,3,21,Black/African American,0,1,Transfer,Native,United States,"$30,000-44,999",,Unknown,,3.59,2.5,,,,,,,,1,1,1,0,1,0,0,0,0,0,1,1,0,0,1,0,1,0,1,0,9,,,,,,,,,,,,,,,,,,,,,,,,,
Sp16_354,Sp16,pre,I consent.,2,4,1,5,4,1,19,White,0,0,New,Native,United States,NA,,95 - 100,99,,3,,1280,590,680,580,10,1270,1,1,1,0,1,0,1,0,1,1,1,1,1,0,1,1,0,0,0,0,12,,,,,,,,,,,,,,,,,,,,,,,,,
Sp16_075,Sp16,pre,I consent.,3,3,2,2,2,2,19,Asian,0,1,Transfer,Native,United States,NA,Y,NA,,3.7,,,1080,,,,,,0,0,0,0,0,1,0,0,0,0,1,1,1,0,0,0,0,1,1,1,7,,,,,,,,,,,,,,,,,,,,,,,,,
Sp16_061,Sp16,pre,I consent.,1,4,1,5,5,3,20,,1,0,New,Native,United States,NA,N,95 - 100,98,3.47,,,1480,750,730,600,7,1480,1,1,1,0,1,1,0,0,1,0,1,1,1,1,1,0,1,1,1,1,15,,,,,,,,,,,,,,,,,,,,,,,,,
Sp16_319,Sp16,pre,I consent.,1,4,1,5,5,2,19,Asian,0,1,New,Naturalized,Unknown,"$30,000-44,999",,95 - 100,99,,6,,1230,600,630,720,11,1230,1,1,1,0,1,0,0,0,1,1,1,0,0,1,1,1,1,1,1,1,14,,,,,,,,,,,,,,,,,,,,,,,,,
Sp16_264,Sp16,pre,I consent.,1,4,1,5,5,3,19,White,0,1,Transfer,Native,United States,NA,N,95 - 100,95,3.81,3,,1290,560,640,620,8,1200,1,1,1,0,1,1,0,1,0,1,1,1,0,1,1,0,1,0,1,1,14,,,,,,,,,,,,,,,,,,,,,,,,,
Sp16_253,Sp16,pre,I consent.,1,4,1,5,5,3,19,,0,0,New,Alien Permanent,Cada,NA,N,90 - 94.9,94,,,,1350,,,,,,0,1,1,1,1,0,1,1,1,1,0,1,1,1,1,1,1,1,1,1,17,,,,,,,,,,,,,,,,,,,,,,,,,
Sp16_039,Sp16,pre,I consent.,1,4,1,5,4,3,19,White,0,0,New,Native,United States,NA,N,90 - 94.9,92,,8,,1350,,,,,,1,1,1,0,1,1,1,1,1,1,1,1,1,1,1,1,1,1,1,1,19,,,,,,,,,,,,,,,,,,,,,,,,,
Sp16_167,Sp16,pre,I consent.,2,4,1,5,5,3,19,Asian,1,0,New,Native,United States,NA,N,85 - 89.9,86,3.72,5,,1450,700,750,680,10,1450,0,1,1,0,0,0,1,0,0,0,1,1,0,0,0,1,0,1,1,1,9,,,,,,,,,,,,,,,,,,,,,,,,,
Sp16_233,Sp16,pre,I consent.,1,4,2,2,2,2,18,Asian,1,1,New,Naturalized,Unknown,NA,Y,95 - 100,96,,,,1170,670,500,530,8,1170,1,1,1,1,1,1,1,0,1,1,1,0,0,1,1,1,1,1,1,1,17,,,,,,,,,,,,,,,,,,,,,,,,,
Sp16_104,Sp16,pre,I consent.,1,4,2,5,5,3,19,Hispanic of any race,1,0,New,Undocumented Alien,Uruguay,NA,Y,95 - 100,96,,7,,1430,,,,,,0,1,1,0,1,1,1,1,0,0,1,1,0,1,1,0,0,1,1,0,12,,,,,,,,,,,,,,,,,,,,,,,,,
Sp16_352,Sp16,pre,I consent.,3,4,1,0,5,3,19,White,1,0,New,Native,United States,"$165,000-184,999",,95 - 100,96,,5,,1260,540,720,700,11,1260,1,1,1,0,1,0,0,0,1,1,1,1,0,1,1,1,0,0,0,0,11,,,,,,,,,,,,,,,,,,,,,,,,,
Sp16_388,Sp16,pre,I consent.,1,5,2,5,5,3,19,Asian,1,0,New,Alien Permanent,India,NA,N,95 - 100,99,3.7,5,,1500,740,760,710,8,1500,1,1,1,1,1,0,1,0,0,1,1,0,1,1,0,0,1,1,1,0,13,,,,,,,,,,,,,,,,,,,,,,,,,
Sp16_391,Sp16,pre,I consent.,1,4,1,5,5,1,19,Black/African American,1,0,Transfer,Native,United States,NA,N,90 - 94.9,93,3.7,4,,1140,670,470,560,8,1140,1,1,0,0,1,1,1,0,0,0,0,0,0,0,0,0,1,1,1,0,8,,,,,,,,,,,,,,,,,,,,,,,,,
Sp16_059,Sp16,pre,I consent.,1,4,1,5,5,3,19,Hispanic of any race,0,1,New,Native,United States,NA,N,90 - 94.9,94,4,3,,1240,620,610,680,9,1230,1,1,1,0,1,0,0,0,1,0,1,1,0,1,0,1,0,0,0,0,9,,,,,,,,,,,,,,,,,,,,,,,,,
Sp16_165,Sp16,pre,I consent.,1,4,1,5,5,3,19,White,0,0,New,Native,United States,NA,N,95 - 100,99,,,,1320,620,590,630,10,1210,1,1,1,1,1,1,1,1,0,1,0,1,1,0,1,0,0,1,1,0,14,,,,,,,,,,,,,,,,,,,,,,,,,
Sp16_237,Sp16,pre,I consent.,2,4,2,2,2,3,19,Asian,0,1,New,Native,United States,"$15,000-29,999",,90 - 94.9,93,,4,,1230,720,510,550,9,1230,1,1,0,1,0,0,0,0,1,0,0,0,0,0,1,0,0,0,0,1,6,,,,,,,,,,,,,,,,,,,,,,,,,
Sp16_183,Sp16,pre,I consent.,1,3,2,5,5,3,19,White,0,0,New,Naturalized,Unknown,NA,N,95 - 100,96,,3,,1350,660,690,590,10,1350,0,1,1,0,1,1,1,0,1,1,0,1,0,1,1,1,0,1,1,0,13,,,,,,,,,,,,,,,,,,,,,,,,,
Sp16_283,Sp16,pre,I consent.,1,3,1,5,4,3,19,Asian,0,0,New,Native,United States,NA,N,90 - 94.9,93,,4,,1240,590,650,620,10,1240,1,1,1,0,0,0,1,0,0,1,0,1,1,1,1,0,1,1,1,0,12,,,,,,,,,,,,,,,,,,,,,,,,,
Sp16_090,Sp16,pre,I consent.,1,4,1,4,4,3,19,Asian,0,1,New,Native,United States,"$15,000-29,999",,90 - 94.9,90,,3,,1000,540,460,400,9,1000,1,0,1,0,0,1,1,0,0,0,0,0,0,0,0,1,0,0,1,0,6,,,,,,,,,,,,,,,,,,,,,,,,,
Sp16_389,Sp16,pre,I consent.,2,3,1,5,5,3,19,White,0,1,Transfer,Native,United States,"$0-14,999",,90 - 94.9,92,,4,,1230,670,560,530,8,1230,0,1,1,0,0,0,1,0,1,1,1,1,0,1,1,1,1,1,0,0,12,,,,,,,,,,,,,,,,,,,,,,,,,
Sp16_082,Sp16,pre,I consent.,1,4,1,5,5,3,19,Asian,0,0,New,Native,United States,NA,N,95 - 100,98,,,,1410,710,700,730,9,1410,1,1,1,0,1,0,1,1,1,1,0,1,0,1,1,1,1,1,0,0,14,,,,,,,,,,,,,,,,,,,,,,,,,
Sp16_194,Sp16,pre,I consent.,1,4,1,5,5,3,20,,0,0,New,Naturalized,Unknown,NA,N,95 - 100,97,3.9,4,,1200,570,630,600,10,1200,0,1,1,0,1,0,1,0,1,1,1,1,0,1,0,0,1,1,1,1,13,,,,,,,,,,,,,,,,,,,,,,,,,
Sp16_309,Sp16,pre,I consent.,1,4,1,5,5,3,19,White,0,0,Transfer,Native,United States,NA,,95 - 100,97,,4,,1250,580,610,570,10,1190,0,1,1,0,0,0,1,1,0,0,0,0,1,0,1,0,0,0,1,0,7,,,,,,,,,,,,,,,,,,,,,,,,,
Sp16_392,Sp16,pre,I consent.,1,4,1,4,4,3,19,Hispanic of any race,1,0,New,Native,United States,NA,N,95 - 100,99,,6,,1270,630,640,630,8,1270,1,1,1,1,1,1,1,1,1,1,1,1,1,1,1,1,1,1,1,1,20,,,,,,,,,,,,,,,,,,,,,,,,,
Sp16_370,Sp16,pre,I consent.,1,4,2,4,4,3,19,Asian,0,1,New,Alien Permanent,Hong Kong,"$85,000-104,999",,95 - 100,99,,7,,1250,760,490,540,9,1250,1,1,0,0,1,1,1,1,0,0,1,0,0,1,1,1,0,1,1,1,13,,,,,,,,,,,,,,,,,,,,,,,,,
Sp16_184,Sp16,pre,I consent.,1,4,2,5,5,3,19,White,1,1,New,Alien Permanent,Poland,NA,N,90 - 94.9,92,,3,,1260,620,640,580,8,1260,1,1,1,0,0,1,1,1,1,1,0,1,0,0,1,1,0,1,1,1,14,,,,,,,,,,,,,,,,,,,,,,,,,
Sp16_125,Sp16,pre,I consent.,1,4,1,5,5,2,19,White,0,0,New,Native,United States,NA,N,95 - 100,99,,,,1320,,,,,,1,1,1,0,1,0,1,1,1,1,1,1,0,0,1,0,1,1,1,1,15,,,,,,,,,,,,,,,,,,,,,,,,,
Sp16_368,Sp16,pre,I consent.,1,4,1,3,4,3,19,Asian,1,1,New,Native,United States,NA,N,90 - 94.9,94,,,,1330,650,680,490,8,1330,0,0,0,0,0,1,0,0,0,0,0,0,1,0,1,0,0,1,0,0,4,,,,,,,,,,,,,,,,,,,,,,,,,
Sp16_191,Sp16,pre,I consent.,1,3,1,5,5,2,20,Asian,1,0,New,Native,United States,NA,N,90 - 94.9,94,,3,,1190,640,550,640,10,1190,1,1,1,1,1,1,1,0,1,1,1,1,1,1,1,1,1,1,1,1,19,,,,,,,,,,,,,,,,,,,,,,,,,
Sp16_054,Sp16,pre,I consent.,1,3,1,5,5,3,19,White,1,0,New,Native,United States,NA,N,90 - 94.9,91,,3,,1310,710,600,590,7,1310,1,1,1,0,1,1,0,1,0,0,1,1,0,0,1,0,1,0,1,1,12,,,,,,,,,,,,,,,,,,,,,,,,,
Sp16_064,Sp16,pre,I consent.,2,3,1,3,3,0,19,Asian,1,0,Transfer,Native,United States,"$15,000-29,999",,80 - 84.9,81,3.24,3,,1090,610,480,480,7,1090,1,0,1,0,0,0,1,0,0,0,0,0,0,0,0,1,0,0,0,0,4,,,,,,,,,,,,,,,,,,,,,,,,,
Sp16_063,Sp16,pre,I consent.,2,4,1,5,4,0,20,Hispanic of any race,0,0,New,Native,United States,NA,N,95 - 100,95,,5,,1250,620,630,590,8,1250,1,1,1,1,1,0,1,1,0,1,1,1,0,0,1,0,1,0,1,0,13,,,,,,,,,,,,,,,,,,,,,,,,,
Sp16_270,Sp16,pre,I consent.,2,4,1,3,3,3,19,Hispanic of any race,0,1,New,Native,United States,NA,Y,90 - 94.9,91,,3,,1030,510,520,530,8,1030,1,0,1,0,1,0,1,1,1,1,0,1,0,1,1,1,0,1,0,0,12,,,,,,,,,,,,,,,,,,,,,,,,,
Sp16_373,Sp16,pre,I consent.,2,3,1,5,3,0,19,White,1,1,Transfer,Native,United States,"$0-14,999",N,75 - 79.9,75,3.49,,,1440,740,700,610,,1440,1,1,1,0,1,1,1,1,1,1,1,1,1,1,1,1,1,1,1,1,19,,,,,,,,,,,,,,,,,,,,,,,,,
Sp16_176,Sp16,pre,I consent.,1,4,2,5,5,3,20,Asian,1,1,New,Naturalized,Unknown,"$15,000-29,999",,90 - 94.9,93,,,,1250,640,610,650,9,1250,0,0,0,1,0,0,1,0,0,0,1,0,0,0,1,0,0,0,1,1,6,,,,,,,,,,,,,,,,,,,,,,,,,
Sp16_182,Sp16,pre,I consent.,2,3,1,4,4,0,20,Hispanic of any race,0,1,New,Native,United States,"$0-14,999",,90 - 94.9,93,,4,,1040,490,550,570,11,1040,0,1,1,0,1,0,0,0,0,0,1,0,0,1,1,1,0,0,0,0,7,,,,,,,,,,,,,,,,,,,,,,,,,
Sp16_396,Sp16,pre,I consent.,1,4,1,5,5,2,20,White,0,0,New,Native,United States,NA,Y,90 - 94.9,93,,3,,1200,,,,,,1,1,1,0,1,0,0,1,0,0,1,1,0,1,0,0,0,1,0,1,10,,,,,,,,,,,,,,,,,,,,,,,,,
Sp16_003,Sp16,pre,I consent.,1,4,1,0,5,3,19,,1,1,New,Native,United States,NA,Y,90 - 94.9,91,3.51,5,,1210,630,580,540,10,1210,1,1,1,1,1,0,1,0,1,1,0,0,1,1,1,1,1,1,0,0,14,,,,,,,,,,,,,,,,,,,,,,,,,
Sp16_085,Sp16,pre,I consent.,1,4,1,3,4,2,19,,1,0,New,Native,United States,NA,N,95 - 100,96,,6,,1320,640,640,520,9,1280,1,1,1,0,1,1,1,1,0,1,1,1,1,1,1,0,1,1,1,1,17,,,,,,,,,,,,,,,,,,,,,,,,,
Sp16_195,Sp16,pre,I consent.,1,5,1,4,4,3,20,Asian,0,0,New,Native,United States,NA,N,95 - 100,99,,7,,1480,770,710,760,10,1480,0,1,1,1,1,1,1,1,0,0,0,0,0,1,0,0,0,0,0,0,8,,,,,,,,,,,,,,,,,,,,,,,,,
Sp16_426,Sp16,pre,I consent.,1,5,1,5,5,3,19,Asian,1,0,New,Native,United States,NA,N,95 - 100,96,,6,,1570,770,800,770,9,1570,1,1,1,1,1,1,1,1,1,1,1,1,1,1,1,1,1,1,1,1,20,,,,,,,,,,,,,,,,,,,,,,,,,
Sp16_410,Sp16,pre,I consent.,1,4,2,5,5,3,20,Asian,1,1,New,Naturalized,Chi,NA,Y,90 - 94.9,91,,5,,1400,730,670,670,10,1400,1,1,1,1,1,1,1,1,1,0,1,1,1,1,1,0,0,1,1,0,16,,,,,,,,,,,,,,,,,,,,,,,,,
Sp16_312,Sp16,pre,I consent.,1,4,1,4,4,2,22,,1,0,New,Native,United States,NA,N,95 - 100,96,4,4,,1420,800,620,660,8,1420,1,1,1,0,1,1,1,0,0,1,1,1,0,1,1,1,1,1,1,1,16,,,,,,,,,,,,,,,,,,,,,,,,,
Sp16_365,Sp16,pre,I consent.,1,4,1,0,0,1,45,Black/African American,1,1,New,Native,United States,NA,Y,95 - 100,97,,7,,1480,760,680,670,8,1440,0,1,0,0,0,0,0,1,0,0,0,1,0,0,0,0,0,1,0,0,4,,,,,,,,,,,,,,,,,,,,,,,,,
Sp16_424,Sp16,pre,I consent.,1,3,1,4,2,3,19,Asian,1,0,New,Native,United States,NA,N,90 - 94.9,92,,5,,1350,720,630,590,8,1350,1,1,1,1,1,0,1,1,0,0,1,1,1,0,0,0,0,0,0,0,10,,,,,,,,,,,,,,,,,,,,,,,,,
Sp16_144,Sp16,pre,I consent.,1,4,1,3,3,3,19,Hispanic of any race,1,0,New,Native,United States,NA,N,90 - 94.9,91,,3,,1350,,,,,,1,1,1,0,1,0,1,0,0,0,0,0,0,0,0,1,1,0,0,0,7,,,,,,,,,,,,,,,,,,,,,,,,,
Sp16_074,Sp16,pre,I consent.,2,4,1,3,3,3,19,Asian,1,0,New,Native,United States,NA,N,95 - 100,95,,3,,1380,650,730,660,9,1380,1,0,1,1,1,1,1,1,1,0,0,0,0,0,0,0,0,1,1,0,10,,,,,,,,,,,,,,,,,,,,,,,,,
Sp16_377,Sp16,pre,I consent.,1,5,1,5,5,2,19,White,0,0,New,Native,United States,NA,N,95 - 100,99,4,,,1310,660,650,740,8,1310,1,1,0,1,0,1,1,0,0,1,0,0,0,0,0,0,0,0,0,0,6,,,,,,,,,,,,,,,,,,,,,,,,,
Sp16_291,Sp16,pre,I consent.,1,4,1,5,5,3,19,White,1,0,New,Native,United States,NA,N,95 - 100,98,,7,,1410,720,690,700,9,1410,1,1,1,1,1,0,1,0,1,1,0,0,1,1,0,0,1,0,1,1,13,,,,,,,,,,,,,,,,,,,,,,,,,
Sp16_301,Sp16,pre,I consent.,1,4,1,5,5,3,20,White,0,1,New,Native,United States,NA,N,95 - 100,99,,5,,1360,660,700,650,10,1360,0,0,1,1,1,0,1,1,1,1,0,1,1,0,1,0,1,1,1,0,13,,,,,,,,,,,,,,,,,,,,,,,,,
Sp16_197,Sp16,pre,I consent.,2,3,1,5,5,2,19,Asian,1,1,New,Native,United States,NA,N,90 - 94.9,94,,3,,1390,,,,,,1,1,1,0,1,0,1,1,1,0,0,0,0,1,1,1,0,1,0,0,11,,,,,,,,,,,,,,,,,,,,,,,,,
Sp16_316,Sp16,pre,I consent.,1,4,1,5,4,3,19,White,0,0,New,Native,United States,NA,Y,90 - 94.9,94,,3,,1280,610,670,600,8,1280,1,1,1,0,1,0,1,0,0,0,1,1,0,1,0,0,1,1,0,1,11,,,,,,,,,,,,,,,,,,,,,,,,,
Sp16_114,Sp16,pre,I consent.,1,5,1,5,5,3,19,White,0,0,New,Native,United States,NA,Y,95 - 100,99,,8,,1390,,,,,,1,1,1,1,1,1,1,0,0,1,1,1,1,0,1,1,1,1,1,1,17,,,,,,,,,,,,,,,,,,,,,,,,,
Sp16_304,Sp16,pre,I consent.,1,3,1,5,5,3,19,Black/African American,0,1,New,Native,United States,NA,N,95 - 100,96,,7,,1150,600,550,680,9,1150,0,0,1,0,1,0,1,0,1,0,0,1,0,0,1,1,1,0,1,0,9,,,,,,,,,,,,,,,,,,,,,,,,,
Sp16_037,Sp16,pre,I consent.,1,4,1,2,2,3,20,,1,0,New,Native,United States,NA,N,90 - 94.9,94,,4,,1180,620,560,560,8,1180,0,1,0,1,0,0,1,1,0,1,0,1,0,0,1,0,1,1,0,1,10,,,,,,,,,,,,,,,,,,,,,,,,,
Sp16_030,Sp16,pre,I consent.,1,3,1,5,4,3,19,White,1,0,New,Native,United States,NA,N,85 - 89.9,89,,,4,1200,,,,,,1,0,1,1,0,1,0,1,0,1,0,1,0,0,0,0,0,0,0,1,8,,,,,,,,,,,,,,,,,,,,,,,,,
Sp16_213,Sp16,pre,I consent.,1,4,2,4,4,3,22,Black/African American,0,0,New,Alien Temporary,Botswa,NA,N,90 - 94.9,94,,,,1060,630,430,560,9,1060,1,0,0,0,0,0,0,0,0,1,0,0,0,0,0,0,0,0,1,1,4,,,,,,,,,,,,,,,,,,,,,,,,,
Sp16_245,Sp16,pre,I consent.,1,4,1,4,4,2,19,Asian,0,0,New,Native,United States,NA,N,95 - 100,99,,7,,1530,750,720,670,9,1470,1,1,0,0,1,1,0,1,1,1,1,1,1,1,1,1,0,1,1,0,15,,,,,,,,,,,,,,,,,,,,,,,,,
Sp16_378,Sp16,pre,I consent.,1,3,1,5,5,3,19,White,0,0,New,Native,United States,NA,N,90 - 94.9,91,,7,,1380,750,630,720,10,1380,1,1,1,0,1,0,1,1,0,1,1,1,0,0,0,0,1,1,1,0,12,,,,,,,,,,,,,,,,,,,,,,,,,
Sp16_196,Sp16,pre,I consent.,2,4,1,4,4,3,20,Black/African American,0,1,New,Native,United States,"$30,000-44,999",,90 - 94.9,92,,2.5,,1240,610,630,570,8,1240,1,1,1,1,1,1,1,1,0,0,1,1,1,0,1,0,0,0,1,1,14,,,,,,,,,,,,,,,,,,,,,,,,,
Sp16_071,Sp16,pre,I consent.,1,4,1,4,4,2,19,Hispanic of any race,0,1,New,Native,United States,NA,N,95 - 100,96,,3,,1210,660,550,560,8,1210,1,1,1,0,1,0,1,0,0,1,0,1,0,0,1,0,1,0,0,0,9,,,,,,,,,,,,,,,,,,,,,,,,,
Sp16_351,Sp16,pre,I consent.,1,3,1,5,5,2,19,tive Hawaiian/Other Pacific Island,0,0,Transfer,Native,United States,NA,N,95 - 100,95,,5,,1320,650,570,640,8,1220,1,1,1,0,1,0,0,0,1,0,0,1,0,1,1,1,1,0,1,0,11,,,,,,,,,,,,,,,,,,,,,,,,,
Sp16_159,Sp16,pre,I consent.,1,4,1,4,4,3,19,Black/African American,0,0,New,Native,United States,NA,Y,95 - 100,95,3.5,4,,1320,,,,,,1,1,1,0,0,0,1,0,0,1,1,0,0,0,0,0,0,1,0,0,7,,,,,,,,,,,,,,,,,,,,,,,,,
Sp16_013,Sp16,pre,I consent.,2,4,2,2,2,2,20,Asian,0,1,New,Naturalized,Unknown,NA,Y,90 - 94.9,93,,4,,1280,690,590,670,10,1280,1,1,0,0,1,0,0,1,0,1,0,0,0,0,0,1,0,0,0,0,6,,,,,,,,,,,,,,,,,,,,,,,,,
Sp16_062,Sp16,pre,I consent.,1,4,1,5,5,3,20,White,0,1,New,Native,United States,NA,Y,95 - 100,99,,,,1340,650,690,710,10,1340,0,1,1,1,0,0,1,0,0,0,0,0,0,0,0,0,0,1,1,0,6,,,,,,,,,,,,,,,,,,,,,,,,,
Sp16_223,Sp16,pre,I consent.,1,4,1,4,4,3,20,Asian,1,1,New,Native,United States,NA,N,95 - 100,97,,5,,1490,730,760,800,10,1490,1,1,1,0,1,1,1,0,0,1,0,1,0,1,1,1,0,1,1,1,14,,,,,,,,,,,,,,,,,,,,,,,,,
Sp16_433,Sp16,pre,I consent.,1,4,1,5,5,3,19,Asian,1,0,New,Native,United States,NA,N,95 - 100,99,,5,,1200,650,550,630,9,1200,1,1,1,0,0,1,0,0,0,1,1,1,0,0,0,0,0,1,0,0,8,,,,,,,,,,,,,,,,,,,,,,,,,
Sp16_350,Sp16,pre,I consent.,2,3,1,5,5,3,19,,1,0,New,Native,United States,NA,Y,90 - 94.9,90,,3,,1280,610,660,640,9,1270,1,0,0,1,0,1,0,1,1,0,0,0,1,1,0,1,0,0,1,1,10,,,,,,,,,,,,,,,,,,,,,,,,,
Sp16_083,Sp16,pre,I consent.,1,3,1,4,4,3,19,Asian,1,0,New,Native,United States,NA,N,90 - 94.9,92,,4,,1110,620,490,600,8,1110,1,1,1,0,1,0,0,0,0,0,0,0,0,0,0,0,0,1,0,0,5,,,,,,,,,,,,,,,,,,,,,,,,,
Sp16_028,Sp16,pre,I consent.,1,4,1,4,4,3,19,White,1,0,New,Native,United States,NA,N,90 - 94.9,94,,7,,1480,,,,,,1,1,1,0,1,1,1,0,1,1,1,1,0,0,0,0,0,0,0,0,10,,,,,,,,,,,,,,,,,,,,,,,,,
Sp16_277,Sp16,pre,I consent.,1,3,1,5,5,3,20,White,1,0,New,Native,United States,NA,Y,90 - 94.9,94,,,,1200,,,,,,1,1,1,0,1,0,1,0,0,1,0,0,0,1,0,0,0,0,0,0,7,,,,,,,,,,,,,,,,,,,,,,,,,
Sp16_178,Sp16,pre,I consent.,1,5,1,4,4,3,19,tive Hawaiian/Other Pacific Island,0,0,New,Native,United States,NA,Y,85 - 89.9,86,3.32,,,1250,620,630,640,10,1250,0,1,0,0,1,0,0,0,1,1,1,1,1,0,1,0,1,0,0,0,9,,,,,,,,,,,,,,,,,,,,,,,,,
Sp16_432,Sp16,pre,I consent.,1,4,2,4,4,3,19,Asian,1,1,New,Native,United States,NA,Y,90 - 94.9,94,3.5,9,,1280,680,600,570,8,1280,1,1,1,0,1,0,1,0,0,1,1,1,0,1,1,0,0,1,1,1,13,,,,,,,,,,,,,,,,,,,,,,,,,
Sp16_169,Sp16,pre,I consent.,1,4,1,4,4,3,19,Asian,1,1,New,Native,United States,NA,Y,95 - 100,95,,8,,1340,750,590,650,10,1340,1,1,0,1,0,0,1,0,0,1,0,0,0,0,0,0,0,1,1,0,7,,,,,,,,,,,,,,,,,,,,,,,,,
Sp16_303,Sp16,pre,I consent.,1,4,1,5,5,3,19,White,0,0,New,Native,United States,NA,Y,85 - 89.9,87,3.1,4,,1320,670,650,600,8,1320,1,1,1,0,1,0,1,1,0,1,1,1,0,1,1,1,1,1,0,1,15,,,,,,,,,,,,,,,,,,,,,,,,,
Sp16_376,Sp16,pre,I consent.,1,4,1,3,3,3,19,White,0,0,New,Native,United States,NA,,95 - 100,99,,4,,1220,620,600,730,11,1220,1,1,1,0,1,1,1,1,0,1,0,1,0,1,1,1,1,0,1,1,15,,,,,,,,,,,,,,,,,,,,,,,,,
Sp16_372,Sp16,pre,I consent.,1,3,2,5,5,2,19,White,0,1,New,Naturalized,Unknown,NA,Y,95 - 100,98,,4,,1160,630,530,670,10,1160,1,1,1,0,1,0,1,1,1,0,0,0,0,1,1,1,0,1,1,0,12,,,,,,,,,,,,,,,,,,,,,,,,,
Sp16_001,Sp16,pre,I consent.,1,3,1,5,5,3,19,White,0,0,New,Native,United States,NA,N,95 - 100,96,,,,1350,,,,,,1,1,1,0,1,0,1,0,1,1,1,1,0,1,1,0,1,0,0,1,13,,,,,,,,,,,,,,,,,,,,,,,,,
Sp16_124,Sp16,pre,I consent.,1,4,1,4,4,3,19,Asian,1,1,New,Native,United States,NA,N,95 - 100,95,,4,,1290,650,640,570,8,1290,1,1,1,0,0,0,1,0,0,0,1,0,0,0,1,1,0,0,0,1,8,,,,,,,,,,,,,,,,,,,,,,,,,
Sp16_077,Sp16,pre,I consent.,1,4,1,4,4,3,19,Asian,1,0,New,Native,United States,NA,N,95 - 100,96,,4,,1470,780,690,680,9,1470,0,1,0,1,1,0,0,1,0,0,0,0,1,0,0,0,1,0,1,1,8,,,,,,,,,,,,,,,,,,,,,,,,,
Sp16_099,Sp16,pre,I consent.,1,4,1,5,5,3,20,White,0,0,New,Native,United States,NA,N,95 - 100,99,,4,,1180,580,600,650,10,1180,1,1,1,1,1,0,1,0,0,1,0,1,1,0,1,1,0,0,1,1,13,,,,,,,,,,,,,,,,,,,,,,,,,
Sp16_436,Sp16,pre,I consent.,1,3,2,2,2,2,19,Asian,0,1,New,Native,United States,NA,Y,85 - 89.9,88,,6,,1370,770,600,700,10,1370,0,0,0,1,1,1,0,0,0,0,0,0,0,1,0,0,0,1,0,0,5,,,,,,,,,,,,,,,,,,,,,,,,,
Sp16_411,Sp16,pre,I consent.,1,4,1,3,3,3,20,Asian,1,1,New,Native,United States,NA,Y,85 - 89.9,89,,,,1300,710,590,590,8,1300,1,1,1,0,1,1,0,0,0,0,1,1,1,1,1,0,0,1,1,1,13,,,,,,,,,,,,,,,,,,,,,,,,,
Sp16_181,Sp16,pre,I consent.,1,3,1,4,4,3,20,Asian,1,1,New,Native,United States,NA,Y,90 - 94.9,93,,5,,1200,640,560,470,9,1200,0,1,0,0,1,0,0,0,0,1,1,0,1,0,1,1,1,0,1,1,10,,,,,,,,,,,,,,,,,,,,,,,,,
Sp16_320,Sp16,pre,I consent.,1,4,1,5,5,2,19,Hispanic of any race,0,1,New,Native,United States,NA,Y,90 - 94.9,92,,4,,1240,,,,,,1,1,1,0,1,0,0,0,0,1,1,1,0,1,1,0,1,1,0,0,11,,,,,,,,,,,,,,,,,,,,,,,,,
Sp16_043,Sp16,pre,I consent.,2,3,1,5,5,0,19,Asian,1,0,New,Native,United States,NA,N,90 - 94.9,91,,5,,1320,710,610,570,8,1320,0,0,0,0,0,0,1,0,0,0,0,0,0,0,1,0,0,1,1,0,4,,,,,,,,,,,,,,,,,,,,,,,,,
Sp16_310,Sp16,pre,I consent.,2,3,1,0,4,0,20,Asian,0,1,New,Native,United States,NA,Y,90 - 94.9,91,,3,,1180,640,540,600,9,1180,0,1,1,0,1,0,0,0,0,1,0,1,0,1,1,1,0,1,0,0,9,,,,,,,,,,,,,,,,,,,,,,,,,
Sp16_123,Sp16,pre,I consent.,1,3,2,5,5,3,19,Black/African American,0,0,New,Undocumented Alien,Haiti,NA,Y,95 - 100,97,,5,,1130,530,600,590,9,1130,1,1,1,0,1,1,0,1,0,1,0,1,0,1,1,0,0,1,1,0,12,,,,,,,,,,,,,,,,,,,,,,,,,
Sp16_386,Sp16,pre,I consent.,1,3,1,2,2,3,19,Asian,0,1,New,Native,United States,NA,Y,90 - 94.9,90,,3,,1320,690,630,660,10,1320,0,1,1,0,0,0,0,0,0,1,1,0,0,1,0,1,0,1,0,0,7,,,,,,,,,,,,,,,,,,,,,,,,,
Sp16_414,Sp16,pre,I consent.,1,4,1,3,3,3,19,Asian,0,1,New,Native,United States,NA,Y,90 - 94.9,91,,6,,1280,670,610,560,8,1280,1,1,0,0,1,1,1,0,1,0,1,1,0,1,0,1,0,0,1,0,11,,,,,,,,,,,,,,,,,,,,,,,,,
Sp16_031,Sp16,pre,I consent.,2,4,1,4,4,3,19,Asian,0,0,Other,Native,United States,NA,N,90 - 94.9,93,,4,,1420,730,690,720,9,1420,0,1,1,1,1,1,1,1,1,1,1,1,1,0,1,0,0,0,0,0,13,,,,,,,,,,,,,,,,,,,,,,,,,
Sp16_089,Sp16,pre,I consent.,1,4,2,4,0,3,20,Asian,1,1,New,Native,United States,NA,Y,95 - 100,97,,5,,1390,690,640,680,8,1330,1,1,1,1,1,0,1,1,0,1,1,1,1,1,1,1,1,1,1,1,18,,,,,,,,,,,,,,,,,,,,,,,,,
Sp16_174,Sp16,pre,I consent.,3,3,1,5,4,0,19,White,1,0,New,Native,United States,NA,N,90 - 94.9,90,3.05,4,,1350,590,600,540,8,1190,1,1,1,0,1,1,1,0,1,0,1,1,0,1,0,1,0,1,1,1,14,,,,,,,,,,,,,,,,,,,,,,,,,
Sp16_257,Sp16,pre,I consent.,1,4,1,5,5,3,19,Asian,1,1,New,Native,United States,NA,Y,85 - 89.9,88,,4,,1260,690,570,610,10,1260,0,0,0,0,0,1,0,1,0,1,1,0,0,0,0,1,0,0,1,0,6,,,,,,,,,,,,,,,,,,,,,,,,,
Sp16_262,Sp16,pre,I consent.,1,4,1,5,5,3,19,Black/African American,0,0,New,Native,United States,NA,N,95 - 100,99,,6,,1310,580,730,570,7,1310,1,1,1,1,1,1,1,1,0,0,0,1,1,0,1,0,1,0,1,1,14,,,,,,,,,,,,,,,,,,,,,,,,,
Sp16_315,Sp16,pre,I consent.,1,3,2,5,3,3,19,Hispanic of any race,1,1,New,Naturalized,Colombia,NA,Y,90 - 94.9,90,,8,,1400,740,660,700,10,1400,1,1,1,0,0,0,1,1,1,0,1,1,0,1,1,1,1,0,1,0,13,,,,,,,,,,,,,,,,,,,,,,,,,
Sp16_371,Sp16,pre,I consent.,1,4,1,4,4,3,20,White,0,0,New,Native,United States,NA,N,95 - 100,99,,,,1350,,,,,,1,1,1,0,1,1,1,0,1,1,1,1,1,0,1,0,1,1,1,1,16,,,,,,,,,,,,,,,,,,,,,,,,,
Sp16_091,Sp16,pre,I consent.,2,3,1,3,2,0,19,Asian,0,0,New,Native,United States,NA,N,90 - 94.9,90,,4,,1310,700,610,700,9,1310,0,0,0,1,0,0,0,0,1,1,0,0,0,0,0,0,0,1,1,1,6,,,,,,,,,,,,,,,,,,,,,,,,,
Sp16_428,Sp16,pre,I consent.,1,3,1,5,5,3,18,Asian,0,0,New,Native,United States,NA,N,90 - 94.9,94,,5,,1550,750,800,780,9,1550,0,1,1,0,1,1,1,1,1,1,1,1,1,1,1,1,1,1,1,1,18,,,,,,,,,,,,,,,,,,,,,,,,,
Sp16_127,Sp16,pre,I consent.,1,4,1,5,5,3,20,White,1,0,New,Native,United States,NA,N,95 - 100,99,3.84,4,,1350,670,630,600,9,1300,1,1,1,0,0,1,0,1,0,1,1,0,1,1,1,1,1,1,1,1,15,,,,,,,,,,,,,,,,,,,,,,,,,
Sp16_219,Sp16,pre,I consent.,1,3,1,3,3,3,19,Asian,1,0,New,Native,United States,NA,Y,90 - 94.9,90,,5,,1430,750,650,690,10,1400,1,1,1,0,1,0,1,1,1,0,1,1,0,0,0,1,0,0,0,0,10,,,,,,,,,,,,,,,,,,,,,,,,,
Sp16_295,Sp16,pre,I consent.,1,3,1,4,4,3,19,Asian,1,0,New,Native,United States,NA,N,90 - 94.9,93,,9,,1400,800,600,600,6,1400,1,1,1,0,1,1,1,0,0,1,1,1,0,1,1,1,1,1,1,1,16,,,,,,,,,,,,,,,,,,,,,,,,,
Sp16_218,Sp16,pre,I consent.,1,3,1,4,4,3,19,Asian,1,1,New,Native,United States,NA,Y,95 - 100,98,,,,1120,600,520,500,7,1120,0,0,1,1,0,0,0,0,0,1,0,1,0,0,1,1,0,1,0,0,7,,,,,,,,,,,,,,,,,,,,,,,,,
Sp16_024,Sp16,pre,I consent.,1,4,1,5,5,3,20,White,1,0,New,Native,United States,NA,N,95 - 100,99,,8,,1390,710,640,630,8,1350,1,1,1,0,1,0,1,1,1,1,1,1,1,1,1,1,1,1,0,1,17,,,,,,,,,,,,,,,,,,,,,,,,,
Sp16_271,Sp16,pre,I consent.,1,4,1,5,5,3,19,,1,1,New,Native,United States,NA,Y,90 - 94.9,92,,4,,1230,660,570,690,10,1230,0,0,0,0,0,1,0,0,0,1,0,1,0,0,0,0,1,0,0,0,4,,,,,,,,,,,,,,,,,,,,,,,,,
Sp16_235,Sp16,pre,I consent.,1,3,2,4,3,3,20,Asian,0,1,New,Naturalized,Hong Kong,NA,Y,95 - 100,96,,5,,1230,660,570,600,8,1230,0,0,1,1,1,1,1,1,1,1,1,1,1,1,1,0,1,1,1,1,17,,,,,,,,,,,,,,,,,,,,,,,,,
Sp16_172,Sp16,pre,I consent.,1,3,2,4,4,3,20,Asian,1,1,New,Alien Permanent,Chi,NA,Y,95 - 100,95,,7,,1200,660,490,480,8,1150,1,0,0,0,0,1,0,0,1,0,1,1,0,0,0,1,0,0,0,0,6,,,,,,,,,,,,,,,,,,,,,,,,,
Sp16_171,Sp16,pre,I consent.,1,4,2,4,4,3,19,Asian,0,0,New,Native,United States,NA,Y,95 - 100,99,,,,1350,,,,,,1,1,1,0,1,0,0,1,0,1,1,0,0,0,0,1,0,1,0,0,9,,,,,,,,,,,,,,,,,,,,,,,,,
Sp16_217,Sp16,pre,I consent.,1,3,1,5,4,3,19,Asian,1,0,New,Native,United States,NA,Y,90 - 94.9,93,,9,,1520,780,740,710,9,1520,1,1,0,0,1,1,1,1,0,1,1,1,0,0,1,1,1,1,1,1,15,,,,,,,,,,,,,,,,,,,,,,,,,
Sp16_423,Sp16,pre,I consent.,2,3,2,3,3,0,19,Asian,0,0,New,Alien Temporary,Chi,NA,N,85 - 89.9,88,,,,1040,560,480,590,9,1040,1,1,1,0,0,0,1,0,0,0,1,1,0,1,1,0,0,0,0,0,8,,,,,,,,,,,,,,,,,,,,,,,,,
Sp16_087,Sp16,pre,I consent.,1,3,2,4,3,3,19,Asian,1,0,New,Native,United States,NA,Y,90 - 94.9,94,,5,,1200,640,560,490,10,1200,1,1,1,1,0,1,0,0,0,0,1,1,1,0,1,1,0,0,1,1,12,,,,,,,,,,,,,,,,,,,,,,,,,
Sp16_080,Sp16,pre,I consent.,1,3,1,5,5,3,19,Asian,1,0,New,Native,United States,NA,N,85 - 89.9,86,,7,,1310,740,570,670,9,1310,1,1,1,0,1,0,0,0,0,1,1,1,1,1,1,0,0,1,0,0,11,,,,,,,,,,,,,,,,,,,,,,,,,
Sp16_382,Sp16,pre,I consent.,1,4,1,5,5,3,19,White,0,0,New,Native,United States,NA,N,90 - 94.9,90,,7,,1420,710,710,720,11,1420,0,1,1,0,0,0,0,0,1,0,0,0,0,1,1,1,1,0,0,0,7,,,,,,,,,,,,,,,,,,,,,,,,,
Sp16_412,Sp16,pre,I consent.,1,4,1,4,5,3,19,White,1,1,New,Native,United States,NA,N,95 - 100,99,3.23,4,,1230,630,600,660,,1230,1,0,1,0,1,1,1,0,0,1,1,1,0,1,0,1,1,1,1,0,13,,,,,,,,,,,,,,,,,,,,,,,,,
Sp16_168,Sp16,pre,I consent.,1,4,1,5,5,3,18,Asian,0,0,New,Native,United States,NA,N,90 - 94.9,91,,7,,1360,680,680,660,10,1360,1,1,1,0,1,1,1,1,1,1,1,1,0,1,1,0,0,1,1,0,15,,,,,,,,,,,,,,,,,,,,,,,,,
Sp16_231,Sp16,pre,I consent.,2,3,2,5,3,0,19,Asian,0,1,New,Naturalized,Unknown,NA,Y,90 - 94.9,92,,4,,1320,680,640,670,11,1320,1,1,1,1,1,0,1,1,0,1,1,1,0,1,1,1,1,1,0,1,16,,,,,,,,,,,,,,,,,,,,,,,,,
Sp16_276,Sp16,pre,I consent.,1,4,1,5,5,3,19,Black/African American,0,0,New,Native,United States,NA,N,95 - 100,99,,6,,1240,620,540,560,8,1160,1,1,1,0,1,0,1,1,0,1,0,0,0,1,0,0,0,0,1,0,9,,,,,,,,,,,,,,,,,,,,,,,,,
Sp16_349,Sp16,pre,I consent.,2,5,3,4,3,0,24,Asian,0,0,Other,Alien Temporary,Philippines,NA,,85 - 89.9,85,3.8,2,,,,,,,,1,1,1,1,1,1,1,1,1,1,1,1,1,1,1,1,1,1,1,1,20,,,,,,,,,,,,,,,,,,,,,,,,,
Sp16_406,Sp16,pre,I consent.,1,3,1,3,3,3,19,Black/African American,0,1,New,Native,United States,NA,Y,95 - 100,99,,5,,1190,630,560,600,9,1190,1,1,1,0,0,1,0,0,0,1,1,1,1,1,0,1,0,0,1,1,12,,,,,,,,,,,,,,,,,,,,,,,,,
Sp16_366,Sp16,pre,I consent.,1,3,1,4,0,3,18,Asian,0,0,New,Native,United States,NA,N,95 - 100,99,,3,,1240,,,,,,1,1,1,0,0,0,0,0,0,1,1,0,0,1,0,1,0,0,1,1,9,,,,,,,,,,,,,,,,,,,,,,,,,
Sp16_045,Sp16,pre,I consent.,1,4,1,5,5,3,19,Asian,0,0,Transfer,Native,United States,NA,N,95 - 100,95,,4,,1260,650,610,640,9,1260,1,1,0,0,1,1,0,1,0,1,0,0,0,1,0,0,0,0,0,0,7,,,,,,,,,,,,,,,,,,,,,,,,,
Sp16_009,Sp16,pre,I consent.,1,3,2,5,5,3,19,Asian,1,1,New,Native,United States,NA,N,90 - 94.9,91,,5,,1380,740,640,720,11,1380,0,1,1,1,1,1,1,1,0,0,0,0,1,0,0,0,0,0,0,1,9,,,,,,,,,,,,,,,,,,,,,,,,,
Sp16_347,Sp16,pre,I consent.,2,4,1,5,5,1,19,White,0,0,New,Native,United States,NA,N,95 - 100,99,,,,1400,700,700,750,10,1400,1,1,1,1,1,1,1,1,1,1,1,1,1,1,1,1,1,1,1,1,20,,,,,,,,,,,,,,,,,,,,,,,,,
Sp16_046,Sp16,pre,I consent.,1,4,2,4,4,2,20,Asian,1,0,New,Alien Permanent,India,NA,Y,95 - 100,99,,,,1270,690,580,620,9,1270,1,1,1,1,1,0,1,1,1,1,0,0,1,0,1,1,1,1,1,0,15,,,,,,,,,,,,,,,,,,,,,,,,,
Sp16_093,Sp16,pre,I consent.,1,3,1,5,5,3,19,White,1,0,New,Native,United States,NA,Y,90 - 94.9,93,,5,,1200,620,580,520,8,1200,1,1,1,0,1,1,1,0,1,1,1,1,1,1,0,1,0,1,1,0,15,,,,,,,,,,,,,,,,,,,,,,,,,
Sp16_117,Sp16,pre,I consent.,1,3,2,2,3,3,19,Asian,0,0,New,Alien Temporary,Chi,NA,N,90 - 94.9,91,,,,1180,740,440,570,8,1180,1,1,1,0,1,0,1,1,0,0,1,0,0,1,0,1,1,0,0,0,10,,,,,,,,,,,,,,,,,,,,,,,,,
Sp16_398,Sp16,pre,I consent.,1,4,2,5,5,3,18,Asian,0,1,New,Naturalized,Unknown,NA,Y,95 - 100,99,,7,,1320,700,620,660,8,1320,0,1,1,0,1,1,1,0,0,1,1,0,0,1,1,1,1,1,1,1,14,,,,,,,,,,,,,,,,,,,,,,,,,
Sp16_355,Sp16,pre,I consent.,3,3,1,3,4,2,19,White,0,1,Transfer,Native,United States,"$45,000-64,999",Y,90 - 94.9,94,3.22,,,1100,560,540,570,6,1100,1,1,1,0,0,0,0,0,0,0,0,0,0,1,1,1,0,0,0,0,6,,,,,,,,,,,,,,,,,,,,,,,,,
Sp16_285,Sp16,pre,I consent.,1,5,1,5,5,3,24,White,0,1,Transfer,Native,United States,"$45,000-64,999",,80 - 84.9,83,3.1,2.5,,930,450,480,510,7,930,1,1,1,0,1,0,0,1,0,0,1,1,0,1,1,0,0,1,0,0,10,,,,,,,,,,,,,,,,,,,,,,,,,
Sp16_333,Sp16,pre,I consent.,1,3,2,5,5,1,19,Asian,1,1,New,Native,United States,NA,Y,90 - 94.9,94,,4,,1320,,,,,,1,1,1,0,1,0,1,0,0,1,1,0,0,1,0,1,1,1,1,0,12,,,,,,,,,,,,,,,,,,,,,,,,,
Sp16_221,Sp16,pre,I consent.,1,4,1,5,5,3,19,White,0,0,New,Native,United States,NA,N,95 - 100,97,,4,,1170,550,620,610,9,1170,0,0,1,0,1,0,1,1,1,1,0,1,1,1,1,1,1,0,0,0,12,,,,,,,,,,,,,,,,,,,,,,,,,
Sp16_367,Sp16,pre,I consent.,1,4,1,3,4,3,18,Asian,1,1,New,Native,United States,NA,Y,95 - 100,96,,9,,1360,770,590,660,10,1360,1,0,0,1,0,1,1,0,0,0,0,0,1,0,0,0,1,1,1,0,8,,,,,,,,,,,,,,,,,,,,,,,,,
Sp16_286,Sp16,pre,I consent.,1,4,1,5,5,3,20,Asian,1,0,New,Native,United States,NA,N,90 - 94.9,93,,,,1420,740,680,800,10,1420,0,1,1,1,1,1,1,0,1,0,0,1,1,1,1,1,1,0,1,1,15,,,,,,,,,,,,,,,,,,,,,,,,,
Sp16_006,Sp16,pre,I consent.,1,4,1,4,4,3,19,Black/African American,0,0,New,Native,United States,NA,N,90 - 94.9,93,3.7,,,1150,650,500,510,8,1150,0,1,0,0,0,0,0,0,0,1,0,0,1,0,1,0,0,0,0,0,4,,,,,,,,,,,,,,,,,,,,,,,,,
Sp16_404,Sp16,pre,I consent.,2,4,1,5,5,0,19,Hispanic of any race,0,0,New,Native,United States,NA,N,95 - 100,95,,,,1210,620,590,560,9,1210,1,1,1,0,0,1,0,0,0,0,1,1,0,1,0,0,0,0,0,0,7,,,,,,,,,,,,,,,,,,,,,,,,,
Sp16_402,Sp16,pre,I consent.,1,3,1,5,3,3,20,Hispanic of any race,1,1,New,Native,United States,NA,Y,95 - 100,99,,3,,1330,640,690,580,8,1330,1,0,1,0,0,0,0,0,0,1,0,1,1,0,1,1,0,0,0,0,7,,,,,,,,,,,,,,,,,,,,,,,,,
Sp16_163,Sp16,pre,I consent.,1,3,1,2,2,3,20,Asian,0,0,New,Alien Permanent,India,NA,N,85 - 89.9,87,,,,1250,720,530,600,10,1250,0,0,1,0,1,0,1,0,1,0,0,0,0,0,1,1,1,1,1,1,10,,,,,,,,,,,,,,,,,,,,,,,,,
Sp16_358,Sp16,pre,I consent.,1,4,2,4,4,3,19,Asian,0,1,New,Native,United States,NA,Y,95 - 100,95,,,,1350,,,,,,1,1,1,0,1,1,1,0,0,1,1,1,1,0,1,1,1,1,1,1,16,,,,,,,,,,,,,,,,,,,,,,,,,
Sp16_425,Sp16,pre,I consent.,1,4,1,4,4,3,19,Asian,0,0,New,Native,United States,NA,N,95 - 100,95,,7,,1390,800,590,680,8,1390,0,1,1,0,1,1,0,1,0,1,0,1,0,1,1,1,0,0,1,1,12,,,,,,,,,,,,,,,,,,,,,,,,,
Sp16_072,Sp16,pre,I consent.,2,4,1,5,5,2,19,Asian,1,0,New,Native,United States,NA,N,95 - 100,98,4,5,,1530,710,690,760,9,1400,1,1,1,0,1,0,1,1,1,1,1,1,1,1,1,0,0,1,0,1,15,,,,,,,,,,,,,,,,,,,,,,,,,
Sp16_287,Sp16,pre,I consent.,1,4,1,4,5,3,19,Asian,1,0,New,Native,United States,NA,N,95 - 100,99,,8,,1370,710,660,630,10,1370,1,1,1,1,0,0,1,0,0,0,0,0,0,1,0,0,0,0,0,0,6,,,,,,,,,,,,,,,,,,,,,,,,,
Sp16_259,Sp16,pre,I consent.,1,3,1,5,5,3,19,Asian,0,0,New,Native,United States,NA,N,90 - 94.9,90,,3,,1210,640,570,650,9,1210,1,0,0,0,0,1,0,0,0,0,0,0,0,0,0,0,0,0,0,0,2,,,,,,,,,,,,,,,,,,,,,,,,,
Sp16_278,Sp16,pre,I consent.,2,4,1,5,5,3,19,Asian,0,0,New,Native,United States,NA,N,85 - 89.9,88,3.42,5,,1280,,,,,,0,1,1,0,1,0,1,0,1,1,1,1,0,1,0,0,1,1,1,1,13,,,,,,,,,,,,,,,,,,,,,,,,,
Sp16_353,Sp16,pre,I consent.,1,5,1,4,4,3,20,White,1,1,New,Native,United States,NA,Y,95 - 100,95,3.9,,,1530,710,720,650,9,1430,1,1,1,0,0,1,1,0,0,1,0,1,0,0,0,0,0,1,1,0,9,,,,,,,,,,,,,,,,,,,,,,,,,
Sp16_240,Sp16,pre,I consent.,1,3,1,5,5,3,19,Asian,1,1,Transfer,Native,United States,NA,Y,85 - 89.9,89,,8,,1350,710,640,720,8,1350,1,1,1,0,0,0,0,1,0,0,0,0,1,0,1,1,0,1,0,1,9,,,,,,,,,,,,,,,,,,,,,,,,,
Sp16_122,Sp16,pre,I consent.,1,4,1,5,5,3,19,White,1,1,New,Native,United States,NA,Y,90 - 94.9,91,,7,,1400,770,630,660,10,1400,0,0,1,0,1,0,0,1,1,1,1,1,0,1,0,0,0,0,1,1,10,,,,,,,,,,,,,,,,,,,,,,,,,
Sp16_397,Sp16,pre,I consent.,1,4,1,5,5,3,19,Asian,1,0,New,Native,United States,NA,Y,90 - 94.9,91,,7,,1350,680,670,600,10,1350,1,1,1,1,1,0,1,1,0,0,1,1,1,0,1,0,0,1,1,1,14,,,,,,,,,,,,,,,,,,,,,,,,,
Sp16_440,Sp16,pre,I consent.,2,4,1,5,5,3,19,Asian,1,1,New,Native,United States,NA,Y,95 - 100,97,,,,1390,760,630,650,9,1390,1,1,1,0,0,1,0,0,0,0,0,0,0,1,0,1,0,0,1,0,7,,,,,,,,,,,,,,,,,,,,,,,,,
Sp16_156,Sp16,pre,I consent.,2,4,1,4,4,2,19,White,0,1,New,Native,United States,NA,Y,95 - 100,99,,2.5,,1170,560,610,720,11,1170,0,0,1,1,0,1,0,1,0,0,1,0,0,0,1,0,0,0,0,1,7,,,,,,,,,,,,,,,,,,,,,,,,,
Sp16_190,Sp16,pre,I consent.,1,4,1,5,4,0,19,Asian,0,0,Transfer,Native,United States,"$145,000-164,999",N,Unknown,,3.28,,,1470,710,760,650,7,1470,1,1,1,0,1,1,1,1,0,1,1,1,0,1,1,1,1,1,1,1,17,,,,,,,,,,,,,,,,,,,,,,,,,
Sp16_305,Sp16,pre,I consent.,2,4,2,4,4,3,19,Asian,1,1,New,Native,United States,NA,Y,90 - 94.9,90,,5,,1220,680,540,530,8,1220,1,1,1,0,1,0,1,0,1,0,0,0,0,1,1,1,0,0,0,1,10,,,,,,,,,,,,,,,,,,,,,,,,,
Sp16_430,Sp16,pre,I consent.,3,4,1,5,5,3,19,Asian,0,0,New,Native,United States,NA,Y,95 - 100,96,,3,,1250,640,610,550,8,1250,1,1,1,0,1,1,1,1,0,0,1,0,0,1,1,1,1,1,1,1,15,,,,,,,,,,,,,,,,,,,,,,,,,
Sp16_335,Sp16,pre,I consent.,1,4,2,4,4,3,19,Asian,1,0,New,Native,United States,NA,Y,95 - 100,98,,4,,1530,770,760,770,9,1530,1,1,1,1,1,0,1,1,0,1,1,1,1,1,1,0,1,1,1,1,17,,,,,,,,,,,,,,,,,,,,,,,,,
Sp16_199,Sp16,pre,I consent.,1,3,2,5,5,3,19,Asian,0,0,New,Alien Permanent,India,NA,N,95 - 100,98,,5,,1140,640,500,580,8,1140,1,1,0,0,1,0,0,0,0,0,1,0,0,0,0,0,0,0,0,0,4,,,,,,,,,,,,,,,,,,,,,,,,,
Sp16_234,Sp16,pre,I consent.,2,3,2,2,2,0,21,Asian,0,0,New,Alien Temporary,Chi,"$30,000-44,999",,90 - 94.9,94,,,,1060,630,430,360,6,1060,1,1,0,0,0,0,0,0,0,0,1,0,0,0,0,0,1,0,0,1,5,,,,,,,,,,,,,,,,,,,,,,,,,
Sp16_314,Sp16,pre,I consent.,1,4,1,2,2,3,19,Hispanic of any race,1,1,New,Native,United States,NA,Y,95 - 100,96,,7,,1140,640,500,470,6,1140,0,0,0,0,0,0,0,0,0,0,0,0,0,1,0,1,0,0,0,0,2,,,,,,,,,,,,,,,,,,,,,,,,,
Sp16_438,Sp16,pre,I consent.,3,3,1,3,3,0,19,Asian,0,1,New,Native,United States,NA,Y,90 - 94.9,90,,4,,1450,720,730,680,6,1450,1,1,0,0,1,1,1,1,1,0,1,1,1,1,1,0,1,1,1,0,15,,,,,,,,,,,,,,,,,,,,,,,,,
Sp16_225,Sp16,pre,I consent.,1,3,2,5,0,3,19,Black/African American,0,1,New,Native,United States,NA,Y,90 - 94.9,90,,5,,1340,740,600,520,7,1340,0,1,0,1,1,0,0,0,0,0,1,0,0,0,0,0,0,1,0,0,5,,,,,,,,,,,,,,,,,,,,,,,,,
Sp16_417,Sp16,pre,I consent.,1,4,2,5,4,3,19,Asian,1,0,New,Native,United States,NA,N,95 - 100,96,,,,1290,650,640,610,10,1290,1,1,0,0,1,0,1,0,1,0,1,0,0,1,1,1,0,1,0,0,10,,,,,,,,,,,,,,,,,,,,,,,,,
Sp16_416,Sp16,pre,I consent.,1,4,1,4,4,3,20,Asian,1,0,Transfer,Native,United States,"$45,000-64,999",,85 - 89.9,88,3.53,3,,1230,640,590,600,8,1230,1,1,1,0,1,0,0,0,1,1,1,1,0,1,1,1,0,0,0,0,11,,,,,,,,,,,,,,,,,,,,,,,,,
Sp16_306,Sp16,pre,I consent.,1,3,1,3,2,3,20,,1,0,New,Native,United States,NA,N,90 - 94.9,92,,4,,1210,610,600,550,9,1210,1,1,1,1,1,0,1,1,1,1,1,1,1,1,1,0,0,1,1,0,16,,,,,,,,,,,,,,,,,,,,,,,,,
Sp16_022,Sp16,pre,I consent.,2,4,1,5,5,0,21,White,1,0,Transfer,Native,United States,NA,,85 - 89.9,87,3.73,,,,,,,,,0,1,1,1,1,1,1,1,1,1,1,1,0,1,1,1,1,1,1,1,18,,,,,,,,,,,,,,,,,,,,,,,,,
Sp16_098,Sp16,pre,I consent.,1,5,1,5,5,2,22,White,0,1,Transfer,Native,United States,"$0-14,999",,Unknown,,3.26,1,,,,,,,,1,1,0,0,0,0,1,1,0,0,0,1,0,0,0,1,0,1,0,0,7,,,,,,,,,,,,,,,,,,,,,,,,,
Sp16_379,Sp16,pre,I consent.,2,5,1,3,3,0,24,White,1,1,Transfer,Native,United States,"$65,000-84,999",,80 - 84.9,80,3.6,,,,,,,,,1,1,1,0,1,0,0,0,1,1,1,1,0,1,1,1,0,1,0,0,12,,,,,,,,,,,,,,,,,,,,,,,,,
Sp16_166,Sp16,pre,I consent.,1,5,1,4,4,2,21,White,0,0,Transfer,Native,United States,"$45,000-64,999",,85 - 89.9,87,2.9,,,,,,,,,1,1,0,0,1,0,1,0,1,1,1,1,0,1,0,0,0,0,0,0,9,,,,,,,,,,,,,,,,,,,,,,,,,
Sp16_070,Sp16,pre,I consent.,1,5,1,5,5,2,22,Hispanic of any race,1,1,Transfer,Native,United States,"$15,000-29,999",,75 - 79.9,79,3.3,3,,,,,,,,1,1,1,0,1,0,1,0,1,0,1,1,0,1,1,1,0,0,0,0,11,,,,,,,,,,,,,,,,,,,,,,,,,
Sp16_150,Sp16,pre,I consent.,2,4,1,4,4,0,19,Black/African American,0,1,New,Native,United States,NA,,80 - 84.9,84.24,,2.5,,900,450,450,420,8,900,0,1,1,0,0,0,1,0,0,0,1,0,0,0,0,0,0,0,1,0,5,,,,,,,,,,,,,,,,,,,,,,,,,
Sp16_139,Sp16,pre,I consent.,2,3,1,5,5,0,18,White,0,0,New,Native,United States,NA,N,95 - 100,99,,8,,1530,700,620,720,10,1320,1,1,1,0,1,1,1,0,1,1,1,1,1,1,1,0,1,1,1,1,17,,,,,,,,,,,,,,,,,,,,,,,,,
Sp16_405,Sp16,pre,I consent.,1,5,1,5,5,3,22,White,0,0,Transfer,Native,United States,NA,,85 - 89.9,88,4,4,,,,,,,,1,1,1,1,1,1,1,1,1,1,1,1,1,1,1,1,1,1,1,1,20,,,,,,,,,,,,,,,,,,,,,,,,,
Sp16_342,Sp16,pre,I consent.,2,5,1,5,4,0,24,Hispanic of any race,1,0,Transfer,Native,United States,"$30,000-44,999",,Unknown,,3,1,,,,,,,,1,1,1,1,1,0,1,0,0,1,0,0,0,0,0,1,1,0,1,0,10,,,,,,,,,,,,,,,,,,,,,,,,,
Sp16_298,Sp16,pre,I consent.,1,3,1,5,5,2,18,White,0,0,New,Native,United States,NA,N,95 - 100,98,,8,,1530,740,740,720,10,1480,1,1,1,0,1,1,1,1,0,1,1,1,1,1,1,1,1,1,1,1,18,,,,,,,,,,,,,,,,,,,,,,,,,
Sp16_356,Sp16,pre,I consent.,3,6,1,5,5,3,44,White,0,0,New,Native,United States,NA,,NA,,,,,,,,,,,1,1,1,0,1,1,0,1,1,1,1,1,0,1,1,1,1,1,1,0,16,,,,,,,,,,,,,,,,,,,,,,,,,
Sp16_307,Sp16,pre,I consent.,2,5,2,5,5,1,22,Hispanic of any race,0,0,Transfer,Undocumented Alien,Mexico,NA,,90 - 94.9,92,3.36,,,,,,,,,1,1,1,0,1,0,0,0,0,0,0,1,0,1,0,1,0,0,0,0,7,,,,,,,,,,,,,,,,,,,,,,,,,
Sp16_038,Sp16,pre,I consent.,1,3,2,5,5,1,17,Asian,0,1,New,Naturalized,Pakistan,NA,N,95 - 100,95,,,,1320,630,580,700,10,1210,1,1,0,0,1,1,0,1,1,1,1,1,0,1,0,1,0,0,1,0,12,,,,,,,,,,,,,,,,,,,,,,,,,
Sp16_147,Sp16,pre,I consent.,1,3,1,5,4,2,18,White,0,0,New,Native,United States,NA,Y,95 - 100,99,,,,1350,710,590,650,9,1300,0,1,1,1,1,1,1,1,0,1,0,1,1,1,1,1,0,1,1,0,15,,,,,,,,,,,,,,,,,,,,,,,,,
Sp16_211,Sp16,pre,I consent.,1,3,1,5,4,1,18,White,1,0,New,Native,United States,NA,N,90 - 94.9,94,,3,,1320,570,590,590,8,1160,1,1,1,0,1,1,1,1,0,1,1,1,1,1,1,0,1,1,1,1,17,,,,,,,,,,,,,,,,,,,,,,,,,
Sp16_047,Sp16,pre,I consent.,1,3,2,5,4,1,21,Asian,0,0,Transfer,Alien Temporary,Bangladesh,NA,,NA,,2.6,2,2,,,,,,,0,0,0,0,0,0,1,1,1,0,0,0,0,0,1,0,1,1,0,1,7,,,,,,,,,,,,,,,,,,,,,,,,,
Sp16_152,Sp16,pre,I consent.,1,3,1,5,4,0,19,,0,0,Transfer,Native,United States,NA,,90 - 94.9,93,,3,,1070,490,580,520,8,1070,0,1,1,0,1,0,0,0,0,0,1,0,0,0,1,1,0,0,0,0,6,,,,,,,,,,,,,,,,,,,,,,,,,
Sp16_395,Sp16,pre,I consent.,1,2,1,5,0,0,18,tive Hawaiian/Other Pacific Island,0,0,New,Native,United States,"105,000-124,999",,95 - 100,97,,3,,1070,540,530,560,9,1070,0,0,1,0,0,0,1,1,0,0,1,1,0,0,0,1,0,0,0,0,6,,,,,,,,,,,,,,,,,,,,,,,,,
Sp16_431,Sp16,pre,I consent.,1,3,1,5,5,0,20,White,0,0,Transfer,Native,United States,"$145,000-164,999",,Unknown,,3.58,,,1100,580,520,510,8,1100,0,1,1,0,0,0,0,1,1,0,0,0,0,1,0,0,0,1,0,0,6,,,,,,,,,,,,,,,,,,,,,,,,,
Sp16_023,Sp16,pre,I consent.,2,3,1,5,2,0,18,Black/African American,0,1,New,Native,United States,"$30,000-44,999",,95 - 100,96,,4,,1150,530,620,430,7,1150,1,1,1,1,0,0,0,0,0,0,1,1,0,0,0,0,0,1,1,0,8,,,,,,,,,,,,,,,,,,,,,,,,,
Sp16_380,Sp16,pre,I consent.,1,3,1,5,4,1,18,White,0,0,New,Native,United States,"$145,000-164,999",,95 - 100,97,,4,,1310,730,580,520,8,1310,1,1,1,0,1,0,0,0,0,1,1,1,0,0,1,1,1,1,0,0,11,,,,,,,,,,,,,,,,,,,,,,,,,
Sp16_244,Sp16,pre,I consent.,1,4,2,2,1,2,21,Asian,0,0,Transfer,Alien Permanent,Chi,NA,N,NA,,,7,2,,,,,,,1,1,1,1,1,1,1,1,1,0,1,1,0,1,1,1,0,0,1,1,16,,,,,,,,,,,,,,,,,,,,,,,,,
Sp16_187,Sp16,pre,I consent.,2,4,2,4,3,0,21,Asian,0,1,Transfer,Alien Permanent,Bangladesh,NA,,85 - 89.9,88,3.2,,,,,,,,,1,1,0,0,0,0,0,0,0,0,1,0,0,0,0,1,0,0,0,0,4,,,,,,,,,,,,,,,,,,,,,,,,,
Sp16_415,Sp16,pre,I consent.,2,3,1,5,5,0,18,White,0,0,New,Native,United States,"$185,000+",,85 - 89.9,87,,4,,1430,,,,,,1,1,1,0,0,0,0,1,0,0,0,1,0,0,0,0,0,0,0,0,5,,,,,,,,,,,,,,,,,,,,,,,,,
Sp16_251,Sp16,pre,I consent.,1,4,1,5,5,3,19,Black/African American,0,1,Transfer,Native,United States,"$0-14,999",,Unknown,,4,,,1160,600,560,540,8,1160,0,0,1,0,1,0,0,0,0,1,1,0,0,0,0,1,0,0,0,0,5,,,,,,,,,,,,,,,,,,,,,,,,,
Sp16_173,Sp16,pre,I consent.,2,3,1,3,3,0,18,Asian,0,1,New,Naturalized,Unknown,"$15,000-29,999",,90 - 94.9,91,,8,,1400,770,630,620,8,1400,1,0,1,0,1,0,0,0,0,0,1,1,0,0,1,1,0,0,0,0,7,,,,,,,,,,,,,,,,,,,,,,,,,
Sp16_002,Sp16,pre,I consent.,1,3,2,5,5,0,18,Asian,0,1,New,Naturalized,Pakistan,NA,N,90 - 94.9,94,,4,,1120,,,,,,1,1,1,1,0,0,1,1,0,0,0,1,0,0,0,1,0,0,0,1,9,,,,,,,,,,,,,,,,,,,,,,,,,
Sp16_097,Sp16,pre,I consent.,2,3,1,5,5,0,18,White,1,0,New,Native,United States,NA,Y,95 - 100,99,,3,,1200,610,590,640,8,1200,1,1,0,0,1,1,1,1,1,1,1,1,1,1,1,1,1,1,1,1,18,,,,,,,,,,,,,,,,,,,,,,,,,
Sp16_164,Sp16,pre,I consent.,2,3,1,5,4,0,18,White,0,0,New,Native,United States,"$45,000-64,999",,95 - 100,99,,3,,1240,570,610,660,10,1180,0,1,1,0,1,1,1,1,0,1,1,1,0,1,1,1,0,0,1,1,14,,,,,,,,,,,,,,,,,,,,,,,,,
Sp16_110,Sp16,pre,I consent.,1,4,1,5,5,1,18,White,0,0,New,Native,United States,NA,N,95 - 100,95,,4,,1280,610,670,610,9,1280,1,1,1,0,1,0,1,0,1,1,1,1,0,1,1,1,0,1,1,1,15,,,,,,,,,,,,,,,,,,,,,,,,,
Sp16_146,Sp16,pre,I consent.,1,3,1,3,3,1,18,White,1,0,New,Native,United States,NA,N,90 - 94.9,91,,4,,1280,660,620,630,8,1280,1,1,0,0,1,1,1,0,1,0,1,1,0,1,1,0,0,0,1,1,12,,,,,,,,,,,,,,,,,,,,,,,,,
Sp16_246,Sp16,pre,I consent.,2,3,1,4,4,2,18,White,1,0,New,Native,United States,NA,N,95 - 100,99,,4,,1310,710,600,590,10,1310,1,1,1,0,1,1,1,1,1,1,1,1,1,1,1,1,0,0,0,0,15,,,,,,,,,,,,,,,,,,,,,,,,,
Sp16_141,Sp16,pre,I consent.,1,3,1,5,5,1,18,White,1,0,New,Native,United States,NA,Y,90 - 94.9,94,3.89,7,,1270,630,640,580,8,1270,1,1,1,0,1,1,0,1,0,1,1,1,1,1,1,1,1,1,1,1,17,,,,,,,,,,,,,,,,,,,,,,,,,
Sp16_101,Sp16,pre,I consent.,1,3,1,4,4,0,18,White,1,0,New,Native,United States,NA,N,90 - 94.9,90,,,,1210,690,520,560,8,1210,1,1,0,0,0,0,0,0,0,0,0,0,0,0,0,0,1,1,0,0,4,,,,,,,,,,,,,,,,,,,,,,,,,
Sp16_052,Sp16,pre,I consent.,1,3,1,4,4,0,18,White,0,0,New,Native,United States,NA,N,95 - 100,96,4,7,,1240,630,610,600,9,1240,1,0,0,0,0,0,1,1,0,1,1,1,0,1,0,0,0,1,0,1,9,,,,,,,,,,,,,,,,,,,,,,,,,
Sp16_135,Sp16,pre,I consent.,2,2,1,5,4,0,18,White,0,1,New,Native,United States,NA,Y,95 - 100,96,,4,,1330,690,640,560,,1330,1,1,1,0,1,0,0,0,0,0,1,1,0,1,1,1,0,0,1,1,11,,,,,,,,,,,,,,,,,,,,,,,,,
Sp16_284,Sp16,pre,I consent.,2,2,1,5,5,0,18,White,1,0,Other,Native,United States,NA,N,85 - 89.9,86,3.67,2,,1250,640,610,580,6,1250,1,1,1,1,0,1,1,1,1,0,1,1,0,1,1,1,1,1,1,1,17,,,,,,,,,,,,,,,,,,,,,,,,,
Sp16_227,Sp16,pre,I consent.,3,3,1,4,4,1,18,Asian,0,0,New,Native,United States,NA,Y,95 - 100,99,,3,,1160,600,560,530,9,1160,1,1,0,0,1,1,0,1,1,1,1,1,1,1,1,0,0,1,1,1,15,,,,,,,,,,,,,,,,,,,,,,,,,
Sp16_175,Sp16,pre,I consent.,2,4,1,4,4,3,20,White,0,0,Transfer,Native,United States,NA,,80 - 84.9,84,3.2,,,,,,,,,1,1,1,0,1,0,1,0,1,0,1,1,0,0,1,1,0,0,1,0,11,,,,,,,,,,,,,,,,,,,,,,,,,
Sp16_198,Sp16,pre,I consent.,2,2,1,5,5,0,18,Asian,0,0,New,Native,United States,NA,N,95 - 100,96,,5,,1210,640,570,710,9,1210,1,1,1,0,1,1,1,1,1,1,0,0,0,1,0,1,0,0,0,1,12,,,,,,,,,,,,,,,,,,,,,,,,,
Sp16_266,Sp16,pre,I consent.,1,3,1,5,5,0,19,White,1,0,New,Native,United States,NA,Y,90 - 94.9,90,,4,,1200,620,560,570,10,1180,1,1,1,0,1,1,1,1,0,1,1,0,0,0,1,1,1,1,1,0,14,,,,,,,,,,,,,,,,,,,,,,,,,
Sp16_029,Sp16,pre,I consent.,1,4,1,4,3,2,18,White,0,0,Transfer,Native,United States,NA,Y,90 - 94.9,91,3.34,,,1320,,,,,,1,1,1,0,1,0,1,0,1,0,1,1,0,1,1,0,0,0,0,0,10,,,,,,,,,,,,,,,,,,,,,,,,,
Sp16_297,Sp16,pre,I consent.,2,3,1,4,0,1,18,Asian,0,1,New,Native,United States,NA,Y,90 - 94.9,91,,4,,1360,660,700,720,11,1360,1,1,1,0,1,0,0,0,0,1,0,0,1,0,0,0,0,0,1,0,7,,,,,,,,,,,,,,,,,,,,,,,,,
Sp16_112,Sp16,pre,I consent.,1,3,3,4,4,0,18,Hispanic of any race,0,0,Transfer,Native,United States,NA,N,95 - 100,99,,,,1300,680,620,690,10,1300,1,1,1,1,1,1,1,1,1,1,1,1,1,1,1,1,1,1,1,1,20,,,,,,,,,,,,,,,,,,,,,,,,,
Sp16_222,Sp16,pre,I consent.,2,3,1,5,5,1,18,Asian,0,0,New,Native,United States,NA,N,90 - 94.9,94,,6,,1480,730,710,690,9,1440,0,1,1,0,1,0,1,0,1,1,0,1,0,1,0,1,0,1,0,1,11,,,,,,,,,,,,,,,,,,,,,,,,,
Sp16_331,Sp16,pre,I consent.,1,2,1,4,4,0,18,Hispanic of any race,0,1,New,Native,United States,NA,Y,95 - 100,98,,2,,1120,530,530,600,10,1060,1,1,0,0,0,0,0,0,1,1,0,0,1,0,1,0,0,1,0,0,7,,,,,,,,,,,,,,,,,,,,,,,,,
Sp16_263,Sp16,pre,I consent.,1,4,1,5,5,3,18,Black/African American,0,1,New,Native,United States,NA,Y,90 - 94.9,92,3.72,,,1160,590,570,720,9,1160,1,1,0,0,1,0,1,1,1,0,1,1,0,0,0,0,0,0,1,0,9,,,,,,,,,,,,,,,,,,,,,,,,,
Sp16_109,Sp16,pre,I consent.,1,3,1,5,5,1,18,White,0,0,New,Native,United States,NA,N,95 - 100,99,,3,,1280,560,620,630,10,1180,1,1,1,1,1,0,1,1,1,1,1,1,1,1,1,1,1,1,1,1,19,,,,,,,,,,,,,,,,,,,,,,,,,
Sp16_140,Sp16,pre,I consent.,2,3,1,4,4,1,19,Asian,0,0,New,Native,United States,NA,N,95 - 100,99,,,,1380,730,650,660,9,1380,0,1,1,1,1,0,1,1,1,1,0,1,1,1,1,1,1,1,1,1,17,,,,,,,,,,,,,,,,,,,,,,,,,
Sp16_134,Sp16,pre,I consent.,2,3,1,4,2,1,18,Hispanic of any race,0,0,Other,Native,United States,NA,,90 - 94.9,91,,2,,1250,570,590,550,8,1160,0,1,1,1,1,1,1,1,0,1,1,1,0,0,1,0,1,1,1,0,14,,,,,,,,,,,,,,,,,,,,,,,,,
Sp16_328,Sp16,pre,I consent.,2,3,2,4,4,2,18,Asian,0,1,New,Native,United States,"$15,000-29,999",,90 - 94.9,93,,3,,1210,580,630,630,9,1210,1,1,1,0,1,0,1,0,0,1,1,1,0,1,1,0,1,1,1,1,14,,,,,,,,,,,,,,,,,,,,,,,,,
Sp16_336,Sp16,pre,I consent.,1,2,1,5,4,1,19,Asian,1,0,New,Naturalized,Unknown,NA,N,85 - 89.9,88,,4,,1310,690,620,660,10,1310,1,1,0,0,0,0,1,0,0,1,1,0,1,0,0,0,0,0,0,0,6,,,,,,,,,,,,,,,,,,,,,,,,,
Sp16_282,Sp16,pre,I consent.,2,3,1,4,5,0,18,White,1,0,New,Native,United States,NA,N,95 - 100,96,4,,,1210,590,620,560,8,1210,0,1,1,0,1,0,0,1,1,1,1,1,0,0,1,1,1,1,1,1,14,,,,,,,,,,,,,,,,,,,,,,,,,
Sp16_268,Sp16,pre,I consent.,1,3,1,4,3,3,18,Asian,1,1,New,Alien Permanent,India,NA,N,85 - 89.9,86,,6,,1150,650,500,590,8,1150,1,1,1,0,0,0,0,1,1,1,1,1,0,0,1,1,0,0,1,1,12,,,,,,,,,,,,,,,,,,,,,,,,,
Sp16_025,Sp16,pre,I consent.,1,3,1,5,5,0,18,Black/African American,0,1,New,Native,United States,NA,Y,90 - 94.9,94,3.3,3,,1100,510,590,540,9,1100,1,1,1,0,1,0,1,1,0,1,0,1,0,1,1,1,1,0,1,1,14,,,,,,,,,,,,,,,,,,,,,,,,,
Sp16_267,Sp16,pre,I consent.,3,3,1,5,5,0,18,White,0,0,New,Native,United States,NA,N,90 - 94.9,94,3.5,3,,1320,690,630,660,8,1320,0,1,1,1,0,0,0,1,0,1,0,0,0,1,0,0,0,1,0,0,7,,,,,,,,,,,,,,,,,,,,,,,,,
Sp16_162,Sp16,pre,I consent.,2,2,1,5,4,2,18,White,0,1,New,Native,United States,NA,N,90 - 94.9,92,,,,1390,640,660,670,9,1300,1,1,1,1,1,0,1,0,1,1,1,1,1,1,1,1,1,1,1,1,18,,,,,,,,,,,,,,,,,,,,,,,,,
Sp16_325,Sp16,pre,I consent.,1,3,1,4,3,1,18,White,1,1,New,Native,United States,NA,Y,90 - 94.9,93,,,,1240,660,580,520,9,1240,1,1,1,1,1,1,1,0,0,1,1,1,1,1,1,1,1,1,1,1,18,,,,,,,,,,,,,,,,,,,,,,,,,
Sp16_143,Sp16,pre,I consent.,1,2,1,3,3,0,19,White,1,0,New,Native,United States,NA,N,95 - 100,96,,9,,1350,740,610,650,9,1350,1,1,1,0,1,1,1,1,0,1,1,1,0,0,1,1,1,1,1,1,16,,,,,,,,,,,,,,,,,,,,,,,,,
Sp16_132,Sp16,pre,I consent.,2,3,1,5,4,1,18,Asian,0,0,New,Native,United States,NA,N,95 - 100,97,,8,,1350,700,650,610,8,1350,1,1,1,1,1,0,1,1,1,1,1,1,1,0,1,1,1,0,1,1,17,,,,,,,,,,,,,,,,,,,,,,,,,
Sp16_232,Sp16,pre,I consent.,2,3,1,5,4,0,18,Asian,0,1,New,Native,United States,"$30,000-44,999",,90 - 94.9,91,,,,1460,730,730,800,12,1460,1,1,1,0,1,1,0,0,0,1,0,1,1,1,1,0,0,1,1,1,13,,,,,,,,,,,,,,,,,,,,,,,,,
Sp16_280,Sp16,pre,I consent.,1,3,1,3,5,0,19,Hispanic of any race,1,1,Transfer,Native,United States,"$45,000-64,999",,75 - 79.9,79,3.2,2,,860,440,420,420,8,860,0,1,1,0,1,0,0,1,0,1,0,0,1,1,1,1,0,0,0,1,10,,,,,,,,,,,,,,,,,,,,,,,,,
Sp16_434,Sp16,pre,I consent.,1,3,2,3,2,1,19,Asian,0,0,New,Naturalized,Chi,NA,N,95 - 100,96,,,,1210,660,550,540,9,1210,1,1,1,0,1,0,1,0,0,0,1,1,1,0,1,1,1,0,1,1,13,,,,,,,,,,,,,,,,,,,,,,,,,
Sp16_256,Sp16,pre,I consent.,1,2,1,5,4,0,18,Asian,0,0,Other,Native,United States,NA,N,90 - 94.9,90,,2,,1140,560,580,590,10,1140,0,1,1,0,0,0,0,0,0,0,1,0,0,0,0,0,0,0,0,0,3,,,,,,,,,,,,,,,,,,,,,,,,,
Sp16_348,Sp16,pre,I consent.,2,3,1,5,5,0,18,Asian,0,0,New,Native,United States,NA,N,90 - 94.9,92,,3,,1210,640,570,630,8,1210,0,1,1,0,1,0,0,0,0,0,0,0,1,0,0,0,0,1,0,0,5,,,,,,,,,,,,,,,,,,,,,,,,,
Sp16_290,Sp16,pre,I consent.,2,3,1,4,5,0,19,Black/African American,1,1,New,Native,United States,NA,Y,85 - 89.9,89,,,,1160,580,540,620,,1120,1,1,1,1,1,1,1,1,1,1,0,1,1,1,1,1,1,1,1,1,19,,,,,,,,,,,,,,,,,,,,,,,,,
Sp16_129,Sp16,pre,I consent.,1,3,1,5,5,1,19,White,0,0,New,Native,United States,NA,Y,95 - 100,97,,,,1390,610,670,670,,1280,1,1,1,1,1,1,1,1,1,1,1,1,1,1,1,1,1,1,1,1,20,,,,,,,,,,,,,,,,,,,,,,,,,
Sp16_300,Sp16,pre,I consent.,2,2,1,5,5,0,18,White,0,1,New,Native,United States,NA,Y,90 - 94.9,92,,,,1240,560,550,570,,1110,1,1,1,0,1,0,1,0,0,0,1,1,0,1,1,0,0,0,0,0,9,,,,,,,,,,,,,,,,,,,,,,,,,
Sp16_360,Sp16,pre,I consent.,2,3,1,5,5,0,19,White,1,0,New,Native,United States,NA,N,95 - 100,98,,,,1530,,,,,,1,1,0,0,0,1,1,1,0,1,1,1,0,1,1,1,1,1,1,1,15,,,,,,,,,,,,,,,,,,,,,,,,,
Sp16_265,Sp16,pre,I consent.,2,3,1,5,4,0,18,White,1,0,New,Native,United States,NA,Y,85 - 89.9,87,,2,,1320,600,620,630,7,1220,1,1,1,0,1,0,1,0,0,1,1,1,0,0,1,0,0,1,0,0,10,,,,,,,,,,,,,,,,,,,,,,,,,
Sp16_230,Sp16,pre,I consent.,2,3,1,4,4,0,18,Asian,1,1,New,Native,United States,NA,Y,95 - 100,98,,,,1420,730,690,650,8,1420,1,1,1,0,1,1,1,1,1,1,1,1,1,1,1,1,1,1,1,1,19,,,,,,,,,,,,,,,,,,,,,,,,,
Sp16_053,Sp16,pre,I consent.,3,3,1,5,4,0,18,White,1,0,New,Native,United States,NA,N,90 - 94.9,92,,7,,1370,690,680,600,8,1370,1,1,1,0,0,1,1,1,0,0,1,1,1,1,1,0,1,0,1,1,14,,,,,,,,,,,,,,,,,,,,,,,,,
Sp16_338,Sp16,pre,I consent.,1,3,1,5,5,0,18,White,1,0,New,Native,United States,NA,N,90 - 94.9,90,2.86,,,1200,600,590,520,7,1190,1,1,1,0,1,0,0,1,0,1,1,1,0,0,1,1,0,1,0,1,12,,,,,,,,,,,,,,,,,,,,,,,,,
Sp16_308,Sp16,pre,I consent.,1,3,1,4,4,2,19,White,1,1,New,Naturalized,Iraq,NA,N,90 - 94.9,94,,4,,1200,650,550,600,9,1200,1,1,1,0,1,1,1,1,0,0,0,1,0,1,1,1,0,1,1,1,14,,,,,,,,,,,,,,,,,,,,,,,,,
Sp16_073,Sp16,pre,I consent.,3,3,1,3,4,2,18,Asian,0,0,New,Native,United States,NA,N,95 - 100,95,,,,1210,680,530,650,8,1210,1,1,1,0,1,1,1,1,1,1,0,1,0,1,1,1,0,1,1,0,15,,,,,,,,,,,,,,,,,,,,,,,,,
Sp16_145,Sp16,pre,I consent.,2,2,1,5,5,0,18,White,1,1,New,Naturalized,Unknown,"$45,000-64,999",,90 - 94.9,94,,5,,1290,770,520,550,10,1290,1,1,0,0,0,0,1,0,0,0,0,0,0,0,0,0,0,0,0,0,3,,,,,,,,,,,,,,,,,,,,,,,,,
Sp16_203,Sp16,pre,I consent.,1,3,1,5,4,1,18,,0,0,New,Native,United States,NA,N,90 - 94.9,94,,7,,1430,700,730,700,9,1430,1,1,1,1,1,1,1,1,0,0,1,0,1,1,1,1,1,1,0,1,16,,,,,,,,,,,,,,,,,,,,,,,,,
Sp16_442,Sp16,pre,I consent.,2,3,1,5,5,1,18,White,0,0,New,Native,United States,NA,N,90 - 94.9,92,,8,,1350,630,710,550,8,1340,1,1,1,1,1,1,1,1,1,1,1,1,1,1,1,0,1,1,1,1,19,,,,,,,,,,,,,,,,,,,,,,,,,
Sp16_272,Sp16,pre,I consent.,3,3,2,2,2,0,19,White,1,0,New,Native,United States,NA,N,90 - 94.9,94,,5,,1360,700,660,520,8,1360,1,1,1,0,0,0,1,1,0,0,0,1,1,1,1,1,0,1,0,0,11,,,,,,,,,,,,,,,,,,,,,,,,,
Sp16_081,Sp16,pre,I consent.,2,3,1,2,2,1,18,Asian,1,1,New,Native,United States,"$15,000-29,999",,90 - 94.9,92,,8,,1370,800,570,590,8,1370,1,1,1,0,1,0,0,1,0,0,1,1,0,1,1,1,0,0,1,0,11,,,,,,,,,,,,,,,,,,,,,,,,,
Sp16_214,Sp16,pre,I consent.,3,3,1,4,3,0,18,Asian,0,1,New,Native,United States,NA,N,90 - 94.9,94,,,,1240,,,,,,0,1,1,0,1,0,1,0,0,0,1,1,0,1,1,1,1,1,0,0,11,,,,,,,,,,,,,,,,,,,,,,,,,
Sp16_011,Sp16,pre,I consent.,1,2,1,4,4,0,18,Asian,1,1,New,Native,United States,"$30,000-44,999",,90 - 94.9,90,,,,1200,660,540,600,7,1200,1,0,1,0,0,0,0,0,0,0,0,1,0,0,1,1,1,0,0,0,6,,,,,,,,,,,,,,,,,,,,,,,,,
Sp16_128,Sp16,pre,I consent.,1,2,2,4,4,0,18,Hispanic of any race,0,1,New,Native,United States,"$0-14,999",,90 - 94.9,92,,7,,1140,620,520,470,8,1140,1,1,1,0,1,0,0,1,0,0,0,1,0,0,0,0,0,1,0,1,8,,,,,,,,,,,,,,,,,,,,,,,,,
Sp16_084,Sp16,pre,I consent.,1,3,1,5,5,1,18,Asian,0,0,New,Native,United States,NA,N,90 - 94.9,90,,4,,1260,640,620,590,8,1260,0,1,1,0,1,0,0,1,0,0,1,0,0,0,1,0,0,0,1,1,8,,,,,,,,,,,,,,,,,,,,,,,,,
Sp16_040,Sp16,pre,I consent.,1,3,2,4,4,0,18,Asian,0,1,New,Naturalized,Unknown,NA,Y,95 - 100,95,,7,,1270,700,570,620,9,1270,0,1,1,0,1,0,0,1,0,1,1,1,0,1,0,1,0,1,0,0,10,,,,,,,,,,,,,,,,,,,,,,,,,
Sp16_007,Sp16,pre,I consent.,3,2,1,5,5,0,19,Black/African American,0,0,New,Native,United States,"$65,000-84,999",,90 - 94.9,90,,4,,1100,540,560,510,7,1100,0,0,1,1,0,1,0,0,0,0,0,0,0,0,0,0,0,1,0,0,4,,,,,,,,,,,,,,,,,,,,,,,,,
Sp16_279,Sp16,pre,I consent.,1,2,1,4,3,1,18,Black/African American,0,0,New,Native,United States,NA,N,90 - 94.9,93,,,,1390,670,600,560,9,1270,0,1,1,0,1,1,1,1,0,1,1,1,0,1,1,1,1,1,1,0,15,,,,,,,,,,,,,,,,,,,,,,,,,
Sp16_413,Sp16,pre,I consent.,1,4,1,3,3,2,21,White,1,0,Transfer,Native,United States,NA,,NA,,2.8,,,,,,,,,1,1,1,0,0,0,1,0,0,1,1,1,0,1,1,0,1,1,1,1,13,,,,,,,,,,,,,,,,,,,,,,,,,
Sp16_050,Sp16,pre,I consent.,1,3,1,5,4,1,19,White,1,0,New,Native,United States,NA,N,95 - 100,95,,,,1340,720,620,650,8,1340,1,1,1,0,1,0,1,0,0,0,1,1,0,1,0,1,0,0,0,1,10,,,,,,,,,,,,,,,,,,,,,,,,,
Sp16_329,Sp16,pre,I consent.,2,2,2,2,2,0,19,Asian,0,0,New,Alien Temporary,Chi,NA,N,85 - 89.9,86,,,,1400,760,640,620,9,1400,1,1,1,0,1,0,0,1,1,1,0,1,0,1,0,0,0,1,0,0,10,,,,,,,,,,,,,,,,,,,,,,,,,
Sp16_421,Sp16,pre,I consent.,2,3,2,3,3,0,18,Asian,0,1,New,Native,United States,NA,Y,90 - 94.9,94,,,,1250,660,590,650,8,1250,1,1,0,0,1,0,1,1,0,0,1,1,0,1,1,1,1,1,0,0,12,,,,,,,,,,,,,,,,,,,,,,,,,
Sp16_419,Sp16,pre,I consent.,2,3,1,5,5,1,18,Asian,0,1,New,Native,United States,NA,Y,90 - 94.9,93,,,,1370,750,620,720,8,1370,0,1,1,1,1,1,1,1,1,1,1,1,1,1,1,1,1,1,1,1,19,,,,,,,,,,,,,,,,,,,,,,,,,
Sp16_138,Sp16,pre,I consent.,1,4,2,5,4,3,18,Hispanic of any race,0,0,New,Native,United States,NA,N,90 - 94.9,91,3.55,,,1240,640,600,670,10,1240,1,1,1,0,1,0,0,0,0,0,0,1,0,1,1,1,0,0,1,0,9,,,,,,,,,,,,,,,,,,,,,,,,,
Sp16_027,Sp16,pre,I consent.,1,3,1,5,5,1,19,White,0,1,New,Native,United States,NA,N,95 - 100,95,,,,1350,640,670,700,7,1310,0,1,1,0,1,1,1,1,1,1,1,1,0,1,1,0,1,1,1,1,16,,,,,,,,,,,,,,,,,,,,,,,,,
Sp16_293,Sp16,pre,I consent.,1,3,1,5,4,2,18,White,0,1,New,Native,United States,NA,N,95 - 100,99,,,,1340,620,720,730,7,1340,0,1,1,0,1,1,1,1,1,1,1,1,1,1,1,1,0,1,1,1,17,,,,,,,,,,,,,,,,,,,,,,,,,
Sp16_435,Sp16,pre,I consent.,2,3,2,3,3,0,18,Asian,0,1,New,Native,United States,NA,Y,95 - 100,99,,6,,1290,750,540,580,10,1290,1,0,1,0,1,0,0,0,1,1,1,1,0,0,0,0,0,1,0,1,9,,,,,,,,,,,,,,,,,,,,,,,,,
Sp16_193,Sp16,pre,I consent.,3,3,1,4,4,0,18,Asian,1,0,New,Native,United States,NA,Y,90 - 94.9,94,,,,1210,660,550,570,8,1210,1,1,1,0,1,0,1,0,0,0,1,0,0,0,1,1,1,1,1,1,12,,,,,,,,,,,,,,,,,,,,,,,,,
Sp16_296,Sp16,pre,I consent.,1,3,1,5,4,1,18,Black/African American,0,0,Other,Native,United States,NA,Y,90 - 94.9,94,,4,,1290,,,,,,1,1,1,0,1,1,1,1,0,1,1,1,0,0,1,0,1,1,1,1,15,,,,,,,,,,,,,,,,,,,,,,,,,
Sp16_238,Sp16,pre,I consent.,3,3,1,3,3,1,18,Asian,1,1,New,Native,United States,NA,Y,90 - 94.9,91,,4,,1380,800,580,590,8,1380,1,1,1,0,0,1,0,1,0,0,1,1,0,1,1,0,1,0,1,0,11,,,,,,,,,,,,,,,,,,,,,,,,,
Sp16_017,Sp16,pre,I consent.,1,4,1,4,3,2,19,Asian,0,0,Transfer,Native,United States,"$65,000-84,999",,95 - 100,95,3.62,,,1240,640,600,630,8,1240,0,1,1,0,1,1,0,0,0,0,0,0,0,1,1,0,1,1,1,1,10,,,,,,,,,,,,,,,,,,,,,,,,,
Sp16_326,Sp16,pre,I consent.,1,3,1,5,5,2,19,Asian,0,0,New,Naturalized,Unknown,NA,N,95 - 100,97,,,,1480,680,640,680,9,1320,0,1,1,0,1,0,1,1,1,1,0,1,0,0,1,1,1,1,0,0,12,,,,,,,,,,,,,,,,,,,,,,,,,
Sp16_247,Sp16,pre,I consent.,2,4,1,5,5,0,21,White,0,0,Transfer,Native,United States,NA,N,75 - 79.9,75,3.08,2,,,,,,,,1,0,1,1,0,0,0,0,1,1,1,1,0,0,0,1,1,1,0,0,10,,,,,,,,,,,,,,,,,,,,,,,,,
Sp16_058,Sp16,pre,I consent.,1,3,1,4,4,1,18,White,1,0,New,Native,United States,NA,N,90 - 94.9,93,4,4,,1250,580,670,520,6,1250,1,1,1,1,1,1,1,1,1,1,1,1,1,1,1,1,1,1,1,1,20,,,,,,,,,,,,,,,,,,,,,,,,,
Sp16_161,Sp16,pre,I consent.,1,3,2,5,5,1,18,White,0,0,New,Native,United States,NA,N,90 - 94.9,93,,2.5,,1200,,,,,,1,1,1,0,0,0,0,0,1,0,0,0,1,0,0,1,0,0,0,0,6,,,,,,,,,,,,,,,,,,,,,,,,,
Sp16_229,Sp16,pre,I consent.,2,3,1,4,4,1,18,White,0,1,New,Native,United States,NA,N,95 - 100,99,,4,,1290,640,650,620,9,1290,0,1,1,0,1,0,1,0,1,1,1,1,0,1,0,0,1,0,1,0,11,,,,,,,,,,,,,,,,,,,,,,,,,
Sp16_095,Sp16,pre,I consent.,1,3,1,3,4,0,19,White,1,0,New,Native,United States,NA,N,90 - 94.9,94,,,,1320,580,530,560,8,1110,0,1,1,0,1,1,0,0,0,0,0,1,0,0,0,1,0,0,0,1,7,,,,,,,,,,,,,,,,,,,,,,,,,
Sp16_330,Sp16,pre,I consent.,1,4,1,5,4,0,22,Hispanic of any race,1,0,Transfer,Native,United States,"$45,000-64,999",,80 - 84.9,84,3,2,,,,,,,,0,1,1,0,1,1,0,0,0,1,1,0,0,0,0,1,1,1,0,0,9,,,,,,,,,,,,,,,,,,,,,,,,,
Sp16_422,Sp16,pre,I consent.,2,3,2,4,4,0,18,Asian,0,0,New,Native,United States,NA,N,90 - 94.9,90,2.75,7,,1340,680,660,690,9,1340,0,1,1,0,1,0,1,0,0,1,1,1,1,0,0,0,0,0,0,1,9,,,,,,,,,,,,,,,,,,,,,,,,,
Sp16_113,Sp16,pre,I consent.,1,3,1,5,5,0,18,White,0,1,New,Native,United States,NA,Y,95 - 100,99,,4,,1220,620,600,620,9,1220,1,1,1,0,1,1,1,0,1,1,1,0,0,1,1,1,1,1,1,0,15,,,,,,,,,,,,,,,,,,,,,,,,,
Sp16_148,Sp16,pre,I consent.,1,4,2,4,4,3,21,tive Hawaiian/Other Pacific Island,0,0,Transfer,Native,United States,NA,,90 - 94.9,91,3.6,,,,,,,,,0,1,1,0,1,0,0,0,0,1,1,0,1,1,1,0,0,1,1,1,11,,,,,,,,,,,,,,,,,,,,,,,,,
Sp16_275,Sp16,pre,I consent.,1,3,1,5,5,1,18,White,1,0,New,Native,United States,NA,N,90 - 94.9,92,,7,,1350,710,640,630,8,1350,1,1,1,0,1,1,1,0,0,0,1,1,0,0,1,1,1,1,1,1,14,,,,,,,,,,,,,,,,,,,,,,,,,
Sp16_116,Sp16,pre,I consent.,3,2,1,4,0,0,18,White,0,0,New,Native,United States,NA,Y,95 - 100,99,,4,,1190,620,570,600,9,1190,1,1,0,0,1,0,0,0,0,0,1,1,0,0,0,0,1,1,0,0,7,,,,,,,,,,,,,,,,,,,,,,,,,
Sp16_362,Sp16,pre,I consent.,2,2,2,2,2,0,18,Asian,0,0,New,Alien Temporary,Chi,NA,N,90 - 94.9,91,,,,1110,620,490,460,6,1110,0,0,1,0,1,1,0,0,0,0,0,0,0,1,1,0,0,0,0,0,5,,,,,,,,,,,,,,,,,,,,,,,,,
Sp16_208,Sp16,pre,I consent.,2,2,2,4,4,0,19,Asian,0,0,New,Undocumented Alien,"Korea, Republic of",NA,Y,95 - 100,95,,5,,1320,700,620,620,8,1320,1,1,1,0,1,0,0,0,0,1,1,1,0,1,0,1,0,0,0,0,9,,,,,,,,,,,,,,,,,,,,,,,,,
Sp16_044,Sp16,pre,I consent.,1,3,1,5,5,0,18,Asian,0,0,New,Native,United States,NA,Y,90 - 94.9,94,,4,,1200,540,660,650,8,1200,1,0,1,0,1,1,1,1,0,0,0,1,1,1,1,0,1,1,1,1,14,,,,,,,,,,,,,,,,,,,,,,,,,
Sp16_437,Sp16,pre,I consent.,1,2,2,2,2,0,19,Asian,0,0,New,Alien Temporary,Chi,NA,N,90 - 94.9,90,,,,1190,750,440,560,8,1190,1,1,1,1,0,0,0,1,0,1,0,0,0,0,1,0,0,0,0,0,7,,,,,,,,,,,,,,,,,,,,,,,,,
Sp16_137,Sp16,pre,I consent.,1,2,1,5,4,0,18,Asian,0,0,New,Alien Temporary,Malaysia,NA,N,85 - 89.9,85,,,,1350,,,,,,1,1,0,0,0,0,0,0,0,1,0,0,0,0,0,0,0,0,0,0,3,,,,,,,,,,,,,,,,,,,,,,,,,
Sp16_441,Sp16,pre,I consent.,2,3,2,5,5,1,18,Asian,0,0,New,Native,United States,NA,N,85 - 89.9,86,,2,,1390,610,730,690,11,1340,1,1,1,0,0,0,0,0,0,0,0,0,0,0,0,1,1,0,1,0,6,,,,,,,,,,,,,,,,,,,,,,,,,
Sp16_079,Sp16,pre,I consent.,2,2,2,3,3,0,18,Asian,0,1,New,Native,United States,NA,Y,85 - 89.9,88,,6,,1270,650,620,620,8,1270,1,1,1,0,1,0,1,0,1,1,1,1,0,1,1,0,0,1,0,1,13,,,,,,,,,,,,,,,,,,,,,,,,,
Sp16_078,Sp16,pre,I consent.,1,2,3,3,2,2,18,Asian,1,1,New,Native,United States,NA,Y,85 - 89.9,86,,8,,1360,780,580,510,8,1360,1,1,1,0,1,0,0,0,1,1,1,1,0,0,0,0,1,1,0,0,10,,,,,,,,,,,,,,,,,,,,,,,,,
Sp16_374,Sp16,pre,I consent.,1,3,1,4,3,0,18,White,1,1,New,Native,United States,NA,Y,90 - 94.9,91,,,,1260,640,620,530,,1260,1,1,1,1,1,1,1,0,1,0,1,1,1,0,0,0,1,0,0,1,13,,,,,,,,,,,,,,,,,,,,,,,,,
Sp16_394,Sp16,pre,I consent.,3,3,1,4,3,0,19,White,0,0,Transfer,Native,United States,"$85,000-104,999",,85 - 89.9,88,3.36,,,940,480,460,520,8,940,1,1,0,0,0,1,0,0,0,1,0,1,0,0,0,1,0,1,0,0,7,,,,,,,,,,,,,,,,,,,,,,,,,
Sp16_384,Sp16,pre,I consent.,1,5,2,5,4,1,25,White,1,0,Transfer,Native,United States,"$30,000-44,999",,80 - 84.9,82,3.2,2,,,,,,,,0,1,0,0,1,0,0,1,0,1,0,1,0,1,1,0,0,0,0,0,7,,,,,,,,,,,,,,,,,,,,,,,,,
Sp16_142,Sp16,pre,I consent.,1,4,1,5,5,2,21,White,0,0,Transfer,Native,United States,"$145,000-164,999",,75 - 79.9,79,2.92,,,,,,,,,0,1,1,0,1,0,0,0,0,1,0,1,0,0,1,0,0,1,0,1,8,,,,,,,,,,,,,,,,,,,,,,,,,
Sp16_207,Sp16,pre,I consent.,1,3,2,3,3,3,20,Asian,0,0,Transfer,Naturalized,Unknown,"$30,000-44,999",N,Unknown,,3.47,,,,,,,,,1,1,0,0,0,0,1,1,0,0,0,0,1,0,1,0,0,0,1,0,7,,,,,,,,,,,,,,,,,,,,,,,,,
Sp16_154,Sp16,pre,I consent.,2,3,1,3,3,0,19,Black/African American,1,1,Transfer,Native,United States,"$30,000-44,999",,80 - 84.9,82,2.7,2,,,,,,,,1,0,0,1,0,0,0,0,1,0,1,1,0,0,1,0,0,0,0,0,6,,,,,,,,,,,,,,,,,,,,,,,,,
Sp16_151,Sp16,pre,I consent.,2,3,1,4,4,0,19,White,0,0,Transfer,Native,United States,NA,,90 - 94.9,94,3.26,,,1080,,,,,,0,1,1,1,1,0,1,1,1,1,1,1,1,1,0,1,0,1,0,0,14,,,,,,,,,,,,,,,,,,,,,,,,,
Sp16_322,Sp16,pre,I consent.,1,2,1,5,5,0,18,White,0,0,New,Native,United States,NA,Y,95 - 100,97,,2,,1240,580,660,670,9,1240,1,1,1,0,1,0,1,1,0,1,1,0,1,1,1,0,1,0,0,0,12,,,,,,,,,,,,,,,,,,,,,,,,,
Sp16_102,Sp16,pre,I consent.,3,4,1,5,5,0,20,White,0,0,Transfer,Native,United States,"$65,000-84,999",,75 - 79.9,79,3,3,,,,,,,,1,1,1,0,1,0,0,0,0,0,1,0,0,0,0,0,1,0,1,1,8,,,,,,,,,,,,,,,,,,,,,,,,,
Sp16_390,Sp16,pre,I consent.,1,5,1,3,3,3,20,Asian,0,0,Transfer,Native,United States,"$65,000-84,999",,85 - 89.9,85,3.54,,,,,,,,,1,1,1,0,1,0,1,0,0,1,1,1,0,1,0,1,1,1,1,0,13,,,,,,,,,,,,,,,,,,,,,,,,,
Sp16_318,Sp16,pre,I consent.,2,4,1,5,5,2,20,White,1,1,Transfer,Native,United States,NA,,90 - 94.9,94,3.2,,,,,,,,,1,1,1,0,1,1,1,1,1,1,1,1,1,1,1,1,1,1,1,0,18,,,,,,,,,,,,,,,,,,,,,,,,,
Sp16_260,Sp16,pre,I consent.,2,2,1,5,4,0,19,White,0,0,New,Alien Temporary,New Zealand,NA,N,85 - 89.9,85,,2,,1030,490,540,540,7,1030,1,1,1,1,0,0,1,1,1,1,1,1,1,1,1,0,1,1,0,1,16,,,,,,,,,,,,,,,,,,,,,,,,,
Sp16_345,Sp16,pre,I consent.,1,3,1,2,4,2,20,White,0,0,Transfer,Native,United States,"$65,000-84,999",,80 - 84.9,80,3.71,3,,,,,,,,1,1,1,1,0,0,0,0,1,0,0,0,0,1,0,0,0,1,0,0,7,,,,,,,,,,,,,,,,,,,,,,,,,
Sp16_364,Sp16,pre,I consent.,2,3,1,3,3,0,19,White,0,0,Transfer,Native,United States,NA,,90 - 94.9,93,3.23,,,,,,,,,1,1,1,0,1,0,1,0,0,0,0,1,0,1,1,1,1,0,1,1,12,,,,,,,,,,,,,,,,,,,,,,,,,
Sp16_281,Sp16,pre,I consent.,1,5,1,5,5,1,20,White,1,0,Transfer,Native,United States,"105,000-124,999",,95 - 100,97,3.34,,,1230,640,590,590,10,1230,1,1,1,0,1,0,1,0,0,1,1,1,1,0,0,1,1,1,1,0,13,,,,,,,,,,,,,,,,,,,,,,,,,
Sp16_299,Sp16,pre,I consent.,1,3,1,5,5,2,19,Black/African American,1,1,Transfer,Native,United States,"$15,000-29,999",,75 - 79.9,76,3.93,,,,,,,,,0,0,1,0,0,0,1,1,0,1,0,1,1,0,1,1,0,0,1,1,10,,,,,,,,,,,,,,,,,,,,,,,,,
Sp16_261,Sp16,pre,I consent.,3,5,1,4,4,0,23,White,0,0,Transfer,Native,United States,"$85,000-104,999",,90 - 94.9,92,3.36,,,,,,,,,1,1,1,0,1,0,0,0,1,0,0,1,0,1,1,1,0,1,0,0,10,,,,,,,,,,,,,,,,,,,,,,,,,
Sp16_403,Sp16,pre,I consent.,2,4,2,3,0,0,30,Hispanic of any race,1,0,Transfer,Native,United States,"$0-14,999",,Unknown,,3.1,,,,,,,,,1,1,1,1,1,1,1,1,1,0,0,0,0,1,1,1,1,1,1,1,16,,,,,,,,,,,,,,,,,,,,,,,,,
Sp16_177,Sp16,pre,I consent.,1,4,2,5,5,3,27,Hispanic of any race,0,0,Transfer,Naturalized,Brazil,NA,,NA,,3.9,,,,,,,,,1,1,0,1,1,1,1,1,0,1,1,1,1,0,1,0,1,1,0,0,14,,,,,,,,,,,,,,,,,,,,,,,,,
Sp16_060,Sp16,pre,I consent.,1,4,1,5,5,1,19,White,0,0,Transfer,Native,United States,"$125,000-144,999",,95 - 100,98,3.45,3,,1330,620,710,670,9,1330,0,1,1,1,1,1,1,1,0,1,0,1,1,1,1,1,1,0,1,1,16,,,,,,,,,,,,,,,,,,,,,,,,,
Sp16_321,Sp16,pre,I consent.,2,4,1,3,4,0,23,White,0,0,Transfer,Native,United States,NA,,NA,,3.5,,,,,,,,,0,1,1,0,1,0,0,1,1,1,1,1,0,0,0,1,1,0,1,1,12,,,,,,,,,,,,,,,,,,,,,,,,,
Sp16_133,Sp16,pre,I consent.,1,4,1,4,4,2,22,White,0,1,Transfer,Native,United States,NA,,80 - 84.9,80,4,,,,,,,,,1,1,1,1,1,1,1,1,1,1,1,1,1,1,1,1,0,1,1,1,19,,,,,,,,,,,,,,,,,,,,,,,,,
Sp16_375,Sp16,pre,I consent.,2,4,1,5,5,1,26,White,1,0,Transfer,Native,United States,NA,,NA,,3.88,,,,,,,,,1,1,1,0,1,1,1,0,1,1,1,1,1,1,1,1,1,1,1,1,18,,,,,,,,,,,,,,,,,,,,,,,,,
Sp16_401,Sp16,pre,I consent.,1,2,1,0,5,0,24,Black/African American,0,1,Transfer,Alien Permanent,Nigeria,"$0-14,999",,Unknown,,3.8,,,1310,680,630,700,10,1310,1,1,0,1,1,0,0,0,0,0,1,0,0,0,1,1,1,1,0,0,9,,,,,,,,,,,,,,,,,,,,,,,,,
Sp16_189,Sp16,pre,I consent.,3,3,2,2,2,0,19,Asian,0,1,Transfer,Naturalized,Chi,"$15,000-29,999",,90 - 94.9,90,3.5,4,,,,,,,,1,1,1,1,1,1,1,1,1,1,1,1,1,1,1,1,1,0,1,1,19,,,,,,,,,,,,,,,,,,,,,,,,,
Sp16_357,Sp16,pre,I consent.,1,3,1,5,5,2,22,Hispanic of any race,1,1,Transfer,Native,United States,"$30,000-44,999",,Unknown,,4,3,,,,,,,,1,1,1,0,1,1,1,1,1,1,1,1,0,1,1,1,1,1,1,1,18,,,,,,,,,,,,,,,,,,,,,,,,,
Sp16_019,Sp16,pre,I consent.,1,3,1,5,5,2,20,White,1,1,Transfer,Native,United States,"$45,000-64,999",,Unknown,,3.7,3,,,,,,,,1,1,1,0,1,0,0,0,1,0,0,1,0,0,1,0,0,1,0,0,8,,,,,,,,,,,,,,,,,,,,,,,,,
Sp16_034,Sp16,pre,I consent.,1,3,2,4,4,0,20,Asian,0,0,Transfer,Native,United States,"$30,000-44,999",,Unknown,,,,4,,,,,,,0,1,1,0,0,0,1,0,0,1,1,1,0,0,0,0,1,0,1,0,8,,,,,,,,,,,,,,,,,,,,,,,,,
Sp17_271,Sp17,pre,I consent.,2,4,1,3,3,1,32,Asian,1,0,New,Native,United States,"$15,000-29,999",,80 - 84.9,80.16,,4,4,1340,720,620,,,1340,1,1,1,0,1,1,1,0,1,0,1,1,0,1,1,1,1,0,1,0,14,1,1,1,0,0,0,0,1,1,1,1,1,1,1,1,1,0,1,1,1,1,0,1,1,18
Sp17_310,Sp17,pre,I consent.,2,5,2,5,5,0,26,White,1,0,Transfer,Naturalized,Unknown,"$185,000+",,80 - 84.9,80,3,,,,,,,,,1,1,1,1,1,0,0,0,0,0,1,1,0,1,1,1,0,0,0,0,10,0,1,0,0,0,0,0,0,0,1,0,0,1,1,0,1,0,1,0,1,0,0,0,0,7
Sp17_147,Sp17,pre,I consent.,1,5,1,5,4,1,25,White,0,1,New,Native,United States,NA,,85 - 89.9,87,,2,,1080,,,,,,1,1,1,0,1,1,1,1,1,1,1,1,1,1,1,0,1,1,1,1,18,1,1,0,1,1,0,0,1,1,1,1,0,0,1,1,1,0,1,1,1,0,0,0,0,14
Sp17_124,Sp17,pre,I consent.,3,4,1,5,5,1,25,White,0,0,New,Native,United States,"$165,000-184,999",,90 - 94.9,93,,4,,1280,640,640,650,9,1280,0,1,1,0,1,0,1,0,1,1,1,1,1,1,1,1,0,0,1,1,14,1,1,1,0,1,0,0,0,1,1,0,0,1,0,0,1,0,1,1,0,0,0,0,0,10
Sp17_393,Sp17,pre,I consent.,2,4,1,3,3,1,25,Hispanic of any race,0,0,Transfer,Native,United States,"$30,000-44,999",,Below 75,73,2.9,1,,,,,,,,1,1,0,0,1,0,1,0,1,1,1,0,1,1,0,1,0,0,0,0,10,1,1,1,1,1,1,1,1,1,1,1,1,1,1,1,1,1,1,1,1,1,1,1,1,24
Sp17_063,Sp17,pre,I consent.,2,4,1,3,3,0,24,White,0,1,Transfer,Native,United States,"$15,000-29,999",,85 - 89.9,88,3.3,2,,910,440,470,400,6,910,1,1,1,1,0,0,0,0,1,1,1,1,0,0,1,1,0,1,0,1,12,0,1,1,0,0,0,0,0,0,0,0,0,0,1,0,0,0,0,0,0,0,0,0,1,4
Sp17_239,Sp17,pre,I consent.,1,4,3,0,2,0,23,White,0,1,Transfer,Native,United States,"$0-14,999",Y,85 - 89.9,85,2.88,,,820,380,440,480,,820,1,1,0,1,1,0,0,1,0,0,0,0,0,0,0,0,0,1,0,0,6,0,0,0,0,0,0,1,0,1,0,0,0,0,0,0,0,0,0,0,1,1,0,0,1,5
Sp17_491,Sp17,pre,I consent.,2,4,1,4,3,2,24,White,0,1,Transfer,Native,United States,"$65,000-84,999",,Unknown,,4,2,,,,,,,,1,1,1,0,1,1,1,1,1,1,1,1,1,1,1,1,1,1,1,1,19,1,1,1,1,1,1,1,1,1,1,1,1,0,1,1,1,1,1,1,1,1,1,1,1,23
Sp17_495,Sp17,pre,I consent.,2,4,1,5,5,3,19,Asian,1,0,New,Native,United States,NA,N,95 - 100,99,,,,1530,800,730,710,10,1530,1,1,1,0,1,0,1,0,0,1,0,1,1,1,1,1,1,1,1,1,15,1,1,1,1,1,0,0,1,1,1,1,1,1,0,1,1,0,1,1,1,1,1,1,1,20
Sp17_071,Sp17,pre,I consent.,2,5,1,5,5,0,21,White,0,0,Transfer,Native,United States,NA,,80 - 84.9,83,3,3,,970,440,530,610,7,970,0,1,1,0,1,0,0,1,0,0,1,0,1,1,1,1,0,0,1,1,11,1,1,0,0,0,0,1,1,1,1,0,1,0,0,1,1,1,0,1,0,0,0,1,1,13
Sp17_382,Sp17,pre,I consent.,2,5,1,5,5,1,22,Hispanic of any race,1,0,Transfer,Native,United States,"$45,000-64,999",,80 - 84.9,82,3.53,,,980,450,530,480,,980,1,1,0,0,0,1,0,1,0,1,1,1,0,1,1,0,0,1,1,1,12,0,1,1,0,1,0,0,0,0,0,0,1,0,0,0,1,0,0,0,0,0,1,0,0,6
Sp17_109,Sp17,pre,I consent.,2,7,1,4,4,0,23,White,1,0,New,Native,United States,NA,,95 - 100,98,,,,1460,760,640,660,8,1400,1,1,1,1,1,0,0,1,0,1,1,1,0,1,1,0,0,1,0,0,12,0,1,0,0,0,1,0,0,1,1,0,0,1,0,1,1,0,1,0,1,0,0,0,0,9
Sp17_001,Sp17,pre,I consent.,2,5,1,5,4,3,22,White,0,0,New,Native,United States,"$145,000-164,999",,90 - 94.9,91,,4,,1270,650,620,540,8,1270,1,1,1,1,1,1,1,0,0,0,1,0,0,1,0,0,0,1,1,1,12,1,0,1,0,1,1,0,0,1,1,0,0,1,1,0,1,0,0,1,1,0,1,0,0,12
Sp17_004,Sp17,pre,I consent.,1,3,1,5,5,3,19,Black/African American,0,0,New,Native,United States,NA,N,95 - 100,95,,7,,1200,,,,,,0,1,1,1,1,0,1,1,1,1,0,1,0,1,1,1,1,1,1,1,16,1,1,1,0,1,0,1,1,1,1,1,1,1,1,1,1,1,1,1,0,1,1,1,1,21
Sp17_464,Sp17,pre,I consent.,1,5,2,5,5,3,21,Asian,0,0,Transfer,Native,United States,"$45,000-64,999",,90 - 94.9,93,3.29,,,1020,,,,,,1,1,0,1,1,0,0,0,1,0,1,0,0,1,0,1,0,1,0,0,9,0,0,0,0,0,0,0,0,0,1,0,1,1,0,0,1,0,1,0,0,0,0,0,1,6
Sp17_236,Sp17,pre,I consent.,2,4,1,4,3,0,21,Asian,0,0,Transfer,Native,United States,NA,,85 - 89.9,85,3.21,2,,860,440,420,420,6,860,1,1,0,0,1,0,0,0,0,0,1,1,0,0,1,0,0,0,0,0,6,0,0,0,1,0,0,0,0,1,0,0,0,0,1,0,0,1,0,0,1,0,0,0,0,5
Sp17_458,Sp17,pre,I consent.,2,5,1,5,5,0,21,Black/African American,1,0,New,Native,United States,NA,,95 - 100,96,,3,,1200,580,620,540,8,1200,1,1,1,1,1,0,1,0,0,0,1,1,0,1,1,1,0,0,0,1,12,1,0,0,1,0,0,0,0,0,1,0,1,1,0,0,1,0,0,0,1,0,0,0,0,7
Sp17_282,Sp17,pre,I consent.,2,4,1,5,5,0,21,Asian,1,1,New,Native,United States,"$45,000-64,999",,90 - 94.9,93,,3,,1420,780,640,680,10,1420,1,1,1,0,0,0,0,0,0,0,1,1,0,1,0,1,0,0,0,0,7,0,1,0,0,0,1,0,0,0,1,0,0,0,0,0,0,0,0,0,0,0,0,0,0,3
Sp17_398,Sp17,pre,I consent.,1,4,2,3,3,0,21,Hispanic of any race,0,1,Transfer,Naturalized,Dominican Republic,"$15,000-29,999",,90 - 94.9,92,3.51,2,,,,,,,,1,1,0,0,0,1,0,1,0,0,0,0,0,0,0,0,0,0,1,1,6,0,0,0,0,1,1,0,1,1,1,0,0,0,0,0,0,0,0,0,1,0,0,0,0,6
Sp17_404,Sp17,pre,I consent.,2,5,1,5,5,0,21,White,1,0,New,Native,United States,NA,,85 - 89.9,87,,5,,1300,680,620,530,8,1300,0,1,1,0,0,0,0,0,0,0,1,1,1,0,1,1,0,0,0,0,7,0,0,0,1,0,1,0,0,0,1,0,1,1,1,0,1,0,1,0,0,0,0,0,0,8
Sp17_048,Sp17,pre,I consent.,2,5,1,4,5,1,21,White,1,0,Other,Native,United States,NA,,95 - 100,95,,5,,1350,730,590,560,8,1320,1,0,0,0,0,1,0,1,0,1,0,0,0,0,1,1,0,0,0,0,6,0,0,0,0,0,0,0,1,0,0,1,1,0,0,1,0,1,0,0,1,0,1,1,1,9
Sp17_052,Sp17,pre,I consent.,2,4,1,4,4,0,21,White,1,0,Transfer,Native,United States,"$185,000+",,Unknown,,3.51,2.5,,1180,660,520,560,8,1180,1,1,1,0,1,1,1,1,0,0,0,1,0,0,0,0,0,0,0,1,9,1,0,0,0,0,1,0,1,0,0,0,0,0,1,0,0,1,0,0,1,0,1,1,1,9
Sp17_057,Sp17,pre,I consent.,1,5,1,5,5,3,21,White,0,0,New,Native,United States,NA,,90 - 94.9,92,,,,1250,620,630,620,8,1250,0,1,1,0,1,1,1,1,0,1,1,1,1,1,1,1,1,1,1,1,17,1,1,1,0,1,0,1,1,1,1,1,1,0,1,1,1,0,1,1,0,1,1,1,0,18
Sp17_232,Sp17,pre,I consent.,2,5,1,5,5,1,21,White,1,0,New,Native,United States,NA,,95 - 100,98,,,,1400,700,700,690,10,1400,1,1,1,0,0,1,1,0,0,1,1,1,1,1,1,0,1,0,1,1,14,1,1,0,0,1,1,0,1,1,1,1,0,1,1,1,1,1,1,1,1,1,0,1,0,18
Sp17_429,Sp17,pre,I consent.,1,4,1,5,5,3,21,White,0,1,Transfer,Native,United States,"$15,000-29,999",,Unknown,,3.5,,,1160,560,600,580,10,1160,1,1,1,0,1,1,1,0,0,1,0,1,0,1,1,0,1,1,1,1,14,1,1,1,0,1,0,0,1,0,1,1,0,0,1,1,1,0,1,1,1,0,0,0,0,13
Sp17_016,Sp17,pre,I consent.,1,5,2,4,4,3,26,Asian,1,1,New,Alien Permanent,Tajikistan,NA,,95 - 100,95,,,3,,,,,,,0,0,1,1,1,0,0,0,1,1,1,0,0,0,0,1,0,1,0,0,8,0,0,0,0,1,0,0,0,0,1,0,0,0,0,0,0,0,0,0,1,0,0,0,0,3
Sp17_141,Sp17,pre,I consent.,2,5,1,4,4,2,21,Black/African American,0,1,Other,Alien Permanent,Nigeria,"$15,000-29,999",,90 - 94.9,91,,5,,1100,620,480,520,9,1100,1,1,0,1,1,0,1,1,0,1,0,0,0,1,1,0,0,0,1,0,10,0,0,1,0,0,1,0,0,0,0,0,0,0,1,1,0,0,0,0,0,0,1,0,0,5
Sp17_090,Sp17,pre,I consent.,1,5,2,2,2,3,21,Asian,0,1,New,Naturalized,Unknown,"$15,000-29,999",,95 - 100,95,,,,1180,660,520,590,9,1180,1,1,1,0,0,0,0,1,0,0,1,0,1,0,1,0,0,1,0,1,9,0,0,0,0,0,0,1,1,0,0,0,1,0,1,0,0,0,0,0,0,0,1,0,0,5
Sp17_037,Sp17,pre,I consent.,2,5,1,5,5,0,21,White,0,0,New,Native,United States,"$125,000-144,999",,90 - 94.9,91,,3,,1220,620,600,600,8,1220,1,1,1,0,0,1,1,1,1,0,0,0,1,0,1,1,0,1,0,0,11,1,1,0,0,1,0,0,1,1,1,0,0,1,1,0,1,0,1,1,1,1,0,0,0,13
Sp17_510,Sp17,pre,I consent.,1,5,1,4,4,3,21,Asian,1,1,New,Native,United States,NA,,95 - 100,95,,3,,1200,580,620,580,8,1200,0,1,1,0,1,0,0,1,0,1,1,0,1,0,0,0,0,1,0,1,9,0,1,0,0,0,1,0,0,0,0,0,0,1,1,0,1,1,1,0,1,0,0,0,0,8
Sp17_461,Sp17,pre,I consent.,2,5,1,5,5,2,21,Asian,0,0,New,Native,United States,NA,,90 - 94.9,90,,3,,1310,610,700,670,10,1310,0,1,1,0,1,1,1,0,0,1,1,1,1,1,1,0,0,1,1,1,14,1,1,1,0,1,0,1,1,1,1,0,0,1,0,1,1,0,0,1,0,1,1,0,0,14
Sp17_344,Sp17,pre,I consent.,1,5,1,4,4,3,21,Asian,1,0,New,Native,United States,NA,,90 - 94.9,92,,,,1320,,,,,,1,1,1,0,1,0,0,0,1,1,1,1,1,1,0,1,1,1,1,1,15,0,1,1,1,0,1,0,0,1,1,1,0,0,1,1,1,0,1,0,1,1,1,1,1,16
Sp17_322,Sp17,pre,I consent.,2,5,1,5,5,2,21,White,0,1,New,Native,United States,"$0-14,999",,95 - 100,99,,,,1320,630,690,630,10,1320,1,1,1,0,0,1,1,1,0,1,1,1,1,1,1,1,1,1,1,1,17,1,1,1,1,1,0,0,1,1,1,0,0,1,1,1,1,1,0,1,0,1,1,0,0,16
Sp17_369,Sp17,pre,I consent.,2,5,2,5,5,0,21,Asian,0,1,New,Alien Permanent,"Korea, Republic of",NA,,90 - 94.9,91,,3,,1220,640,580,640,9,1220,1,1,1,0,1,1,1,1,1,1,1,1,1,1,1,1,0,1,1,1,18,1,1,1,0,1,0,1,1,1,1,1,0,1,1,1,1,1,1,1,1,1,0,1,0,19
Sp17_482,Sp17,pre,I consent.,2,5,2,5,4,2,21,Asian,0,0,New,Native,United States,NA,,90 - 94.9,92,,3,,1150,610,540,650,8,1150,0,0,1,0,1,0,0,0,1,0,0,0,0,0,1,1,0,0,0,0,5,0,0,0,1,0,1,0,0,0,0,0,0,0,1,0,1,0,0,0,0,0,0,1,1,6
Sp17_314,Sp17,pre,I consent.,1,5,1,5,5,2,21,White,0,0,Transfer,Native,United States,NA,,NA,,3.87,2.5,,1190,580,610,650,,1190,0,1,1,1,1,0,0,0,0,0,1,1,0,1,0,1,0,0,0,0,8,0,1,0,1,0,0,0,1,1,1,0,0,1,0,0,1,0,1,0,0,0,0,0,0,8
Sp17_053,Sp17,pre,I consent.,2,4,1,5,5,3,19,Black/African American,0,0,New,Native,United States,NA,Y,95 - 100,99,,8,,1190,660,530,540,6,1190,1,1,1,0,1,0,0,0,1,1,0,1,0,1,0,1,0,0,0,0,9,0,0,0,1,0,1,0,1,0,1,0,1,1,0,0,0,0,1,0,0,0,0,0,0,7
Sp17_356,Sp17,pre,I consent.,1,5,1,5,5,0,20,White,0,0,Transfer,Native,United States,NA,,90 - 94.9,90,3.78,,,,,,,,,1,0,1,0,0,1,0,0,0,1,0,0,0,0,0,1,0,1,1,1,8,0,0,0,1,0,0,0,0,1,1,1,0,1,0,0,1,0,0,1,1,0,0,0,0,8
Sp17_454,Sp17,pre,I consent.,2,5,1,5,5,3,21,Asian,0,0,New,Native,United States,NA,N,95 - 100,99,,7,,1390,680,680,720,10,1360,0,0,1,1,1,1,0,1,0,1,0,1,1,1,0,1,0,0,1,1,12,1,0,0,1,1,0,0,0,1,1,0,1,1,0,1,1,1,1,1,1,1,0,0,1,15
Sp17_455,Sp17,pre,I consent.,1,4,1,5,5,3,19,Asian,0,1,New,Native,United States,NA,Y,95 - 100,98,,5,,1390,650,670,580,10,1320,1,1,1,0,1,1,1,1,1,1,1,1,1,0,1,1,1,1,1,1,18,1,0,1,0,1,0,1,0,1,1,0,1,1,0,1,1,0,1,1,1,0,0,1,1,15
Sp17_357,Sp17,pre,I consent.,1,3,1,3,3,3,19,Black/African American,0,1,New,Native,United States,NA,N,95 - 100,95,,7,,1170,640,530,560,10,1170,1,1,1,0,1,0,0,0,0,1,1,1,0,1,1,1,0,1,1,1,13,0,1,0,1,0,0,0,1,0,0,0,0,0,0,0,0,0,0,0,0,0,0,0,0,3
Sp17_103,Sp17,pre,I consent.,2,4,2,,4,0,20,Asian,0,1,Transfer,Native,United States,"$0-14,999",,Unknown,,3.04,3,,1070,570,500,490,8,1070,1,1,1,0,1,0,0,0,0,1,0,1,0,0,0,1,1,0,0,0,8,0,1,0,0,0,1,0,0,0,1,0,0,0,0,0,0,1,0,0,1,0,0,1,1,7
Sp17_413,Sp17,pre,I consent.,2,4,1,4,5,0,26,White,0,1,Transfer,Native,United States,NA,,85 - 89.9,87,3.5,2,4,,,,,,,1,1,1,1,1,0,0,1,0,1,1,0,0,1,1,0,1,1,1,1,14,1,1,0,1,1,0,0,1,1,1,1,0,1,1,1,1,0,1,0,1,1,0,0,0,15
Sp17_228,Sp17,pre,I consent.,1,5,2,4,4,3,21,Asian,0,1,Other,Naturalized,Unknown,"$15,000-29,999",,95 - 100,97,,,,1240,690,550,630,10,1240,1,1,1,0,0,0,1,1,0,0,1,1,0,1,0,1,0,1,1,0,11,1,0,1,1,1,1,0,1,0,1,1,1,1,1,1,1,0,0,0,1,0,0,1,0,15
Sp17_342,Sp17,pre,I consent.,2,5,1,5,5,0,20,White,0,0,New,Native,United States,NA,N,95 - 100,97,,,,1350,,,,,,1,1,1,0,1,1,1,0,1,1,0,1,1,1,1,1,1,1,1,1,17,1,1,1,1,1,1,1,1,1,1,1,0,1,1,1,1,1,1,1,1,1,1,1,1,23
Sp17_434,Sp17,pre,I consent.,1,5,1,4,4,3,21,Asian,1,1,Transfer,Native,United States,"$30,000-44,999",,Unknown,,3.93,,,1470,710,760,640,9,1470,0,1,1,0,1,0,0,0,0,1,1,1,0,0,1,0,0,1,0,1,9,0,1,0,1,1,0,0,1,1,1,0,1,1,0,1,0,1,0,1,1,0,0,0,0,12
Sp17_034,Sp17,pre,I consent.,1,4,1,4,4,3,20,Asian,1,1,New,Naturalized,Unknown,"$15,000-29,999",,95 - 100,97,,,,1190,650,540,630,9,1190,1,1,1,1,1,1,0,1,0,0,0,1,0,0,1,0,0,1,0,0,10,1,0,0,0,0,0,0,0,1,1,0,1,0,0,0,1,0,0,0,1,0,0,0,0,6
Sp17_399,Sp17,pre,I consent.,1,4,1,5,5,0,20,,0,0,Transfer,Native,United States,NA,,90 - 94.9,94,3.4,,,1020,540,480,390,8,1020,1,1,1,1,1,0,0,0,0,1,1,1,0,1,0,1,1,0,0,0,11,1,1,0,1,1,0,0,1,1,1,0,0,0,0,0,1,0,0,0,0,0,0,0,0,8
Sp17_346,Sp17,pre,I consent.,1,5,2,3,3,0,20,Asian,1,1,New,Native,United States,NA,Y,90 - 94.9,91,,6,,1230,630,600,580,9,1230,1,1,1,0,1,1,0,0,1,0,1,1,0,1,0,1,1,0,1,1,13,1,1,0,1,1,0,0,0,1,1,0,0,0,0,0,1,0,1,0,1,0,0,0,0,9
Sp17_026,Sp17,pre,I consent.,3,5,1,5,3,3,20,Black/African American,0,0,New,Native,United States,NA,N,95 - 100,95,4,,,1180,650,530,590,8,1180,1,1,0,0,1,1,1,1,0,0,1,0,1,1,1,0,1,0,0,0,11,0,1,1,1,1,0,0,0,0,1,0,0,1,1,0,1,1,1,1,1,0,0,0,0,12
Sp17_027,Sp17,pre,I consent.,2,4,1,5,5,0,21,Asian,0,0,New,Native,United States,NA,N,95 - 100,99,,5,,1460,720,740,680,8,1460,0,0,1,0,1,0,0,1,0,0,1,1,0,1,1,0,0,0,0,0,7,0,1,0,0,0,1,0,0,0,1,0,0,1,0,0,0,0,1,0,0,0,0,0,1,6
Sp17_301,Sp17,pre,I consent.,2,4,1,5,5,3,20,Asian,0,0,New,Native,United States,NA,N,85 - 89.9,88,,4,,1410,740,670,570,,1410,1,0,1,1,1,1,1,1,1,1,1,1,0,1,1,1,1,1,1,1,18,1,0,1,1,1,0,0,1,1,1,1,1,1,1,1,1,0,1,1,0,1,0,1,1,18
Sp17_178,Sp17,pre,I consent.,1,3,1,5,4,1,20,White,0,0,Transfer,Native,United States,NA,Y,85 - 89.9,89,3.61,2,,870,430,440,370,,870,1,1,1,0,1,1,1,1,1,1,0,0,0,0,0,0,0,0,0,0,9,0,1,1,0,1,0,0,1,1,1,0,0,1,1,1,1,1,0,1,1,1,0,0,0,14
Sp17_266,Sp17,pre,I consent.,1,5,1,5,5,3,20,White,0,0,New,Native,United States,NA,N,90 - 94.9,90,3.48,4,,1350,620,710,650,9,1330,1,1,1,0,1,1,0,1,0,0,1,1,1,1,0,1,1,0,1,1,14,1,1,0,1,1,0,1,1,1,1,0,0,0,1,0,1,0,0,1,1,1,1,1,0,15
Sp17_114,Sp17,pre,I consent.,2,4,1,5,4,3,21,Asian,0,0,Other,Naturalized,Unknown,NA,N,90 - 94.9,94,,4,,1220,,,,,,0,1,1,1,1,0,1,1,1,0,0,0,0,0,0,0,0,0,0,0,7,1,0,0,0,1,1,0,0,0,0,0,0,0,0,0,1,0,1,1,1,1,0,0,1,9
Sp17_106,Sp17,pre,I consent.,2,5,2,4,4,3,20,Asian,0,0,New,Native,United States,NA,N,90 - 94.9,93,,5,,1280,630,600,560,9,1230,1,1,0,1,1,1,0,1,0,0,1,1,0,1,1,1,0,1,1,0,13,0,0,0,1,0,0,0,0,1,1,0,0,0,0,0,1,0,0,0,0,1,0,0,0,5
Sp17_008,Sp17,pre,I consent.,1,3,1,5,5,2,20,Asian,0,1,Transfer,Native,United States,"$30,000-44,999",,Unknown,,3.6,,,1010,540,470,490,8,1010,1,1,0,0,1,0,0,0,1,1,1,0,0,0,0,0,1,1,1,0,9,0,0,1,0,1,1,1,1,1,0,0,1,0,0,0,0,0,0,0,0,0,0,0,1,8
Sp17_253,Sp17,pre,I consent.,1,5,1,5,5,3,20,Asian,0,1,Other,Native,United States,"$0-14,999",,95 - 100,97,,4,,1380,700,680,670,9,1380,1,1,0,0,1,0,0,0,1,0,1,0,0,1,1,1,0,1,0,1,10,1,1,0,0,0,1,0,0,0,1,0,0,1,0,1,1,0,1,0,1,0,0,0,0,9
Sp17_292,Sp17,pre,I consent.,1,4,2,3,3,3,20,Asian,0,1,Other,Naturalized,Unknown,"$15,000-29,999",,90 - 94.9,91,,3,,1140,610,530,500,9,1140,1,1,1,0,1,1,1,1,1,1,1,1,1,1,1,1,1,1,1,1,19,1,1,1,1,1,1,1,1,1,1,0,1,1,1,1,1,1,1,1,0,1,1,1,1,22
Sp17_139,Sp17,pre,I consent.,1,3,1,3,3,2,20,Hispanic of any race,1,0,Transfer,Native,United States,NA,,85 - 89.9,87,3,,,940,470,470,440,7,940,1,1,1,0,1,1,1,1,0,1,1,1,1,1,1,0,1,1,1,1,17,1,0,1,1,1,1,0,1,1,1,1,0,1,1,1,1,1,0,1,1,1,0,1,0,18
Sp17_088,Sp17,pre,I consent.,1,5,2,4,3,3,20,Asian,0,1,Other,Naturalized,Chi,"$15,000-29,999",,95 - 100,98,,4,,1280,740,540,600,8,1280,1,0,1,1,1,0,0,0,1,0,0,0,1,1,0,1,0,1,0,0,9,0,0,0,0,1,0,0,0,0,0,0,1,1,1,1,1,1,0,0,1,1,0,0,0,9
Sp17_444,Sp17,pre,I consent.,2,4,1,5,5,0,20,Asian,1,0,New,Native,United States,NA,N,85 - 89.9,88,,5,,1240,640,530,560,8,1170,1,1,1,0,0,0,0,1,0,0,1,0,1,0,0,0,0,0,0,0,6,0,0,0,0,0,0,1,0,0,0,1,1,1,0,1,1,1,0,0,0,0,0,0,1,8
Sp17_151,Sp17,pre,I consent.,2,4,1,4,4,3,20,Asian,0,1,Other,Native,United States,NA,Y,90 - 94.9,92,,6,,1190,600,530,560,8,1130,1,1,1,1,1,0,0,0,1,0,1,0,0,1,0,1,0,1,0,0,10,0,1,0,0,0,0,0,0,0,1,0,0,1,1,0,1,0,1,1,0,0,0,0,0,7
Sp17_311,Sp17,pre,I consent.,1,5,1,3,,0,21,Hispanic of any race,0,1,Transfer,Native,United States,NA,Y,95 - 100,97,,4,3,1090,,,,,,1,1,1,0,1,1,1,1,0,0,1,0,0,1,1,0,0,0,1,1,12,1,0,1,1,1,0,0,1,1,1,1,1,1,1,0,0,0,0,0,0,0,0,1,0,12
Sp17_163,Sp17,pre,I consent.,1,4,1,5,5,3,20,White,0,0,New,Native,United States,NA,N,95 - 100,95,,5,,1270,670,600,650,10,1270,0,1,1,0,1,0,1,0,0,0,1,1,1,1,1,0,0,1,0,1,11,0,0,1,1,1,0,0,0,1,1,0,1,0,1,1,1,0,1,1,0,0,0,0,1,12
Sp17_033,Sp17,pre,I consent.,1,4,1,5,5,3,20,Black/African American,0,1,New,Native,United States,NA,N,90 - 94.9,91,,,,1340,650,690,620,10,1340,0,1,1,0,1,0,1,1,1,1,1,0,0,1,1,1,1,0,1,1,14,1,1,1,1,1,0,0,1,1,1,0,1,1,1,1,0,0,1,1,1,0,0,0,1,16
Sp17_462,Sp17,pre,I consent.,2,5,2,2,2,0,20,Asian,0,0,New,Alien Temporary,Chi,NA,,90 - 94.9,93,,,,1170,700,470,490,7,1170,1,0,1,1,0,0,0,0,0,1,0,0,0,0,1,0,0,0,0,0,5,1,0,0,0,0,0,0,0,1,0,0,1,1,1,0,1,0,0,1,1,0,0,0,0,8
Sp17_426,Sp17,pre,I consent.,2,4,1,5,5,1,20,White,0,0,New,Native,United States,NA,Y,90 - 94.9,90,,3,,1280,650,630,660,8,1280,1,1,1,1,1,1,0,1,1,1,0,1,1,0,1,1,1,1,1,0,16,1,1,1,1,1,0,0,1,1,0,0,1,1,1,0,1,1,1,1,1,1,1,0,1,18
Sp17_035,Sp17,pre,I consent.,1,5,1,5,5,3,20,White,1,0,New,Native,United States,NA,N,90 - 94.9,94,,3,,1280,,,,,,0,1,1,0,0,1,1,1,0,1,0,1,1,0,0,0,0,0,0,1,9,0,1,0,0,1,0,0,0,0,0,0,0,0,0,0,0,1,0,0,0,0,0,0,1,4
Sp17_156,Sp17,pre,I consent.,2,5,1,5,5,0,20,,0,0,Transfer,Native,United States,NA,N,95 - 100,96,3.43,3,,1180,580,600,610,8,1180,0,1,1,1,1,1,1,1,0,1,0,1,0,0,1,0,1,0,1,1,13,1,1,1,0,1,0,1,1,1,1,1,1,1,1,1,1,0,0,1,0,1,0,1,1,18
Sp17_534,Sp17,pre,I consent.,2,5,2,5,5,3,21,Asian,1,1,New,Native,United States,NA,Y,95 - 100,96,,7,,1440,710,730,640,10,1440,1,1,1,0,1,1,1,1,1,1,1,1,1,1,0,1,1,1,1,1,18,1,1,1,0,1,0,0,1,1,1,1,0,1,1,1,1,0,1,1,1,1,1,0,1,18
Sp17_302,Sp17,pre,I consent.,2,5,2,5,5,1,20,Asian,1,1,New,Naturalized,Unknown,NA,Y,85 - 89.9,87,,5,,1310,720,590,560,9,1310,1,0,1,0,1,0,1,0,1,1,1,1,0,0,0,1,0,1,0,0,10,0,1,1,1,1,0,0,1,1,1,0,1,1,1,0,1,0,0,1,0,1,1,1,1,16
Sp17_267,Sp17,pre,I consent.,2,3,2,4,4,0,21,Asian,1,0,New,Alien Permanent,"Korea, Republic of",NA,N,85 - 89.9,87,,3,,1130,620,510,710,10,1130,1,1,1,1,0,0,0,0,0,1,1,0,0,0,1,0,0,1,0,0,8,0,1,0,0,1,0,0,1,0,1,0,1,1,0,0,1,0,1,0,1,0,0,0,0,9
Sp17_261,Sp17,pre,I consent.,1,5,1,5,5,3,20,White,1,0,New,Native,United States,"$30,000-44,999",,90 - 94.9,92,,,,1280,690,590,520,9,1280,1,1,1,0,1,0,0,0,0,1,1,0,0,1,0,0,0,0,1,1,9,0,1,1,0,0,0,1,1,0,0,0,1,0,1,0,1,1,0,1,1,0,0,0,0,10
Sp17_072,Sp17,pre,I consent.,2,5,1,5,5,3,20,,0,0,New,Native,United States,NA,N,95 - 100,99,,5,,1180,590,590,550,10,1180,1,1,0,0,1,1,1,1,0,1,1,1,1,1,1,0,0,1,1,1,15,1,1,1,1,1,0,0,1,1,1,1,1,1,1,1,1,0,1,1,0,1,0,0,0,17
Sp17_193,Sp17,pre,I consent.,2,4,1,5,5,1,20,White,1,0,Transfer,Native,United States,"$185,000+",N,90 - 94.9,91,3.24,2.5,,1290,,,,,,1,1,1,0,1,1,1,1,0,1,1,1,1,1,1,0,1,1,1,0,16,1,1,1,1,1,0,1,1,1,1,1,1,1,1,1,1,1,0,1,1,1,1,1,1,22
Sp17_445,Sp17,pre,I consent.,1,4,1,3,3,3,20,Asian,1,0,New,Native,United States,NA,N,85 - 89.9,89,,5,,1270,680,590,630,9,1270,1,1,1,0,1,0,0,0,0,0,0,0,0,1,1,1,0,1,0,1,9,1,1,0,1,1,0,0,1,1,1,1,0,1,0,1,1,0,1,1,1,1,1,1,0,17
Sp17_241,Sp17,pre,I consent.,2,5,1,4,4,3,21,White,1,1,New,Native,United States,NA,N,90 - 94.9,92,4,,,1360,720,640,630,10,1360,1,1,1,0,0,1,1,1,1,1,1,1,1,0,1,0,1,1,1,1,16,1,0,1,1,1,1,0,1,1,1,1,1,1,1,0,1,1,0,1,1,1,1,1,0,19
Sp17_499,Sp17,pre,I consent.,2,4,2,3,2,0,20,Asian,1,0,New,Alien Temporary,Chi,NA,N,90 - 94.9,90,,4,,1040,650,390,500,8,1040,0,1,1,0,0,1,1,0,1,0,1,0,1,1,1,1,0,1,0,0,11,0,1,1,0,0,0,0,1,1,1,1,1,1,0,0,0,0,1,0,1,1,0,0,1,12
Sp17_363,Sp17,pre,I consent.,1,5,2,4,4,2,21,White,0,1,Transfer,Naturalized,Turkey,"$15,000-29,999",Y,90 - 94.9,92,3.54,,,1000,560,440,490,8,1000,1,1,1,1,0,0,0,0,0,1,0,0,1,0,1,0,0,0,0,0,7,0,0,1,0,0,1,0,0,0,0,0,0,0,0,0,1,1,0,0,1,1,0,0,1,7
Sp17_210,Sp17,pre,I consent.,1,5,1,5,5,3,20,Asian,0,1,New,Native,United States,NA,Y,90 - 94.9,91,,4,,1350,670,680,670,8,1350,1,1,1,0,1,1,1,0,1,1,1,1,1,1,1,1,1,1,1,1,18,1,1,1,1,1,0,1,1,1,1,1,0,0,1,0,1,0,1,1,1,1,1,1,1,19
Sp17_507,Sp17,pre,I consent.,1,5,1,5,5,3,20,Asian,1,0,New,Native,United States,NA,Y,95 - 100,97,,9,,1350,740,610,580,7,1350,0,1,1,0,1,0,1,1,0,0,0,1,0,0,1,1,1,1,1,0,11,0,0,1,1,0,0,0,1,0,1,0,1,0,1,0,1,0,0,0,1,0,0,0,0,8
Sp17_496,Sp17,pre,I consent.,1,4,2,5,5,3,20,Asian,1,1,New,Alien Permanent,Chi,NA,N,85 - 89.9,88,4,,,1420,710,710,760,8,1420,0,1,1,1,1,0,0,1,0,1,0,1,0,0,1,0,0,1,0,0,9,1,1,0,0,0,0,0,0,1,1,0,0,1,0,1,1,1,0,0,1,0,0,0,0,9
Sp17_353,Sp17,pre,I consent.,1,5,1,5,5,3,21,Asian,1,0,New,Native,United States,NA,Y,95 - 100,99,,,,1430,770,660,650,9,1430,1,1,1,1,0,0,1,1,1,1,1,1,1,1,1,1,1,1,1,0,17,0,1,1,1,0,0,0,1,0,1,0,0,0,0,0,1,0,1,0,0,1,0,1,0,9
Sp17_152,Sp17,pre,I consent.,1,4,1,5,5,3,20,Asian,0,1,New,Naturalized,Unknown,NA,Y,85 - 89.9,89,,8,,1370,700,670,610,8,1370,1,1,1,0,1,1,1,1,1,1,1,1,1,1,1,1,1,1,1,1,19,1,1,1,0,1,0,0,1,1,1,1,1,1,1,1,1,1,1,1,1,1,1,1,1,21
Sp17_030,Sp17,pre,I consent.,1,4,2,5,4,3,20,Hispanic of any race,0,0,New,Alien Permanent,Colombia,NA,Y,90 - 94.9,94,,5,,1430,,,,,,1,0,1,1,1,0,0,1,0,1,1,1,1,0,0,0,0,1,0,0,10,0,0,0,0,0,0,0,0,1,0,0,0,0,0,0,1,0,1,0,1,0,0,0,0,4
Sp17_249,Sp17,pre,I consent.,2,4,2,2,2,0,21,Asian,0,0,New,Alien Temporary,"Korea, Republic of",NA,,90 - 94.9,92,,,1,,,,,,,1,1,1,0,0,0,1,0,1,1,1,1,0,1,1,1,1,1,1,1,15,1,1,1,1,1,1,1,1,1,1,1,1,1,1,1,1,1,1,1,1,1,1,1,1,24
Sp17_293,Sp17,pre,I consent.,3,4,2,2,2,2,21,Asian,0,0,New,Alien Temporary,Chi,NA,N,90 - 94.9,92,,4,2,1130,720,410,440,7,1130,1,1,1,1,0,1,0,0,1,1,0,1,0,0,0,0,0,0,0,0,8,0,1,0,1,0,0,0,0,1,1,0,0,1,0,0,1,0,0,0,0,0,0,0,0,6
Sp17_125,Sp17,pre,I consent.,2,4,1,5,5,0,20,tive Hawaiian/Other Pacific Island,1,0,New,Native,United States,NA,N,90 - 94.9,90,,6,,1290,640,650,610,8,1290,1,1,1,0,1,0,1,0,1,1,1,0,0,1,0,1,1,1,1,0,13,1,0,1,1,1,0,0,1,1,1,0,1,1,1,0,0,0,1,0,1,1,1,0,1,15
Sp17_531,Sp17,pre,I consent.,2,5,2,5,5,3,21,Asian,0,0,New,Native,United States,NA,N,90 - 94.9,92,,,,1450,770,680,730,9,1450,0,1,0,0,1,0,0,0,0,0,1,1,0,1,0,0,0,0,1,0,6,0,0,0,0,0,0,0,0,0,1,1,0,1,0,0,1,0,0,0,0,1,1,0,1,7
Sp17_378,Sp17,pre,I consent.,1,5,2,4,4,3,21,Hispanic of any race,0,0,New,Alien Permanent,Venezuela,NA,N,95 - 100,99,,5,,1300,590,710,690,10,1300,0,1,1,0,1,1,1,1,0,1,0,1,1,1,1,0,1,1,1,1,15,1,1,1,0,1,0,1,1,1,1,0,0,1,1,1,1,0,0,1,1,0,0,0,0,14
Sp17_257,Sp17,pre,I consent.,2,5,1,4,4,3,19,White,0,0,New,Native,United States,NA,N,95 - 100,99,,5,,1390,710,680,760,12,1390,1,1,1,0,1,1,0,1,1,1,1,1,1,1,0,1,1,1,1,0,16,1,1,1,1,0,1,0,0,1,0,1,1,0,1,0,1,0,0,1,1,1,0,0,0,13
Sp17_386,Sp17,pre,I consent.,2,5,1,5,5,0,23,White,0,1,Transfer,Native,United States,"$15,000-29,999",,75 - 79.9,77,3.28,2,,,,,,,,1,1,1,0,0,0,1,0,0,0,1,0,1,1,0,1,1,0,0,0,9,0,0,1,1,0,0,0,0,0,0,0,0,1,0,0,0,0,1,0,0,1,0,0,0,5
Sp17_234,Sp17,pre,I consent.,1,3,1,5,5,1,18,White,0,0,New,Naturalized,Unknown,NA,Y,95 - 100,96,,3,,1290,,,,,,1,1,1,0,1,0,0,0,0,1,1,1,0,1,1,1,0,1,0,1,12,0,1,0,0,0,0,0,0,0,1,0,1,1,0,0,1,0,0,0,1,0,0,0,0,6
Sp17_448,Sp17,pre,I consent.,1,5,3,3,3,0,24,Asian,1,1,Transfer,Naturalized,"Korea, Republic of","$0-14,999",,Unknown,,3.49,,,,,,,,,0,1,0,0,1,0,0,0,1,1,0,0,0,1,1,1,0,0,1,0,8,0,0,1,0,0,0,0,1,1,0,0,1,1,0,0,0,0,0,0,1,1,0,0,1,8
Sp17_062,Sp17,pre,I consent.,2,3,1,3,3,2,19,Hispanic of any race,0,0,New,Native,United States,NA,Y,95 - 100,95,,4,,1170,620,550,520,8,1170,1,1,1,0,0,1,0,0,0,0,0,0,0,1,0,0,0,0,0,1,6,0,0,0,0,0,0,0,0,0,0,0,0,0,0,0,0,0,1,0,1,0,1,0,1,4
Sp17_169,Sp17,pre,I consent.,1,5,1,3,4,3,24,White,1,1,Transfer,Native,United States,NA,,NA,,3,2,,,,,,,,1,1,1,0,1,0,1,1,1,1,0,1,0,1,1,1,0,1,0,1,14,1,1,0,1,0,0,0,0,1,0,0,0,0,0,1,1,0,1,0,1,1,0,0,0,9
Sp17_165,Sp17,pre,I consent.,2,5,1,2,2,0,22,White,0,1,Transfer,Native,United States,NA,,90 - 94.9,93,3.6,,,,,,,,,0,1,0,0,0,1,1,1,0,0,0,0,1,1,0,1,0,0,1,1,9,0,0,1,1,0,0,0,0,0,0,0,0,1,1,0,0,0,1,0,1,0,0,0,1,7
Sp17_370,Sp17,pre,I consent.,1,4,1,3,3,3,20,Asian,1,0,New,Alien Permanent,"Korea, Republic of",NA,N,95 - 100,99,,,,1490,800,690,790,11,1490,1,1,1,0,1,0,1,0,0,1,0,0,0,1,1,1,0,1,1,0,11,1,1,1,0,0,0,0,1,0,0,1,1,0,0,1,1,0,1,1,1,0,0,0,0,11
Sp17_020,Sp17,pre,I consent.,1,4,1,5,4,3,19,White,0,0,New,Native,United States,NA,N,95 - 100,99,,7,,1430,710,720,660,11,1430,0,1,1,1,1,1,1,0,0,1,0,0,1,1,1,1,0,1,1,1,14,1,1,1,0,1,0,0,1,1,1,1,0,0,1,1,1,0,1,1,0,1,1,1,0,16
Sp17_385,Sp17,pre,I consent.,2,3,2,5,5,1,18,Black/African American,0,0,New,Naturalized,Cada,NA,Y,90 - 94.9,93,,4,,1230,570,660,650,8,1230,0,1,1,0,1,1,1,1,1,0,0,1,0,1,1,1,1,0,1,0,13,1,1,1,0,1,0,0,1,1,1,1,0,1,1,0,1,1,1,1,1,1,0,1,0,17
Sp17_349,Sp17,pre,I consent.,3,3,2,5,5,0,18,Hispanic of any race,0,1,New,Native,United States,"$0-14,999",,90 - 94.9,92,,3,,1220,520,550,560,8,1070,1,1,1,0,1,1,1,0,1,1,1,0,0,1,0,1,0,1,1,0,13,0,0,1,1,1,0,0,0,0,0,0,1,1,0,0,0,0,1,1,1,0,0,0,0,8
Sp17_136,Sp17,pre,I consent.,1,4,1,3,4,3,19,White,0,0,New,Native,United States,NA,N,95 - 100,99,,9,,1240,690,550,670,11,1240,1,1,1,0,0,0,1,1,1,0,0,0,1,0,1,1,1,0,1,0,11,0,1,1,1,0,0,0,0,1,1,0,0,1,0,0,1,0,1,0,1,0,0,1,0,10
Sp17_164,Sp17,pre,I consent.,1,4,2,4,3,2,20,Hispanic of any race,1,0,Transfer,Native,United States,"$0-14,999",Y,90 - 94.9,94,3.23,,,1030,560,470,550,6,1030,1,1,0,0,1,1,0,0,1,1,0,0,0,1,1,1,1,1,1,1,13,1,0,1,1,1,0,0,1,1,1,0,0,0,1,1,1,1,0,1,1,1,0,1,1,16
Sp17_216,Sp17,pre,I consent.,1,4,2,4,4,2,19,Asian,0,1,New,Native,United States,NA,Y,95 - 100,98,,4,,1240,,,,,,0,1,1,0,0,0,0,0,0,0,1,0,0,0,0,0,0,1,1,1,6,0,0,0,0,1,1,1,0,1,1,0,0,0,0,1,0,0,0,0,0,1,1,0,0,8
Sp17_129,Sp17,pre,I consent.,2,3,1,4,4,1,18,White,0,0,New,Native,United States,NA,Y,95 - 100,99,,,,1380,740,640,790,9,1380,0,1,1,0,0,1,1,1,1,1,1,1,1,1,1,1,1,1,1,1,17,1,1,1,1,1,0,1,1,1,1,1,1,1,0,1,0,0,1,1,1,1,1,1,1,20
Sp17_154,Sp17,pre,I consent.,1,3,1,5,5,0,19,White,0,0,New,Native,United States,NA,N,95 - 100,97,,3,,1240,,,,,,1,1,1,1,1,0,0,0,1,1,1,1,0,0,1,1,0,0,0,0,11,0,0,0,0,0,0,0,0,0,1,0,0,1,0,0,1,0,0,0,0,0,0,0,0,3
Sp17_174,Sp17,pre,I consent.,1,4,1,4,4,0,19,Hispanic of any race,0,1,New,Native,United States,"$30,000-44,999",,95 - 100,98,,,,1220,640,580,580,9,1220,0,1,1,0,1,1,0,1,0,0,0,1,0,0,0,1,0,0,1,0,8,1,0,0,1,0,0,0,0,1,1,0,0,1,0,0,1,0,1,0,0,1,0,0,1,9
Sp17_380,Sp17,pre,I consent.,2,4,1,5,5,3,19,White,0,0,New,Native,United States,NA,N,90 - 94.9,91,,4,,1320,,,,,,1,1,1,0,1,0,1,0,1,0,1,1,0,1,1,1,0,1,0,0,12,1,1,1,0,0,0,0,0,1,1,0,0,1,1,0,0,1,0,0,1,1,0,0,0,10
Sp17_190,Sp17,pre,I consent.,2,3,1,5,4,3,20,White,1,0,New,Native,United States,NA,N,85 - 89.9,87,,3,,1430,640,680,640,8,1320,1,1,1,1,1,0,1,0,0,0,0,1,0,0,1,0,1,1,1,0,11,0,1,1,0,0,0,0,1,0,1,1,1,1,1,0,0,0,0,0,0,0,0,0,0,8
Sp17_326,Sp17,pre,I consent.,1,4,1,4,3,3,19,White,0,0,New,Native,United States,NA,Y,95 - 100,98,4,,,1320,750,570,620,9,1320,1,1,1,0,0,1,1,0,1,0,1,1,1,1,1,1,1,0,1,1,15,1,0,1,1,1,1,0,1,1,1,1,1,1,1,1,1,0,1,1,1,1,1,0,1,20
Sp17_080,Sp17,pre,I consent.,1,4,1,4,3,3,19,Asian,0,1,New,Native,United States,"$30,000-44,999",,90 - 94.9,92,,9,,1350,,,,,,1,1,1,0,1,1,1,0,0,0,1,0,0,1,1,1,1,1,1,1,14,1,1,1,0,1,0,0,1,0,0,1,1,1,1,0,0,0,1,1,1,0,0,1,1,14
Sp17_240,Sp17,pre,I consent.,2,4,1,3,3,0,20,White,0,0,New,Native,United States,NA,N,95 - 100,96,,,,1390,720,670,660,9,1390,1,1,1,0,1,0,1,0,0,1,1,1,1,1,1,0,1,1,1,1,15,1,1,0,1,1,1,1,1,1,1,1,0,1,1,1,1,1,1,1,1,1,1,1,1,22
Sp17_155,Sp17,pre,I consent.,2,4,1,4,4,0,20,Black/African American,0,1,New,Native,United States,"$45,000-64,999",,80 - 84.9,83,,5,,1040,510,460,520,7,970,0,1,0,0,1,0,0,1,1,0,1,1,0,1,0,1,0,0,0,1,9,0,0,0,0,0,0,0,0,1,1,0,0,0,1,0,0,1,0,0,0,0,1,1,1,7
Sp17_367,Sp17,pre,I consent.,1,4,1,5,5,3,19,Hispanic of any race,0,0,New,Native,United States,NA,N,95 - 100,96,,6,,1370,620,750,780,8,1370,0,1,1,0,1,1,1,1,1,1,1,1,0,1,1,0,1,1,1,1,16,1,1,1,1,1,0,0,1,1,1,1,0,1,0,1,1,0,1,1,1,1,1,1,0,18
Sp17_442,Sp17,pre,I consent.,1,4,1,5,5,3,19,Asian,0,0,New,Native,United States,NA,N,95 - 100,95,,5,,1300,690,610,650,10,1300,0,1,1,0,1,0,1,1,0,1,1,0,0,1,1,0,1,0,0,0,10,0,0,1,1,0,0,0,1,1,1,0,1,1,1,1,1,0,0,1,0,1,1,0,0,13
Sp17_419,Sp17,pre,I consent.,1,4,1,5,5,3,19,White,0,0,New,Native,United States,NA,N,90 - 94.9,92,,3,,1350,600,670,640,9,1270,1,1,1,0,1,0,1,0,0,0,0,0,0,1,1,1,0,0,1,1,10,0,1,0,1,0,1,0,0,0,0,0,1,1,0,1,0,0,0,0,1,1,0,0,1,9
Sp17_521,Sp17,pre,I consent.,3,4,1,5,5,0,19,White,0,0,Other,Native,United States,NA,N,90 - 94.9,91,,2,,1320,,,,,,1,1,1,0,1,0,1,1,1,1,0,1,0,0,1,0,1,1,1,0,13,0,0,1,1,0,0,0,0,1,0,1,0,0,1,0,1,1,0,0,0,0,0,0,0,7
Sp17_180,Sp17,pre,I consent.,1,4,1,5,5,3,19,White,0,0,Transfer,Native,United States,NA,N,95 - 100,98,3.9,,,1600,740,760,780,10,1500,1,1,1,0,1,1,1,1,0,1,1,1,1,1,1,1,1,1,1,1,18,1,1,1,1,1,0,0,1,1,1,1,1,1,1,1,1,0,1,1,1,1,1,1,0,20
Sp17_126,Sp17,pre,I consent.,1,3,1,5,4,3,19,White,1,0,New,Native,United States,NA,N,90 - 94.9,92,,,,1230,630,600,630,8,1230,1,1,1,0,1,1,1,0,1,1,1,1,0,0,0,0,0,1,0,1,12,1,1,0,0,0,1,0,0,0,0,0,1,0,0,0,0,0,1,0,1,1,1,0,0,8
Sp17_245,Sp17,pre,I consent.,1,5,1,5,5,3,19,Asian,0,0,New,Native,United States,NA,N,95 - 100,98,,7,,1530,,,,,,1,1,1,0,1,1,1,0,0,1,0,1,0,0,0,0,0,1,0,1,10,1,0,1,0,1,0,0,1,1,1,0,0,0,1,1,1,0,0,0,1,1,0,0,1,12
Sp17_056,Sp17,pre,I consent.,1,4,1,5,4,3,19,White,0,0,New,Native,United States,NA,N,95 - 100,99,,,,1540,790,750,800,10,1540,1,1,1,0,0,0,1,0,1,1,1,1,1,1,1,1,1,1,1,1,16,1,1,1,1,1,0,1,1,1,1,1,0,0,1,1,1,1,1,1,1,1,1,1,0,20
Sp17_422,Sp17,pre,I consent.,1,5,1,5,5,3,19,White,0,0,New,Native,United States,NA,Y,95 - 100,99,,5,,1430,710,640,660,8,1350,1,1,1,0,1,1,1,1,0,0,0,0,1,0,0,1,0,0,0,1,10,0,0,0,0,0,0,0,1,0,0,0,0,1,0,0,1,0,0,1,0,1,1,0,0,6
Sp17_043,Sp17,pre,I consent.,1,4,1,4,4,3,19,Asian,1,0,New,Native,United States,NA,N,90 - 94.9,90,,5,,1340,750,590,610,8,1340,1,1,1,1,1,1,1,1,0,1,1,0,0,1,0,0,0,0,1,1,13,0,0,1,0,0,0,0,1,0,1,0,1,1,0,1,1,0,1,1,0,0,0,0,0,9
Sp17_463,Sp17,pre,I consent.,1,4,2,4,4,3,19,Asian,1,0,New,Alien Permanent,India,NA,N,90 - 94.9,93.47,,,,1370,700,670,700,10,1370,1,1,1,1,1,1,1,0,0,0,1,1,1,1,1,1,1,1,1,1,17,1,1,1,1,1,0,0,1,1,1,1,0,1,1,0,1,0,1,1,0,1,1,1,0,17
Sp17_484,Sp17,pre,I consent.,1,4,1,3,3,3,19,Asian,0,0,New,Native,United States,NA,N,95 - 100,99,,,,1220,660,560,610,10,1220,0,0,0,0,1,0,0,0,0,0,1,1,0,0,0,0,0,0,1,0,4,1,1,0,0,1,0,0,1,0,0,0,0,0,0,0,1,0,0,0,0,1,0,1,1,8
Sp17_485,Sp17,pre,I consent.,1,4,1,5,4,2,19,White,1,0,New,Native,United States,NA,N,95 - 100,96,,5,,1230,620,610,500,8,1230,1,1,1,1,1,0,0,1,0,0,1,1,1,0,1,1,0,0,0,0,11,0,1,1,1,1,0,0,0,0,1,0,1,0,0,0,1,0,0,0,1,0,0,0,1,9
Sp17_203,Sp17,pre,I consent.,1,4,1,5,5,3,19,Asian,1,1,New,Native,United States,"$15,000-29,999",,90 - 94.9,91,,7,,1440,800,640,660,10,1440,1,1,1,0,1,0,1,1,0,1,1,0,1,1,1,0,1,1,1,1,15,1,1,1,0,1,0,1,1,1,1,1,0,0,1,1,0,0,0,0,0,0,0,1,0,12
Sp17_354,Sp17,pre,I consent.,2,3,1,5,5,2,19,Black/African American,0,0,New,Native,United States,NA,N,95 - 100,99,,3,,1120,560,560,590,10,1120,1,0,1,1,1,0,0,0,1,0,0,0,0,0,0,0,0,0,0,0,5,0,0,0,1,0,1,0,0,0,0,0,0,1,0,0,0,0,1,0,0,0,0,0,0,4
Sp17_315,Sp17,pre,I consent.,1,4,1,3,3,3,19,Asian,0,0,New,Native,United States,NA,N,95 - 100,95,,7,,1430,,,,,,0,1,1,0,1,0,1,1,1,1,1,1,1,1,0,1,1,1,1,0,15,0,1,1,1,0,0,0,0,1,1,0,0,0,0,0,1,0,1,0,0,1,0,0,1,9
Sp17_123,Sp17,pre,I consent.,2,4,1,5,5,3,19,White,1,0,New,Native,United States,NA,N,95 - 100,95,3.17,,,1390,600,590,580,8,1190,0,1,1,0,1,1,1,1,1,1,1,1,0,1,1,1,1,1,1,1,17,1,1,1,0,1,0,1,1,1,1,1,0,1,1,1,1,0,1,1,1,1,0,1,1,19
Sp17_009,Sp17,pre,I consent.,1,4,1,4,,0,19,White,1,0,New,Native,United States,NA,N,90 - 94.9,92,,8,,1260,700,560,520,8,1260,1,1,1,0,1,0,0,0,1,1,1,0,0,1,1,0,0,1,0,0,10,0,1,1,0,0,1,0,1,0,1,0,1,0,0,0,0,0,1,0,0,1,0,0,0,8
Sp17_383,Sp17,pre,I consent.,1,4,1,5,5,3,19,White,1,0,New,Native,United States,NA,N,95 - 100,99,,6,,1430,,,,,,1,1,1,0,1,1,1,1,0,1,1,1,0,1,1,1,1,1,1,1,17,1,1,1,0,1,0,1,1,1,1,0,0,1,1,1,1,0,0,1,0,1,0,0,1,15
Sp17_073,Sp17,pre,I consent.,2,4,3,4,2,0,19,Hispanic of any race,0,1,New,Native,United States,"$15,000-29,999",,85 - 89.9,86,3.3,3,,1080,510,570,540,9,1080,1,0,1,0,1,0,0,1,0,1,0,0,1,1,0,0,0,0,0,0,7,1,1,0,0,0,0,0,0,0,1,0,1,1,0,0,1,0,0,0,1,0,0,0,0,7
Sp17_153,Sp17,pre,I consent.,2,3,1,5,5,0,19,White,1,1,New,Native,United States,"$0-14,999",,85 - 89.9,89,,6,,950,450,500,470,8,950,0,0,0,0,0,0,0,1,0,0,0,0,0,1,0,0,0,0,1,1,4,1,0,0,0,0,0,0,0,1,1,0,1,0,0,0,1,0,0,1,0,0,1,0,0,7
Sp17_476,Sp17,pre,I consent.,1,4,1,4,4,3,20,Asian,0,1,New,Native,United States,"$30,000-44,999",,90 - 94.9,92,,5,,1310,670,640,710,11,1310,0,1,1,0,1,0,1,1,0,1,1,0,1,1,1,1,1,1,1,0,14,1,0,1,1,0,1,0,1,0,1,0,0,0,1,0,0,0,0,0,1,0,0,0,0,8
Sp17_506,Sp17,pre,I consent.,1,4,2,3,3,2,20,Asian,1,0,New,Native,United States,NA,Y,90 - 94.9,90,,4,,1390,710,580,660,8,1290,1,1,1,1,1,1,1,1,0,1,1,1,0,0,1,0,1,1,1,1,16,0,0,1,0,1,0,0,1,1,1,1,0,1,1,1,1,0,1,1,0,1,0,1,0,14
Sp17_231,Sp17,pre,I consent.,1,4,1,5,5,3,19,Asian,0,0,New,Native,United States,NA,N,90 - 94.9,93,,2.5,,1200,610,590,580,10,1200,1,1,0,0,1,1,1,1,0,1,1,0,1,1,1,0,0,1,1,1,14,1,1,1,1,1,1,1,1,1,1,0,0,1,1,1,1,1,1,1,1,1,1,0,0,20
Sp17_397,Sp17,pre,I consent.,1,4,1,5,5,3,19,Asian,1,0,New,Native,United States,NA,Y,95 - 100,97,3,4,,1430,660,670,670,10,1330,0,1,1,0,1,0,1,0,1,1,1,1,1,1,1,1,1,1,1,1,16,1,1,0,1,1,0,0,1,0,1,0,1,0,1,1,0,0,1,0,1,1,1,0,1,14
Sp17_469,Sp17,pre,I consent.,1,3,2,4,4,3,20,White,1,0,New,Naturalized,Unknown,NA,Y,90 - 94.9,91,,5,,1200,620,580,560,10,1200,1,1,1,0,1,1,0,1,1,1,1,1,0,1,1,1,0,0,1,0,14,1,0,1,1,0,1,0,0,1,1,0,0,1,1,0,1,0,0,0,1,0,0,0,0,10
Sp17_042,Sp17,pre,I consent.,2,4,1,5,5,0,19,White,0,0,New,Native,United States,NA,N,95 - 100,95,,8,,1290,650,640,660,8,1290,1,1,0,0,1,1,1,1,1,1,0,1,1,1,1,1,1,0,1,1,16,1,0,1,1,1,0,1,1,1,1,1,1,1,1,1,1,0,1,1,1,1,0,1,1,20
Sp17_297,Sp17,pre,I consent.,2,3,1,4,4,2,20,White,0,0,New,Native,United States,NA,Y,95 - 100,98,,3,,1240,610,630,600,10,1240,1,1,1,1,1,1,0,1,1,0,1,0,1,1,1,1,0,0,0,0,13,1,0,0,0,1,0,0,0,0,1,0,0,0,1,0,1,0,0,0,1,1,0,0,1,8
Sp17_324,Sp17,pre,I consent.,2,4,2,4,4,3,20,Asian,0,1,New,Alien Permanent,Philippines,NA,N,95 - 100,99,,4,,1200,580,540,640,10,1120,0,1,0,1,1,0,0,1,0,1,1,1,0,1,1,0,0,0,0,1,10,0,1,0,1,0,1,0,0,0,0,0,1,1,0,0,1,0,0,0,1,0,0,0,0,7
Sp17_212,Sp17,pre,I consent.,1,3,1,,5,3,20,Black/African American,1,1,New,Naturalized,Unknown,NA,N,95 - 100,95,,4,,1200,,,,,,0,1,1,0,1,0,1,0,1,0,0,1,1,1,1,1,0,0,0,0,10,1,0,0,0,0,1,0,0,1,0,0,1,0,0,0,1,0,0,0,1,0,1,0,1,8
Sp17_355,Sp17,pre,I consent.,1,4,1,5,5,3,19,Hispanic of any race,0,1,Other,Native,United States,NA,Y,95 - 100,97,,4,,1230,580,650,580,9,1230,1,0,0,1,0,1,1,1,0,0,1,1,0,0,1,1,1,1,1,1,13,0,1,1,1,0,0,1,1,0,0,0,0,1,1,0,0,1,0,0,1,1,0,0,0,10
Sp17_145,Sp17,pre,I consent.,2,4,1,4,4,3,19,Hispanic of any race,0,0,Other,Native,United States,NA,,90 - 94.9,94,,3,,1250,,,,,,1,1,0,0,1,0,0,1,1,0,0,0,1,1,0,1,0,0,0,0,8,0,1,0,1,0,0,0,0,0,0,0,0,1,0,0,0,0,1,0,1,0,0,0,0,5
Sp17_274,Sp17,pre,I consent.,3,3,1,5,5,0,19,White,0,0,New,Native,United States,NA,Y,95 - 100,97,,3,,1280,610,610,610,8,1220,1,1,1,1,1,0,1,1,0,1,1,0,0,1,0,0,0,0,0,0,10,0,1,0,1,0,0,0,0,0,0,0,0,0,0,0,0,0,1,0,0,0,0,0,0,3
Sp17_170,Sp17,pre,I consent.,1,4,1,4,4,3,19,Hispanic of any race,0,1,New,Native,United States,NA,Y,95 - 100,99,,6,,1220,600,620,620,8,1220,0,1,1,0,1,0,1,1,0,1,0,1,1,1,1,1,0,1,1,1,14,0,1,1,0,1,0,0,1,0,1,0,0,0,0,0,1,0,0,0,1,1,1,0,0,9
Sp17_421,Sp17,pre,I consent.,2,4,1,4,4,3,19,White,0,1,New,Native,United States,NA,Y,95 - 100,99,,,,1230,560,670,540,10,1230,1,1,1,0,1,0,1,1,1,1,0,1,0,1,0,0,0,0,0,1,11,0,1,0,1,1,1,0,0,0,1,0,0,1,1,0,0,0,0,1,1,0,0,0,0,9
Sp17_161,Sp17,pre,I consent.,2,3,1,3,3,3,19,Hispanic of any race,0,0,Other,Native,United States,NA,,95 - 100,95,,3,,1190,560,490,480,8,1050,1,1,1,1,0,0,1,1,1,0,1,1,0,1,0,1,1,0,1,0,13,0,1,1,1,0,0,0,0,0,1,0,0,0,1,0,0,0,1,0,1,1,1,0,1,10
Sp17_313,Sp17,pre,I consent.,1,3,1,4,4,3,19,White,1,0,New,Native,United States,NA,N,95 - 100,96,,5,,1240,650,540,570,8,1190,0,1,1,0,0,0,0,1,1,0,0,1,1,0,1,0,0,0,0,1,8,0,1,0,0,0,0,0,1,1,1,0,0,1,1,0,0,0,1,0,1,1,0,0,1,10
Sp17_299,Sp17,pre,I consent.,2,3,1,5,5,0,19,Hispanic of any race,1,1,New,Native,United States,"$15,000-29,999",,85 - 89.9,86,,3,,950,500,450,480,8,950,1,1,1,1,0,0,0,0,1,0,0,0,0,0,1,0,0,0,0,0,6,0,0,1,0,0,0,0,0,0,0,0,0,0,0,0,0,0,1,0,1,1,1,1,0,6
Sp17_431,Sp17,pre,I consent.,2,4,1,5,5,0,19,White,0,1,New,Native,United States,"$30,000-44,999",,95 - 100,99,,,,1320,690,630,620,8,1320,0,1,1,1,1,1,1,1,0,1,0,1,0,1,1,0,1,1,1,1,15,1,1,1,0,1,0,1,1,1,1,1,0,1,1,1,0,0,0,0,0,0,1,0,0,13
Sp17_092,Sp17,pre,I consent.,1,4,1,5,5,3,19,Black/African American,0,0,New,Native,United States,NA,N,95 - 100,99,,6,,1390,,,,,,1,1,1,0,1,0,1,1,0,1,1,1,1,1,1,1,1,0,0,0,14,0,1,1,0,0,0,0,1,1,1,1,0,0,1,0,1,1,0,0,0,1,1,1,0,12
Sp17_566,Sp17,pre,I consent.,1,4,1,5,5,3,20,White,0,0,New,Native,United States,NA,N,95 - 100,99,,3,,1350,,,,,,1,1,1,0,1,1,1,1,0,1,1,1,1,1,1,0,1,1,1,1,17,1,1,1,0,1,0,0,1,1,1,1,1,1,1,1,1,1,1,1,0,1,1,1,1,20
Sp17_225,Sp17,pre,I consent.,1,4,1,5,5,3,20,White,0,0,New,Native,United States,NA,Y,95 - 100,98.15,3.73,4,,1280,640,580,590,8,1220,0,1,0,0,1,0,0,0,0,1,1,1,0,1,1,1,1,1,1,0,11,1,1,0,1,1,0,1,1,1,1,0,0,1,0,0,1,0,1,1,1,1,0,0,1,15
Sp17_259,Sp17,pre,I consent.,1,4,1,5,5,3,19,White,0,0,New,Native,United States,NA,N,95 - 100,99,,5,,1430,730,670,720,9,1400,1,1,1,1,1,1,1,1,1,0,1,1,1,1,1,1,1,0,1,1,18,1,1,1,0,1,0,0,1,1,1,0,0,1,1,1,1,0,1,1,1,1,0,0,0,15
Sp17_381,Sp17,pre,I consent.,1,5,1,5,5,3,18,White,0,0,New,Native,United States,NA,N,95 - 100,99.48,4,,,1590,740,760,800,10,1500,1,1,1,0,1,1,1,1,1,1,1,0,1,1,1,1,1,1,1,1,18,1,1,1,1,1,0,0,1,1,1,1,0,1,0,1,1,1,1,1,1,1,0,1,1,19
Sp17_508,Sp17,pre,I consent.,1,3,1,3,3,0,19,Asian,1,0,New,Native,United States,NA,N,90 - 94.9,91,,7,,1460,730,730,670,9,1460,1,1,1,1,1,1,1,1,0,0,1,0,0,0,0,0,0,0,0,1,10,0,0,1,1,1,1,0,1,0,0,0,1,0,0,0,0,0,0,0,1,0,0,1,0,8
Sp17_075,Sp17,pre,I consent.,2,4,2,4,4,3,19,Asian,0,0,New,Native,United States,"$65,000-84,999",,95 - 100,97,,9,,1230,710,520,650,10,1230,0,1,1,1,1,0,0,1,0,0,1,1,0,0,1,0,0,0,0,0,8,0,0,0,1,0,0,0,0,1,1,0,0,1,0,0,1,0,0,0,1,0,0,0,0,6
Sp17_091,Sp17,pre,I consent.,2,4,2,5,5,3,19,Asian,0,1,New,Native,United States,"$15,000-29,999",,90 - 94.9,92,,8,,1320,700,600,650,8,1300,0,1,1,0,1,0,1,0,0,1,1,1,0,1,1,0,0,0,0,0,9,1,0,1,0,0,0,0,0,0,1,0,0,1,1,0,1,0,1,0,0,0,0,0,0,7
Sp17_107,Sp17,pre,I consent.,1,3,1,4,4,3,19,Asian,1,0,New,Native,United States,NA,,85 - 89.9,88,,5,,1320,680,640,710,9,1320,1,1,1,1,1,0,0,0,0,1,1,1,1,1,1,1,0,0,0,0,12,0,1,0,0,0,1,0,0,0,0,0,1,0,0,0,0,0,0,1,1,0,0,0,1,6
Sp17_498,Sp17,pre,I consent.,2,3,2,3,2,0,20,Asian,0,1,New,Alien Permanent,Chi,"$0-14,999",,90 - 94.9,90,,5,,1230,770,460,510,10,1230,1,1,1,0,0,0,0,1,0,0,1,1,0,0,0,0,0,0,0,1,7,0,1,0,1,0,1,0,1,0,0,0,0,1,0,0,0,0,1,0,0,0,0,0,0,6
Sp17_130,Sp17,pre,I consent.,3,3,1,4,4,0,20,Black/African American,0,1,New,Native,United States,"$0-14,999",,85 - 89.9,85,,3,,920,450,470,510,8,920,1,1,1,1,1,0,1,1,0,1,1,0,0,1,1,1,0,1,0,1,14,1,0,1,0,0,0,0,0,0,1,0,0,1,0,0,1,0,1,0,0,0,0,0,0,6
Sp17_032,Sp17,pre,I consent.,1,4,1,4,4,3,19,Black/African American,1,0,New,Native,United States,NA,Y,90 - 94.9,94,,,,1280,600,480,490,8,1080,0,1,1,1,1,0,1,1,1,1,1,1,0,1,0,0,1,1,1,1,15,1,0,0,0,1,0,0,0,1,0,0,0,1,0,1,1,0,1,1,1,0,0,0,1,10
Sp17_005,Sp17,pre,I consent.,1,4,1,5,5,2,19,Black/African American,0,1,Other,Native,United States,NA,Y,95 - 100,98,,6,,1350,550,610,650,10,1160,1,1,1,0,1,0,0,0,0,1,1,1,0,1,0,1,1,1,0,0,11,0,0,0,1,0,0,0,0,0,0,0,0,1,0,0,0,0,0,0,1,0,0,0,0,3
Sp17_050,Sp17,pre,I consent.,1,4,1,5,5,3,19,White,0,0,New,Native,United States,NA,Y,90 - 94.9,94,,,,1280,600,630,690,9,1230,1,1,1,1,1,0,1,0,1,0,0,0,0,1,1,1,0,0,1,1,12,0,0,1,1,0,0,0,1,0,0,0,0,0,0,0,0,0,1,0,0,0,0,0,0,4
Sp17_012,Sp17,pre,I consent.,1,4,1,5,5,3,19,Asian,0,1,New,Native,United States,"$30,000-44,999",,85 - 89.9,85,,4,,1300,700,600,580,8,1300,1,1,1,0,0,1,0,0,1,0,1,0,0,0,0,0,0,0,1,1,8,0,1,0,0,0,0,0,0,0,1,0,0,0,0,0,0,0,1,0,0,0,0,0,1,4
Sp17_468,Sp17,pre,I consent.,2,4,1,4,4,0,19,White,0,1,New,Native,United States,"$0-14,999",,90 - 94.9,91,,7,,1390,720,640,640,9,1360,1,1,1,1,1,1,1,1,0,0,1,1,0,1,1,0,1,0,1,0,14,0,1,0,1,1,0,0,1,1,0,0,0,1,1,0,1,0,1,1,1,1,1,0,0,13
Sp17_251,Sp17,pre,I consent.,1,3,1,3,3,3,19,Asian,1,0,New,Native,United States,NA,N,85 - 89.9,86,,5,,1380,730,650,700,10,1380,1,1,1,0,1,1,1,1,0,1,1,1,1,0,1,1,1,1,1,1,17,1,1,1,1,1,0,0,1,1,1,0,1,1,1,1,1,1,0,1,0,1,1,1,1,19
Sp17_068,Sp17,pre,I consent.,1,4,2,5,5,3,20,Hispanic of any race,1,1,New,Native,United States,"$0-14,999",,90 - 94.9,90,,4,,1130,580,550,590,8,1130,1,1,1,0,1,0,0,0,0,0,1,1,0,0,1,0,1,1,1,1,11,0,0,0,0,0,0,0,0,0,1,0,0,1,0,1,1,0,0,0,1,1,0,0,0,6
Sp17_423,Sp17,pre,I consent.,3,3,1,5,4,0,19,Black/African American,1,1,New,Native,United States,"$0-14,999",,80 - 84.9,82,,2,,910,450,460,460,4,910,0,1,1,0,1,0,0,0,1,0,0,0,0,0,0,1,0,0,0,0,5,0,1,1,0,0,0,0,0,0,0,0,0,1,0,0,0,0,1,1,0,0,0,0,0,5
Sp17_443,Sp17,pre,I consent.,1,4,2,4,4,3,19,White,0,0,New,Alien Permanent,Iran (Islamic Republic Of),NA,N,90 - 94.9,91.14,,3,,1280,,,,,,0,1,1,0,1,1,1,1,0,0,0,0,0,1,1,1,0,1,1,1,12,1,0,0,0,0,0,0,0,0,0,0,0,0,1,1,1,0,1,0,0,1,0,0,0,6
Sp17_298,Sp17,pre,I consent.,1,4,1,4,4,3,19,Asian,0,0,New,Native,United States,NA,N,95 - 100,95,,5,,1210,630,580,670,9,1210,0,1,1,0,1,0,0,1,0,0,0,1,1,0,0,1,0,0,0,1,8,1,1,0,0,0,1,0,1,1,1,0,0,1,0,0,1,1,1,0,1,1,0,0,0,12
Sp17_187,Sp17,pre,I consent.,1,3,1,4,4,3,20,White,0,0,New,Native,United States,NA,N,90 - 94.9,91,,4,,1350,610,660,600,8,1270,1,0,1,1,1,1,0,0,1,0,0,0,1,0,0,0,1,1,0,1,10,0,0,0,1,0,1,1,1,0,0,0,0,0,0,0,1,0,0,1,1,1,0,0,0,8
Sp17_528,Sp17,pre,I consent.,1,4,1,4,4,3,20,Asian,1,1,New,Native,United States,NA,Y,95 - 100,98,,7,,1350,750,600,430,8,1350,1,0,1,0,0,1,0,0,0,1,1,1,0,0,0,0,0,1,0,1,8,0,1,0,0,1,0,0,0,0,1,0,0,1,1,1,1,0,0,0,0,1,0,0,0,8
Sp17_477,Sp17,pre,I consent.,2,3,1,4,4,0,19,White,1,1,New,Native,United States,NA,,90 - 94.9,93,,3,,1200,540,580,490,6,1120,1,1,1,0,1,0,0,0,0,0,1,1,0,0,1,1,0,0,0,0,8,0,0,0,0,0,0,0,0,0,0,0,0,0,0,0,0,0,1,0,1,0,0,0,0,2
Sp17_532,Sp17,pre,I consent.,1,4,1,4,4,3,19,Asian,1,1,Other,Native,United States,"$15,000-29,999",,95 - 100,97,,5,,1410,710,610,640,8,1320,0,1,1,0,1,1,1,1,0,1,1,1,1,1,1,1,1,1,1,1,17,1,1,0,0,1,0,0,0,1,1,1,0,1,1,1,1,0,0,1,1,1,1,1,1,16
Sp17_390,Sp17,pre,I consent.,1,4,1,5,4,3,19,White,1,0,New,Native,United States,NA,N,90 - 94.9,92,,5,,1390,640,700,610,10,1340,1,1,1,0,1,0,1,0,1,1,1,1,1,1,1,0,1,1,1,0,15,1,1,1,1,1,1,0,1,1,1,1,1,1,0,0,1,1,0,1,1,1,0,0,1,18
Sp17_533,Sp17,pre,I consent.,3,3,2,4,4,0,19,Asian,0,1,New,Alien Permanent,Chi,"$15,000-29,999",,90 - 94.9,90,,6,,1250,750,500,590,9,1250,1,1,0,0,0,0,0,0,0,0,1,1,1,0,0,1,0,1,0,0,7,0,1,0,0,1,0,0,0,0,0,0,0,1,0,0,1,0,0,0,1,1,0,0,0,6
Sp17_437,Sp17,pre,I consent.,1,4,2,4,3,3,19,Asian,1,1,New,Native,United States,NA,Y,90 - 94.9,93,,5,,1350,740,610,610,8,1350,0,1,1,0,1,1,0,0,1,1,1,1,0,0,0,0,0,0,0,1,9,1,0,0,0,0,0,0,0,0,1,0,0,0,0,0,0,0,0,0,0,1,0,1,0,4
Sp17_456,Sp17,pre,I consent.,2,5,1,4,4,0,19,Black/African American,0,0,New,Native,United States,NA,N,95 - 100,97,,8,,1280,,,,,,1,1,1,1,1,0,0,0,1,0,1,1,0,1,0,1,1,1,0,0,12,1,0,0,1,0,0,0,0,0,0,0,1,1,0,1,1,0,1,0,1,0,0,0,0,8
Sp17_069,Sp17,pre,I consent.,1,4,1,5,5,3,19,White,0,1,New,Native,United States,NA,N,95 - 100,99,,,,1390,630,700,670,9,1330,1,1,0,0,1,1,1,1,1,1,1,0,1,1,1,1,1,1,1,1,17,1,1,1,1,1,0,0,1,1,0,0,1,1,0,1,1,1,1,1,1,0,0,0,0,15
Sp17_358,Sp17,pre,I consent.,1,3,1,3,3,3,19,Asian,0,1,New,Native,United States,"$30,000-44,999",,95 - 100,96,,4,,1160,550,540,500,8,1090,1,1,0,0,1,0,0,0,0,1,1,0,0,1,1,1,0,0,1,1,10,0,1,1,1,1,1,0,0,1,0,0,0,1,1,0,1,0,1,1,0,1,0,0,1,13
Sp17_183,Sp17,pre,I consent.,1,4,2,4,4,3,19,Asian,0,0,New,Native,United States,NA,N,90 - 94.9,90,,,,1280,630,630,590,8,1260,1,1,1,1,0,0,0,1,0,0,0,1,0,1,0,1,0,0,0,0,8,0,1,0,0,0,1,0,0,0,1,0,0,1,0,0,1,0,1,0,0,0,0,0,0,6
Sp17_010,Sp17,pre,I consent.,1,4,1,5,5,3,19,Asian,0,0,New,Native,United States,NA,N,95 - 100,98,,4,,1350,680,600,640,9,1280,1,1,1,0,1,0,1,0,0,1,0,1,1,1,1,1,0,1,1,1,14,1,1,0,1,1,0,0,1,0,1,1,0,1,1,1,1,1,0,1,1,1,0,1,0,16
Sp17_144,Sp17,pre,I consent.,1,3,2,5,5,3,20,Asian,0,1,Transfer,Naturalized,"Korea, Republic of","$15,000-29,999",N,Unknown,,2.92,,,1190,660,530,570,8,1190,1,0,1,0,1,0,1,1,0,1,1,1,0,0,0,0,0,0,0,0,8,0,0,0,0,0,0,1,1,0,0,0,0,0,0,0,0,0,0,0,0,1,0,0,0,3
Sp17_425,Sp17,pre,I consent.,1,4,1,5,5,3,19,White,1,0,New,Native,United States,NA,N,95 - 100,96,,,,1320,700,620,630,8,1320,1,1,1,0,1,1,1,1,0,0,0,0,0,1,1,1,0,0,0,0,10,1,1,1,1,1,0,1,1,0,0,0,0,0,1,0,1,1,1,1,1,1,1,1,0,16
Sp17_128,Sp17,pre,I consent.,1,5,1,5,5,3,19,White,0,0,New,Native,United States,NA,N,95 - 100,99,,,,1530,700,700,700,11,1400,1,1,1,0,0,1,1,1,1,1,1,1,0,1,1,1,1,1,1,0,16,1,0,1,1,1,0,0,1,1,1,0,0,1,1,1,1,1,1,1,0,1,0,1,0,16
Sp17_361,Sp17,pre,I consent.,1,4,1,5,5,3,20,Black/African American,0,1,New,Native,United States,NA,Y,95 - 100,99,,,,1180,690,490,600,8,1180,1,1,0,0,0,0,0,0,0,0,0,1,1,0,0,0,0,0,0,0,4,0,0,1,0,0,1,0,0,1,1,1,0,0,1,0,0,0,0,0,0,1,0,0,0,7
Sp17_340,Sp17,pre,I consent.,1,4,1,5,5,3,19,White,0,1,New,Native,United States,NA,Y,95 - 100,98,,,,1250,650,600,600,8,1250,1,1,1,0,1,0,0,0,0,0,1,1,1,1,1,0,0,0,0,0,9,0,0,0,0,0,0,0,1,0,1,0,0,1,0,0,1,0,1,0,1,0,0,0,1,7
Sp17_022,Sp17,pre,I consent.,2,4,1,5,4,3,19,Asian,0,0,New,Native,United States,NA,Y,95 - 100,95,,6,,1240,,,,,,1,1,1,0,1,1,0,1,1,1,0,0,0,1,1,1,0,0,1,1,13,1,1,0,1,1,0,0,0,1,0,0,1,1,1,0,0,0,1,0,0,0,0,0,0,9
Sp17_017,Sp17,pre,I consent.,1,4,1,5,5,3,20,White,1,0,New,Native,United States,NA,N,95 - 100,99,,,,1590,800,780,710,10,1580,0,1,1,0,1,1,0,0,1,1,1,0,0,0,1,1,0,1,1,1,12,0,1,0,0,1,0,0,0,1,1,1,0,0,0,1,1,0,0,1,1,1,1,0,0,11
Sp17_243,Sp17,pre,I consent.,2,4,1,5,5,3,20,Asian,0,0,New,Native,United States,NA,N,95 - 100,99,,7,,1460,770,690,720,11,1460,0,0,0,1,1,0,0,0,0,0,0,1,1,0,0,0,1,0,1,0,6,0,1,0,0,0,1,0,1,0,0,0,0,0,1,0,0,0,1,1,0,1,1,1,0,9
Sp17_333,Sp17,pre,I consent.,2,3,1,5,5,1,19,White,0,1,New,Native,United States,"$45,000-64,999",N,90 - 94.9,94,,4,,1250,650,600,600,11,1250,1,1,1,1,0,0,1,0,0,1,1,1,0,0,1,1,0,0,0,0,10,1,1,0,0,0,0,0,1,0,0,0,0,1,0,1,1,0,1,0,1,1,0,0,0,9
Sp17_488,Sp17,pre,I consent.,2,3,1,5,5,1,19,Asian,1,1,New,Naturalized,Unknown,NA,N,90 - 94.9,92,,,,1260,630,630,660,10,1260,1,1,1,0,1,0,0,1,1,0,1,0,1,0,0,1,0,1,0,0,10,1,1,1,1,0,0,1,1,1,1,0,1,1,0,1,1,1,1,0,1,0,0,0,0,15
Sp17_175,Sp17,pre,I consent.,1,3,2,4,4,2,18,Asian,0,1,New,Native,United States,NA,Y,95 - 100,95,,4,,1280,660,620,600,9,1280,1,1,1,0,1,0,1,1,0,1,1,0,0,0,1,0,1,0,1,1,12,1,1,1,1,1,0,0,1,1,1,1,1,1,0,0,1,0,1,1,0,1,0,1,1,17
Sp17_233,Sp17,pre,I consent.,1,4,1,5,5,3,19,Asian,0,0,New,Naturalized,Unknown,NA,N,95 - 100,95,,9,,1520,720,800,750,10,1520,1,1,1,0,1,1,1,1,1,1,0,1,1,1,1,1,1,1,1,1,18,1,1,1,0,1,0,1,1,1,1,1,0,1,1,1,1,1,1,1,0,1,1,1,1,20
Sp17_290,Sp17,pre,I consent.,2,3,1,4,4,0,19,Asian,0,0,New,Native,United States,NA,Y,90 - 94.9,91,,5,,1200,600,550,570,9,1150,1,1,0,0,0,1,0,1,1,1,1,1,0,0,1,1,0,1,1,0,12,1,1,0,1,1,0,0,1,1,1,0,0,1,0,0,1,0,1,1,1,1,0,0,0,13
Sp17_120,Sp17,pre,I consent.,1,4,1,5,5,3,20,White,1,0,New,Native,United States,NA,Y,95 - 100,99,,,,1240,,,,,,0,1,1,0,0,0,0,1,1,0,1,0,0,1,1,1,0,1,1,1,11,1,1,0,1,1,0,0,1,1,1,0,0,1,1,1,1,0,0,1,1,1,0,0,1,15
Sp17_061,Sp17,pre,I consent.,1,4,1,5,5,3,19,White,0,0,New,Native,United States,NA,Y,95 - 100,99,,7,,1350,,,,,,1,0,1,0,1,1,1,1,1,1,1,1,1,1,1,1,1,1,1,1,18,1,1,1,1,1,1,1,1,1,1,1,1,1,1,1,1,1,1,1,1,1,1,1,1,24
Sp17_589,Sp17,pre,I consent.,3,3,2,3,3,2,20,Hispanic of any race,0,1,New,Native,United States,NA,Y,85 - 89.9,88,,3,,950,490,460,460,8,950,1,1,1,0,1,1,1,1,1,1,1,1,1,1,1,1,1,1,1,1,19,1,1,1,1,1,1,1,1,1,1,1,1,1,1,1,1,1,1,1,1,1,1,1,1,24
Sp17_568,Sp17,pre,I consent.,2,4,1,5,5,2,19,Black/African American,0,0,New,Native,United States,"$30,000-44,999",,90 - 94.9,92,,3,,1170,500,670,540,8,1170,1,1,1,1,1,0,0,0,1,1,1,1,0,1,1,1,0,1,0,0,13,0,1,0,1,0,0,0,0,0,1,0,0,0,0,1,0,0,1,0,1,0,0,0,0,6
Sp17_388,Sp17,pre,I consent.,1,4,1,3,3,3,20,,0,0,New,Native,United States,NA,N,90 - 94.9,93,,,,1430,,,,,,0,1,1,0,1,1,1,1,1,1,1,1,1,1,1,1,1,1,1,1,18,1,1,1,1,1,0,1,1,1,1,1,0,1,1,1,1,1,1,1,1,1,0,0,1,20
Sp17_512,Sp17,pre,I consent.,2,4,2,4,4,3,19,Asian,0,0,New,Undocumented Alien,Hong Kong,"$0-14,999",,90 - 94.9,94,,3,,1160,560,600,580,9,1160,1,1,1,0,1,0,1,0,1,0,0,0,0,1,1,1,0,1,1,1,12,0,1,0,0,0,0,0,0,1,1,0,0,1,0,0,0,0,1,0,1,0,0,0,0,6
Sp17_260,Sp17,pre,I consent.,1,4,1,4,4,3,20,White,1,0,New,Native,United States,NA,N,95 - 100,97,,,,1390,680,700,720,10,1380,0,1,1,0,1,0,1,0,1,0,1,1,1,1,1,1,1,0,1,1,14,1,1,1,0,1,0,1,1,1,1,0,0,1,1,1,1,1,1,1,1,1,1,1,1,20
Sp17_276,Sp17,pre,I consent.,1,4,1,5,5,3,19,Hispanic of any race,1,0,New,Native,United States,NA,N,95 - 100,99,,,,1350,650,650,660,10,1300,1,1,1,1,1,0,1,1,1,1,1,0,0,1,0,0,0,1,0,1,13,1,1,1,0,0,0,0,0,0,1,0,0,0,1,0,1,0,0,0,0,0,0,0,0,6
Sp17_375,Sp17,pre,I consent.,1,4,1,4,4,3,19,Asian,1,0,Other,Native,United States,NA,Y,90 - 94.9,92,,7,,1330,750,580,660,8,1330,0,1,1,0,0,1,0,0,0,0,0,0,0,0,0,1,0,1,0,0,5,0,0,0,0,0,1,0,1,0,1,0,0,0,0,1,0,0,0,0,0,0,0,0,0,4
Sp17_131,Sp17,pre,I consent.,2,4,1,5,5,0,20,Hispanic of any race,1,0,New,Native,United States,NA,N,90 - 94.9,92,,5,,1240,610,630,600,8,1240,1,1,0,0,1,1,1,1,0,0,1,0,0,1,1,1,0,0,1,0,11,1,1,0,1,1,1,1,1,1,1,0,1,1,0,1,1,0,1,1,1,0,0,0,0,16
Sp17_300,Sp17,pre,I consent.,1,4,1,4,3,3,20,White,1,0,New,Native,United States,NA,N,90 - 94.9,94,3.88,4,,1200,580,620,580,7,1200,1,1,1,1,1,0,1,0,1,0,1,1,0,1,1,0,0,1,1,0,13,1,1,1,0,0,0,0,1,1,1,0,0,1,0,1,1,0,0,1,0,1,1,0,0,12
Sp17_007,Sp17,pre,I consent.,1,3,2,4,3,2,19,Asian,1,1,New,Naturalized,Unknown,NA,N,90 - 94.9,93,,3,,1360,670,690,590,10,1360,1,1,1,0,0,0,1,0,0,0,0,1,1,0,0,1,0,0,0,1,8,0,0,1,1,1,0,0,0,0,1,0,0,0,1,0,1,0,0,1,1,1,0,0,0,9
Sp17_086,Sp17,pre,I consent.,2,4,1,5,,3,20,Hispanic of any race,0,0,New,Native,United States,NA,N,95 - 100,99,,5,,1150,580,570,610,9,1150,0,1,1,0,0,1,1,1,1,0,1,1,1,1,1,1,0,0,1,1,14,1,1,1,0,1,1,0,1,1,0,0,0,0,0,1,1,1,0,1,0,0,1,1,0,13
Sp17_530,Sp17,pre,I consent.,2,3,2,3,2,0,20,Asian,0,0,New,Alien Temporary,Chi,NA,Y,85 - 89.9,86,,,1.5,,,,,,,0,0,0,0,0,0,1,0,0,0,0,0,1,0,0,1,0,1,0,0,4,0,0,0,0,1,0,1,1,0,1,1,1,0,0,0,0,0,1,0,0,0,0,0,0,7
Sp17_466,Sp17,pre,I consent.,1,4,1,5,5,3,19,Asian,1,0,New,Naturalized,Unknown,NA,N,95 - 100,96,,6,,1450,800,650,630,10,1450,1,1,1,1,1,1,1,1,0,0,1,0,1,0,0,0,0,1,0,0,11,0,0,0,0,0,0,0,0,1,1,0,1,0,0,0,1,1,0,1,1,0,1,0,0,8
Sp17_028,Sp17,pre,I consent.,2,3,1,3,5,3,19,Asian,1,0,New,Native,United States,NA,N,95 - 100,95,,7,,1280,,,,,,1,1,1,0,1,1,1,1,1,1,1,0,1,0,0,0,1,1,1,1,15,0,1,1,0,1,1,0,1,0,1,0,1,1,1,1,1,0,0,0,1,1,1,1,0,15
Sp17_201,Sp17,pre,I consent.,2,3,1,5,5,0,19,White,0,0,New,Native,United States,NA,N,90 - 94.9,93,,3,,1240,,,,,,0,1,1,0,0,0,0,1,0,0,0,1,0,1,1,0,1,1,0,0,8,1,1,1,1,0,0,0,1,0,1,0,1,1,1,1,1,1,0,1,1,0,0,0,1,15
Sp17_238,Sp17,pre,I consent.,1,4,1,4,4,3,19,White,0,0,New,Native,United States,NA,N,95 - 100,99,,4,,1260,640,620,610,8,1260,1,1,1,0,1,0,1,0,1,0,0,1,1,0,0,1,0,0,1,0,10,0,0,0,0,1,0,0,0,1,1,0,0,1,1,0,1,0,1,0,1,1,0,0,1,10
Sp17_046,Sp17,pre,I consent.,1,3,1,5,5,3,19,White,1,0,New,Native,United States,NA,N,90 - 94.9,93,,4,,1280,620,630,560,8,1250,1,1,1,1,0,1,1,1,0,0,0,1,1,1,0,0,1,0,1,0,12,0,0,0,0,0,1,0,0,0,1,0,0,0,0,0,1,0,1,1,1,1,1,1,0,9
Sp17_003,Sp17,pre,I consent.,1,4,1,5,5,3,19,Hispanic of any race,0,0,New,Native,United States,NA,N,95 - 100,99,,4,,1390,640,680,650,9,1320,1,1,1,0,1,1,1,1,1,1,1,1,1,1,1,0,1,1,1,1,18,1,1,1,1,1,1,0,1,1,1,0,0,1,1,1,1,0,1,1,1,1,1,0,1,19
Sp17_140,Sp17,pre,I consent.,1,3,1,5,3,2,19,White,1,0,New,Native,United States,NA,N,95 - 100,99,,,,1200,610,560,530,7,1170,1,0,1,0,1,0,0,1,0,0,1,1,1,0,1,1,0,1,0,0,10,0,0,0,1,0,0,0,0,0,1,0,1,0,0,0,0,0,0,0,1,0,0,0,0,4
Sp17_577,Sp17,pre,I consent.,2,4,1,4,3,0,19,White,1,0,New,Native,United States,NA,N,85 - 89.9,88,,4,,1440,720,720,800,10,1440,1,1,1,1,1,0,1,0,1,1,1,1,0,1,1,1,1,1,1,1,17,1,1,1,1,1,0,0,1,1,1,1,0,1,1,1,1,0,1,1,1,1,1,1,1,20
Sp17_213,Sp17,pre,I consent.,1,3,1,5,5,3,19,Asian,0,0,New,Native,United States,NA,Y,95 - 100,99,,4,,1300,670,630,700,11,1300,1,1,1,0,1,1,1,1,1,1,1,1,1,1,1,1,0,1,1,1,18,1,1,1,1,1,1,1,1,1,1,1,1,1,1,1,1,1,1,1,1,1,1,1,1,24
Sp17_374,Sp17,pre,I consent.,1,3,2,5,5,3,19,Asian,1,1,New,Native,United States,NA,Y,95 - 100,99,,8,,1310,750,560,610,,1310,1,0,1,0,1,0,0,0,0,0,1,1,0,0,0,1,0,0,0,0,6,0,0,0,0,0,1,0,0,0,0,0,1,0,0,0,1,0,0,0,0,0,0,0,0,3
Sp17_047,Sp17,pre,I consent.,1,3,1,5,5,3,19,White,1,0,New,Native,United States,NA,N,80 - 84.9,84,,3,,1160,530,630,540,7,1160,1,0,1,0,0,0,0,0,0,0,1,0,1,0,1,1,0,0,0,0,6,0,1,0,1,0,0,0,0,0,0,0,0,1,0,0,1,0,0,0,1,0,0,0,0,5
Sp17_364,Sp17,pre,I consent.,1,4,2,5,5,3,19,Asian,1,0,New,Naturalized,Philippines,NA,N,95 - 100,96,,,,1220,670,550,500,6,1220,1,1,1,0,0,1,1,1,1,0,1,1,0,1,0,0,1,1,1,1,14,1,1,1,0,1,0,0,1,1,0,1,1,0,0,0,1,1,1,1,0,1,0,1,0,14
Sp17_127,Sp17,pre,I consent.,2,3,1,3,3,0,19,Black/African American,0,1,New,Native,United States,NA,N,90 - 94.9,93,,3,,1100,620,480,610,8,1100,1,0,1,0,0,0,0,1,0,0,1,1,0,0,0,0,0,1,0,0,6,0,0,1,0,1,0,0,1,0,0,1,1,0,0,0,1,0,1,0,0,1,0,1,0,9
Sp17_371,Sp17,pre,I consent.,1,4,1,5,5,3,19,Asian,1,0,New,Native,United States,NA,N,95 - 100,98,,7,,1430,770,660,670,10,1430,0,1,1,1,1,1,1,1,1,1,0,1,0,0,1,1,1,1,1,1,16,0,1,0,0,0,0,0,0,0,0,0,1,0,0,0,1,0,0,1,0,1,0,0,0,5
Sp17_244,Sp17,pre,I consent.,3,3,2,3,3,2,20,Asian,1,0,New,Native,United States,"$45,000-64,999",,85 - 89.9,86,,6,,1340,720,620,610,8,1340,1,1,0,1,0,0,0,1,1,0,0,1,1,0,0,0,0,0,0,0,7,0,0,0,0,0,0,0,1,0,0,0,0,0,0,0,1,0,1,0,0,0,0,0,1,4
Sp17_481,Sp17,pre,I consent.,1,4,1,4,4,1,19,Black/African American,0,0,New,Native,United States,NA,N,90 - 94.9,94,,2.5,,1200,530,600,610,8,1130,1,1,1,0,1,0,1,1,1,1,1,0,1,1,1,1,0,1,1,0,15,1,0,0,0,0,0,1,1,1,1,0,0,1,0,1,1,0,1,0,0,0,0,0,0,9
Sp17_332,Sp17,pre,I consent.,1,4,1,5,5,3,19,Black/African American,0,1,New,Native,United States,"$0-14,999",,95 - 100,96,,3,,1040,500,540,560,10,1040,1,0,1,1,1,0,0,1,1,0,0,1,0,0,0,1,1,0,0,1,10,0,1,0,0,0,0,0,0,0,1,0,0,1,0,0,1,0,1,0,0,0,0,0,0,5
Sp17_015,Sp17,pre,I consent.,2,4,1,5,4,1,19,Black/African American,1,1,New,Native,United States,"$65,000-84,999",,90 - 94.9,93,,,,1100,570,530,620,10,1100,0,0,1,1,0,0,0,0,0,0,0,1,0,0,1,0,1,1,0,0,6,0,0,0,0,0,0,0,0,0,1,0,0,1,0,0,0,0,0,0,0,0,0,0,0,2
Sp17_199,Sp17,pre,I consent.,1,4,1,4,4,3,19,,1,0,New,Native,United States,NA,N,95 - 100,95,,5,,1500,770,730,700,10,1500,1,1,1,0,1,1,1,1,0,1,1,1,1,1,1,0,1,1,1,1,17,1,1,1,1,1,1,0,1,1,1,0,1,1,1,1,1,1,0,1,1,1,0,0,1,19
Sp17_226,Sp17,pre,I consent.,1,4,2,5,5,3,19,White,1,1,New,Naturalized,Lithuania,NA,N,85 - 89.9,87,,5,,1530,740,720,690,8,1460,0,1,1,0,1,1,1,1,1,1,1,1,1,1,1,1,1,1,1,1,18,1,1,1,1,1,0,1,1,1,1,1,1,1,1,1,1,1,1,1,1,1,1,1,1,23
Sp17_522,Sp17,pre,I consent.,1,4,2,5,5,3,19,White,0,0,New,Native,United States,NA,N,95 - 100,99,,,,1320,690,630,620,8,1320,1,1,1,1,1,1,1,0,1,1,1,1,1,1,1,1,1,1,1,1,19,1,0,1,0,1,0,0,1,1,1,0,0,1,1,1,1,1,1,1,1,1,1,1,1,18
Sp17_097,Sp17,pre,I consent.,1,4,1,4,,3,19,Asian,0,1,Other,Native,United States,NA,Y,95 - 100,95,,7,,1210,690,520,550,9,1210,0,0,1,0,1,1,1,1,1,0,1,1,1,1,1,0,1,0,1,1,14,1,1,1,1,1,0,0,1,1,1,0,0,0,1,0,1,0,0,1,1,1,0,0,1,14
Sp17_197,Sp17,pre,I consent.,1,3,3,4,3,1,19,Hispanic of any race,0,0,Transfer,Native,United States,"105,000-124,999",,90 - 94.9,94,3.04,,,1090,590,450,450,8,1040,0,1,1,1,1,0,1,1,1,0,0,0,0,0,0,1,0,0,1,1,10,1,0,1,1,0,0,1,1,1,1,0,1,0,1,0,1,1,1,1,1,0,0,0,0,14
Sp17_335,Sp17,pre,I consent.,1,4,1,5,5,3,20,Asian,1,1,New,Native,United States,NA,N,95 - 100,99,,7,,1310,690,620,680,9,1310,1,1,1,1,1,1,1,1,1,1,1,1,0,1,1,1,0,1,0,0,16,1,1,0,1,1,1,0,0,1,1,0,0,1,0,1,1,0,0,0,0,1,0,0,1,12
Sp17_449,Sp17,pre,I consent.,2,3,1,3,3,0,19,,1,1,New,Native,United States,NA,N,90 - 94.9,90,,5,,1200,640,520,560,8,1160,1,1,1,1,0,1,0,1,1,1,1,1,0,1,1,1,0,1,1,1,16,0,1,0,0,1,0,0,1,1,1,0,0,0,0,0,1,0,1,1,1,1,0,1,0,11
Sp17_177,Sp17,pre,I consent.,1,3,1,4,4,3,19,White,0,1,New,Native,United States,NA,Y,90 - 94.9,92,,3,,1200,620,580,610,8,1200,1,1,1,1,1,0,0,0,0,0,1,1,0,0,1,0,0,1,0,1,10,1,1,0,0,0,0,0,0,0,0,0,0,1,0,0,1,0,1,0,1,0,0,0,0,6
Sp17_401,Sp17,pre,I consent.,1,3,1,5,5,3,21,Asian,0,1,New,Native,United States,NA,N,90 - 94.9,94,,6,,1390,590,530,570,9,1120,1,1,1,0,1,1,1,1,1,1,0,0,1,1,1,1,0,1,1,1,16,1,1,1,0,1,0,1,0,1,1,0,0,0,1,1,1,1,1,1,1,1,1,1,1,18
Sp17_185,Sp17,pre,I consent.,3,3,1,5,5,2,19,Black/African American,0,1,Other,Alien Permanent,Jamaica,"$0-14,999",,90 - 94.9,93,,4,,960,500,460,440,9,960,1,1,0,0,1,0,0,0,1,1,1,1,0,1,1,0,1,0,0,0,10,0,1,0,1,0,0,0,0,0,0,0,0,1,0,0,0,0,1,0,1,0,0,0,0,5
Sp17_281,Sp17,pre,I consent.,1,4,2,4,4,3,19,Asian,1,1,New,Native,United States,NA,Y,90 - 94.9,93,,8,,1360,700,660,640,8,1360,1,1,1,1,1,1,1,1,1,1,1,1,0,0,1,0,1,1,1,0,16,1,1,1,1,1,0,1,1,1,1,1,0,1,1,1,1,0,0,1,0,1,1,0,1,18
Sp17_265,Sp17,pre,I consent.,2,3,1,4,3,1,19,Asian,0,0,New,Native,United States,NA,Y,90 - 94.9,90,,4,,1260,640,620,680,9,1260,0,1,1,0,1,1,1,0,0,1,1,1,0,1,1,1,0,1,1,0,13,0,0,1,0,1,0,0,1,1,1,0,0,0,1,0,0,1,0,0,1,1,0,0,0,9
Sp17_248,Sp17,pre,I consent.,1,4,1,5,5,3,19,Asian,1,0,New,Native,United States,NA,N,95 - 100,98,,4,,1430,800,630,650,8,1430,1,1,1,0,1,1,1,0,0,0,0,1,0,1,1,0,1,0,1,1,12,1,1,1,0,1,0,0,1,1,1,0,0,1,0,0,0,0,0,1,1,1,0,0,0,11
Sp17_025,Sp17,pre,I consent.,3,3,2,5,5,3,19,Asian,1,1,New,Alien Permanent,"Korea, Republic of",NA,N,90 - 94.9,90,,5,,1550,750,800,720,10,1550,1,1,1,0,1,0,1,0,1,0,1,1,1,1,1,1,1,1,1,0,15,0,1,1,1,1,0,0,1,1,1,1,1,1,0,0,1,1,1,0,1,1,0,1,0,16
Sp17_360,Sp17,pre,I consent.,1,5,1,5,5,3,22,White,1,0,Transfer,Native,United States,"$45,000-64,999",,90 - 94.9,93,3.86,,,,,,,,,1,1,1,0,1,1,1,1,0,1,1,1,1,1,1,1,1,1,1,1,18,1,0,1,0,1,0,1,1,1,0,1,0,1,1,1,1,1,1,1,1,1,1,1,1,19
Sp17_402,Sp17,pre,I consent.,1,4,1,5,5,2,19,Asian,1,0,New,Alien Permanent,India,NA,N,90 - 94.9,91,,6,,1370,710,660,740,11,1370,1,1,1,0,1,0,0,0,0,0,1,1,0,0,0,1,0,0,0,0,7,0,0,0,1,0,0,0,0,0,1,0,1,1,0,0,0,0,0,1,1,1,0,0,0,7
Sp17_392,Sp17,pre,I consent.,1,4,1,4,4,3,20,Hispanic of any race,1,1,New,Native,United States,NA,Y,90 - 94.9,91,,5,,1240,,,,,,0,1,1,0,0,1,1,1,0,1,0,1,1,1,1,1,1,1,0,1,14,1,1,0,0,1,1,0,1,0,1,1,1,1,0,0,1,0,0,0,1,1,0,0,0,12
Sp17_430,Sp17,pre,I consent.,1,4,1,5,5,3,19,Asian,1,0,New,Alien Permanent,India,NA,N,95 - 100,99,,4,,1530,770,760,800,11,1530,1,1,0,0,0,0,0,0,0,1,0,0,0,0,0,0,0,0,1,0,4,0,0,0,0,0,1,1,1,0,1,0,0,0,1,0,0,0,0,0,1,1,0,0,0,7
Sp17_273,Sp17,pre,I consent.,1,4,1,5,5,3,19,Asian,0,1,New,Native,United States,NA,Y,90 - 94.9,92,,,,1500,770,730,730,8,1500,1,1,1,0,1,1,1,0,0,1,1,1,0,0,1,0,0,1,1,1,13,0,0,1,0,1,1,0,1,0,1,0,0,1,1,0,0,0,0,0,1,0,0,0,0,8
Sp17_081,Sp17,pre,I consent.,1,4,1,3,3,3,19,Asian,1,1,New,Native,United States,NA,Y,85 - 89.9,89,,5,,1460,740,720,700,10,1460,1,1,1,0,1,1,1,0,1,0,1,1,1,1,1,1,1,1,1,1,17,1,1,1,1,1,0,0,1,1,1,1,0,1,1,1,1,0,1,1,1,1,0,1,0,18
Sp17_219,Sp17,pre,I consent.,1,3,2,4,3,3,20,Asian,0,0,New,Alien Temporary,"Korea, Republic of",NA,N,85 - 89.9,86,,,,1220,720,500,560,10,1220,1,0,1,0,1,0,0,0,0,0,0,0,0,0,0,1,0,0,0,1,5,0,0,0,0,1,0,0,0,0,1,0,1,0,1,0,0,0,0,0,1,1,0,0,0,6
Sp17_096,Sp17,pre,I consent.,2,3,1,4,3,2,19,Asian,0,0,New,Native,United States,NA,N,95 - 100,97,,7,,1300,710,590,700,9,1300,1,1,1,0,1,0,0,0,0,0,1,1,1,0,1,1,0,0,1,0,10,0,1,0,1,0,0,0,0,0,1,0,0,1,0,0,1,0,0,0,1,0,0,0,1,7
Sp17_405,Sp17,pre,I consent.,2,4,1,5,5,0,19,White,0,1,New,Native,United States,NA,N,95 - 100,98,,3,,1330,650,680,690,9,1330,0,1,1,0,1,1,1,0,0,0,0,1,0,1,1,1,0,1,1,0,11,1,1,0,0,0,1,0,0,1,1,0,0,1,0,1,1,0,1,0,1,1,0,0,0,11
Sp17_074,Sp17,pre,I consent.,1,4,1,5,5,3,19,Asian,1,0,New,Native,United States,NA,N,90 - 94.9,91,,4,,1440,750,690,710,10,1440,1,1,1,1,1,0,1,0,1,1,1,1,0,1,1,0,0,1,0,1,14,0,1,1,1,1,1,0,1,1,1,0,1,1,1,0,1,0,0,1,1,1,0,1,1,17
Sp17_237,Sp17,pre,I consent.,2,4,1,2,,1,19,Asian,0,1,New,Naturalized,Unknown,NA,N,90 - 94.9,93,,4,,1280,640,640,680,11,1280,0,0,0,0,1,0,1,1,1,1,1,0,1,0,1,1,0,0,0,0,9,1,0,0,0,1,1,1,1,0,1,0,1,0,0,0,0,0,0,0,0,0,1,0,0,8
Sp17_417,Sp17,pre,I consent.,1,4,1,4,3,3,19,Asian,1,1,New,Native,United States,NA,N,90 - 94.9,92,,7,,1430,800,620,670,9,1420,1,0,1,0,1,1,0,0,0,1,1,1,1,0,0,0,1,0,1,0,10,0,0,1,0,1,0,0,0,1,1,0,1,1,1,0,0,0,0,0,1,0,0,0,0,8
Sp17_204,Sp17,pre,I consent.,1,4,1,4,4,3,19,Asian,1,1,Transfer,Native,United States,NA,Y,95 - 100,99,,8,,1470,800,670,750,9,1470,1,1,1,0,1,1,1,0,1,1,1,1,1,1,1,1,1,1,1,1,18,1,1,1,1,1,0,0,1,1,1,1,0,0,1,1,1,1,0,1,1,1,1,1,0,18
Sp17_087,Sp17,pre,I consent.,2,4,,,,3,,Asian,1,1,Other,Native,United States,NA,Y,95 - 100,98,,7,,1450,710,740,710,10,1450,1,1,1,0,1,0,1,0,1,0,0,1,0,0,1,1,1,0,1,0,11,1,0,1,1,0,0,0,1,0,1,0,0,0,0,0,1,0,0,0,1,1,0,0,0,8
Sp17_278,Sp17,pre,I consent.,3,3,1,5,5,2,20,Asian,0,1,New,Native,United States,NA,Y,90 - 94.9,90,,3,,1000,460,540,510,8,1000,1,1,1,1,1,0,0,0,1,0,1,1,0,0,0,0,0,0,0,1,9,0,1,0,0,0,0,0,0,0,1,0,1,0,1,0,1,0,0,0,0,0,0,0,0,5
Sp17_502,Sp17,pre,I consent.,1,4,1,4,3,3,19,Asian,0,1,New,Native,United States,NA,Y,95 - 100,96,,5,,1380,800,580,690,9,1380,0,1,0,0,0,0,1,1,1,0,1,1,1,1,0,1,0,1,0,0,10,0,1,1,0,0,0,0,0,0,1,0,1,0,0,0,1,0,0,0,0,0,0,0,1,6
Sp17_093,Sp17,pre,I consent.,2,5,1,5,4,3,19,Asian,0,0,New,Native,United States,NA,N,95 - 100,96,4,,,1600,770,670,660,8,1440,1,1,1,0,1,1,1,1,0,1,1,1,1,1,1,1,1,1,1,1,18,1,1,1,1,1,1,1,1,1,1,0,1,0,1,1,1,1,1,1,0,0,1,1,0,19
Sp17_186,Sp17,pre,I consent.,1,3,2,2,2,2,19,Asian,0,0,New,Alien Temporary,Chi,NA,N,85 - 89.9,88,,,2,,,,,,,1,1,1,0,0,1,0,0,0,1,0,0,0,0,0,0,0,1,0,0,6,0,0,0,1,0,1,0,0,0,0,0,1,0,0,0,0,1,0,0,1,0,1,1,0,7
Sp17_215,Sp17,pre,I consent.,1,4,1,5,5,3,19,White,0,0,New,Native,United States,NA,N,90 - 94.9,90,,,,1430,,,,,,0,1,1,0,1,0,1,0,1,1,1,1,1,1,1,1,1,1,1,1,16,1,1,1,0,0,1,1,0,1,1,1,0,1,0,1,1,0,1,0,1,0,0,0,0,13
Sp17_536,Sp17,pre,I consent.,1,4,2,4,4,3,19,Asian,1,1,New,Naturalized,Chi,NA,Y,95 - 100,95,,5,,1240,,,,,,0,1,1,0,0,0,0,0,1,1,0,0,0,0,1,1,0,0,0,0,6,0,0,0,0,0,0,0,0,0,1,0,0,1,1,0,1,0,0,0,0,0,0,0,1,5
Sp17_102,Sp17,pre,I consent.,2,3,2,5,5,2,20,Asian,0,0,New,Native,United States,NA,N,90 - 94.9,93,,3,,1220,610,610,650,8,1220,0,0,1,1,1,0,1,1,0,0,1,1,0,1,0,1,0,0,0,0,9,0,1,0,0,0,0,0,0,0,1,0,1,0,0,1,1,0,1,0,1,0,0,0,0,7
Sp17_242,Sp17,pre,I consent.,1,4,1,5,5,3,19,Asian,0,0,New,Native,United States,NA,Y,90 - 94.9,92,,4,,1390,660,730,700,10,1390,1,1,1,0,1,0,0,0,0,1,1,1,1,0,1,1,0,0,0,1,11,1,0,1,0,0,0,0,1,1,1,0,0,0,0,0,1,0,0,1,1,1,0,0,0,9
Sp17_459,Sp17,pre,I consent.,1,4,1,5,5,3,19,Asian,0,1,New,Naturalized,Pakistan,NA,N,95 - 100,99,3.9,,,1340,670,670,710,10,1340,1,1,1,1,1,0,0,0,0,1,1,1,0,1,1,0,0,1,0,0,11,0,1,0,0,0,0,1,1,1,1,0,1,0,1,1,1,0,0,0,1,0,0,0,0,10
Sp17_002,Sp17,pre,I consent.,1,3,2,5,5,3,19,White,1,1,New,Native,United States,NA,Y,95 - 100,99,,4,,1200,640,560,570,7,1200,1,1,0,1,1,0,1,0,1,0,1,1,0,1,1,0,0,0,0,1,11,1,1,1,0,1,1,0,1,1,1,0,0,1,1,0,1,0,1,0,1,0,1,0,1,15
Sp17_516,Sp17,pre,I consent.,1,4,2,3,2,3,19,Asian,1,0,New,Native,United States,NA,Y,90 - 94.9,94,,,,1390,,,,,,1,1,1,1,1,0,0,0,1,1,1,1,0,1,1,0,0,1,0,1,13,0,0,0,0,0,0,0,0,0,1,0,0,1,0,0,0,1,0,0,1,0,0,0,1,5
Sp17_330,Sp17,pre,I consent.,1,5,1,5,5,3,19,White,1,0,New,Native,United States,NA,N,95 - 100,98,,5,,1430,700,620,600,8,1320,1,1,1,0,1,1,1,0,1,1,1,1,1,1,1,1,1,1,1,1,18,1,1,1,1,1,0,0,1,1,1,1,0,1,1,0,1,0,1,0,1,0,1,0,0,15
Sp17_172,Sp17,pre,I consent.,1,3,1,5,5,3,19,Hispanic of any race,1,1,New,Native,United States,NA,Y,95 - 100,99,,,,1250,620,630,730,10,1250,0,1,1,0,0,0,0,0,0,1,1,1,0,0,0,0,1,0,0,1,7,0,0,0,0,0,0,0,0,0,0,0,0,0,0,0,1,0,1,0,0,0,0,0,1,3
Sp17_138,Sp17,pre,I consent.,1,3,1,5,5,3,19,White,1,1,New,Native,United States,NA,N,95 - 100,97,,7,,1390,700,640,610,8,1340,1,1,1,0,1,0,1,1,0,0,1,1,1,1,1,1,0,0,1,0,13,1,1,0,1,1,0,0,1,1,1,0,1,0,0,1,1,0,1,1,1,1,0,0,1,15
Sp17_277,Sp17,pre,I consent.,1,3,2,5,5,3,20,Asian,0,1,New,Native,United States,NA,Y,90 - 94.9,92,,5,,1460,730,730,670,10,1460,1,1,1,1,0,1,0,1,0,0,0,0,1,0,0,1,1,1,1,0,11,0,1,1,0,0,0,0,0,1,1,0,0,1,0,1,0,0,1,0,1,0,1,0,0,9
Sp17_446,Sp17,pre,I consent.,1,3,1,4,4,0,19,White,0,0,New,Alien Permanent,United Kingdom,NA,N,95 - 100,95,,3,,1110,560,550,570,8,1110,1,1,1,1,1,0,0,1,0,0,1,1,0,0,0,0,0,1,0,0,9,0,1,1,1,0,0,0,0,0,1,0,0,1,0,1,1,0,0,0,1,0,0,0,0,8
Sp17_113,Sp17,pre,I consent.,1,4,1,5,5,3,19,White,1,0,New,Native,United States,NA,N,95 - 100,99,,9,,1520,790,730,680,8,1520,1,1,1,0,1,1,1,1,1,1,1,1,1,0,1,1,0,1,1,1,17,1,1,1,1,1,1,1,1,1,1,1,1,1,0,1,1,1,0,1,1,1,1,1,1,22
Sp17_078,Sp17,pre,I consent.,1,4,1,4,4,3,19,Asian,0,0,New,Alien Temporary,India,NA,N,90 - 94.9,94,,4,,1200,610,550,570,8,1160,1,1,1,0,1,1,1,1,1,1,1,1,1,1,1,1,1,1,1,1,19,1,1,0,1,1,0,1,1,1,1,0,0,1,0,1,1,1,1,1,1,1,1,1,1,19
Sp17_118,Sp17,pre,I consent.,1,4,1,4,4,3,19,White,1,1,New,Native,United States,NA,Y,90 - 94.9,93,,4,,1340,700,640,740,8,1340,1,1,1,1,1,0,0,0,1,1,0,1,0,0,0,1,1,1,0,0,11,1,1,0,0,1,0,1,1,1,1,1,0,1,1,1,1,0,1,1,1,1,0,0,1,17
Sp17_132,Sp17,pre,I consent.,1,3,1,5,5,3,19,Hispanic of any race,0,0,New,Native,United States,NA,Y,95 - 100,99,,3,,1280,610,660,650,10,1270,1,1,1,1,1,0,0,0,0,1,1,0,1,1,1,0,0,0,0,0,10,1,1,0,0,0,0,0,1,0,0,0,0,1,0,1,1,0,1,0,0,0,0,0,0,7
Sp17_157,Sp17,pre,I consent.,1,3,2,5,3,3,19,Hispanic of any race,1,1,New,Native,United States,NA,Y,90 - 94.9,90,,4,,1250,660,590,560,8,1250,1,1,1,0,1,1,1,0,1,0,0,0,1,0,1,1,1,0,1,1,13,1,1,1,0,1,0,0,1,1,1,1,1,1,0,1,1,0,1,1,1,1,0,1,1,18
Sp17_319,Sp17,pre,I consent.,2,3,1,5,4,3,19,Black/African American,0,0,New,Native,United States,NA,N,90 - 94.9,94,,3,,1130,640,490,640,8,1130,1,1,0,0,1,1,1,1,1,1,1,1,0,0,0,1,0,1,0,0,12,1,1,0,0,0,1,0,0,0,1,0,0,1,0,0,1,0,1,0,1,0,0,0,0,8
Sp17_395,Sp17,pre,I consent.,1,4,2,5,5,3,20,Asian,0,1,New,Naturalized,Pakistan,NA,Y,95 - 100,96,,7,,1430,610,800,620,9,1410,1,1,1,1,1,1,1,0,0,1,1,1,1,1,1,1,1,1,1,1,18,1,1,1,0,1,0,0,1,1,1,1,0,0,1,1,1,1,0,1,0,1,0,1,0,15
Sp17_368,Sp17,pre,I consent.,2,5,1,5,4,0,19,White,1,1,New,Native,United States,NA,Y,95 - 100,99,,4,,1320,,,,,,0,1,1,0,1,1,1,0,1,1,0,1,1,1,1,1,1,0,0,0,13,1,1,1,0,1,1,1,1,1,1,0,0,1,1,1,1,0,1,1,1,1,1,1,0,19
Sp17_200,Sp17,pre,I consent.,1,3,1,5,5,3,19,Black/African American,0,1,New,Native,United States,NA,Y,90 - 94.9,93,,3,,1160,580,580,620,9,1160,1,1,1,0,1,0,0,0,0,0,0,1,0,0,0,1,0,0,0,0,6,0,0,1,1,0,0,0,0,0,1,0,0,1,1,1,0,0,1,0,1,0,0,0,0,8
Sp17_051,Sp17,pre,I consent.,1,3,2,4,2,2,19,White,1,0,New,Alien Temporary,Italy,NA,N,90 - 94.9,90,,,,1240,690,550,470,6,1240,1,1,1,0,0,1,1,0,1,1,1,1,1,1,1,1,0,1,1,0,15,1,1,0,1,1,1,1,1,1,1,0,1,0,0,1,1,0,1,1,1,1,0,0,1,17
Sp17_189,Sp17,pre,I consent.,1,3,1,2,2,0,19,White,1,0,New,Native,United States,NA,N,90 - 94.9,94,,7,,1280,,,,,,0,0,0,0,0,0,0,0,0,1,0,0,0,0,0,1,0,0,0,0,2,0,1,0,1,0,1,0,0,0,1,0,0,0,0,0,1,0,0,0,0,0,1,0,0,6
Sp17_436,Sp17,pre,I consent.,1,3,1,4,3,2,19,Asian,0,1,New,Native,United States,NA,N,85 - 89.9,88,,3,,1300,630,670,610,8,1300,1,1,1,1,1,0,1,1,1,0,1,1,1,1,1,1,0,0,0,0,14,1,1,0,1,1,0,0,1,1,1,0,0,1,1,1,1,0,1,1,0,0,0,0,0,13
Sp17_320,Sp17,pre,I consent.,1,4,1,4,4,3,19,Asian,0,1,New,Native,United States,NA,Y,90 - 94.9,92,,7,,1520,800,720,750,9,1520,1,1,1,1,1,1,1,1,0,0,1,1,1,0,1,1,1,1,1,1,17,1,0,1,0,1,0,1,1,1,1,1,1,1,0,1,1,0,0,1,1,1,0,1,0,16
Sp17_415,Sp17,pre,I consent.,2,3,2,5,5,0,19,Hispanic of any race,0,1,Other,Native,United States,NA,Y,90 - 94.9,91,,3,,940,480,460,480,8,940,1,1,1,1,1,0,1,1,1,0,0,0,0,1,1,1,0,0,1,0,12,0,1,0,0,0,0,0,0,0,1,0,0,1,1,0,1,0,1,0,1,0,0,0,0,7
Sp17_076,Sp17,pre,I consent.,1,4,1,5,5,3,19,Asian,1,1,New,Native,United States,NA,Y,90 - 94.9,92,3.57,3,,1210,690,520,590,9,1210,0,0,0,0,0,0,1,0,0,1,0,0,0,1,0,0,0,0,1,0,4,1,0,0,0,0,1,1,0,1,0,0,0,0,0,0,1,1,0,0,1,0,1,0,0,8
Sp17_352,Sp17,pre,I consent.,1,5,2,4,4,3,19,White,0,1,New,Native,United States,NA,Y,95 - 100,99,,,,1350,700,650,710,11,1350,0,1,1,0,1,1,1,1,1,0,1,1,0,1,1,1,1,1,1,1,16,1,1,1,0,1,0,1,1,1,1,1,1,1,1,1,1,1,1,1,0,1,1,1,1,21
Sp17_432,Sp17,pre,I consent.,1,4,1,4,3,3,20,Asian,1,0,New,Native,United States,NA,Y,95 - 100,99,,6,,1550,790,760,700,10,1550,0,0,0,0,0,0,1,0,0,1,1,1,0,1,1,0,0,1,1,1,9,0,0,0,0,1,0,0,0,0,1,1,1,0,0,0,1,0,0,0,0,1,1,0,0,7
Sp17_288,Sp17,pre,I consent.,1,3,2,2,2,3,19,Asian,1,1,New,Native,United States,NA,Y,90 - 94.9,93,,4,,1200,,,,,,1,1,1,1,1,0,0,1,1,1,0,1,0,1,1,1,0,0,0,0,12,1,0,0,1,0,0,0,0,0,1,0,1,1,1,0,1,0,0,0,1,0,0,0,0,8
Sp17_198,Sp17,pre,I consent.,3,4,2,4,4,3,19,Asian,1,0,New,Native,United States,NA,N,90 - 94.9,90,,7,,1460,740,720,750,10,1460,1,1,1,0,1,1,1,1,1,1,1,1,1,1,1,1,1,1,1,1,19,1,1,1,1,1,1,0,1,1,1,1,0,1,1,1,1,1,1,1,1,1,1,1,1,22
Sp17_400,Sp17,pre,I consent.,1,4,1,5,4,3,19,Asian,1,0,New,Native,United States,NA,N,90 - 94.9,94,,,,1430,780,650,720,9,1430,1,1,1,1,0,1,1,1,0,0,1,1,0,0,1,0,1,0,1,1,13,1,1,1,0,1,0,0,1,1,0,1,1,1,1,0,1,1,0,1,1,1,1,1,0,17
Sp17_192,Sp17,pre,I consent.,1,4,1,5,5,3,19,,0,0,New,Native,United States,NA,N,90 - 94.9,94,,3,,1320,,,,,,0,1,1,0,0,1,1,1,0,1,0,1,0,1,1,1,0,1,1,1,13,1,1,1,0,1,0,0,1,1,0,1,0,0,0,0,1,0,1,1,0,0,0,0,0,10
Sp17_515,Sp17,pre,I consent.,2,4,1,4,4,3,19,Asian,0,1,New,Native,United States,NA,Y,95 - 100,97,,,,1350,670,640,540,8,1310,1,1,1,1,1,1,0,0,0,0,1,1,0,0,0,1,0,0,1,0,10,0,0,0,0,0,0,0,1,0,1,0,0,1,0,0,1,0,0,1,1,0,0,0,0,6
Sp17_505,Sp17,pre,I consent.,1,4,2,4,4,3,19,Asian,0,1,New,Naturalized,Unknown,NA,Y,90 - 94.9,92,,,,1390,750,640,750,9,1390,1,1,1,0,1,1,1,1,1,1,1,1,1,1,1,1,0,1,1,1,18,1,1,1,1,0,1,0,1,1,1,0,1,1,1,0,1,0,1,0,1,1,1,0,0,16
Sp17_077,Sp17,pre,I consent.,2,3,2,4,2,3,19,Asian,1,0,New,Native,United States,NA,N,90 - 94.9,90,,,,1330,700,630,620,9,1330,1,1,1,1,1,0,0,0,1,0,0,1,0,1,1,0,1,1,0,0,11,0,1,1,1,1,1,0,0,0,1,1,0,0,1,0,1,0,1,0,1,1,0,1,0,13
Sp17_167,Sp17,pre,I consent.,1,4,1,5,4,3,19,White,1,0,New,Naturalized,Unknown,NA,N,95 - 100,99,,7,,1420,670,750,760,10,1420,1,1,1,0,1,1,1,1,1,1,1,1,1,1,1,1,1,1,1,1,19,1,1,1,0,1,0,0,1,1,0,1,0,0,0,1,1,1,1,1,0,1,1,1,0,15
Sp17_031,Sp17,pre,I consent.,2,4,1,5,5,3,19,Hispanic of any race,1,0,New,Native,United States,NA,Y,95 - 100,96,,6,,1270,680,590,540,8,1270,1,1,1,0,1,1,1,1,1,0,1,1,0,1,1,1,1,1,1,1,17,1,1,1,1,1,1,0,1,1,0,1,1,1,0,1,1,0,0,1,1,1,1,1,0,18
Sp17_519,Sp17,pre,I consent.,2,3,1,4,4,3,19,Asian,1,0,New,Native,United States,NA,N,85 - 89.9,86,,4,,1300,670,630,530,9,1300,0,1,1,0,0,0,0,1,0,0,0,1,0,0,1,1,0,0,1,0,7,0,0,0,1,1,1,0,1,0,1,0,0,1,0,1,1,0,1,1,1,0,0,0,1,12
Sp17_406,Sp17,pre,I consent.,2,4,2,5,5,3,19,Hispanic of any race,0,1,New,Native,United States,NA,N,90 - 94.9,93,3,3,,1170,550,620,590,10,1170,1,1,1,0,1,0,0,0,0,1,0,1,0,1,1,0,0,0,0,0,8,1,1,0,0,0,0,0,0,0,1,0,0,0,0,1,1,0,0,0,1,0,0,0,0,6
Sp17_428,Sp17,pre,I consent.,2,4,1,5,5,3,20,White,1,0,New,Native,United States,NA,N,95 - 100,97,,,,1450,730,720,660,9,1450,1,1,1,0,1,1,1,1,1,1,0,1,1,1,1,1,1,1,1,1,18,1,1,1,1,1,0,1,1,1,1,1,1,1,1,1,1,1,1,1,1,1,1,1,0,22
Sp17_269,Sp17,pre,I consent.,2,4,2,4,2,2,19,Asian,0,0,New,Native,United States,NA,N,90 - 94.9,91,,,,1430,730,670,560,8,1400,1,1,1,0,1,0,1,1,1,1,1,1,0,1,1,0,1,1,1,0,15,1,1,1,1,1,1,0,1,1,1,1,1,1,0,1,1,0,1,1,1,1,0,0,0,18
Sp17_525,Sp17,pre,I consent.,2,3,2,2,2,0,19,Asian,1,0,New,Alien Temporary,Chi,NA,N,85 - 89.9,86,,4,,1100,640,460,460,7,1100,1,0,1,0,0,0,0,0,0,0,1,1,1,1,0,1,0,0,0,0,7,0,0,0,0,0,0,0,1,0,1,0,1,0,1,0,0,1,0,0,1,1,0,0,0,7
Sp17_376,Sp17,pre,I consent.,1,4,1,5,4,3,20,Asian,0,0,New,Naturalized,India,NA,N,95 - 100,96,,7,,1320,,,,,,1,1,1,0,1,1,1,1,0,1,1,1,1,1,1,1,0,1,1,0,16,0,1,0,1,0,0,0,0,0,1,0,0,1,0,0,1,1,0,0,0,0,0,0,0,6
Sp17_472,Sp17,pre,I consent.,1,4,1,5,5,3,19,Asian,0,0,New,Native,United States,NA,N,95 - 100,95,3.9,5,,1430,730,700,690,9,1430,0,1,1,0,1,0,0,0,1,1,0,1,0,1,1,1,0,1,0,1,11,0,0,0,0,0,0,0,1,0,1,0,1,1,1,1,1,0,1,0,1,0,0,0,0,9
Sp17_121,Sp17,pre,I consent.,1,4,2,5,5,3,19,White,1,0,New,Naturalized,Unknown,NA,N,95 - 100,97,,8,,1370,750,620,630,7,1370,1,1,1,0,1,1,1,1,1,0,1,1,0,1,1,0,0,1,1,1,15,1,1,1,0,1,0,0,0,1,1,0,1,0,1,0,1,0,1,1,1,1,0,0,1,14
Sp17_480,Sp17,pre,I consent.,1,4,1,5,5,3,19,White,1,1,New,Native,United States,NA,N,90 - 94.9,93,,7,,1350,,,,,,1,1,0,0,1,1,1,0,1,1,1,1,0,0,0,1,1,0,1,0,12,1,1,1,1,1,1,0,1,1,1,1,0,1,1,0,1,0,1,1,1,1,1,1,0,19
Sp17_142,Sp17,pre,I consent.,2,4,1,5,5,3,19,White,0,1,New,Native,United States,NA,N,95 - 100,99,,5,,1260,700,560,530,8,1260,0,1,1,0,1,0,0,0,0,0,0,0,0,1,1,0,0,0,0,0,5,0,1,0,0,0,0,0,0,0,1,0,0,1,0,0,1,0,1,0,1,0,0,0,0,6
Sp17_435,Sp17,pre,I consent.,1,3,1,5,5,3,20,White,1,0,New,Native,United States,NA,N,90 - 94.9,92,,,,1280,580,590,630,8,1170,1,1,1,0,0,0,0,1,0,0,0,1,0,1,0,1,1,0,1,1,10,0,1,0,0,0,0,1,0,1,0,0,1,0,1,0,0,1,0,0,1,0,1,1,0,9
Sp17_083,Sp17,pre,I consent.,1,4,1,3,3,3,19,Asian,1,0,New,Native,United States,NA,N,95 - 100,97,,9,,1530,660,510,460,8,1170,1,1,1,0,0,0,0,1,0,0,1,1,1,0,0,1,0,0,0,1,9,0,0,0,0,0,0,0,0,0,1,0,1,1,1,0,1,0,0,0,1,0,0,0,0,6
Sp17_492,Sp17,pre,I consent.,1,4,1,3,3,3,19,White,1,0,New,Native,United States,NA,N,95 - 100,99,,,,1400,740,660,650,9,1400,0,1,1,0,1,1,1,1,0,0,1,0,0,0,1,1,0,1,0,0,10,0,1,0,0,0,1,0,0,0,0,0,1,0,0,0,0,0,0,0,0,0,0,1,0,4
Sp17_306,Sp17,pre,I consent.,1,4,1,5,5,3,19,Asian,0,0,New,Native,United States,NA,N,95 - 100,97,,4,,1260,720,540,590,8,1260,1,1,1,0,0,0,1,1,0,0,1,1,0,0,1,1,0,1,1,0,11,0,0,1,0,1,0,0,1,0,1,0,0,0,1,0,1,0,1,1,1,0,1,0,0,10
Sp17_348,Sp17,pre,I consent.,2,3,1,5,5,0,19,White,0,0,New,Native,United States,NA,N,95 - 100,98,,,,1480,700,730,700,10,1430,1,1,1,1,1,1,1,1,1,1,1,1,1,1,1,0,1,1,1,0,18,1,0,1,1,1,0,1,1,1,1,1,0,1,1,1,1,1,1,1,1,1,1,1,0,20
Sp17_082,Sp17,pre,I consent.,1,4,1,5,4,3,19,Asian,1,0,New,Native,United States,NA,N,90 - 94.9,93,,7,,1300,740,560,620,9,1300,1,1,1,0,1,0,0,1,1,1,1,1,0,1,1,0,1,0,1,0,13,1,1,0,1,1,0,0,1,1,1,0,1,1,0,0,1,0,0,1,1,0,0,0,0,12
Sp17_327,Sp17,pre,I consent.,1,4,1,5,5,3,19,Asian,0,0,New,Native,United States,NA,N,95 - 100,99,,5,,1220,610,610,670,8,1220,0,1,1,0,1,1,1,1,0,0,1,1,0,0,1,0,0,1,1,1,12,1,1,1,1,1,0,0,1,1,1,1,0,0,1,1,1,0,1,1,1,1,1,0,1,18
Sp17_513,Sp17,pre,I consent.,1,4,1,2,2,3,19,Asian,1,0,New,Native,United States,NA,N,95 - 100,99,,,,1390,680,710,750,9,1390,1,1,1,0,0,1,1,0,0,0,1,1,0,0,0,0,1,1,0,1,10,0,0,1,1,0,1,1,0,0,1,0,0,0,1,0,1,1,0,0,0,0,1,0,0,9
Sp17_060,Sp17,pre,I consent.,3,4,1,4,,0,19,Asian,0,0,New,Naturalized,Australia,NA,N,90 - 94.9,94,,5,,1320,620,700,630,10,1320,1,1,1,1,1,1,1,1,0,1,1,1,0,1,1,0,0,0,0,0,13,1,0,0,0,0,0,0,1,1,0,1,0,0,0,1,0,1,0,1,0,0,0,0,0,7
Sp17_365,Sp17,pre,I consent.,1,4,1,5,4,3,19,Asian,1,0,New,Native,United States,NA,N,95 - 100,99,,8,,1480,730,730,690,9,1460,0,1,1,0,1,1,0,1,0,1,0,1,1,0,1,0,1,1,0,1,12,1,0,1,0,1,1,0,1,1,1,0,1,0,1,1,1,0,0,1,1,1,0,0,1,15
Sp17_307,Sp17,pre,I consent.,3,3,1,3,2,1,19,Asian,1,1,Transfer,Native,United States,NA,Y,85 - 89.9,86,2.58,4,,1270,730,540,520,8,1270,1,1,1,0,1,0,0,0,0,1,1,1,1,1,0,0,0,0,0,0,9,0,1,0,0,0,0,0,0,0,1,0,0,0,0,0,1,0,0,0,1,1,0,1,1,7
Sp17_264,Sp17,pre,I consent.,1,3,2,4,4,3,20,Asian,1,1,New,Native,United States,NA,Y,90 - 94.9,90,,5,,1430,750,670,730,10,1420,1,1,1,0,1,1,1,1,1,0,1,1,1,1,1,1,0,1,1,0,16,1,1,1,1,0,0,0,1,1,1,1,0,1,0,1,1,1,1,1,1,1,0,0,0,16
Sp17_099,Sp17,pre,I consent.,1,5,2,5,4,3,19,Asian,1,0,New,Alien Permanent,"Taiwan, Province of Chi",NA,N,90 - 94.9,94,3.69,,,1530,800,680,660,8,1480,1,1,0,0,1,0,1,0,0,1,0,1,1,0,0,1,0,1,0,0,9,0,0,0,0,0,1,0,0,0,0,0,0,0,0,0,1,1,0,0,1,0,0,0,0,4
Sp17_202,Sp17,pre,I consent.,2,5,2,4,3,0,29,Asian,0,0,Transfer,Alien Temporary,"Taiwan, Province of Chi",NA,,NA,,,5,4,,,,,,,1,1,1,0,1,1,0,1,1,1,1,1,1,1,0,0,0,1,1,1,15,1,1,0,1,1,0,0,1,1,1,1,1,1,0,1,1,0,0,1,1,1,1,1,1,18
Sp17_377,Sp17,pre,I consent.,1,5,1,5,5,3,23,White,0,0,Transfer,Native,United States,NA,,NA,,3.4,,,,,,,,,1,1,1,0,1,1,0,1,1,1,1,0,1,1,1,1,1,0,1,1,16,0,0,1,1,1,0,0,0,1,1,0,0,1,0,0,1,0,1,1,1,1,0,0,0,11
Sp17_188,Sp17,pre,I consent.,1,5,1,4,5,0,22,Asian,0,0,Transfer,Naturalized,Unknown,NA,,NA,,,,,,,,,,,1,0,1,1,0,0,1,0,0,0,1,0,0,1,0,1,0,0,1,0,8,0,0,0,0,0,0,0,1,1,0,0,0,0,0,0,0,0,0,0,1,0,0,0,0,3
Sp17_184,Sp17,pre,I consent.,2,3,1,5,4,3,19,Black/African American,0,1,New,Native,United States,"$30,000-44,999",,95 - 100,98,,4,,1280,670,610,620,9,1280,0,0,1,0,1,0,1,0,0,0,1,1,1,1,1,1,1,1,1,1,13,1,0,0,1,0,0,0,1,1,1,1,0,1,1,1,0,0,0,1,1,0,1,0,0,12
Sp17_111,Sp17,pre,I consent.,3,3,1,5,5,0,19,Hispanic of any race,1,1,New,Native,United States,"$0-14,999",,85 - 89.9,86,,3,,1040,540,500,500,10,1040,1,1,1,1,1,0,0,0,1,0,1,1,1,0,0,1,0,0,0,1,11,0,1,0,0,0,0,0,0,0,0,0,0,1,0,0,0,0,0,0,1,1,0,0,0,4
Sp17_134,Sp17,pre,I consent.,2,5,1,4,3,0,21,Black/African American,0,1,Transfer,Naturalized,Unknown,"$30,000-44,999",,75 - 79.9,79,3,2,,,,,,,,1,1,1,0,0,0,0,0,0,0,1,1,0,0,0,1,1,0,0,0,7,0,1,0,0,0,0,0,0,0,0,0,1,1,0,0,1,0,1,0,1,0,0,0,1,7
Sp17_191,Sp17,pre,I consent.,1,4,1,3,,0,25,Black/African American,1,1,Transfer,Native,United States,"$45,000-64,999",,Unknown,,2.8,2,,,,,,,,0,0,0,0,0,0,0,0,0,0,1,0,0,0,0,0,0,0,0,0,1,0,0,0,1,0,0,0,0,0,0,0,0,1,0,0,0,0,1,0,1,0,0,0,1,5
Sp17_309,Sp17,pre,I consent.,1,3,1,5,4,0,18,White,0,0,New,Native,United States,NA,Y,90 - 94.9,93,,3,,1220,540,500,460,6,1040,0,0,0,0,0,1,1,1,1,0,0,0,1,0,0,0,0,0,0,0,5,0,0,0,0,1,1,0,1,0,1,0,0,0,0,0,0,1,0,0,1,0,1,0,1,8
Sp17_389,Sp17,pre,I consent.,2,4,2,5,5,0,23,Hispanic of any race,1,1,Transfer,Alien Permanent,Colombia,NA,,90 - 94.9,90,3.1,,,,,,,,,1,1,0,1,0,1,0,1,1,0,1,1,0,1,1,1,0,0,1,1,13,1,0,0,0,1,0,0,1,0,0,0,0,1,0,1,1,0,1,1,1,1,1,0,0,11
Sp17_440,Sp17,pre,I consent.,1,3,1,5,5,2,17,White,0,0,New,Native,United States,NA,Y,95 - 100,97,,7,,1320,690,630,620,7,1320,1,1,1,0,1,0,1,1,0,1,1,1,1,1,1,0,1,1,0,1,15,1,1,1,1,1,0,1,1,1,1,1,1,1,1,1,1,1,0,1,1,1,1,0,0,20
Sp17_058,Sp17,pre,I consent.,2,3,1,5,5,0,18,White,1,0,New,Native,United States,NA,Y,95 - 100,99,4,6,,1320,600,610,630,9,1210,1,1,1,1,0,0,0,0,0,0,1,1,0,0,1,1,0,0,0,0,8,0,1,0,1,0,1,0,0,0,0,0,1,1,0,0,1,0,0,0,1,0,0,0,0,7
Sp17_222,Sp17,pre,I consent.,1,4,2,4,5,0,22,Black/African American,0,0,Transfer,Alien Permanent,Haiti,NA,,90 - 94.9,90,3.22,1,,,,,,,,0,1,1,1,1,0,1,1,0,0,1,0,0,0,0,1,0,0,0,0,8,0,0,1,0,0,0,0,1,0,0,0,1,0,0,0,0,1,0,0,1,0,0,0,0,5
Sp17_024,Sp17,pre,I consent.,2,4,1,5,5,2,20,White,0,1,Transfer,Native,United States,"$30,000-44,999",,85 - 89.9,87,3.2,2,,,,,,,,0,1,1,0,1,0,0,0,1,1,1,1,0,0,1,1,0,1,0,0,10,0,1,0,0,0,0,0,0,0,1,0,0,1,0,1,1,0,1,0,1,0,0,0,0,7
Sp17_280,Sp17,pre,I consent.,1,3,2,2,2,0,19,Asian,0,0,Transfer,Alien Temporary,Chi,NA,,NA,,2.97,,,,,,,,,1,1,1,1,1,0,1,1,0,0,0,1,0,1,1,1,1,1,1,0,14,1,0,0,1,0,0,1,0,0,1,0,1,1,0,0,0,0,0,0,1,1,0,0,1,9
Sp17_416,Sp17,pre,I consent.,1,5,1,5,5,2,22,Hispanic of any race,1,1,Transfer,Native,United States,"$30,000-44,999",,85 - 89.9,88,2.7,,,,,,,,,1,1,1,0,1,0,0,0,0,1,1,1,0,1,1,1,0,0,0,1,11,1,1,0,0,0,0,0,0,0,1,0,0,0,0,1,1,0,0,0,1,0,0,0,0,6
Sp17_453,Sp17,pre,I consent.,1,3,1,5,4,1,19,White,0,0,New,Native,United States,NA,,95 - 100,99,,,,1280,660,620,670,10,1280,1,1,1,0,1,1,1,1,1,1,1,1,1,1,0,1,1,0,1,1,17,1,1,1,0,1,0,0,1,1,1,0,0,1,1,1,1,1,1,1,1,1,0,1,0,17
Sp17_501,Sp17,pre,I consent.,1,3,2,5,5,1,18,White,0,0,New,Native,United States,NA,N,90 - 94.9,91,,4,,1400,650,750,690,6,1400,0,1,1,0,1,1,1,1,1,1,0,1,1,1,1,1,1,1,1,1,17,1,1,1,1,1,0,0,1,1,1,0,0,1,1,1,1,0,1,1,1,1,1,0,1,18
Sp17_336,Sp17,pre,I consent.,1,2,1,5,5,0,18,Black/African American,1,0,New,Naturalized,Unknown,NA,Y,85 - 89.9,87,,2,,870,450,420,390,8,870,1,1,0,0,1,0,1,0,0,1,1,0,0,1,1,0,0,0,1,0,9,0,0,1,0,1,1,1,1,0,0,0,1,0,0,1,0,0,0,0,0,0,0,0,0,7
Sp17_387,Sp17,pre,I consent.,3,2,1,4,4,1,18,White,1,0,New,Native,United States,NA,N,95 - 100,98,,3,,1280,620,660,610,9,1280,1,1,1,0,1,1,1,1,1,0,1,1,1,0,1,1,1,1,1,1,17,1,1,1,1,1,0,1,1,1,1,1,0,1,1,1,1,1,1,1,0,1,1,1,0,20
Sp17_447,Sp17,pre,I consent.,2,3,1,5,5,2,19,White,0,0,New,Native,United States,NA,Y,95 - 100,97,,,,1140,550,590,540,8,1140,1,1,0,0,1,1,1,0,0,0,0,0,0,0,0,1,0,1,1,0,8,1,1,1,0,0,1,0,0,0,1,0,0,0,0,1,0,0,0,0,1,0,0,0,0,7
Sp17_214,Sp17,pre,I consent.,1,3,1,5,5,1,18,Black/African American,0,0,New,Native,United States,"$145,000-164,999",,95 - 100,95,,8,,1190,570,560,590,9,1130,1,1,0,0,1,0,0,0,0,0,1,1,0,0,0,1,0,1,1,1,9,1,1,0,0,0,0,1,1,0,1,0,0,1,0,0,0,0,1,0,0,0,0,0,0,7
Sp17_451,Sp17,pre,I consent.,2,2,1,5,4,1,19,White,0,1,New,Native,United States,NA,Y,95 - 100,97,,2.5,,1290,,,,,,0,0,1,0,1,0,0,1,0,1,0,1,0,1,0,1,1,1,1,1,11,1,0,0,0,0,0,0,1,1,1,0,0,1,0,0,1,0,1,0,0,0,0,0,0,7
Sp17_211,Sp17,pre,I consent.,1,3,1,4,4,1,18,Black/African American,0,0,New,Native,United States,NA,Y,95 - 100,99,,4,,1240,640,600,490,8,1240,0,1,1,0,1,0,1,0,0,1,1,1,1,0,1,1,0,1,1,1,13,0,0,1,1,1,0,0,1,1,0,0,1,1,0,0,1,0,0,0,1,0,0,0,0,9
Sp17_414,Sp17,pre,I consent.,2,4,1,4,3,0,21,Hispanic of any race,0,1,Transfer,Native,United States,"$30,000-44,999",,75 - 79.9,75,3.29,2.5,,,,,,,,1,1,0,1,1,0,0,0,0,0,1,1,0,0,1,0,1,0,0,0,8,0,0,1,1,0,0,0,0,1,0,1,0,0,0,0,1,0,0,0,0,0,0,0,0,5
Sp17_104,Sp17,pre,I consent.,2,3,2,3,4,1,18,Asian,1,1,New,Native,United States,"$15,000-29,999",,90 - 94.9,91,,8,,1520,740,780,690,9,1520,1,1,1,0,1,1,1,1,1,1,1,1,0,1,1,1,1,1,1,0,17,1,1,1,0,1,0,0,1,1,1,1,1,1,1,1,1,1,1,0,1,1,1,1,1,20
Sp17_409,Sp17,pre,I consent.,1,3,1,5,5,1,18,Black/African American,1,1,New,Native,United States,"$45,000-64,999",,90 - 94.9,90,,5,,1410,720,680,660,10,1400,1,0,1,0,1,1,1,1,0,1,1,1,1,1,1,1,1,1,1,1,17,1,1,1,0,1,1,1,1,1,1,1,1,1,1,1,1,1,1,1,0,1,1,1,1,22
Sp17_040,Sp17,pre,I consent.,1,3,1,4,4,1,18,White,0,0,New,Native,United States,NA,N,95 - 100,99,,,,1560,680,730,770,10,1410,1,0,1,0,1,1,1,1,1,1,1,1,1,1,1,1,1,1,1,1,18,1,1,1,1,1,0,1,1,1,1,1,0,1,1,1,1,1,1,1,1,1,0,1,0,20
Sp17_162,Sp17,pre,I consent.,1,3,1,5,5,0,18,White,0,0,New,Native,United States,NA,N,95 - 100,96,,3,,1250,,,,,,0,1,1,0,1,1,1,1,0,1,1,1,0,1,1,1,1,1,1,1,16,1,1,1,1,1,0,1,1,1,1,0,0,1,1,1,1,0,1,1,0,1,0,1,0,17
Sp17_467,Sp17,pre,I consent.,1,3,1,5,5,0,19,White,1,0,New,Native,United States,NA,N,95 - 100,99,,,,1440,780,650,630,7,1430,1,1,1,0,1,0,1,1,1,1,0,1,1,0,1,1,0,0,1,1,14,1,1,1,1,1,0,0,1,1,1,0,0,0,0,0,1,0,0,0,0,0,0,1,0,10
Sp17_407,Sp17,pre,I consent.,2,4,1,4,5,0,21,White,1,1,Transfer,Native,United States,"$0-14,999",,85 - 89.9,86,3.1,,,,,,,,,1,1,1,1,1,0,1,0,0,0,1,1,1,1,0,0,0,1,0,0,11,0,0,0,1,0,0,0,0,0,0,0,0,1,0,0,1,0,0,0,1,0,0,0,0,4
Sp17_410,Sp17,pre,I consent.,2,5,1,4,4,3,20,Hispanic of any race,1,1,Transfer,Native,United States,"$45,000-64,999",,Unknown,,3.82,,,,,,,,,0,1,1,0,1,1,0,1,1,1,1,1,1,1,1,1,0,0,1,1,15,1,1,1,1,1,0,0,1,1,1,1,1,0,0,1,1,1,1,1,1,1,1,1,1,20
Sp17_209,Sp17,pre,I consent.,1,3,1,5,5,1,19,White,0,0,New,Native,United States,NA,N,95 - 100,98,,3,,1250,580,590,560,8,1170,1,1,1,0,1,1,1,1,1,1,1,1,0,1,1,1,1,1,1,0,17,1,1,1,1,1,0,0,1,0,1,0,0,1,1,0,1,0,1,0,1,0,1,0,0,13
Sp17_119,Sp17,pre,I consent.,3,3,1,5,5,1,18,White,0,0,New,Native,United States,NA,,95 - 100,98,,8,,1350,,,,,,1,1,0,0,1,1,0,1,0,1,1,1,0,1,0,0,1,1,0,1,12,1,1,1,1,1,0,0,1,0,1,1,1,1,0,0,1,0,0,0,0,1,1,1,0,14
Sp17_412,Sp17,pre,I consent.,2,3,1,5,5,0,18,Hispanic of any race,0,0,Other,Native,United States,NA,N,90 - 94.9,92,,,,1150,590,560,690,9,1150,1,1,1,1,1,1,1,0,1,1,1,1,0,1,1,1,1,1,1,1,18,1,0,0,0,1,0,1,0,1,1,0,0,0,0,1,1,0,1,1,1,1,0,0,0,11
Sp17_343,Sp17,pre,I consent.,1,3,1,5,5,1,19,White,0,0,New,Alien Permanent,Cada,NA,N,95 - 100,99,,,,1540,740,800,780,10,1540,1,1,1,0,1,0,1,1,1,1,1,1,1,1,1,1,1,1,1,1,18,1,1,1,1,1,0,1,1,1,1,0,0,1,0,1,1,0,1,1,1,1,1,0,1,18
Sp17_054,Sp17,pre,I consent.,2,3,1,5,5,1,18,White,0,0,New,Native,United States,NA,N,95 - 100,96,3.83,2.5,,1320,570,600,600,9,1170,1,1,1,0,0,0,1,1,0,0,0,1,0,1,1,0,1,0,1,1,11,0,1,1,1,1,0,0,1,1,1,0,0,1,0,0,1,1,0,1,0,1,0,0,0,12
Sp17_055,Sp17,pre,I consent.,3,3,1,4,3,1,18,White,1,0,New,Native,United States,NA,N,90 - 94.9,90,,,,1320,,,,,,1,1,1,0,1,0,1,0,0,1,1,1,0,1,1,0,1,1,1,1,14,1,1,1,1,1,0,0,1,1,1,1,0,1,0,1,1,1,1,1,1,1,0,1,0,18
Sp17_537,Sp17,pre,I consent.,3,2,1,5,4,0,18,Hispanic of any race,0,1,New,Native,United States,NA,Y,85 - 89.9,87,,3,3,1120,,,,,,0,0,0,0,0,0,0,1,0,0,1,0,0,1,0,1,0,0,0,1,5,0,1,1,1,0,1,0,0,0,1,0,1,1,0,0,1,0,1,0,0,0,0,0,0,9
Sp17_471,Sp17,pre,I consent.,2,3,1,4,4,0,18,White,0,0,Other,Native,United States,NA,N,95 - 100,99,,,,1400,700,700,690,8,1400,0,1,1,0,1,1,1,1,1,1,0,1,1,1,1,1,1,0,1,1,16,1,1,1,0,1,0,0,1,1,1,1,0,1,1,1,0,0,1,1,1,1,0,0,0,15
Sp17_483,Sp17,pre,I consent.,1,3,1,3,4,1,18,Hispanic of any race,0,0,New,Native,United States,NA,N,95 - 100,99,,4,,1360,650,710,770,10,1360,1,1,1,1,1,1,1,0,0,1,1,1,1,0,1,0,0,1,1,1,15,1,1,0,1,1,0,0,1,1,1,1,0,1,1,1,1,0,1,1,1,1,1,1,1,19
Sp17_019,Sp17,pre,I consent.,1,3,1,5,3,2,18,White,1,0,New,Native,United States,NA,N,95 - 100,99,,3,,1440,710,580,640,9,1290,0,1,1,1,1,0,1,1,0,1,0,1,0,1,1,0,0,1,0,1,12,1,1,1,0,1,0,1,1,1,1,0,0,1,1,1,1,0,1,1,1,0,0,0,1,16
Sp17_146,Sp17,pre,I consent.,1,3,1,5,4,0,19,White,1,0,New,Native,United States,NA,N,95 - 100,97,3.5,4,,1350,690,650,570,8,1340,1,1,1,0,1,0,1,0,0,0,1,0,0,0,0,0,0,0,1,1,8,0,1,0,0,1,1,1,1,0,0,0,1,0,0,1,1,0,0,0,0,0,1,0,0,9
Sp17_450,Sp17,pre,I consent.,3,3,2,5,5,0,19,White,0,0,New,Naturalized,Romania,NA,N,95 - 100,99,,6,,1210,620,590,610,7,1210,1,1,1,1,1,0,0,1,0,1,1,1,0,1,1,0,0,1,0,0,12,0,1,0,1,0,0,0,0,1,1,0,1,1,1,1,1,0,1,1,1,0,1,0,1,14
Sp17_305,Sp17,pre,I consent.,2,4,1,5,5,2,21,White,1,0,Other,Native,United States,NA,,90 - 94.9,91,3.5,,,,,,,,,1,0,1,1,0,0,1,0,0,1,0,1,1,1,0,1,0,1,0,0,10,1,0,0,0,0,0,1,1,0,0,0,0,1,0,0,0,1,0,0,1,1,1,1,0,9
Sp17_334,Sp17,pre,I consent.,3,2,1,5,5,0,18,White,1,1,New,Native,United States,"$15,000-29,999",,90 - 94.9,92,2.65,3,3,1010,550,460,430,6,1010,1,0,1,0,1,1,0,1,1,1,1,1,0,1,0,1,0,0,0,1,12,0,1,0,0,0,0,0,0,0,0,0,0,1,0,0,0,0,0,0,1,1,0,0,0,4
Sp17_396,Sp17,pre,I consent.,1,2,2,4,4,0,19,White,1,0,New,Alien Temporary,Lebanon,NA,,85 - 89.9,88,,,,1080,650,430,490,7,1080,1,1,0,0,0,0,0,1,0,1,0,0,1,0,1,0,0,0,0,0,6,0,1,1,0,1,1,0,1,1,0,1,0,0,0,1,0,1,0,0,0,1,0,0,1,11
Sp17_041,Sp17,pre,I consent.,2,2,1,5,5,0,18,White,0,0,New,Native,United States,NA,N,90 - 94.9,90,,2.5,,1290,,,,,,1,1,1,1,0,0,1,0,0,0,1,1,0,1,1,1,0,0,0,0,10,0,1,0,0,0,0,0,0,0,1,0,0,1,1,0,1,0,0,0,1,1,0,0,1,8
Sp17_205,Sp17,pre,I consent.,3,2,2,3,4,0,18,Asian,1,0,New,Native,United States,NA,,90 - 94.9,92,,5,,1290,710,580,730,11,1290,1,0,0,1,1,0,0,0,1,0,1,1,0,1,1,1,0,0,0,0,9,0,0,0,1,0,0,0,0,0,0,0,0,1,1,0,1,0,0,0,1,0,0,0,0,5
Sp17_465,Sp17,pre,I consent.,1,3,2,5,5,1,18,Asian,0,0,New,Alien Permanent,Nepal,NA,N,95 - 100,97,,3,,1320,,,,,,0,1,1,1,1,1,1,1,1,0,0,1,0,1,0,1,0,0,1,0,12,1,1,1,1,1,0,1,1,1,1,0,0,0,1,1,1,1,1,0,1,0,0,0,0,15
Sp17_408,Sp17,pre,I consent.,3,3,1,5,5,0,19,Hispanic of any race,1,1,New,Native,United States,NA,Y,90 - 94.9,94,3,4,,1080,530,550,550,8,1080,1,1,1,1,1,1,1,0,0,0,0,0,0,0,1,1,1,1,1,1,13,1,1,1,1,1,0,1,1,1,1,0,0,1,0,1,1,0,0,1,0,1,1,0,0,15
Sp17_108,Sp17,pre,I consent.,2,3,1,5,5,0,18,White,0,0,New,Native,United States,NA,N,95 - 100,99,,4,,1380,640,740,600,8,1380,0,1,1,1,1,0,0,0,0,1,0,1,0,1,1,0,0,1,0,0,9,1,0,0,0,0,0,0,0,0,1,0,0,1,0,0,1,0,0,0,1,0,0,0,0,5
Sp17_045,Sp17,pre,I consent.,1,3,1,4,4,1,18,White,0,0,New,Native,United States,NA,Y,95 - 100,99,,4,,1180,550,630,480,7,1180,0,1,1,1,1,0,1,0,1,1,0,0,0,1,1,0,0,0,0,0,9,0,1,0,0,0,0,0,0,0,0,0,1,1,0,0,1,0,0,0,0,1,0,0,0,5
Sp17_181,Sp17,pre,I consent.,1,3,1,4,4,2,18,White,1,0,New,Native,United States,NA,Y,95 - 100,99,,,,1440,,,,,,0,1,1,0,1,0,1,1,1,0,1,1,1,1,1,1,1,0,1,1,15,1,1,1,0,1,0,0,1,1,1,1,1,1,1,1,1,1,1,1,1,0,1,1,0,19
Sp17_486,Sp17,pre,I consent.,1,3,1,5,5,1,18,White,0,0,New,Native,United States,NA,Y,95 - 100,95,,4,,1290,640,560,650,8,1200,1,1,1,1,0,0,0,0,0,0,0,0,0,1,0,0,0,0,0,0,5,1,1,0,0,0,1,0,1,0,1,0,1,1,0,0,1,0,0,0,1,1,0,0,0,10
Sp17_391,Sp17,pre,I consent.,1,2,1,5,5,1,18,White,0,1,New,Native,United States,NA,N,90 - 94.9,94,,4,,1350,670,680,710,8,1350,1,1,1,0,1,1,1,1,1,1,1,1,1,1,1,1,1,1,1,1,19,1,1,1,1,1,0,0,1,1,1,1,1,1,1,1,1,1,1,1,1,1,1,1,1,22
Sp17_384,Sp17,pre,I consent.,2,2,1,5,3,0,18,Hispanic of any race,1,0,New,Native,United States,NA,N,90 - 94.9,92,,2.5,,1220,540,530,580,8,1070,0,1,1,0,1,0,1,1,1,1,1,1,0,1,1,1,0,1,0,0,13,0,1,0,0,0,0,0,0,0,1,0,0,1,0,1,1,0,0,0,1,0,0,0,0,6
Sp17_105,Sp17,pre,I consent.,2,2,1,3,3,0,18,Hispanic of any race,1,0,New,Native,United States,NA,Y,90 - 94.9,94,,6,,1290,,,,,,1,1,0,0,0,1,0,1,0,0,0,0,0,0,0,0,0,0,1,0,5,0,0,0,0,0,0,1,1,0,0,0,0,1,1,0,0,0,0,0,1,0,0,0,0,5
Sp17_018,Sp17,pre,I consent.,1,3,1,5,5,0,18,Hispanic of any race,0,1,New,Native,United States,NA,Y,95 - 100,95,,,,1200,600,600,610,9,1200,1,1,1,0,1,0,0,1,1,1,1,1,0,1,1,0,0,1,1,0,13,1,1,0,0,1,0,0,1,1,1,0,0,1,1,1,1,0,0,0,1,1,1,1,0,14
Sp17_493,Sp17,pre,I consent.,3,3,1,3,3,0,17,White,1,1,New,Native,United States,NA,Y,90 - 94.9,94,3.82,4,,1220,630,590,510,8,1220,0,1,1,0,1,0,0,0,0,1,0,0,1,0,0,0,0,0,0,1,6,1,0,1,0,0,0,0,0,0,0,0,0,0,0,0,0,1,0,0,1,0,0,0,1,5
Sp17_038,Sp17,pre,I consent.,1,4,1,5,5,2,18,White,0,0,New,Native,United States,NA,N,95 - 100,99,,8,,1560,750,800,790,10,1550,1,1,1,0,1,1,1,1,0,1,0,1,1,1,1,1,1,1,1,1,17,1,1,1,1,1,0,0,1,1,1,1,0,1,1,1,1,0,1,1,1,1,1,1,0,19
Sp17_341,Sp17,pre,I consent.,3,3,1,4,3,0,18,Hispanic of any race,1,1,New,Native,United States,"$15,000-29,999",,95 - 100,97,,3,3,970,480,490,410,,970,0,1,0,1,0,0,1,1,1,0,1,0,0,0,0,1,0,0,1,1,9,0,0,1,0,0,0,0,1,0,0,0,0,1,0,0,0,0,1,0,0,0,0,0,0,4
Sp17_133,Sp17,pre,I consent.,1,2,1,4,4,1,19,Black/African American,0,0,New,Native,United States,NA,N,95 - 100,99,,4,,1240,620,620,550,6,1240,0,1,1,0,1,1,1,0,1,0,1,0,1,1,1,1,0,1,1,1,14,1,1,0,1,1,1,1,1,1,1,0,1,1,1,1,1,0,1,1,0,0,1,0,0,17
Sp17_504,Sp17,pre,I consent.,2,2,2,2,2,0,18,Asian,1,0,New,Alien Temporary,Chi,NA,Y,85 - 89.9,88,,,,1150,700,450,610,8,1150,1,1,1,0,0,0,0,0,0,0,1,0,0,1,0,0,0,0,0,0,5,0,1,0,1,0,0,0,0,0,1,0,1,1,1,0,1,1,0,0,1,0,0,1,0,10
Sp17_518,Sp17,pre,I consent.,1,3,1,5,4,0,18,Asian,0,0,Other,Native,United States,NA,Y,95 - 100,96,,,,1250,690,560,620,8,1250,0,1,1,1,1,0,0,0,1,0,1,0,0,1,0,1,0,1,0,0,9,0,1,0,0,0,0,0,0,0,1,0,1,0,0,1,1,0,1,0,1,1,0,0,0,8
Sp17_195,Sp17,pre,I consent.,1,3,1,4,3,1,18,Asian,0,1,New,Native,United States,NA,Y,90 - 94.9,94,,8,,1370,710,660,610,10,1370,1,1,1,0,1,0,0,1,1,1,1,1,0,1,1,1,1,1,0,0,14,1,1,0,1,1,0,0,1,1,1,1,0,1,0,1,1,0,1,1,1,1,0,0,1,16
Sp17_065,Sp17,pre,I consent.,2,3,1,5,5,0,18,White,0,0,New,Native,United States,NA,N,95 - 100,97,,4,,1380,630,630,600,9,1260,1,1,1,1,1,0,0,0,1,1,1,1,0,0,1,0,0,1,0,0,11,1,0,0,0,1,0,0,0,0,0,0,0,1,0,0,1,0,1,0,1,0,0,0,0,6
Sp17_254,Sp17,pre,I consent.,2,3,1,2,2,1,18,Hispanic of any race,1,1,New,Native,United States,NA,Y,90 - 94.9,91,,,,1280,680,600,500,8,1280,1,1,0,0,1,1,1,0,1,1,1,1,1,1,1,1,1,1,1,1,17,1,1,1,1,1,1,1,1,1,0,0,1,1,1,0,1,0,1,1,1,0,1,0,1,18
Sp17_373,Sp17,pre,I consent.,1,4,1,5,5,2,18,Asian,0,1,New,Native,United States,NA,Y,90 - 94.9,93,3.8,,,1410,,,,,,0,1,1,0,0,0,0,1,0,1,0,1,0,0,1,0,1,1,1,1,10,1,1,0,0,1,0,0,1,1,1,1,0,1,1,1,1,0,1,1,1,1,1,1,0,17
Sp17_286,Sp17,pre,I consent.,3,2,1,2,2,0,18,Asian,1,1,New,Native,United States,"$30,000-44,999",,90 - 94.9,90,,4,,1240,690,550,510,8,1240,0,1,1,0,1,0,0,1,1,1,1,1,0,1,1,1,0,1,0,1,13,1,0,0,1,1,0,0,0,0,0,1,1,0,0,1,0,0,0,1,1,1,1,0,1,11
Sp17_110,Sp17,pre,I consent.,2,2,1,5,5,0,18,White,1,0,New,Native,United States,"$125,000-144,999",,80 - 84.9,84,,3,,1010,490,520,410,5,1010,1,1,1,0,0,1,0,1,0,0,1,1,0,0,0,0,0,1,0,1,9,0,0,0,0,0,0,0,1,0,0,0,0,0,0,0,1,1,0,0,0,0,0,1,0,4
Sp17_166,Sp17,pre,I consent.,3,3,1,4,4,2,18,Black/African American,0,1,New,Native,United States,"$30,000-44,999",,90 - 94.9,92,,3,,1030,490,540,620,,1030,1,1,0,1,1,0,0,0,0,0,1,0,0,1,1,0,0,1,0,0,8,0,0,0,1,0,0,0,0,0,0,0,1,0,0,0,1,0,0,0,1,0,0,0,0,4
Sp17_171,Sp17,pre,I consent.,1,2,1,5,5,0,18,White,1,0,New,Native,United States,NA,N,90 - 94.9,90,,2,,1290,,,,,,1,1,1,0,0,0,1,0,0,0,0,1,0,0,1,1,1,0,1,1,10,1,1,1,1,0,0,0,1,1,1,0,0,1,1,0,0,0,1,0,1,1,0,0,0,12
Sp17_338,Sp17,pre,I consent.,3,2,1,5,5,0,18,Black/African American,1,1,New,Native,United States,NA,Y,80 - 84.9,83,,2.5,,900,450,450,430,7,900,1,1,0,1,0,0,0,0,1,1,1,0,0,0,0,0,1,1,1,0,9,0,0,0,0,0,1,0,0,0,0,0,0,1,0,0,1,0,1,0,0,0,0,0,0,4
Sp17_272,Sp17,pre,I consent.,1,2,1,3,2,1,18,Asian,1,0,New,Alien Permanent,"Korea, Republic of",NA,Y,95 - 100,95,,,,1380,690,570,590,10,1260,1,1,1,0,1,0,0,0,0,1,1,1,0,1,1,0,1,0,1,1,12,1,1,0,0,1,0,0,0,1,0,0,0,0,1,0,1,0,0,1,1,1,0,0,0,9
Sp17_328,Sp17,pre,I consent.,2,3,1,5,5,0,18,White,1,0,New,Native,United States,NA,N,95 - 100,98,,,,1440,720,710,610,8,1430,1,1,1,0,1,0,1,0,0,0,1,1,1,1,0,0,1,0,0,0,10,1,1,1,0,1,0,1,0,1,1,1,0,0,0,1,1,0,0,0,0,1,1,1,1,14
Sp17_316,Sp17,pre,I consent.,1,3,1,2,2,1,18,White,1,0,Other,Native,United States,NA,Y,95 - 100,99,,6,,1350,,,,,,0,0,1,0,0,0,0,0,0,0,0,1,0,0,0,0,0,0,1,0,3,0,0,0,0,0,1,0,1,0,1,0,0,1,0,0,0,0,0,1,0,0,1,0,1,7
Sp17_339,Sp17,pre,I consent.,2,3,1,0,0,0,18,Black/African American,0,1,New,Native,United States,NA,,90 - 94.9,91,,5,,1290,710,580,570,9,1290,0,1,1,1,1,0,0,1,1,0,0,1,0,0,1,1,0,0,0,0,9,1,1,0,1,0,0,0,0,1,0,0,0,1,0,0,0,0,1,0,1,0,0,0,0,7
Sp17_021,Sp17,pre,I consent.,1,3,1,4,4,0,18,Asian,0,0,New,Native,United States,NA,N,90 - 94.9,91,,,,1350,740,610,700,11,1350,1,1,1,1,1,0,1,0,0,1,1,1,0,0,0,0,1,1,0,0,11,0,1,0,1,0,0,0,1,0,1,0,0,1,0,0,1,1,0,0,1,0,0,0,0,8
Sp17_149,Sp17,pre,I consent.,2,3,1,4,5,1,18,White,1,0,New,Native,United States,NA,N,95 - 100,96,,5,,1410,680,650,610,8,1330,1,1,1,1,1,0,0,1,1,1,0,1,1,1,1,1,0,1,1,1,16,1,1,1,0,1,0,1,1,1,1,1,1,1,1,1,1,0,1,1,1,1,1,1,0,20
Sp17_218,Sp17,pre,I consent.,1,3,1,4,2,0,18,,0,0,Other,Native,United States,NA,Y,95 - 100,99,3.7,6,,1220,630,530,530,8,1160,1,1,1,1,1,0,1,0,0,0,1,0,0,0,1,0,0,0,0,1,9,0,1,1,1,1,0,0,0,0,1,0,0,0,0,0,0,0,0,0,1,0,0,0,1,7
Sp17_173,Sp17,pre,I consent.,1,3,1,5,5,2,18,White,0,0,New,Native,United States,NA,N,95 - 100,97,,8,,1440,,,,,,0,0,1,0,1,0,0,0,1,0,1,1,0,0,0,0,1,0,1,0,7,0,0,0,1,1,0,0,0,0,1,0,0,1,0,1,1,0,0,1,0,0,1,1,0,9
Sp17_122,Sp17,pre,I consent.,3,2,1,5,5,0,18,White,0,0,New,Native,United States,NA,N,95 - 100,96,,1,,1120,520,600,570,7,1120,1,1,1,0,1,1,1,1,0,1,1,0,1,1,1,0,1,1,1,1,16,1,1,0,0,1,0,0,1,1,1,1,0,1,1,1,1,0,1,1,0,0,0,1,0,14
Sp17_470,Sp17,pre,I consent.,1,2,1,4,4,0,18,White,0,0,New,Native,United States,NA,N,95 - 100,96,,5,,1310,660,650,700,8,1310,1,1,1,1,1,0,1,0,1,0,0,0,0,1,1,1,0,0,0,0,10,0,0,0,0,0,0,0,0,0,0,0,0,0,0,0,1,0,1,0,1,0,0,0,0,3
Sp17_569,Sp17,pre,I consent.,1,2,1,5,4,0,18,Asian,1,1,New,Native,United States,NA,Y,90 - 94.9,91,,3,,1350,640,710,620,8,1350,1,1,1,0,1,1,1,1,0,1,1,1,1,1,1,1,1,0,1,1,17,1,1,1,1,1,0,1,1,1,1,1,1,1,0,1,1,1,1,1,1,1,0,1,0,20
Sp17_246,Sp17,pre,I consent.,1,3,2,5,5,1,18,White,0,0,New,Native,United States,NA,N,95 - 100,99,,7,,1410,710,700,770,10,1410,1,1,1,1,1,0,1,0,1,0,1,1,1,1,1,1,0,0,0,0,13,1,0,1,1,0,0,0,0,1,1,0,1,1,0,1,1,0,1,1,0,1,0,1,1,14
Sp17_279,Sp17,pre,I consent.,1,3,1,2,2,1,18,Asian,1,1,New,Native,United States,NA,Y,95 - 100,97,,9,,1410,720,630,700,10,1350,1,1,0,0,1,1,0,0,1,1,1,1,1,0,1,1,1,1,1,1,15,0,1,0,1,0,1,0,0,0,1,0,0,1,1,0,1,0,0,0,0,0,0,0,0,7
Sp17_418,Sp17,pre,I consent.,3,3,1,5,5,1,18,Black/African American,0,1,New,Native,United States,NA,N,95 - 100,98,,4,,1250,550,570,600,8,1120,1,1,1,0,1,0,0,0,0,0,1,1,0,1,0,0,1,1,0,0,9,1,1,1,0,1,0,0,1,1,1,0,0,1,1,1,1,0,0,0,0,1,0,0,0,12
Sp17_235,Sp17,pre,I consent.,1,3,1,2,2,1,18,Hispanic of any race,1,1,New,Native,United States,NA,Y,90 - 94.9,93,,7,,1270,730,540,500,7,1270,1,1,1,0,1,0,0,1,1,0,1,1,1,0,0,0,0,1,1,1,12,0,0,0,0,0,0,0,1,1,0,0,1,1,0,0,0,1,0,0,0,0,1,1,1,8
Sp17_064,Sp17,pre,I consent.,2,3,1,5,5,0,18,Hispanic of any race,1,0,New,Native,United States,NA,N,95 - 100,95,,4,,1440,,,,,,1,1,1,1,1,1,1,1,1,0,1,1,0,1,1,1,0,0,0,0,14,0,0,1,0,0,0,0,1,1,0,0,0,0,0,0,0,0,0,1,0,0,0,0,0,4
Sp17_066,Sp17,pre,I consent.,1,3,1,4,,0,18,White,0,0,New,Native,United States,NA,Y,95 - 100,99,4,,,1200,610,590,640,10,1200,1,1,1,0,1,0,0,0,0,1,1,1,0,0,1,0,0,1,0,0,9,1,1,0,0,0,0,0,1,1,1,1,0,1,1,1,1,1,1,1,0,1,1,0,1,16
Sp17_262,Sp17,pre,I consent.,1,3,1,5,5,0,18,White,0,0,New,Native,United States,NA,Y,95 - 100,99,,3,,1410,630,700,720,10,1330,1,1,1,1,0,1,1,1,1,1,1,1,0,1,1,1,0,1,1,1,17,0,1,0,1,1,0,0,0,1,1,0,0,0,1,0,1,0,1,1,1,1,1,1,1,14
Sp17_100,Sp17,pre,I consent.,3,3,1,5,5,0,18,Asian,0,1,New,Native,United States,"$30,000-44,999",,90 - 94.9,92,,5,,1380,710,670,710,8,1380,0,0,1,1,1,0,1,1,0,0,0,1,0,1,1,0,0,1,1,0,10,0,0,0,0,1,0,0,0,0,1,0,0,1,0,0,1,0,1,1,0,0,0,0,0,6
Sp17_098,Sp17,pre,I consent.,1,3,1,5,5,1,18,White,1,0,New,Native,United States,NA,N,90 - 94.9,94,,4,,1310,700,610,630,8,1310,1,1,1,0,0,1,1,1,1,0,0,0,0,1,1,1,0,0,1,1,12,1,1,1,1,1,0,0,1,1,1,1,1,1,1,0,1,1,1,1,1,1,0,1,0,19
Sp17_303,Sp17,pre,I consent.,1,2,2,5,4,0,18,Asian,0,1,Other,Native,United States,NA,Y,90 - 94.9,94,,4,,1350,660,530,640,10,1190,1,1,1,0,1,0,0,0,1,0,1,1,0,1,1,1,1,0,1,1,13,1,0,1,1,1,0,0,1,0,1,1,0,1,0,0,1,1,1,1,1,0,0,1,0,14
Sp17_439,Sp17,pre,I consent.,1,3,1,4,4,0,18,White,0,1,New,Native,United States,NA,N,95 - 100,96,,,,1250,580,670,660,8,1250,1,1,1,0,1,0,1,1,0,1,1,1,1,1,1,1,0,1,1,0,15,1,1,0,1,1,0,0,1,1,1,0,0,1,0,0,1,0,1,0,1,1,0,0,0,12
Sp17_208,Sp17,pre,I consent.,2,3,2,3,3,0,19,Asian,0,1,New,Alien Permanent,Chi,NA,Y,95 - 100,99,,,,1340,720,620,580,8,1340,1,1,1,1,1,0,0,0,0,1,1,1,0,0,0,1,0,1,0,0,10,1,1,0,1,0,0,0,0,1,1,1,1,1,0,0,1,0,1,0,1,1,0,0,0,12
Sp17_059,Sp17,pre,I consent.,2,4,2,4,3,0,22,Hispanic of any race,1,1,Transfer,Native,United States,"$15,000-29,999",,Unknown,,3.18,,,,,,,,,1,1,1,0,1,0,0,0,0,1,1,1,0,0,1,0,0,1,0,0,9,1,0,0,0,0,0,0,0,0,1,0,1,0,0,0,0,0,1,0,1,0,0,0,0,5
Sp17_217,Sp17,pre,I consent.,3,2,2,5,4,0,19,White,1,1,New,Naturalized,Fmr Yugoslav Rep of Macedonia,NA,Y,90 - 94.9,91,,2.5,,1070,490,580,530,9,1070,1,1,1,1,1,0,0,0,0,0,0,0,0,1,1,0,0,0,1,1,9,0,1,1,0,0,1,0,0,0,0,0,0,1,1,1,0,0,0,0,0,1,0,0,1,8
Sp17_101,Sp17,pre,I consent.,3,2,2,4,4,0,18,Asian,0,1,New,Native,United States,"$30,000-44,999",,90 - 94.9,94,,4,,1080,600,480,600,8,1080,1,1,1,0,1,0,1,0,0,1,1,1,0,1,1,1,0,0,0,0,11,0,0,1,1,0,0,0,0,0,0,0,0,0,1,0,0,0,0,0,0,0,0,0,0,3
Sp17_006,Sp17,pre,I consent.,1,3,1,5,,1,18,Asian,0,1,New,Native,United States,NA,Y,95 - 100,97,,4,,1240,660,580,480,8,1240,1,1,1,1,1,1,1,1,0,1,1,1,1,0,1,0,0,1,1,1,16,1,1,1,1,1,1,0,1,1,1,0,0,0,0,0,0,0,0,0,0,1,0,0,0,10
Sp17_250,Sp17,pre,I consent.,1,2,2,4,4,1,19,Asian,1,0,New,Alien Permanent,"Korea, Republic of",NA,N,90 - 94.9,93,,7,,1280,700,580,650,8,1280,1,1,1,0,0,0,0,0,1,1,1,1,0,0,0,0,0,1,1,0,9,0,1,0,0,0,0,0,0,0,1,0,0,1,1,0,0,1,0,0,0,0,0,0,0,5
Sp17_285,Sp17,pre,I consent.,2,3,1,4,,0,18,Asian,1,1,New,Native,United States,NA,Y,95 - 100,95,,8,,1560,800,760,750,9,1560,1,1,1,0,1,1,1,1,1,1,1,1,1,1,1,1,1,1,1,1,19,1,1,1,1,1,0,0,1,1,1,0,1,1,1,1,1,0,1,1,1,1,1,1,1,20
Sp17_117,Sp17,pre,I consent.,1,3,2,5,5,1,18,Asian,0,0,New,Native,United States,NA,N,95 - 100,99,,,,1360,720,640,750,10,1360,0,1,1,0,1,1,1,1,1,0,0,1,0,1,1,1,1,0,1,1,14,1,1,1,0,1,0,0,1,1,0,1,0,0,0,1,1,0,1,1,1,1,0,1,0,14
Sp17_230,Sp17,pre,I consent.,1,3,1,4,4,1,18,White,0,0,New,Native,United States,NA,N,95 - 100,97,,,,1560,760,720,800,10,1480,1,1,1,0,1,1,1,0,0,0,1,1,1,1,1,1,1,0,1,1,15,1,1,1,0,1,1,1,1,1,1,0,0,1,1,1,1,0,0,1,1,1,0,1,0,17
Sp17_362,Sp17,pre,I consent.,1,3,1,4,5,1,19,Asian,1,0,New,Native,United States,NA,N,95 - 100,95,,5,,1210,640,570,590,9,1210,1,1,0,0,1,0,1,0,1,0,1,0,1,1,1,1,0,0,1,1,12,0,1,1,1,1,0,0,0,1,0,0,0,0,0,0,1,0,1,0,1,0,0,0,0,8
Sp17_256,Sp17,pre,I consent.,1,3,1,5,4,2,18,Asian,1,0,New,Naturalized,Unknown,NA,N,90 - 94.9,94,,8,,1520,690,560,620,8,1250,1,1,1,0,0,0,0,1,0,0,0,1,0,0,1,0,0,0,0,0,6,0,1,0,1,0,0,0,0,0,1,0,0,1,1,0,1,0,1,0,1,0,0,0,0,8
Sp17_337,Sp17,pre,I consent.,1,3,1,4,4,0,18,,0,0,New,Native,United States,NA,Y,95 - 100,97,,4,,1210,590,620,730,11,1210,1,1,1,0,1,1,1,1,1,0,1,1,1,0,0,0,0,1,1,0,13,0,1,0,1,1,0,0,1,1,1,0,1,1,1,0,1,0,0,0,0,0,0,0,0,10
Sp17_143,Sp17,pre,I consent.,2,2,2,4,4,0,19,Asian,0,0,New,Native,United States,NA,N,90 - 94.9,94,,5,,1200,590,610,560,10,1200,0,0,1,0,1,0,0,0,0,1,0,1,0,1,0,1,0,1,0,0,7,0,1,0,0,0,0,0,0,0,1,0,1,1,0,0,1,0,1,0,1,0,0,0,0,7
Sp17_523,Sp17,pre,I consent.,1,3,1,5,4,1,18,Asian,0,1,Other,Native,United States,NA,Y,90 - 94.9,92,,5,,1370,720,650,730,9,1370,1,1,1,0,0,1,1,1,0,1,1,0,0,1,1,1,0,1,0,0,12,1,1,1,1,1,0,0,0,0,1,0,1,1,1,1,1,0,1,1,1,0,0,0,0,14
Sp17_137,Sp17,pre,I consent.,2,3,1,4,4,1,19,Asian,1,1,New,Naturalized,Unknown,NA,Y,95 - 100,99,,,,1320,650,670,620,8,1320,1,1,1,1,1,1,1,1,0,0,0,1,1,1,1,1,1,1,1,0,16,1,1,1,0,1,0,0,1,1,1,0,0,1,1,1,1,0,1,1,0,1,0,0,0,14
Sp17_115,Sp17,pre,I consent.,1,2,1,5,5,1,18,White,0,0,New,Native,United States,NA,N,90 - 94.9,93,,4,,1290,630,580,630,8,1210,1,1,0,1,1,0,0,1,0,1,1,0,1,0,1,0,0,1,0,1,11,1,0,0,0,0,1,0,0,1,0,0,1,1,1,0,1,0,0,0,0,0,0,0,0,7
Sp17_291,Sp17,pre,I consent.,3,3,2,3,3,0,18,Asian,0,1,New,Naturalized,Unknown,NA,N,95 - 100,95,,8,,1340,770,570,590,8,1340,0,0,1,1,0,0,0,1,1,1,0,1,0,1,0,0,0,1,0,0,8,0,1,0,0,0,0,0,0,0,0,0,0,0,0,0,1,0,0,0,0,0,0,0,0,2
Sp17_441,Sp17,pre,I consent.,1,3,1,4,5,1,19,White,1,0,New,Native,United States,NA,N,95 - 100,97,,6,,1280,650,630,640,10,1280,1,1,1,0,1,0,1,1,1,0,1,1,1,1,1,1,1,1,0,0,15,1,0,1,1,0,0,1,1,1,1,0,1,1,1,1,1,0,1,0,1,0,0,1,0,15
Sp17_160,Sp17,pre,I consent.,2,2,2,2,2,0,18,Asian,0,0,New,Alien Temporary,Chi,NA,N,90 - 94.9,92,,,,1110,640,470,590,9,1110,0,1,1,1,1,0,1,0,1,0,0,1,1,1,0,0,0,0,1,1,11,0,1,1,1,0,0,0,0,0,0,0,0,1,0,0,1,0,0,0,1,1,1,0,0,8
Sp17_220,Sp17,pre,I consent.,1,3,1,5,5,0,18,White,0,0,New,Native,United States,NA,Y,95 - 100,99,,,,1220,590,630,730,10,1220,1,1,1,1,1,0,1,1,1,0,1,1,0,1,1,1,0,1,0,0,14,0,1,1,1,1,0,0,1,1,0,0,0,0,0,0,1,0,1,1,1,1,0,0,0,11
Sp17_176,Sp17,pre,I consent.,3,2,2,4,4,1,18,Asian,1,1,New,Native,United States,NA,Y,90 - 94.9,90,,6,,1320,690,630,590,8,1320,1,1,1,0,1,1,0,0,1,1,1,1,0,0,1,1,0,1,0,0,12,1,1,1,0,1,0,0,1,1,1,1,0,1,1,1,1,1,1,1,1,1,0,0,0,17
Sp17_509,Sp17,pre,I consent.,2,2,2,2,2,0,19,Asian,0,0,New,Alien Temporary,Chi,NA,N,85 - 89.9,89,,,2,,,,,,,1,1,1,1,1,0,0,0,0,1,1,1,0,1,1,1,0,1,0,0,12,0,1,0,1,0,0,0,0,0,0,0,0,1,0,0,1,0,1,0,1,0,0,0,0,6
Sp17_529,Sp17,pre,I consent.,2,2,2,3,3,0,19,Asian,0,1,New,Native,United States,NA,Y,85 - 89.9,89,,,,1440,780,660,620,8,1440,1,1,1,1,1,1,0,1,0,0,1,1,0,0,1,1,0,0,0,0,11,0,1,0,1,0,0,0,0,0,1,0,1,0,0,0,0,0,0,0,1,0,0,0,0,5
Sp17_095,Sp17,pre,I consent.,2,2,2,2,2,0,18,Asian,1,0,New,Alien Temporary,Chi,NA,Y,90 - 94.9,92,,,,1200,720,480,550,7,1200,0,1,1,1,1,1,0,1,1,0,1,1,0,1,0,1,0,0,1,0,12,0,1,0,1,0,1,0,0,0,1,0,1,0,1,0,0,0,0,0,1,0,0,0,1,8
Sp17_474,Sp17,pre,I consent.,3,3,1,5,5,0,19,Asian,0,0,New,Native,United States,NA,N,95 - 100,97,,,,1290,650,640,670,10,1290,1,1,1,0,1,0,1,0,1,0,0,0,1,1,1,0,1,0,0,0,10,1,1,1,0,1,0,0,1,1,1,1,1,1,0,1,1,0,1,0,1,1,0,0,1,16
Sp17_494,Sp17,pre,I consent.,2,2,1,4,4,0,18,Asian,1,0,New,Native,United States,NA,Y,90 - 94.9,90,,5,,1350,,,,,,1,1,1,0,1,1,0,0,1,1,1,1,0,0,1,0,0,1,0,0,11,1,1,1,0,0,0,0,0,1,1,1,0,1,0,1,1,0,1,1,1,1,0,0,0,13
Sp17_094,Sp17,pre,I consent.,2,3,1,5,4,0,18,Asian,0,0,New,Native,United States,NA,Y,90 - 94.9,93,,7,,1440,740,700,710,10,1440,1,0,1,0,1,1,1,0,1,1,1,1,0,1,1,1,1,1,1,0,15,1,0,1,1,1,0,0,1,1,1,1,0,1,0,1,1,0,0,1,1,0,0,1,0,14
Sp17_312,Sp17,pre,I consent.,1,3,1,5,5,2,18,White,1,0,New,Native,United States,NA,Y,95 - 100,99,,5,,1300,660,640,610,9,1300,1,1,1,1,1,1,1,0,1,1,1,1,1,0,0,1,1,1,1,1,17,1,1,1,0,1,0,1,1,1,1,0,1,1,1,0,1,0,1,1,1,1,1,1,1,19
Sp17_268,Sp17,pre,I consent.,3,2,1,4,4,0,18,Asian,1,1,New,Native,United States,NA,N,90 - 94.9,92,,7,,1400,740,660,710,9,1400,0,1,1,1,0,1,1,1,1,1,1,1,0,0,1,1,1,0,1,0,14,1,1,1,1,1,0,1,1,1,1,0,0,1,1,1,1,0,1,1,1,1,1,0,1,19
Sp17_497,Sp17,pre,I consent.,3,2,1,5,4,1,18,Asian,0,0,New,Native,United States,NA,N,90 - 94.9,90,,4,,1430,730,700,770,7,1430,1,1,1,0,1,1,0,1,0,0,1,1,1,1,1,0,1,1,1,1,15,1,1,0,0,1,0,1,1,1,1,0,0,0,1,1,1,0,0,1,1,1,0,0,0,13
Sp17_070,Sp17,pre,I consent.,1,3,1,5,5,0,18,White,0,1,New,Native,United States,NA,Y,95 - 100,99,,,,1210,610,600,650,10,1210,1,1,1,1,1,0,1,1,1,0,1,1,0,0,0,1,0,0,0,0,11,0,1,1,0,0,0,0,0,0,0,0,0,1,1,0,1,0,1,0,1,0,0,0,0,7
Sp17_487,Sp17,pre,I consent.,3,2,1,5,4,0,18,White,0,1,New,Native,United States,NA,N,90 - 94.9,92,,2.5,,1150,520,520,510,8,1040,1,1,1,1,0,0,0,1,0,0,1,1,0,1,1,1,0,1,0,0,11,1,1,0,0,0,0,0,0,0,1,0,0,1,0,0,1,0,1,0,1,0,0,0,0,7
Sp17_295,Sp17,pre,I consent.,2,2,1,5,5,0,18,Asian,0,0,New,Native,United States,NA,Y,90 - 94.9,93,,5,,1260,670,590,580,10,1260,1,0,1,0,0,0,0,0,0,0,1,1,1,0,0,0,0,1,0,0,6,1,1,1,1,1,0,1,0,1,1,1,1,1,0,1,1,1,1,1,0,0,0,0,0,16
Sp17_168,Sp17,pre,I consent.,3,2,1,5,5,1,18,White,0,0,New,Native,United States,NA,Y,85 - 89.9,89,,2.5,,1320,,,,,,1,1,1,0,1,1,0,1,0,1,1,1,0,0,0,1,0,1,0,0,11,0,0,1,0,1,0,0,0,1,0,0,0,0,0,1,0,0,0,0,0,1,0,0,0,5
Sp17_289,Sp17,pre,I consent.,2,3,2,5,5,2,18,White,0,0,New,Native,United States,NA,N,95 - 100,97,,,,1330,710,620,700,8,1330,1,1,1,0,1,1,0,0,0,0,1,1,1,1,1,0,0,1,1,1,13,1,1,0,1,0,0,0,1,0,1,0,0,1,1,1,1,0,0,1,1,0,0,0,0,11
Sp17_116,Sp17,pre,I consent.,1,3,1,4,,1,18,White,1,0,New,Native,United States,NA,N,90 - 94.9,91,3.7,4,,1290,650,620,580,6,1270,0,1,1,0,1,1,0,1,0,1,0,1,1,1,1,0,1,1,1,1,14,1,1,1,0,1,0,1,0,1,1,0,0,0,1,1,1,0,0,1,0,1,0,0,1,13
Sp17_318,Sp17,pre,I consent.,1,3,1,5,4,2,18,White,1,0,New,Native,United States,NA,N,95 - 100,99,,,,1570,800,770,730,8,1570,1,1,1,0,1,1,1,1,1,1,1,1,1,1,1,1,1,1,1,1,19,1,1,1,0,1,1,1,1,1,1,1,1,1,1,1,1,1,1,1,1,1,1,1,1,23
Sp17_287,Sp17,pre,I consent.,1,3,1,2,2,1,18,Asian,1,0,New,Native,United States,NA,Y,95 - 100,95,,,,1330,660,670,570,8,1330,1,1,1,0,1,1,1,1,1,1,1,1,1,1,1,1,1,1,1,1,19,1,1,1,1,1,1,0,1,1,1,1,1,1,1,1,1,1,1,1,1,1,0,0,0,20
Sp17_524,Sp17,pre,I consent.,1,2,2,2,3,0,18,Asian,1,1,New,Native,United States,NA,Y,95 - 100,95,,8,,1240,740,500,630,10,1240,1,1,0,0,1,0,0,0,0,1,1,1,0,1,1,0,1,0,1,0,10,1,1,1,0,1,0,0,0,1,1,0,0,0,1,0,1,1,1,0,0,1,0,0,1,12
Sp17_321,Sp17,pre,I consent.,1,3,1,5,5,1,18,White,0,1,New,Native,United States,NA,Y,95 - 100,96,,5,,1260,610,650,720,10,1260,0,1,1,0,1,1,1,1,1,1,1,1,0,1,1,1,1,1,1,1,17,1,1,1,1,1,0,1,1,1,0,1,0,1,1,1,1,0,1,1,1,1,1,0,1,19
Sp17_085,Sp17,pre,I consent.,2,3,2,3,4,0,18,Asian,0,1,Other,Native,United States,NA,Y,90 - 94.9,94,,,,1250,670,580,720,10,1250,1,1,1,0,1,0,0,0,0,0,1,1,0,0,1,0,0,0,0,0,7,0,1,0,0,0,0,0,1,1,1,0,0,1,1,0,1,0,0,0,1,0,0,0,0,8
Sp17_526,Sp17,pre,I consent.,1,3,2,2,1,1,19,Asian,1,1,New,Native,United States,NA,Y,95 - 100,98,,,,1370,740,630,540,8,1370,0,1,1,0,1,0,0,1,0,1,1,1,0,0,1,0,0,1,1,0,10,1,1,0,0,1,0,0,0,1,1,1,0,0,0,1,1,1,1,1,1,1,0,1,0,14
Sp17_223,Sp17,pre,I consent.,3,2,2,2,,0,18,Asian,0,1,New,Alien Permanent,Bangladesh,NA,N,90 - 94.9,92,,3,,990,530,460,460,7,990,0,0,1,0,0,0,0,0,0,1,1,0,1,0,0,0,0,0,1,1,6,0,0,0,0,0,0,0,0,1,0,0,0,0,0,0,0,0,0,0,0,0,1,0,1,3
Sp17_460,Sp17,pre,I consent.,1,3,1,3,3,1,18,Asian,1,1,New,Native,United States,NA,Y,95 - 100,96,,8,,1410,690,660,650,10,1350,1,1,1,1,1,0,1,1,0,1,1,1,0,0,1,1,1,1,1,1,16,1,1,1,0,0,0,0,1,1,1,0,1,0,1,0,1,1,0,1,1,0,0,0,1,13
Sp17_229,Sp17,pre,I consent.,2,3,1,5,5,1,18,Asian,0,0,New,Native,United States,NA,N,90 - 94.9,92,,3,,1350,640,630,640,10,1270,0,1,1,0,1,1,1,1,1,0,1,1,0,1,1,1,1,1,1,1,16,1,1,1,1,1,0,1,1,0,0,1,0,1,1,1,1,0,1,1,1,1,1,0,1,18
Sp17_514,Sp17,pre,I consent.,1,3,1,4,4,1,18,Asian,1,0,New,Native,United States,NA,N,95 - 100,97,,3,,1290,670,620,580,7,1290,1,1,1,0,1,1,1,0,1,0,1,1,1,1,1,1,1,1,1,1,17,1,1,1,0,1,0,0,0,1,1,1,0,1,0,1,1,0,1,1,1,1,1,1,1,17
Sp17_420,Sp17,pre,I consent.,3,3,2,4,3,0,18,Hispanic of any race,0,1,New,Native,United States,NA,Y,95 - 100,96,,4,,1110,570,540,500,9,1110,1,1,0,1,1,0,0,1,1,0,1,1,0,1,1,1,0,0,0,0,11,0,1,0,0,1,0,0,0,0,0,0,1,1,0,0,0,0,1,0,1,0,0,0,1,7
Sp17_500,Sp17,pre,I consent.,1,3,1,5,5,1,19,Asian,0,1,New,Native,United States,NA,N,95 - 100,99,4,,,1370,720,650,660,8,1370,1,1,1,0,1,1,1,0,1,1,1,1,0,1,1,0,1,1,1,0,15,0,1,1,0,1,0,0,1,1,1,1,1,0,0,0,1,0,0,1,0,1,0,1,0,12
Sp17_490,Sp17,pre,I consent.,2,3,1,5,5,0,18,Black/African American,0,1,New,Native,United States,NA,Y,95 - 100,95,,6,,1370,650,720,660,8,1370,1,1,1,0,1,0,1,1,1,1,1,1,1,1,1,0,1,1,1,1,17,1,1,1,1,1,0,1,1,1,1,1,1,1,1,1,1,1,1,1,0,1,1,1,0,21
Sp17_517,Sp17,pre,I consent.,2,3,1,5,5,0,18,Asian,1,1,New,Native,United States,NA,Y,90 - 94.9,93,,,,1560,800,760,630,7,1560,1,1,1,0,1,1,1,0,0,1,1,1,1,1,1,1,1,1,0,0,15,1,1,1,1,1,1,1,1,1,1,1,1,1,1,1,1,1,1,1,0,1,1,1,1,23
Sp17_366,Sp17,pre,I consent.,2,3,1,5,4,0,18,Asian,1,1,New,Native,United States,NA,Y,95 - 100,97,,6,,1400,720,680,620,8,1400,1,1,1,1,1,0,1,0,0,0,1,1,0,1,1,1,1,1,1,0,14,1,1,1,0,1,0,0,1,1,1,1,0,1,1,1,1,0,1,1,1,1,1,1,1,19
Sp17_067,Sp17,pre,I consent.,1,3,1,4,4,1,19,Hispanic of any race,0,1,New,Native,United States,NA,N,90 - 94.9,93,,4,,1180,560,620,500,9,1180,1,1,1,1,0,0,0,0,0,1,1,1,0,1,0,0,1,1,0,0,10,1,0,0,1,0,0,0,0,0,0,0,0,1,1,0,1,0,0,0,0,0,0,0,0,5
Sp17_527,Sp17,pre,I consent.,1,3,2,4,3,1,19,Asian,0,1,New,Native,United States,NA,Y,95 - 100,98,,4,,1270,690,580,610,8,1270,1,0,1,0,1,0,0,0,0,0,0,1,1,0,0,1,1,1,1,1,10,0,0,0,1,1,0,0,1,1,0,0,0,0,0,0,1,0,1,0,1,0,0,0,1,8
Sp17_535,Sp17,pre,I consent.,1,3,1,4,4,1,18,Asian,0,1,New,Native,United States,NA,Y,90 - 94.9,93,,4,,1290,670,620,580,6,1290,1,1,1,1,1,0,0,1,0,0,1,1,0,0,1,0,1,0,1,0,11,1,1,1,1,0,0,0,1,1,1,0,0,0,0,0,1,0,1,0,0,1,0,0,1,11
Sp17_438,Sp17,pre,I consent.,1,4,1,5,4,0,18,,0,1,Other,Native,United States,NA,Y,95 - 100,95,,,,1240,690,550,620,10,1240,1,1,1,1,0,0,1,0,1,0,1,0,0,0,1,1,0,0,1,0,10,0,1,0,1,0,0,0,0,0,1,0,1,1,0,0,1,0,1,0,1,0,0,0,0,8
Sp17_511,Sp17,pre,I consent.,1,3,2,4,4,1,18,Asian,1,1,New,Naturalized,Unknown,NA,Y,90 - 94.9,91,,,,1330,750,580,610,9,1330,1,1,1,1,1,0,0,0,1,0,0,1,0,1,1,1,0,0,0,0,10,0,1,0,1,0,0,0,0,0,1,0,0,1,1,0,1,0,0,0,0,0,0,0,0,6
Sp17_150,Sp17,pre,I consent.,1,3,1,5,5,1,18,Hispanic of any race,1,0,New,Native,United States,NA,N,95 - 100,99,3.23,4,,1350,,,,,,1,1,1,0,1,1,1,1,1,0,1,1,1,1,0,0,1,0,1,0,14,1,1,1,1,1,0,0,1,1,1,1,1,1,1,1,1,1,1,1,1,1,1,1,0,21
Sp17_520,Sp17,pre,I consent.,3,2,1,3,3,0,18,Hispanic of any race,1,1,New,Native,United States,NA,Y,85 - 89.9,88,2.65,5,,1140,610,530,520,7,1140,1,1,0,1,0,0,1,0,0,0,0,0,0,0,0,0,0,1,1,0,6,0,0,0,0,0,0,1,0,0,1,0,1,0,0,0,0,1,1,0,1,0,1,1,0,8
Sp17_331,Sp17,pre,I consent.,3,2,1,5,5,0,18,Hispanic of any race,0,1,New,Native,United States,NA,Y,90 - 94.9,94,,2,,1030,490,540,550,8,1030,1,1,1,0,1,0,0,1,0,0,0,0,1,0,0,0,1,1,0,0,8,0,1,0,0,0,0,0,0,0,1,1,0,0,0,0,0,0,0,0,0,0,1,1,1,6
Sp17_457,Sp17,pre,I consent.,1,3,2,4,3,1,19,Asian,0,1,New,Naturalized,Bangladesh,NA,N,90 - 94.9,94,,7,,1310,730,580,620,8,1310,1,0,1,1,1,1,0,0,0,1,1,0,0,1,0,1,0,1,0,1,11,1,1,0,0,1,1,1,0,1,1,0,0,1,0,1,1,0,1,0,1,1,0,0,0,13
Sp17_227,Sp17,pre,I consent.,2,3,1,3,3,0,18,Asian,0,1,New,Native,United States,NA,Y,95 - 100,98,,8,,1190,650,540,610,9,1190,0,0,1,1,1,0,0,1,0,0,0,1,0,0,0,0,0,0,1,1,7,0,0,0,1,0,0,0,0,0,0,0,0,1,0,0,1,0,1,0,1,1,0,0,0,6
Sp17_194,Sp17,pre,I consent.,1,3,1,2,2,2,18,Asian,0,1,New,Native,United States,NA,Y,95 - 100,98,,,,1230,670,560,530,9,1230,1,1,1,1,0,0,1,0,0,1,1,1,0,0,0,0,0,0,0,1,9,1,0,0,0,1,0,0,0,0,0,0,1,0,1,0,1,1,1,0,1,1,0,0,1,10
Sp17_013,Sp17,pre,I consent.,1,2,2,5,5,0,19,Hispanic of any race,1,0,New,Alien Permanent,Mexico,NA,Y,95 - 100,99,,2.5,,1120,530,590,570,8,1120,0,1,1,0,1,1,1,1,0,0,1,1,1,1,1,1,1,1,1,1,16,1,0,1,1,0,0,1,1,1,1,1,0,1,1,1,0,0,1,1,1,1,0,1,1,17
Sp17_489,Sp17,pre,I consent.,2,3,1,4,4,0,18,Asian,1,0,New,Native,United States,NA,N,95 - 100,99,,,,1560,780,780,800,11,1560,1,1,1,0,1,1,1,1,1,1,1,1,1,1,1,1,1,1,1,1,19,1,1,1,1,1,1,0,1,1,1,0,1,1,1,1,1,0,1,1,0,0,1,1,1,19
Sp17_207,Sp17,pre,I consent.,1,2,2,2,2,0,18,Asian,0,0,New,Alien Temporary,Chi,NA,Y,85 - 89.9,86,,,,1120,690,430,490,7,1120,1,1,1,0,0,0,0,0,0,0,1,1,0,1,0,1,0,0,0,0,7,1,1,1,1,0,0,0,1,1,0,0,0,1,1,0,1,1,1,0,0,1,0,0,0,12
Sp17_317,Sp17,pre,I consent.,3,3,1,5,5,0,19,White,1,0,New,Native,United States,NA,Y,90 - 94.9,91,,2.5,,1290,,,,,,1,1,1,0,1,1,1,1,1,1,1,0,1,1,0,1,0,1,0,1,15,0,0,0,0,1,1,0,0,0,1,0,0,1,0,1,0,0,0,0,1,0,0,0,0,6
Sp17_135,Sp17,pre,I consent.,1,3,1,4,4,1,18,Asian,1,1,New,Native,United States,NA,Y,90 - 94.9,93,,,,1360,740,620,650,8,1360,1,1,1,0,1,1,1,1,1,1,1,1,1,1,1,1,1,1,1,1,19,1,1,1,1,1,0,1,1,1,1,1,1,0,1,1,1,0,1,1,1,1,1,1,0,20
Sp17_014,Sp17,pre,I consent.,2,3,1,5,5,0,18,Asian,0,0,Transfer,Alien Permanent,Philippines,NA,,90 - 94.9,90,3.7,2.5,,1020,520,500,420,6,1020,1,1,1,1,0,0,1,1,0,0,1,1,0,0,0,1,0,1,1,0,11,0,1,1,1,0,0,0,1,0,1,0,0,0,1,0,0,0,0,1,0,1,0,0,0,8
Sp17_112,Sp17,pre,I consent.,2,4,1,4,4,2,24,White,1,1,Transfer,Native,United States,NA,N,NA,,3.23,4,,,,,,,,1,1,1,0,1,0,1,0,0,1,1,1,1,1,1,1,1,1,0,0,14,1,1,1,0,1,0,1,1,1,1,0,1,0,0,0,0,0,0,0,1,0,1,0,0,11
Sp17_329,Sp17,pre,I consent.,1,5,1,5,5,0,20,White,0,0,Transfer,Native,United States,NA,,95 - 100,97,3.66,,,,,,,,,0,0,1,0,0,1,1,1,1,1,1,1,1,0,1,1,1,1,1,1,15,1,1,1,0,1,0,1,1,1,1,0,0,1,1,1,1,0,1,1,1,0,0,0,1,16
Sp17_158,Sp17,pre,I consent.,1,3,1,5,5,3,18,Hispanic of any race,1,1,New,Native,United States,NA,N,90 - 94.9,93,,,,1320,630,690,500,,1320,1,1,1,0,1,1,1,1,1,1,1,1,1,1,1,1,1,1,1,1,19,1,1,1,0,1,1,0,1,1,1,1,0,1,1,1,1,0,1,1,1,1,0,1,0,18
Sp17_029,Sp17,pre,I consent.,1,4,1,5,5,3,23,Black/African American,1,1,Transfer,Alien Permanent,Gha,"$0-14,999",,Unknown,,3.7,,,,,,,,,1,1,0,0,0,1,0,0,0,1,1,0,0,1,1,1,0,1,1,1,11,1,1,0,1,1,1,0,0,1,1,0,0,0,1,1,1,0,0,0,1,1,1,1,0,14
Sp17_345,Sp17,pre,I consent.,2,4,1,5,,0,20,White,0,0,Transfer,Native,United States,"$45,000-64,999",,85 - 89.9,89,3,,,1020,590,430,460,8,1020,0,1,1,0,0,0,0,1,1,1,1,0,1,0,1,1,0,0,0,0,9,1,1,0,0,0,0,0,1,1,1,0,0,0,0,1,0,0,0,0,1,0,0,0,0,7
Sp17_258,Sp17,pre,I consent.,1,4,1,4,4,0,20,White,0,0,Transfer,Native,United States,NA,,95 - 100,95,3.69,,,1180,550,630,620,8,1180,1,1,1,1,1,1,1,1,1,1,1,1,1,1,1,0,0,1,0,1,17,1,1,1,0,1,1,1,1,1,1,1,1,0,1,1,1,1,1,1,1,1,1,1,0,21
Sp17_255,Sp17,pre,I consent.,1,3,1,5,5,2,20,Black/African American,1,1,Transfer,Native,United States,"$30,000-44,999",,85 - 89.9,87,3.11,,,1160,580,580,610,11,1160,1,1,1,1,0,1,1,1,0,1,1,1,1,1,1,0,1,0,1,1,16,0,1,1,0,1,0,0,1,1,1,1,0,1,1,1,1,0,0,0,0,0,0,1,0,12
Sp17_221,Sp17,pre,I consent.,2,4,1,4,,0,20,Hispanic of any race,1,0,Transfer,Native,United States,"$85,000-104,999",,80 - 84.9,82,3.49,,,,,,,,,1,1,1,1,1,0,1,1,0,1,0,0,0,1,1,1,0,0,0,0,11,0,1,0,1,1,0,0,1,0,1,0,0,1,0,1,0,0,1,1,1,1,0,0,0,11
Sp17_503,Sp17,pre,I consent.,2,4,2,2,2,0,19,Asian,0,0,Transfer,Alien Temporary,Chi,NA,N,NA,,,8,2,,,,,,,0,1,0,0,0,1,0,1,1,1,0,0,0,0,0,0,0,0,1,0,6,1,1,1,0,1,1,0,0,0,0,0,0,0,1,1,0,0,0,0,0,0,0,0,0,7
Sp17_347,Sp17,pre,I consent.,1,4,1,5,5,0,19,White,0,0,Transfer,Native,United States,NA,N,95 - 100,96,3.98,3,,1280,610,670,710,9,1280,1,1,0,0,1,1,0,1,0,1,1,1,1,1,1,0,1,1,1,1,15,1,1,0,1,0,0,1,1,1,1,0,0,1,1,1,1,0,1,0,1,0,0,0,0,13
Sp17_247,Sp17,pre,I consent.,2,5,1,5,5,3,21,White,0,0,Transfer,Native,United States,NA,N,90 - 94.9,93,3.53,,,1320,650,670,590,8,1320,1,1,1,0,1,0,1,0,0,1,1,1,1,1,0,0,1,1,1,1,14,0,0,1,1,1,0,1,1,1,1,1,0,1,1,1,1,0,0,1,1,1,1,1,0,17
Sp17_473,Sp17,pre,I consent.,2,3,2,4,2,0,21,Asian,1,0,Transfer,Alien Temporary,Viet m,NA,N,NA,,3.59,4,,1270,720,550,580,7,1270,1,1,1,0,1,1,0,1,0,0,1,1,0,0,1,0,0,1,0,0,10,0,1,0,1,0,0,0,0,0,1,0,1,1,0,0,0,0,0,0,0,0,0,0,0,5
Sp17_263,Sp17,pre,I consent.,1,3,1,5,5,0,22,Black/African American,1,0,Transfer,Native,United States,NA,,NA,,3.85,3,,,,,,,,1,1,1,1,1,0,1,1,1,1,0,0,1,1,1,1,1,1,1,1,17,1,0,1,0,1,0,1,1,1,0,0,1,1,0,0,0,0,1,1,1,1,1,0,1,14
Sp17_023,Sp17,pre,I consent.,1,4,2,5,,0,20,Black/African American,0,0,Transfer,Alien Permanent,Gha,"$30,000-44,999",,Unknown,,3.37,,,,,,,,,0,1,1,1,1,0,1,0,0,0,0,0,0,1,1,0,1,0,0,0,8,0,1,0,1,1,0,0,0,0,0,0,0,0,0,0,1,0,0,0,0,1,0,0,0,5
Sp17_478,Sp17,pre,I consent.,3,1,1,4,4,2,20,Hispanic of any race,1,0,Other,Native,United States,NA,,NA,,,,,,,,,,,1,0,1,0,1,0,0,0,0,0,1,0,1,1,0,0,1,0,1,1,9,1,0,0,0,0,0,0,0,1,1,0,0,1,1,0,1,0,1,0,1,0,0,0,0,8
Sp17_379,Sp17,pre,I consent.,1,5,1,5,5,0,20,Hispanic of any race,0,1,Transfer,Native,United States,"$85,000-104,999",,75 - 79.9,79,3.4,1,,,,,,,,0,1,1,1,1,0,0,0,1,0,0,0,0,1,1,0,0,0,0,0,7,0,1,1,0,0,0,0,0,0,1,0,0,0,0,1,1,0,1,1,1,1,0,0,0,9
Sp17_452,Sp17,pre,I consent.,2,4,1,5,5,0,22,White,0,1,Transfer,Native,United States,NA,,85 - 89.9,87,2.27,,,,,,,,,1,1,1,1,0,0,1,0,0,0,1,1,0,1,1,1,1,1,0,0,12,1,0,0,0,1,0,0,1,1,1,0,0,1,1,1,1,0,0,1,1,0,0,0,0,11
Sp17_411,Sp17,pre,I consent.,1,4,1,4,4,1,20,Hispanic of any race,0,0,Transfer,Native,United States,NA,,80 - 84.9,83,3.36,,,,,,,,,1,1,1,0,1,0,0,0,0,0,0,1,0,0,0,0,0,0,0,0,5,0,1,1,1,0,0,0,1,0,1,0,1,0,1,0,0,1,0,0,0,1,0,0,1,10
Sp17_148,Sp17,pre,I consent.,1,2,2,3,2,0,23,Asian,0,1,Transfer,Alien Permanent,Iran (Islamic Republic Of),"$0-14,999",,Unknown,,,2,1.5,,,,,,,1,0,0,0,0,0,1,0,0,1,1,0,0,1,0,1,0,0,0,0,6,0,1,0,0,0,0,0,0,1,0,0,1,0,0,0,0,0,0,1,0,1,1,1,1,8
Sp17_224,Sp17,pre,I consent.,1,4,1,5,5,3,20,White,0,1,Transfer,Native,United States,"$0-14,999",,Unknown,,3.59,,,,,,,,,1,1,0,1,1,0,1,0,0,0,0,1,0,1,1,1,0,0,0,0,9,1,1,0,1,1,0,0,1,1,1,0,0,1,0,1,1,0,1,0,1,0,0,0,0,12
Sp17_359,Sp17,pre,I consent.,1,4,2,4,4,1,20,Hispanic of any race,0,0,Other,Alien Permanent,Dominican Republic,NA,,NA,,3.86,,,,,,,,,1,1,1,1,1,0,0,0,1,0,1,1,0,0,0,1,0,0,0,0,9,1,1,1,1,0,0,0,1,0,1,0,0,1,0,1,1,0,1,0,1,0,0,0,0,11
Sp17_283,Sp17,pre,I consent.,1,3,2,4,4,0,19,Asian,0,0,Transfer,Native,United States,NA,,80 - 84.9,82,3.64,2,,,,,,,,0,0,1,1,1,0,1,0,0,0,0,1,0,1,1,0,0,0,0,0,7,0,1,0,1,0,0,0,0,0,0,0,0,1,0,0,1,0,1,0,0,0,0,0,0,5
Sp17_296,Sp17,pre,I consent.,1,4,1,5,5,0,25,White,1,1,Transfer,Native,United States,NA,,NA,,3.5,,,,,,,,,1,1,1,1,1,0,1,1,1,0,1,1,1,1,1,0,1,1,1,1,17,0,1,1,1,1,0,0,1,1,1,0,1,0,0,1,1,1,0,1,0,1,0,0,0,13
Sp17_351,Sp17,pre,I consent.,1,2,1,4,4,0,18,White,0,0,Transfer,Native,United States,NA,,90 - 94.9,92,3.59,7,,1220,530,580,590,8,1110,1,1,1,1,1,0,1,0,1,1,1,1,0,1,1,1,0,0,0,0,13,1,0,1,1,0,0,0,1,1,1,0,0,1,0,1,1,0,1,0,0,0,0,0,0,10
Sp17_196,Sp17,pre,I consent.,1,4,1,4,,2,19,White,0,0,Transfer,Native,United States,NA,,90 - 94.9,93,3.21,,,,,,,,,1,1,1,1,1,1,1,0,1,0,1,1,0,1,1,0,1,0,1,0,14,1,1,1,0,1,0,0,1,1,1,1,1,1,1,1,1,1,1,1,1,1,1,1,0,20
Sp17_294,Sp17,pre,I consent.,1,3,1,5,5,0,19,White,0,0,Transfer,Native,United States,"$85,000-104,999",,Unknown,,3.73,3,,,,,,,,1,1,1,1,1,0,1,1,0,0,1,1,0,1,1,1,1,0,1,1,15,1,1,0,0,1,0,0,1,1,1,0,0,0,1,0,1,0,1,0,1,1,0,0,1,12
Sp17_252,Sp17,pre,I consent.,1,3,2,3,2,1,22,Asian,1,0,Transfer,Alien Temporary,"Korea, Republic of",NA,,NA,,3.23,,,,,,,,,1,1,0,0,0,1,0,0,0,0,0,0,0,1,1,0,0,0,0,0,5,0,0,0,1,0,0,0,0,1,0,0,1,1,1,0,0,0,0,0,1,0,1,0,1,8
Sp17_427,Sp17,pre,I consent.,2,4,1,3,5,0,22,White,0,0,Transfer,Native,United States,"$45,000-64,999",,80 - 84.9,82,2.9,1,,,,,,,,1,1,0,0,1,0,0,0,0,0,1,1,0,1,1,1,1,0,0,0,9,0,1,0,1,1,0,0,0,0,1,0,0,0,0,0,1,0,1,0,0,0,0,0,0,6
Sp17_323,Sp17,pre,I consent.,1,3,1,5,5,2,20,Hispanic of any race,0,1,Transfer,Native,United States,NA,,85 - 89.9,86,3.3,,,,,,,,,0,0,1,0,1,0,0,0,0,0,0,0,1,0,0,1,0,0,0,1,5,0,0,0,0,0,0,1,0,1,0,0,1,0,0,1,1,0,0,0,0,0,1,1,0,7
Sp18_132,Sp18,pre,I consent.,3,5,1,4,5,2,35,White,1,0,Transfer,Native,United States,NA,,85 - 89.9,85,2.53,3,4,1290,680,610,,,1290,1,1,1,0,1,0,1,0,1,0,1,1,1,1,1,0,1,1,1,1,15,0,1,0,1,1,0,0,0,1,1,0,0,1,1,0,1,0,1,0,1,1,0,0,1,12
Sp18_408,Sp18,pre,I consent.,1,4,1,5,5,2,29,White,1,0,Transfer,Native,United States,"$65,000-84,999",,Unknown,,3.9,3,,1000,520,480,540,,1000,1,1,1,1,1,0,1,1,0,0,1,1,1,1,1,0,1,1,1,1,16,1,1,1,1,1,0,1,0,1,1,0,1,0,0,1,1,0,0,1,1,0,0,0,1,14
Sp18_101,Sp18,pre,I consent.,2,5,1,4,4,2,26,White,1,1,Transfer,Native,United States,"$85,000-104,999",,Unknown,,3.4,3,,980,530,450,470,9,980,0,1,1,0,1,1,0,0,1,0,0,1,0,0,0,0,0,1,1,1,9,1,1,1,1,1,0,1,1,1,1,1,0,1,1,1,1,0,0,0,1,1,1,1,0,18
Sp18_298,Sp18,pre,I consent.,2,4,1,3,3,2,20,White,0,0,New,Native,United States,NA,N,90 - 94.9,94,,4,,1330,730,600,620,8,1330,1,1,1,0,1,0,0,0,1,1,0,1,0,1,0,1,0,1,1,0,11,1,1,1,0,0,0,0,0,1,1,0,1,1,0,0,1,0,0,1,1,0,0,0,0,10
Sp18_450,Sp18,pre,I consent.,2,4,2,2,2,0,24,Asian,1,0,New,Alien Temporary,"Korea, Republic of","$165,000-184,999",,85 - 89.9,85,,,,1030,610,420,590,10,1030,1,0,0,0,0,0,0,0,0,0,0,0,0,0,0,0,0,0,0,0,1,0,0,0,1,0,1,1,0,0,1,0,0,0,0,0,0,0,0,0,1,1,0,0,1,7
Sp18_203,Sp18,pre,I consent.,2,5,1,4,2,2,20,White,0,0,Transfer,Native,United States,NA,N,NA,,3.51,,,1250,,,,,,1,0,1,0,0,0,0,1,0,1,0,1,0,0,1,1,0,1,0,1,9,0,0,1,1,1,1,1,1,0,1,0,0,0,0,1,1,0,0,0,1,1,0,0,0,11
Sp18_048,Sp18,pre,I consent.,1,5,1,5,5,3,20,Asian,0,1,New,Native,United States,NA,N,95 - 100,99,,4,,1290,670,620,590,10,1290,1,1,1,0,0,0,0,1,0,1,0,0,0,0,0,1,0,0,0,0,6,1,0,0,1,0,1,0,0,0,0,0,1,0,0,0,0,0,0,0,0,0,0,0,0,4
Sp18_056,Sp18,pre,I consent.,2,5,1,2,2,0,23,Hispanic of any race,1,1,New,Native,United States,"$15,000-29,999",,85 - 89.9,89,,3,,940,510,430,420,8,940,1,1,1,0,0,0,1,0,1,0,1,0,1,0,1,0,0,0,1,1,10,0,0,0,0,0,0,0,0,0,1,0,1,1,0,0,1,0,0,0,0,0,0,0,0,4
Sp18_294,Sp18,pre,I consent.,2,5,2,5,4,0,22,Hispanic of any race,0,1,New,Native,United States,"$0-14,999",,85 - 89.9,86,,3,,1130,600,530,510,6,1130,0,0,1,0,0,1,0,0,0,0,1,1,0,0,0,0,0,1,0,0,5,0,0,1,0,0,1,0,1,0,0,0,0,0,1,0,1,1,0,0,1,0,1,0,1,9
Sp18_192,Sp18,pre,I consent.,1,5,1,4,4,2,19,Asian,0,0,New,Native,United States,NA,N,95 - 100,100,,,,1560,770,750,700,10,1520,1,1,1,1,1,1,1,1,1,1,1,1,1,1,1,1,1,1,1,1,20,1,1,1,0,1,1,1,1,1,1,1,1,1,1,1,1,1,1,1,1,1,0,1,1,22
Sp18_112,Sp18,pre,I consent.,2,5,2,2,2,0,22,Asian,1,1,Transfer,Naturalized,Bangladesh,"$0-14,999",,Unknown,,3.2,,,910,510,400,360,6,910,1,1,1,0,1,0,0,0,1,1,0,1,0,1,0,1,0,1,0,0,10,1,0,0,1,0,0,0,0,0,0,0,1,1,0,0,1,0,1,0,1,0,0,0,0,7
Sp18_102,Sp18,pre,I consent.,2,4,2,2,1,2,24,Asian,1,0,New,Native,United States,NA,,85 - 89.9,86,,,,1140,720,420,420,7,1140,0,1,1,1,1,1,1,1,1,1,0,1,1,1,1,1,1,1,1,1,18,1,1,1,0,1,1,1,1,1,1,1,1,1,1,1,1,1,1,1,1,1,1,1,1,23
Sp18_227,Sp18,pre,I consent.,1,4,1,5,5,3,20,Asian,0,0,New,Native,United States,NA,N,95 - 100,99,,,,1530,760,770,780,10,1530,1,1,1,0,1,0,0,1,0,0,0,1,0,1,1,0,0,1,0,0,9,1,0,0,1,0,0,0,1,1,1,0,1,0,1,0,0,0,1,0,1,1,1,0,0,11
Sp18_089,Sp18,pre,I consent.,1,5,2,3,3,3,21,Asian,0,0,Transfer,Native,United States,"105,000-124,999",,Unknown,,3.33,,,1140,630,510,520,8,1140,1,1,1,0,1,0,0,0,1,0,1,1,0,0,1,0,0,1,1,1,11,0,1,0,1,0,0,0,0,0,1,0,1,1,0,1,0,0,1,0,1,0,0,0,1,9
Sp18_452,Sp18,pre,I consent.,1,3,1,5,5,2,19,Black/African American,0,0,New,Native,United States,NA,N,90 - 94.9,93,,7,,1380,650,610,630,10,1260,1,0,1,0,1,0,1,0,1,0,0,0,1,0,0,0,0,0,1,1,8,0,0,0,0,0,0,0,0,1,1,0,0,0,0,0,0,0,0,0,1,0,0,0,0,3
Sp18_347,Sp18,pre,I consent.,1,4,1,5,5,2,21,White,0,0,Transfer,Native,United States,NA,N,90 - 94.9,94,3.8,,,1150,550,440,500,8,990,1,1,0,0,0,0,0,1,1,1,0,1,0,0,1,1,1,1,1,0,11,0,1,0,1,1,0,0,0,1,1,0,0,1,0,0,1,0,1,1,1,0,0,0,0,10
Sp18_397,Sp18,pre,I consent.,2,4,1,5,4,0,21,White,1,0,Transfer,Native,United States,NA,N,95 - 100,99,3.3,,,1210,640,570,570,8,1210,1,1,1,0,1,0,0,0,0,0,0,1,0,0,1,0,0,1,0,0,7,0,1,0,0,0,0,0,1,0,1,0,0,0,0,0,1,0,0,0,1,0,0,0,0,5
Sp18_465,Sp18,pre,I consent.,2,4,1,2,2,0,21,Asian,1,0,Transfer,Undocumented Alien,India,NA,,NA,,2.89,,,1210,640,570,610,8,1210,1,1,1,0,1,0,1,0,1,1,1,1,1,1,1,1,1,1,0,0,15,1,1,0,1,0,0,0,1,1,1,0,1,1,1,1,1,0,1,0,1,0,0,0,1,14
Sp18_193,Sp18,pre,I consent.,2,5,1,3,4,3,21,White,0,0,Transfer,Native,United States,"$30,000-44,999",Y,95 - 100,96,3.7,,,1120,590,530,530,8,1120,0,1,1,0,0,0,0,1,0,0,0,1,0,1,1,0,0,1,1,1,9,1,1,0,1,1,1,0,1,0,1,1,0,0,0,1,1,0,1,1,1,0,0,0,0,13
Sp18_398,Sp18,pre,I consent.,1,5,2,4,4,3,21,Asian,1,1,New,Naturalized,Unknown,NA,Y,90 - 94.9,94,,8,,1470,800,670,660,8,1470,1,1,1,1,1,1,1,1,0,1,1,1,1,1,1,1,1,1,1,1,19,0,0,1,1,1,1,1,1,1,1,0,0,1,1,1,1,0,0,0,0,1,0,0,0,13
Sp18_057,Sp18,pre,I consent.,1,5,1,2,3,3,21,Asian,1,0,New,Native,United States,NA,N,95 - 100,98,,8,,1390,800,590,670,9,1390,1,1,1,1,1,1,0,1,0,1,1,1,0,1,1,1,1,1,1,0,16,1,0,1,0,1,0,1,1,1,1,1,0,1,0,1,1,0,1,1,1,1,0,1,1,17
Sp18_310,Sp18,pre,I consent.,2,5,1,5,4,3,21,Asian,0,1,New,Native,United States,NA,Y,90 - 94.9,93,,3,,1200,,,,,,1,1,0,0,0,0,0,1,0,1,1,1,0,1,1,1,1,1,1,0,12,1,0,1,0,1,0,1,1,1,1,0,0,0,1,0,1,0,1,1,0,1,0,0,1,13
Sp18_386,Sp18,pre,I consent.,3,5,1,4,4,0,21,Asian,1,1,Transfer,Native,United States,"$30,000-44,999",Y,Unknown,,3.25,,,1340,660,680,620,8,1340,1,1,1,0,0,0,0,0,0,1,1,0,0,0,1,1,1,0,1,0,9,0,1,0,1,0,0,0,0,0,1,0,0,0,0,0,1,0,1,1,1,0,0,0,0,7
Sp18_219,Sp18,pre,I consent.,1,4,1,4,4,3,22,Asian,0,1,Other,Native,United States,NA,N,95 - 100,95,,5,,1470,740,730,640,8,1470,1,1,1,0,1,1,1,1,0,1,1,1,1,0,1,1,1,1,1,1,17,1,1,0,0,1,0,0,0,1,1,1,0,1,0,1,1,0,1,1,1,1,1,0,1,15
Sp18_032,Sp18,pre,I consent.,1,5,1,2,2,3,21,Asian,1,0,New,Alien Permanent,India,NA,N,85 - 89.9,88,,2.5,,1180,700,480,630,9,1180,1,1,1,0,0,0,0,0,1,0,1,1,0,1,1,0,0,1,0,1,10,1,1,1,1,1,0,1,0,1,1,0,1,1,0,0,1,0,0,1,1,0,0,0,0,13
Sp18_211,Sp18,pre,I consent.,2,5,1,5,5,0,21,Asian,1,1,New,Native,United States,NA,Y,85 - 89.9,87,,5,,1370,740,630,580,8,1370,1,1,1,0,1,0,0,0,1,0,1,1,0,1,1,0,1,1,0,0,11,1,1,1,1,1,1,0,0,1,0,0,1,1,1,1,1,0,1,1,1,1,0,0,1,17
Sp18_090,Sp18,pre,I consent.,2,5,1,5,5,2,21,White,0,0,Transfer,Native,United States,NA,Y,NA,,3.57,,,1380,,,,,,1,1,1,1,1,1,1,1,1,1,1,1,1,1,1,1,1,1,1,1,20,1,1,1,0,1,0,1,1,1,1,0,0,1,1,1,1,1,1,1,0,1,0,1,0,17
Sp18_070,Sp18,pre,I consent.,2,4,2,5,5,0,22,Asian,1,1,New,Alien Permanent,Bangladesh,"$15,000-29,999",N,85 - 89.9,87,,3,,1290,690,600,600,10,1290,1,1,1,0,0,0,1,0,0,0,1,1,1,0,1,0,0,1,0,0,9,0,1,0,0,0,0,0,0,0,0,0,0,1,0,0,0,0,0,0,1,1,0,0,0,4
Sp18_129,Sp18,pre,I consent.,1,5,1,1,1,3,21,Asian,1,0,New,Native,United States,NA,N,90 - 94.9,93,,3,,1290,660,630,600,9,1290,1,1,1,1,1,1,0,0,0,1,1,1,0,0,0,1,1,1,1,0,13,1,1,0,0,0,0,0,0,1,1,0,0,0,1,1,1,1,0,0,0,1,1,0,1,11
Sp18_156,Sp18,pre,I consent.,2,4,2,0,0,0,23,Asian,1,0,New,Alien Temporary,Chi,NA,,85 - 89.9,88,,5,1.5,,,,,,,1,1,1,0,0,0,1,0,0,1,1,1,1,0,0,1,0,1,0,0,10,0,0,0,0,0,1,0,0,0,1,0,0,0,0,0,1,0,0,1,0,0,0,0,0,4
Sp18_157,Sp18,pre,I consent.,2,5,1,4,3,0,22,White,1,1,Transfer,Native,United States,NA,,95 - 100,99,4,,,1310,710,600,560,8,1310,1,1,1,1,1,1,1,1,1,1,0,0,1,1,1,1,1,0,1,1,17,1,1,1,1,1,0,1,1,1,1,1,1,1,0,1,1,1,1,1,1,1,0,1,1,21
Sp18_488,Sp18,pre,I consent.,2,3,1,4,3,0,19,Hispanic of any race,1,0,New,Native,United States,NA,,90 - 94.9,93,,3,,1170,610,560,460,7,1170,1,1,1,0,1,1,1,1,0,0,1,1,1,1,1,0,1,1,1,0,15,1,1,0,1,1,0,0,1,1,1,1,1,0,0,1,1,0,0,1,1,1,0,1,1,16
Sp18_196,Sp18,pre,I consent.,1,3,1,5,5,2,18,White,0,1,New,Native,United States,NA,Y,95 - 100,99,,7,,1480,660,660,720,8,1320,0,1,1,1,1,1,1,1,1,1,0,1,1,1,1,1,1,1,1,1,18,1,1,1,1,1,0,1,1,1,1,0,0,1,1,1,1,1,1,1,0,1,0,1,0,18
Sp18_120,Sp18,pre,I consent.,1,4,1,5,5,3,19,Asian,1,0,New,Native,United States,NA,N,95 - 100,99,,8,,1560,800,630,730,11,1430,1,1,1,0,1,0,1,1,1,0,1,1,1,1,1,0,0,1,1,0,14,0,0,0,0,0,0,1,0,0,0,0,0,0,0,0,1,1,0,0,1,0,1,0,0,5
Sp18_085,Sp18,pre,I consent.,2,4,1,5,4,0,20,White,1,0,Transfer,Native,United States,"$185,000+",N,85 - 89.9,85,2.98,,,760,380,380,330,8,760,1,1,1,0,1,0,0,0,0,1,0,0,0,1,0,1,0,0,0,1,8,0,0,0,1,0,1,1,1,1,0,0,1,0,1,1,1,1,0,0,0,1,0,0,1,12
Sp18_140,Sp18,pre,I consent.,1,4,1,5,5,2,20,Asian,1,0,New,Naturalized,Bangladesh,NA,N,95 - 100,99,,,,1360,710,650,750,10,1360,1,1,1,1,1,1,1,1,1,0,1,1,1,1,1,0,1,1,1,1,18,1,1,0,1,1,0,0,1,1,1,1,0,1,0,1,1,1,1,1,1,1,1,1,1,19
Sp18_052,Sp18,pre,I consent.,1,5,1,5,5,3,19,White,0,0,New,Native,United States,NA,N,95 - 100,99,4,,,1480,690,690,720,10,1380,1,1,1,0,1,1,1,1,0,0,1,1,1,1,1,0,1,1,1,1,16,0,1,1,0,1,0,0,1,1,1,1,1,1,1,1,1,0,0,1,1,1,1,1,0,17
Sp18_410,Sp18,pre,I consent.,1,3,1,3,4,3,19,White,0,0,New,Native,United States,NA,N,95 - 100,99,,6,,1220,,,,,,1,1,1,1,1,1,1,1,0,1,1,1,1,1,1,1,1,1,1,1,19,1,1,1,1,1,0,0,1,1,1,1,1,1,1,0,1,1,0,1,0,1,0,1,0,17
Sp18_382,Sp18,pre,I consent.,1,3,2,3,2,0,18,White,0,1,New,Native,United States,NA,N,95 - 100,99,3.92,3,,1240,630,610,530,8,1240,1,1,1,0,1,0,1,0,1,0,1,1,1,1,0,0,1,1,0,1,13,1,1,1,1,1,0,0,1,1,1,1,1,1,1,0,1,1,1,1,1,1,0,0,1,19
Sp18_383,Sp18,pre,I consent.,1,3,1,5,4,2,19,Hispanic of any race,0,0,Other,Native,United States,NA,N,90 - 94.9,94,,4,,1290,,,,,,1,1,1,0,1,1,1,0,0,0,0,1,1,1,0,0,1,1,1,1,13,0,1,1,0,1,1,0,1,1,1,0,0,1,1,1,1,0,0,1,1,1,1,1,1,17
Sp18_049,Sp18,pre,I consent.,1,5,1,5,5,3,20,White,0,0,New,Native,United States,NA,N,95 - 100,99,4,,,1590,,,,,,0,1,1,1,1,1,1,1,1,1,1,1,1,1,1,1,1,1,1,1,19,1,1,1,1,1,1,1,1,1,1,1,1,1,1,1,1,1,1,1,1,1,1,1,0,23
Sp18_235,Sp18,pre,I consent.,2,4,1,5,5,2,20,Hispanic of any race,0,0,New,Native,United States,NA,N,90 - 94.9,94.16,,3,,1200,,,,,,1,1,1,0,1,0,0,0,0,1,0,0,0,0,0,1,0,0,1,1,8,0,1,0,1,0,0,0,1,0,1,0,0,1,1,1,0,0,0,0,1,1,1,0,1,11
Sp18_148,Sp18,pre,I consent.,1,5,1,4,4,3,20,Asian,1,0,New,Native,United States,NA,N,90 - 94.9,92,,8,,1280,,,,,,0,1,1,0,1,0,1,0,1,0,1,0,1,1,1,0,0,0,1,1,11,0,1,1,0,0,0,1,0,0,1,0,1,0,0,0,0,0,0,0,0,0,1,0,0,6
Sp18_044,Sp18,pre,I consent.,1,5,1,5,5,3,20,Black/African American,1,1,New,Native,United States,"$15,000-29,999",,95 - 100,95,,5,,1200,620,580,610,10,1200,1,1,1,0,1,0,1,1,1,0,1,0,1,1,1,0,0,0,0,0,11,0,1,0,0,0,1,0,0,0,0,0,1,1,0,0,0,0,1,0,1,0,0,0,0,6
Sp18_425,Sp18,pre,I consent.,2,5,1,4,4,0,20,White,1,1,New,Native,United States,NA,N,95 - 100,99,,,,1420,700,720,600,8,1420,1,1,1,1,0,0,0,0,0,1,1,1,0,0,0,1,1,1,0,0,10,1,1,1,0,0,0,0,0,0,0,0,0,0,1,1,1,0,0,0,1,0,0,0,0,7
Sp18_067,Sp18,pre,I consent.,1,5,2,2,2,3,20,,0,0,New,Native,United States,NA,N,90 - 94.9,92,,3,,1320,,,,,,1,0,1,0,0,1,0,1,0,0,0,1,0,0,0,0,1,1,0,0,7,0,1,0,0,0,0,0,0,0,0,0,0,0,0,0,0,0,1,1,1,0,1,0,0,5
Sp18_001,Sp18,pre,I consent.,2,4,1,,5,2,21,Hispanic of any race,0,0,New,Native,United States,NA,N,95 - 100,95,,6,,1240,650,590,650,8,1240,1,0,1,0,1,1,0,1,0,1,1,1,0,0,1,1,1,1,1,1,14,1,0,1,1,0,0,0,1,1,1,1,0,1,1,1,1,0,0,1,1,0,0,1,0,14
Sp18_105,Sp18,pre,I consent.,1,4,2,2,1,3,21,Asian,1,0,New,Native,United States,"$30,000-44,999",,95 - 100,97,,,,1270,700,570,540,7,1270,0,1,1,0,1,0,0,0,1,1,0,1,0,1,1,1,0,1,1,1,12,0,1,0,1,0,0,0,1,0,1,1,0,0,1,0,1,0,1,0,0,0,0,1,0,9
Sp18_324,Sp18,pre,I consent.,1,4,2,3,3,3,22,Asian,0,1,New,Alien Permanent,Chi,"$15,000-29,999",,95 - 100,99,,,,1280,800,480,610,8,1280,1,1,1,1,1,1,1,1,1,1,1,1,1,1,1,1,1,1,1,1,20,1,1,1,1,1,1,1,1,1,1,1,1,1,1,1,1,1,1,1,1,1,1,1,1,24
Sp18_207,Sp18,pre,I consent.,1,5,1,3,3,3,19,Asian,0,0,New,Native,United States,NA,N,95 - 100,99,,,,1430,800,630,750,11,1430,1,1,1,0,1,0,0,1,0,1,1,1,0,1,1,1,0,1,1,1,14,0,0,0,0,0,0,0,1,0,0,0,0,1,0,0,0,0,0,0,1,0,0,0,1,4
Sp18_097,Sp18,pre,I consent.,2,5,1,5,5,0,20,Hispanic of any race,1,0,Transfer,Native,United States,"$30,000-44,999",,90 - 94.9,91,3.09,,,1080,560,520,440,7,1080,1,1,1,1,1,1,1,0,1,0,1,1,1,0,1,0,1,1,1,1,16,1,1,1,0,1,0,1,1,1,1,1,1,0,1,1,1,1,1,1,0,1,1,1,0,19
Sp18_002,Sp18,pre,I consent.,2,4,2,4,3,3,20,Black/African American,0,1,New,Native,United States,"$30,000-44,999",,90 - 94.9,92,,3,,1020,520,500,470,8,1020,0,0,1,0,1,0,0,0,0,1,0,0,0,0,1,1,0,0,0,0,5,1,0,0,0,0,0,0,0,1,1,0,1,0,0,0,1,0,1,0,1,0,0,0,0,7
Sp18_078,Sp18,pre,I consent.,2,5,1,4,5,0,21,Asian,1,0,New,Undocumented Alien,Indonesia,NA,Y,95 - 100,98,,,,1370,750,620,740,11,1370,0,1,1,0,1,0,0,1,0,0,1,1,0,0,1,0,0,1,1,0,9,0,1,1,0,0,0,0,0,0,0,0,0,1,0,0,0,0,1,0,1,1,0,0,0,6
Sp18_098,Sp18,pre,I consent.,1,5,2,2,2,2,20,Asian,0,1,New,Native,United States,NA,N,95 - 100,96,,4,,1370,630,740,790,10,1370,0,1,1,0,1,0,1,1,0,1,1,1,1,1,1,1,0,1,0,0,13,0,1,0,1,1,0,0,0,0,1,0,0,1,1,0,1,0,1,1,1,0,0,0,0,10
Sp18_366,Sp18,pre,I consent.,1,5,1,5,5,3,21,Black/African American,0,1,New,Naturalized,Jamaica,"$0-14,999",,95 - 100,98,,6,,1100,550,550,570,9,1100,0,1,1,0,1,1,0,1,1,1,0,0,0,0,1,1,0,0,1,1,11,0,0,1,1,1,0,0,0,0,1,0,0,0,0,0,1,0,0,0,0,0,0,1,0,6
Sp18_234,Sp18,pre,I consent.,3,4,2,4,4,3,20,Asian,1,1,Other,Native,United States,NA,Y,90 - 94.9,91,,5,,1310,750,560,640,7,1310,1,1,1,1,1,0,1,0,1,1,0,1,1,0,0,1,1,1,1,0,14,0,1,1,0,1,0,0,1,1,1,0,0,1,0,0,1,0,0,0,1,1,1,1,0,12
Sp18_453,Sp18,pre,I consent.,1,5,2,5,3,3,22,Asian,0,0,New,Alien Temporary,"Korea, Republic of",NA,N,95 - 100,98,,,,1280,,,,,,1,1,1,1,1,1,1,1,1,1,1,1,1,1,1,1,1,1,1,1,20,1,1,1,1,1,1,1,1,1,1,1,1,1,1,1,1,1,1,1,1,1,1,1,1,24
Sp18_099,Sp18,pre,I consent.,1,5,2,4,4,3,20,Asian,0,0,New,Native,United States,NA,N,90 - 94.9,90,,4,,1280,,,,,,0,1,1,0,0,1,1,0,0,1,0,1,1,0,0,1,1,1,1,0,11,1,0,0,0,0,0,0,0,0,0,0,0,0,0,0,0,0,1,1,1,1,1,0,0,6
Sp18_164,Sp18,pre,I consent.,1,5,2,5,5,3,20,Asian,0,0,New,Naturalized,Unknown,NA,Y,90 - 94.9,92,,4,,1240,,,,,,0,0,0,0,0,0,0,0,0,1,0,0,0,0,1,1,0,0,0,0,3,0,1,0,0,1,0,1,0,1,0,0,0,0,1,1,0,0,0,0,1,0,0,1,0,8
Sp18_228,Sp18,pre,I consent.,2,4,1,4,4,3,20,Asian,0,0,New,Native,United States,NA,Y,90 - 94.9,93,,5,,1310,680,630,770,10,1310,1,1,1,0,1,1,0,1,1,1,1,1,0,1,1,1,0,1,0,0,14,1,0,0,0,0,0,1,1,1,1,0,0,0,1,1,0,0,1,0,1,1,0,0,0,10
Sp18_200,Sp18,pre,I consent.,2,5,1,5,5,3,20,Hispanic of any race,1,0,New,Native,United States,NA,N,90 - 94.9,92,3.25,4,,1200,650,550,550,9,1200,1,1,1,1,1,1,1,1,1,1,1,1,1,1,1,1,1,1,1,1,20,1,1,1,0,1,0,0,1,1,1,0,1,1,1,1,1,0,1,1,1,0,0,0,0,15
Sp18_215,Sp18,pre,I consent.,2,5,1,5,5,3,21,Asian,1,0,New,Naturalized,Unknown,NA,N,90 - 94.9,93,,,,1480,,,,,,1,1,1,0,1,1,1,0,0,1,1,1,1,1,1,1,1,1,1,1,17,1,0,0,0,0,1,0,1,0,0,0,0,0,1,1,0,0,0,0,1,0,0,0,1,7
Sp18_390,Sp18,pre,I consent.,2,4,2,4,3,0,20,Asian,0,1,Transfer,Naturalized,Unknown,"$15,000-29,999",Y,Unknown,,,,,1300,710,590,480,8,1300,1,1,1,0,1,0,0,1,1,0,1,0,0,1,1,0,1,0,0,0,10,0,1,0,1,0,0,0,0,0,1,0,0,0,0,0,1,0,1,0,1,0,0,0,0,6
Sp18_025,Sp18,pre,I consent.,2,4,1,3,3,0,20,White,1,0,New,Native,United States,NA,N,85 - 89.9,85,,4,,1350,640,580,570,9,1220,0,1,1,0,0,1,1,1,0,1,1,1,1,0,0,1,1,1,1,0,13,1,1,1,1,1,1,0,1,1,1,0,0,0,1,0,0,0,1,0,1,0,0,0,0,12
Sp18_442,Sp18,pre,I consent.,1,5,1,3,3,3,20,Asian,0,1,New,Native,United States,NA,Y,90 - 94.9,93,,5,,1320,660,660,690,9,1320,1,1,1,0,1,1,1,1,1,1,1,1,1,1,0,1,1,1,1,1,18,1,1,1,1,1,0,1,1,1,1,0,0,1,1,1,1,0,1,1,1,1,0,0,1,18
Sp18_216,Sp18,pre,I consent.,2,4,1,3,3,0,20,Asian,1,1,New,Native,United States,NA,Y,90 - 94.9,94,,7,,1330,720,610,570,6,1330,1,1,1,0,1,0,0,1,0,0,1,1,0,0,1,0,0,1,0,0,9,0,0,0,0,0,0,0,0,0,1,0,1,1,0,0,1,0,0,0,0,1,0,0,0,5
Sp18_212,Sp18,pre,I consent.,1,5,1,5,5,3,20,White,1,0,New,Native,United States,NA,Y,95 - 100,99,,6,,1400,670,730,720,9,1400,1,1,1,1,1,1,1,0,1,1,1,1,1,1,1,1,1,1,1,1,19,1,1,1,0,1,0,0,1,0,1,1,1,1,1,1,1,0,0,1,1,1,1,1,1,18
Sp18_093,Sp18,pre,I consent.,2,5,1,5,5,3,20,Asian,1,1,New,Naturalized,Cada,NA,N,95 - 100,97,,,,1290,660,630,630,9,1290,1,1,1,0,0,1,0,1,1,0,0,1,0,1,1,0,0,1,1,1,12,1,1,1,1,1,0,1,1,1,1,1,0,1,1,1,1,0,1,1,1,1,1,1,0,20
Sp18_136,Sp18,pre,I consent.,3,5,1,5,5,3,20,White,1,0,New,Native,United States,NA,N,95 - 100,97,,7,,1320,710,560,600,10,1270,1,0,0,0,1,1,1,1,0,1,1,0,1,0,1,1,1,0,0,0,11,0,0,0,0,0,1,0,0,0,1,0,0,1,1,0,0,0,0,0,1,0,0,0,0,5
Sp18_106,Sp18,pre,I consent.,1,5,1,3,3,3,20,Asian,0,1,New,Native,United States,NA,Y,90 - 94.9,93,,5,,1360,680,680,760,10,1360,1,1,1,0,1,1,1,0,1,0,1,1,1,0,1,0,0,1,1,1,14,1,1,1,0,1,0,0,1,1,1,1,0,1,1,1,1,0,1,1,1,1,0,1,0,17
Sp18_124,Sp18,pre,I consent.,2,4,1,5,5,0,20,Asian,1,1,Transfer,Naturalized,Unknown,NA,N,85 - 89.9,86,4,,,1510,780,730,710,9,1510,1,1,1,0,1,0,1,0,0,0,0,0,1,1,1,0,0,0,0,1,9,0,0,1,0,0,0,1,0,0,1,0,0,0,0,1,0,0,0,0,0,1,0,0,1,6
Sp18_188,Sp18,pre,I consent.,1,5,1,5,4,3,20,Asian,0,0,New,Native,United States,NA,N,90 - 94.9,93,,,,1530,770,760,790,10,1530,0,1,1,0,1,1,0,1,1,1,1,1,0,1,1,1,1,1,1,1,16,1,1,1,0,1,0,0,1,1,1,1,0,1,1,1,1,0,0,1,1,1,0,1,0,16
Sp18_071,Sp18,pre,I consent.,1,5,1,5,5,3,20,Asian,0,0,New,Naturalized,Viet m,NA,N,95 - 100,96,3.9,,,1480,730,750,670,8,1480,1,1,1,1,1,1,1,1,1,1,1,1,1,1,1,1,1,1,1,0,19,1,1,1,0,1,0,1,1,1,1,1,1,0,1,1,1,0,1,1,1,1,1,1,1,20
Sp18_204,Sp18,pre,I consent.,1,5,2,2,2,2,20,Asian,0,0,New,Native,United States,NA,Y,95 - 100,96,,,,1210,650,560,570,9,1210,1,0,1,0,0,0,1,0,0,0,0,0,1,0,0,0,0,0,0,0,4,0,1,1,1,0,0,0,0,0,0,0,0,1,1,0,1,1,0,0,0,0,0,0,0,7
Sp18_149,Sp18,pre,I consent.,2,4,2,4,3,2,20,Asian,0,1,Transfer,Alien Permanent,Philippines,"$125,000-144,999",N,Unknown,,3.38,,,960,520,440,430,8,960,0,1,1,0,1,0,1,0,0,0,1,0,1,0,0,0,0,0,0,0,6,0,0,0,1,0,0,0,0,0,0,0,1,1,0,0,0,0,0,0,1,0,1,0,1,6
Sp18_152,Sp18,pre,I consent.,2,4,2,2,1,0,21,Asian,0,0,New,Alien Temporary,Chi,NA,Y,85 - 89.9,87,,3,1.5,,,,,,,1,1,0,0,0,0,0,0,0,0,0,1,0,0,0,0,0,1,1,0,5,0,0,1,0,0,0,1,0,0,0,0,0,1,0,0,0,1,0,0,1,0,1,0,1,7
Sp18_086,Sp18,pre,I consent.,1,5,1,3,3,3,22,Hispanic of any race,1,1,Transfer,Native,United States,NA,,95 - 100,98,,,,,,,,,,1,1,1,0,1,1,1,1,0,1,1,1,1,1,1,1,0,1,1,1,17,0,1,1,1,1,0,0,1,1,1,0,1,0,0,0,1,0,0,0,1,1,0,0,1,12
Sp18_391,Sp18,pre,I consent.,1,3,1,5,5,0,18,White,1,1,New,Native,United States,NA,N,90 - 94.9,90,,4,,,,,,,,0,1,0,0,1,1,1,1,0,1,1,0,1,1,1,1,0,0,1,0,12,1,1,1,0,1,1,0,0,1,1,1,1,1,1,1,1,1,0,0,1,0,0,0,0,15
Sp18_189,Sp18,pre,I consent.,2,3,1,5,5,2,18,White,0,0,New,Native,United States,NA,Y,95 - 100,96,,,,1220,,,,,,1,1,1,0,1,0,1,1,1,0,1,1,1,1,1,0,1,1,1,0,15,1,1,1,1,1,1,1,1,0,1,1,1,1,1,1,1,0,1,1,1,1,0,0,1,20
Sp18_194,Sp18,pre,I consent.,1,3,1,5,4,3,19,White,0,0,New,Native,United States,NA,N,95 - 100,99,,7,,1320,,,,,,0,1,1,0,1,0,0,0,0,0,1,1,0,0,1,0,0,1,1,0,8,0,1,0,0,0,1,1,1,0,1,0,0,1,0,0,0,0,0,0,1,0,0,0,1,8
Sp18_047,Sp18,pre,I consent.,1,3,1,5,5,3,19,Asian,1,1,New,Native,United States,NA,Y,95 - 100,99,,,,1250,620,630,620,11,1250,1,1,1,0,1,0,1,1,0,0,1,1,1,0,1,0,0,1,1,0,12,0,0,0,0,0,1,0,1,0,1,0,1,0,1,0,0,0,0,0,0,0,0,0,1,6
Sp18_055,Sp18,pre,I consent.,1,3,2,4,4,3,20,White,1,1,New,Native,United States,NA,Y,95 - 100,98,4,3,,1250,,,,,,1,1,1,0,1,0,0,0,1,0,1,0,0,1,0,0,0,0,0,0,7,0,1,0,0,0,1,0,1,1,0,0,0,0,0,1,1,0,0,0,1,0,0,0,0,7
Sp18_270,Sp18,pre,I consent.,1,3,1,5,5,3,19,Hispanic of any race,1,1,New,Native,United States,"$45,000-64,999",,90 - 94.9,91,,3,,1240,640,600,630,9,1240,0,1,0,0,1,1,0,0,0,1,0,0,0,0,0,1,0,0,0,1,6,1,0,1,0,0,0,0,1,1,1,0,0,0,1,0,0,0,0,0,1,0,0,0,0,7
Sp18_190,Sp18,pre,I consent.,1,5,1,4,,3,19,White,1,0,New,Native,United States,NA,Y,95 - 100,99,,8,,1400,690,710,600,8,1400,1,1,1,1,1,1,1,1,1,0,0,1,1,1,1,0,1,1,1,1,17,1,1,1,1,1,1,1,1,1,1,1,0,1,1,0,1,0,1,1,1,1,1,1,1,21
Sp18_092,Sp18,pre,I consent.,1,3,1,4,3,3,19,White,1,1,Transfer,Native,United States,NA,N,NA,,3.45,,,1190,640,550,520,11,1190,0,1,1,0,1,0,0,0,0,1,1,1,0,1,1,1,1,1,1,0,12,1,1,0,0,1,0,1,1,1,1,1,0,1,0,1,1,0,1,1,1,0,0,1,0,15
Sp18_454,Sp18,pre,I consent.,2,3,2,5,5,2,19,Hispanic of any race,0,1,New,Native,United States,"105,000-124,999",,95 - 100,95,,3,,1330,640,690,580,8,1330,1,0,1,0,0,1,0,0,0,0,1,1,0,0,1,0,1,1,1,1,10,1,1,1,0,1,1,0,1,1,1,0,1,1,0,0,1,0,0,1,0,0,0,1,1,14
Sp18_258,Sp18,pre,I consent.,2,3,1,3,5,0,18,Asian,1,1,New,Native,United States,NA,N,95 - 100,95,,,,1260,710,550,520,8,1260,1,1,1,0,1,1,1,1,1,1,1,1,1,1,0,1,0,1,1,0,16,1,1,1,1,1,0,0,1,1,1,1,1,0,1,0,1,1,0,1,0,0,1,1,0,16
Sp18_133,Sp18,pre,I consent.,2,4,1,4,4,3,19,White,1,0,New,Native,United States,NA,N,90 - 94.9,94,,5,,1380,650,590,610,7,1240,1,0,1,0,0,0,0,0,0,1,0,0,0,1,1,1,0,0,0,0,6,0,0,0,0,1,0,0,0,0,0,1,0,0,1,0,1,0,0,0,0,0,1,0,0,5
Sp18_175,Sp18,pre,I consent.,1,4,1,,5,3,19,Asian,1,0,New,Naturalized,Unknown,NA,N,95 - 100,99,,,,1410,,,,,,0,1,1,0,1,0,1,1,1,0,0,0,1,1,1,0,0,0,0,0,9,1,0,0,1,0,1,0,1,0,0,1,1,0,0,0,0,0,0,1,0,0,1,1,0,9
Sp18_087,Sp18,pre,I consent.,1,4,1,5,5,3,20,White,0,0,New,Native,United States,NA,N,95 - 100,99,,7,,1560,660,700,650,8,1360,1,1,1,0,1,1,1,1,1,1,1,1,1,1,1,1,1,1,1,1,19,1,0,1,1,1,0,0,1,1,1,1,1,1,1,1,1,0,1,1,1,1,0,1,0,18
Sp18_418,Sp18,pre,I consent.,1,4,1,4,4,3,19,White,0,0,New,Native,United States,NA,N,95 - 100,99,,,,1320,,,,,,1,1,1,0,1,0,0,0,1,1,1,1,0,0,1,1,0,1,0,0,11,0,0,0,0,0,1,0,0,1,1,0,1,0,0,1,1,0,0,0,0,0,0,0,0,6
Sp18_220,Sp18,pre,I consent.,3,2,1,5,5,0,18,White,1,0,New,Native,United States,NA,N,85 - 89.9,86,,2.5,3,,,,,,,1,1,1,0,1,0,0,0,0,0,1,1,0,0,0,0,0,1,0,0,7,0,0,0,1,0,0,0,0,0,0,0,1,0,0,0,0,0,0,0,0,0,0,0,0,2
Sp18_406,Sp18,pre,I consent.,1,4,1,5,5,3,19,Asian,1,0,New,Native,United States,NA,N,90 - 94.9,94,,3,,1260,580,680,510,8,1260,1,1,1,0,1,0,1,1,0,0,1,1,1,1,1,0,0,1,1,1,14,1,1,0,0,1,1,0,1,1,1,0,0,0,1,1,1,0,0,1,1,0,1,0,0,13
Sp18_185,Sp18,pre,I consent.,1,4,1,5,3,3,19,Asian,0,0,New,Alien Temporary,India,NA,N,85 - 89.9,89,,4,,1250,690,560,530,8,1250,0,0,1,0,0,0,0,0,0,1,1,1,0,0,0,1,0,1,0,0,6,0,1,0,0,0,0,0,0,1,0,0,0,1,0,0,0,1,0,0,1,0,0,0,0,5
Sp18_359,Sp18,pre,I consent.,1,4,1,3,4,2,19,White,0,1,New,Native,United States,NA,Y,90 - 94.9,93,,,,1280,650,630,580,8,1280,0,1,1,0,1,1,1,1,0,1,1,1,1,1,1,1,1,1,1,0,16,1,1,1,0,1,0,0,1,1,1,1,1,1,1,1,1,0,0,1,1,1,1,1,1,19
Sp18_125,Sp18,pre,I consent.,2,4,1,5,5,2,20,White,0,1,New,Native,United States,NA,N,90 - 94.9,94,,4,,1380,580,660,540,8,1240,1,1,0,1,1,0,1,0,1,1,1,1,1,1,1,1,1,1,1,1,17,1,0,0,0,1,0,0,1,1,0,1,0,1,0,1,1,1,1,1,1,1,0,1,0,14
Sp18_182,Sp18,pre,I consent.,1,4,1,5,5,3,19,White,0,0,New,Native,United States,NA,N,95 - 100,98,,5,,1440,700,740,780,10,1440,0,1,1,0,1,0,0,0,1,0,0,1,0,1,1,0,0,1,0,0,8,0,1,0,1,0,1,0,0,0,1,0,0,1,0,0,1,0,0,0,1,1,0,0,0,8
Sp18_144,Sp18,pre,I consent.,2,4,1,5,5,0,19,White,0,0,New,Native,United States,NA,N,95 - 100,96,,3,,1380,650,650,640,7,1300,1,1,1,0,1,0,1,0,0,0,0,1,1,0,1,0,1,1,0,0,10,0,0,0,0,1,1,1,1,0,0,0,0,0,1,0,1,0,0,0,1,0,0,0,0,7
Sp18_250,Sp18,pre,I consent.,1,3,1,3,3,3,19,Asian,1,1,New,Native,United States,NA,Y,95 - 100,99,,4,,1190,590,600,680,10,1190,1,1,1,1,0,1,1,1,0,1,0,0,1,0,1,1,0,0,0,0,11,1,1,1,0,0,1,1,1,0,0,0,0,1,0,1,1,0,0,0,1,0,0,0,1,11
Sp18_206,Sp18,pre,I consent.,1,3,1,5,4,1,20,White,1,0,Transfer,Native,United States,"$185,000+",N,Unknown,,,,,1410,700,710,650,9,1410,1,1,1,0,1,1,1,0,1,1,1,1,1,1,1,1,0,1,1,1,17,1,1,1,0,1,0,1,1,1,1,1,1,1,1,1,1,0,0,1,0,1,0,1,1,18
Sp18_121,Sp18,pre,I consent.,1,4,1,5,4,3,19,White,1,0,New,Native,United States,NA,N,95 - 100,99,,5,,1350,640,620,580,9,1260,1,1,1,0,0,0,0,1,0,1,0,1,0,0,0,1,0,1,1,1,10,0,1,1,1,0,0,1,1,1,1,0,0,1,0,0,1,0,0,0,1,1,1,0,0,12
Sp18_374,Sp18,pre,I consent.,1,4,2,3,4,3,19,White,1,1,New,Alien Permanent,Armenia,NA,N,95 - 100,95,,6,,1200,640,560,640,9,1200,1,1,1,0,1,0,0,0,0,1,1,0,0,1,1,1,0,0,1,0,10,0,0,0,1,0,1,0,0,0,0,0,0,1,1,0,1,0,1,0,1,0,0,0,0,7
Sp18_247,Sp18,pre,I consent.,2,5,1,5,4,0,20,Asian,0,0,New,Native,United States,NA,N,95 - 100,96,,,,1270,630,640,600,8,1270,1,1,1,0,1,0,0,0,0,0,1,1,0,1,1,0,1,1,1,1,12,1,1,1,0,1,0,1,0,1,1,1,0,0,0,1,1,0,0,1,0,1,1,1,0,14
Sp18_017,Sp18,pre,I consent.,1,4,2,2,2,3,20,Asian,0,1,New,Native,United States,NA,Y,90 - 94.9,92,,7,,1350,,,,,,0,1,1,0,1,0,0,0,0,1,1,1,0,1,1,1,0,1,0,0,10,0,1,1,0,0,0,0,0,0,1,0,1,0,0,0,1,0,0,0,0,0,0,0,0,5
Sp18_045,Sp18,pre,I consent.,2,4,1,4,4,2,19,White,1,1,New,Native,United States,NA,,90 - 94.9,93,,,,1290,,,,,,1,0,1,0,0,0,0,0,0,0,0,1,0,0,0,0,0,1,0,0,4,1,0,0,1,0,0,0,0,0,1,0,0,1,0,0,1,0,0,0,1,0,0,0,0,6
Sp18_323,Sp18,pre,I consent.,2,4,1,5,5,2,20,White,0,0,Transfer,Native,United States,NA,N,95 - 100,98,,2,,1130,570,560,540,8,1130,0,1,1,1,1,0,0,0,0,0,0,1,0,1,0,0,0,1,0,1,8,0,0,0,1,0,1,0,0,1,0,0,1,1,1,0,1,0,0,1,1,1,0,0,0,10
Sp18_229,Sp18,pre,I consent.,1,5,1,3,3,3,19,Asian,1,0,New,Native,United States,NA,N,95 - 100,99,3.87,,,1440,,,,,,1,1,1,1,1,1,1,1,1,1,1,0,1,1,1,1,0,0,1,1,17,1,1,0,1,1,0,0,1,1,1,1,0,1,0,1,1,0,1,1,1,1,0,1,0,16
Sp18_172,Sp18,pre,I consent.,1,4,3,4,4,3,19,Asian,0,0,New,Native,United States,NA,N,90 - 94.9,93,,7,,1350,740,600,630,7,1340,1,1,1,0,1,0,0,0,0,1,0,1,0,0,1,1,0,1,0,1,10,0,1,0,1,0,0,0,0,0,0,0,1,1,0,0,1,0,1,0,1,1,0,0,1,9
Sp18_018,Sp18,pre,I consent.,1,4,1,5,5,3,20,White,0,0,New,Native,United States,NA,Y,85 - 89.9,88,,3,,1200,640,560,630,10,1200,1,1,0,1,1,0,0,1,1,0,1,1,0,1,1,0,1,1,1,1,14,0,1,1,1,0,1,0,1,0,0,0,0,1,0,0,0,0,0,1,1,0,0,0,0,8
Sp18_103,Sp18,pre,I consent.,1,4,1,5,3,3,19,Asian,0,0,New,Native,United States,NA,N,95 - 100,96,,,,1310,660,650,690,8,1310,0,1,1,0,1,1,0,0,0,1,1,1,0,1,1,1,0,1,1,0,12,1,1,0,0,1,0,0,1,1,1,0,0,1,1,1,1,0,1,1,1,0,0,0,0,13
Sp18_231,Sp18,pre,I consent.,1,4,1,5,5,2,19,White,0,0,New,Native,United States,NA,N,95 - 100,96,,,,1410,680,650,560,8,1330,1,0,1,0,1,0,1,0,0,0,1,1,1,0,1,0,1,1,1,1,12,1,1,1,0,0,1,1,0,0,0,0,1,0,1,1,1,0,0,0,0,1,0,0,1,11
Sp18_255,Sp18,pre,I consent.,1,4,2,3,3,3,19,Asian,0,1,New,Alien Permanent,Chi,"$15,000-29,999",,95 - 100,96,,,,1250,750,500,520,9,1250,1,1,0,1,1,1,0,1,0,1,1,1,0,0,1,1,0,1,1,0,13,1,0,1,0,0,0,0,0,0,0,0,0,0,0,0,0,0,0,1,0,0,0,0,1,4
Sp18_150,Sp18,pre,I consent.,2,3,1,4,4,2,19,Hispanic of any race,1,1,New,Native,United States,"$15,000-29,999",,90 - 94.9,92,,3,,980,480,500,490,9,980,1,0,1,0,1,0,1,0,1,1,1,0,1,1,1,1,1,0,1,0,13,0,1,0,0,0,0,0,0,0,1,0,0,1,1,0,1,1,0,0,1,1,0,1,0,9
Sp18_461,Sp18,pre,I consent.,1,4,1,4,3,3,19,White,0,0,New,Native,United States,NA,,95 - 100,99,4,3,,1290,590,610,530,8,1200,1,1,1,0,1,1,0,1,0,0,1,1,0,1,1,0,1,1,1,1,14,1,1,0,0,1,0,0,1,1,1,0,1,0,1,1,1,0,1,1,1,1,0,0,0,14
Sp18_019,Sp18,pre,I consent.,2,4,1,5,5,2,19,White,0,0,New,Native,United States,NA,N,95 - 100,99,,,,1440,730,600,710,7,1330,1,1,0,0,1,0,0,0,1,1,1,1,0,1,0,1,0,1,0,0,10,0,1,0,0,0,1,0,1,1,1,0,1,1,0,0,1,0,1,0,1,1,0,0,1,12
Sp18_165,Sp18,pre,I consent.,1,4,1,5,5,3,19,White,1,0,New,Native,United States,NA,N,90 - 94.9,92,,4,,1350,650,600,630,9,1250,1,1,0,0,1,0,1,1,1,1,0,0,1,0,0,1,0,0,0,0,9,0,1,0,1,0,0,0,0,0,1,0,0,1,0,0,1,0,1,0,0,1,0,0,0,7
Sp18_278,Sp18,pre,I consent.,1,4,1,5,5,3,19,Asian,0,0,New,Native,United States,NA,N,95 - 100,99,,9,,1380,720,660,750,10,1380,1,1,0,1,1,1,1,1,1,1,1,1,1,1,1,1,1,1,1,1,19,1,1,1,1,1,0,0,1,1,0,1,1,1,1,1,1,1,1,1,1,1,0,0,0,18
Sp18_068,Sp18,pre,I consent.,2,3,1,3,3,0,19,Black/African American,1,0,New,Native,United States,NA,N,90 - 94.9,94,,3,,1100,510,590,600,10,1100,1,1,1,0,0,0,0,0,0,0,0,1,0,0,0,0,1,1,0,0,6,0,0,1,0,0,1,1,1,0,0,0,1,0,1,0,0,0,0,1,1,1,0,0,0,9
Sp18_033,Sp18,pre,I consent.,1,4,1,5,5,2,19,White,0,0,New,Native,United States,NA,,90 - 94.9,94,,3,,1320,570,600,600,7,1170,1,1,0,0,1,0,1,0,1,1,1,1,1,1,1,1,1,1,0,0,14,0,1,0,0,0,1,0,0,0,1,0,0,1,0,0,1,0,0,0,1,0,0,0,1,7
Sp18_328,Sp18,pre,I consent.,1,4,1,4,4,3,19,Asian,0,1,New,Naturalized,India,NA,N,95 - 100,99,,6,,1320,,,,,,1,1,1,0,1,0,1,0,0,1,1,1,1,1,1,1,1,1,1,1,16,1,0,1,1,0,0,0,1,1,1,1,1,1,1,1,1,0,0,0,0,0,1,0,1,14
Sp18_100,Sp18,pre,I consent.,1,4,1,5,5,2,19,Asian,0,1,Transfer,Native,United States,"$15,000-29,999",,90 - 94.9,93,3.83,,,1290,,,,,,1,0,1,0,1,0,0,1,0,1,1,1,0,0,1,1,0,1,1,1,12,0,0,0,1,0,0,0,1,0,0,0,1,0,1,0,1,0,0,1,0,0,0,1,0,7
Sp18_299,Sp18,pre,I consent.,3,3,2,3,3,3,20,Hispanic of any race,0,1,New,Native,United States,"$15,000-29,999",,90 - 94.9,94,,3,,1050,490,560,470,8,1050,1,1,0,0,1,0,1,0,1,1,1,1,1,0,0,1,0,1,0,0,11,0,1,0,1,0,0,0,0,0,0,0,0,0,0,0,0,0,1,0,1,0,0,0,0,4
Sp18_273,Sp18,pre,I consent.,1,3,1,5,5,0,19,White,0,0,Transfer,Native,United States,"$185,000+",N,Unknown,,3.85,3,,1140,500,640,580,8,1140,1,1,1,0,1,0,0,0,1,1,1,1,0,0,0,1,0,1,1,0,11,0,0,0,1,0,0,0,0,0,0,0,0,1,0,0,1,0,1,0,1,0,0,0,0,5
Sp18_153,Sp18,pre,I consent.,1,4,1,2,1,3,19,Asian,0,0,New,Native,United States,"$15,000-29,999",,95 - 100,96,,5,,1200,690,510,520,10,1200,1,1,0,0,1,0,0,0,0,1,1,0,0,1,0,1,0,0,0,0,7,0,0,0,0,0,0,0,0,0,1,0,1,1,0,0,1,0,1,0,1,0,0,0,0,6
Sp18_131,Sp18,pre,I consent.,1,4,1,5,5,3,19,White,0,0,Other,Native,United States,NA,N,95 - 100,99,,,,1350,580,630,550,9,1210,1,1,1,0,1,0,1,0,1,0,1,1,1,0,1,0,0,1,1,1,13,1,1,1,0,1,0,0,0,1,1,0,1,0,1,0,1,0,1,1,0,1,0,1,0,13
Sp18_040,Sp18,pre,I consent.,2,4,1,5,5,2,20,Asian,0,0,New,Native,United States,NA,Y,90 - 94.9,93,,6,,1210,610,600,710,11,1210,0,0,0,0,1,1,0,1,1,0,1,1,0,1,1,0,0,1,1,1,11,0,0,1,0,0,1,0,0,0,1,0,0,0,1,1,0,1,0,0,0,0,0,0,1,7
Sp18_422,Sp18,pre,I consent.,1,5,2,5,5,3,19,Asian,0,0,New,Native,United States,NA,N,95 - 100,99,,,,1520,740,730,780,10,1470,0,1,1,0,1,0,0,0,0,1,0,1,0,0,1,1,0,1,1,1,10,1,1,0,0,1,0,0,0,1,1,0,0,1,0,1,0,0,1,1,1,1,0,0,0,11
Sp18_343,Sp18,pre,I consent.,1,5,1,4,5,3,19,Asian,0,0,New,Native,United States,NA,N,95 - 100,99,,,,1480,720,710,800,10,1430,0,1,1,0,1,1,0,1,1,0,0,1,0,1,1,0,0,1,1,1,12,0,1,0,0,1,0,0,1,1,1,0,0,1,1,1,1,0,0,1,1,1,0,0,0,12
Sp18_213,Sp18,pre,I consent.,1,4,1,5,5,3,19,White,0,0,New,Native,United States,NA,N,95 - 100,99,3.87,,,1240,660,580,650,8,1240,1,1,1,0,1,1,1,1,1,1,0,1,1,0,0,1,0,1,0,0,13,1,0,1,0,0,1,0,1,0,0,0,1,0,0,1,1,1,0,0,0,1,0,0,0,9
Sp18_012,Sp18,pre,I consent.,1,3,1,4,4,3,19,Asian,0,1,New,Native,United States,NA,Y,90 - 94.9,91,,5,,1250,630,530,630,9,1160,0,0,1,0,1,0,0,0,1,0,0,0,0,0,0,0,0,0,0,1,4,0,0,0,0,0,0,0,0,0,0,0,0,1,0,0,1,0,0,0,1,0,0,0,0,3
Sp18_419,Sp18,pre,I consent.,1,3,1,5,3,3,19,White,1,0,New,Native,United States,NA,N,95 - 100,98,,3,,1380,710,670,710,10,1380,1,1,1,0,1,0,0,1,0,0,1,1,0,1,1,0,0,1,1,0,11,0,0,0,1,0,0,0,0,0,1,0,0,0,1,1,0,0,1,0,1,0,0,0,1,7
Sp18_130,Sp18,pre,I consent.,1,5,1,5,5,3,19,Hispanic of any race,1,0,New,Native,United States,NA,N,95 - 100,99,,,,1560,720,730,730,8,1450,1,1,1,1,0,1,1,1,1,0,1,1,1,0,1,0,1,1,1,1,16,1,1,1,1,0,0,1,1,0,1,1,0,0,1,1,1,1,0,0,0,1,1,1,1,16
Sp18_236,Sp18,pre,I consent.,1,4,1,4,4,3,19,Asian,1,0,New,Native,United States,NA,Y,90 - 94.9,94,,5,,1480,,,,,,1,1,1,1,1,1,1,1,0,1,1,1,1,0,1,1,1,1,1,1,18,1,1,1,0,1,0,0,1,1,1,1,0,1,0,1,1,0,1,1,0,1,0,1,0,15
Sp18_286,Sp18,pre,I consent.,1,3,2,5,3,2,19,White,1,0,New,Native,United States,NA,N,90 - 94.9,94,,4,,1240,630,610,530,8,1240,1,1,1,0,1,1,1,0,0,1,1,1,1,1,1,1,0,1,1,0,15,0,1,1,0,1,0,0,1,1,1,0,1,1,1,0,0,0,0,1,1,1,0,0,0,12
Sp18_267,Sp18,pre,I consent.,2,3,2,4,3,3,20,Asian,1,0,New,Native,United States,NA,Y,90 - 94.9,90,,7,,1320,690,630,620,9,1320,1,1,1,0,1,0,1,1,0,1,1,1,1,0,1,1,1,1,1,1,16,1,0,0,0,0,1,0,0,0,1,0,0,0,1,0,1,0,1,1,1,0,0,0,0,8
Sp18_109,Sp18,pre,I consent.,1,4,1,5,5,3,20,White,1,0,New,Native,United States,NA,N,95 - 100,96,,6,,1470,760,710,620,8,1470,1,1,1,1,1,1,1,1,0,1,1,1,1,1,1,1,1,1,1,1,19,1,1,1,0,1,1,1,1,1,1,1,0,1,1,1,1,0,1,1,0,1,1,1,0,19
Sp18_079,Sp18,pre,I consent.,1,4,1,5,5,2,20,Hispanic of any race,1,1,New,Native,United States,NA,Y,95 - 100,97,,4,,1410,630,680,640,8,1310,0,1,1,1,1,0,1,0,0,1,1,1,1,1,1,1,0,1,1,1,15,0,1,0,1,0,1,0,1,0,1,0,0,1,1,0,1,0,0,0,0,1,0,0,0,9
Sp18_307,Sp18,pre,I consent.,1,4,1,5,5,3,19,Black/African American,1,0,New,Native,United States,NA,N,90 - 94.9,92,,4,,1230,600,630,600,8,1230,0,1,1,0,1,1,1,1,0,0,1,1,1,1,1,0,1,1,1,0,14,1,1,1,1,1,0,0,0,1,1,1,1,1,1,1,1,0,1,1,1,1,1,1,1,20
Sp18_282,Sp18,pre,I consent.,2,3,1,3,3,0,19,Asian,0,0,New,Native,United States,NA,Y,90 - 94.9,92,,3,4,1250,,,,,,1,1,0,0,0,0,1,0,1,0,1,0,1,0,1,0,0,0,0,0,7,0,0,0,0,0,1,0,0,0,0,0,0,1,1,0,0,0,0,0,1,1,1,0,0,6
Sp18_094,Sp18,pre,I consent.,1,4,1,5,5,3,19,White,1,0,New,Native,United States,NA,Y,95 - 100,98,,5,,1350,620,710,550,8,1330,1,1,1,1,1,1,0,1,1,1,1,1,0,0,0,1,1,1,1,0,15,1,0,0,0,0,0,0,0,1,1,0,0,1,0,0,1,0,1,0,1,0,0,0,0,7
Sp18_135,Sp18,pre,I consent.,3,3,1,3,5,0,19,Asian,1,1,Transfer,Native,United States,"$15,000-29,999",N,85 - 89.9,86,3.54,,,1320,760,560,560,10,1320,1,1,1,0,1,0,1,1,0,1,1,0,1,1,1,1,0,0,0,0,12,1,1,0,1,0,0,0,0,0,1,0,0,1,1,0,1,0,1,0,1,0,0,0,0,9
Sp18_221,Sp18,pre,I consent.,1,5,1,5,5,3,19,Asian,1,0,New,Native,United States,NA,N,90 - 94.9,92,,,,1320,610,590,610,10,1200,0,1,1,1,1,1,1,1,1,1,0,1,1,1,1,1,1,1,1,1,18,1,1,1,1,1,0,1,1,1,1,1,0,0,1,1,1,1,1,1,1,1,0,1,1,20
Sp18_259,Sp18,pre,I consent.,2,3,1,2,2,0,19,Asian,1,1,New,Native,United States,"$30,000-44,999",,90 - 94.9,91,,6,,1340,680,660,540,9,1340,1,1,1,0,1,0,0,0,0,1,1,1,0,0,1,1,0,1,0,0,10,1,1,0,0,0,0,0,0,1,1,0,0,1,0,0,1,0,1,0,0,0,0,0,0,7
Sp18_426,Sp18,pre,I consent.,1,3,2,5,5,3,19,Black/African American,0,1,New,Native,United States,"$45,000-64,999",,95 - 100,95,,5,,1220,610,610,650,8,1220,0,1,0,0,1,0,1,0,1,1,1,1,1,0,1,1,1,1,1,0,13,1,1,1,0,0,0,0,1,1,0,1,0,0,0,0,1,0,0,0,1,0,0,0,0,8
Sp18_489,Sp18,pre,I consent.,2,4,1,4,4,3,19,White,1,0,New,Native,United States,NA,N,95 - 100,96,,,,1520,,,,,,1,1,1,1,1,0,1,1,0,0,0,1,1,0,1,0,0,1,1,0,12,0,0,1,0,1,0,0,0,0,0,0,1,1,1,0,1,0,1,1,0,0,1,0,0,9
Sp18_113,Sp18,pre,I consent.,1,4,1,4,4,3,19,Black/African American,1,1,New,Native,United States,NA,N,95 - 100,96,,3,,1350,760,590,630,11,1350,1,1,1,0,1,0,0,0,1,1,1,1,0,0,1,1,0,1,0,0,11,0,0,0,1,1,0,0,0,1,1,0,1,1,0,0,0,0,1,0,1,1,0,0,0,9
Sp18_290,Sp18,pre,I consent.,3,3,1,4,4,0,19,Asian,0,0,New,Native,United States,NA,N,90 - 94.9,90,,4,,1140,540,600,600,8,1140,0,1,1,1,1,0,0,1,0,1,0,1,0,1,1,1,0,1,0,0,11,0,1,0,0,0,0,0,0,0,0,0,1,1,0,1,1,0,1,0,1,0,0,0,0,7
Sp18_466,Sp18,pre,I consent.,2,3,1,3,3,2,20,White,0,1,New,Native,United States,NA,Y,85 - 89.9,89,,3,,1190,590,600,520,8,1190,1,1,1,0,1,1,1,1,1,1,1,1,1,1,1,1,1,1,1,1,19,1,1,1,1,1,0,1,1,1,1,0,0,1,1,1,1,0,1,0,1,0,0,0,0,15
Sp18_300,Sp18,pre,I consent.,1,4,1,5,5,3,20,Asian,1,0,New,Native,United States,NA,N,95 - 100,99,,8,,1570,780,790,800,10,1570,0,1,1,1,1,1,1,1,1,1,1,1,1,1,1,1,1,1,1,1,19,1,1,1,0,1,0,1,1,1,1,1,1,0,1,1,1,1,1,1,0,1,1,1,1,20
Sp18_232,Sp18,pre,I consent.,1,4,1,5,5,3,19,White,1,0,New,Native,United States,NA,N,95 - 100,98,,,,1560,,,,,,1,1,1,1,1,1,1,0,1,1,1,1,1,0,1,1,1,1,1,1,18,1,1,1,1,1,0,1,1,1,1,1,0,1,1,1,1,0,1,1,1,1,1,0,0,19
Sp18_013,Sp18,pre,I consent.,1,4,1,3,4,3,19,White,0,0,New,Native,United States,NA,Y,90 - 94.9,93,,,,1260,630,630,560,8,1260,1,1,0,0,1,0,0,0,0,0,1,1,0,1,1,0,1,1,0,1,10,1,1,0,1,1,0,0,0,1,1,0,1,1,0,0,1,0,0,1,1,1,0,0,1,13
Sp18_251,Sp18,pre,I consent.,1,4,1,5,5,2,19,White,1,0,Other,Native,United States,NA,N,95 - 100,97,,3,,1170,580,590,560,8,1170,1,1,1,1,1,0,1,0,1,1,1,1,1,0,1,1,1,1,1,0,16,1,1,1,1,1,0,1,1,1,1,1,1,0,0,1,1,1,1,1,1,1,1,1,0,20
Sp18_176,Sp18,pre,I consent.,1,3,2,4,3,3,19,Hispanic of any race,0,1,New,Native,United States,NA,,95 - 100,97,,4,,1250,630,520,520,8,1150,1,1,1,0,1,1,1,0,1,0,1,1,1,1,1,0,1,1,1,0,15,1,1,1,1,1,0,1,0,1,1,1,1,1,1,1,1,0,1,1,0,1,0,0,0,17
Sp18_058,Sp18,pre,I consent.,2,4,1,,5,3,19,Hispanic of any race,0,1,New,Native,United States,"$15,000-29,999",,90 - 94.9,90,,3,,930,450,480,520,10,930,0,1,0,0,1,0,0,1,1,1,1,1,0,0,0,1,0,1,0,0,9,0,1,0,1,0,0,0,0,0,0,0,0,1,0,0,0,0,1,0,1,0,0,0,0,5
Sp18_431,Sp18,pre,I consent.,2,4,1,4,4,3,19,,0,0,New,Native,United States,NA,N,95 - 100,99,,4,,1350,600,650,540,8,1250,1,1,0,1,1,1,1,0,0,1,0,1,1,1,1,1,1,1,1,1,16,1,0,1,1,1,0,0,0,1,0,0,0,0,1,0,1,0,1,1,1,0,0,0,0,10
Sp18_239,Sp18,pre,I consent.,1,5,1,5,4,3,19,White,1,0,New,Native,United States,NA,Y,95 - 100,99,,8,,1440,760,680,710,9,1440,1,1,1,0,1,1,1,1,0,1,1,1,1,1,1,1,1,1,1,1,18,1,1,0,0,1,0,0,0,0,1,1,1,1,1,1,0,0,0,1,1,1,1,0,0,13
Sp18_046,Sp18,pre,I consent.,1,4,1,5,5,3,19,White,0,0,New,Native,United States,NA,N,95 - 100,99,,4,,1370,680,690,680,8,1370,1,1,1,0,1,1,1,1,1,1,0,1,1,0,1,1,1,1,1,1,17,1,1,1,0,1,0,0,1,1,1,0,1,1,1,1,1,1,0,1,0,1,0,0,0,15
Sp18_223,Sp18,pre,I consent.,1,4,1,3,4,3,19,Asian,1,1,New,Native,United States,NA,Y,95 - 100,99,,,,1320,,,,,,0,1,0,1,1,1,1,1,0,0,1,1,1,1,1,0,1,1,1,1,15,1,1,1,1,1,1,0,0,1,1,0,1,1,1,1,1,0,0,1,1,0,1,0,0,16
Sp18_074,Sp18,pre,I consent.,1,4,2,5,5,3,20,Asian,0,0,Other,Native,United States,NA,N,95 - 100,95,,4,,1290,590,620,570,8,1210,0,0,1,0,0,0,0,0,0,0,1,1,0,1,1,0,0,1,1,0,7,1,0,0,0,1,1,1,0,1,1,0,0,1,0,1,1,0,1,0,1,1,0,0,1,13
Sp18_145,Sp18,pre,I consent.,2,4,1,5,5,0,19,White,0,0,New,Native,United States,NA,Y,90 - 94.9,94,3.53,3,,1290,530,690,560,8,1220,1,1,1,0,1,0,1,0,0,1,1,1,1,1,1,1,0,1,0,0,13,0,1,1,1,0,1,0,1,0,0,0,0,1,0,0,1,0,0,0,1,0,1,0,0,9
Sp18_363,Sp18,pre,I consent.,1,3,2,4,4,2,19,Asian,0,0,Transfer,Native,United States,NA,Y,85 - 89.9,89,3.02,,,1050,450,440,490,8,890,0,0,1,0,0,0,0,0,0,1,0,0,0,1,1,1,0,0,0,0,5,0,1,1,1,0,0,0,0,0,0,0,0,1,1,0,1,0,0,0,1,0,0,0,0,7
Sp18_224,Sp18,pre,I consent.,1,4,1,1,1,2,19,Asian,1,1,New,Native,United States,NA,Y,95 - 100,95,,,,1390,770,620,510,9,1390,1,1,1,0,1,1,1,1,1,1,1,1,1,0,1,1,1,1,1,1,18,0,1,1,1,1,0,0,1,1,0,1,1,1,1,1,1,0,0,1,0,1,1,1,1,17
Sp18_427,Sp18,pre,I consent.,1,4,1,4,3,3,19,Asian,0,0,New,Native,United States,NA,N,95 - 100,99,,9,,1340,690,650,700,9,1340,1,1,0,0,0,0,1,1,0,1,1,1,1,1,0,1,0,1,0,0,11,0,1,0,0,0,0,0,0,0,1,0,0,1,1,1,1,0,1,0,1,0,0,0,0,8
Sp18_053,Sp18,pre,I consent.,1,4,1,4,4,3,20,White,0,0,New,Native,United States,NA,N,90 - 94.9,94,,4,,1230,600,630,570,8,1230,1,1,1,1,1,1,1,0,1,1,1,1,1,1,1,1,1,1,1,1,19,1,0,0,0,1,1,1,1,1,1,0,0,0,1,0,1,0,0,1,1,0,1,0,0,12
Sp18_457,Sp18,pre,I consent.,1,4,1,5,5,3,19,Asian,0,1,Other,Native,United States,"$15,000-29,999",,95 - 100,99,,6,,1350,610,600,560,8,1210,1,1,1,0,1,0,0,1,0,0,1,1,0,1,1,0,0,1,0,0,10,0,0,0,0,0,0,0,0,1,1,0,1,1,1,0,1,0,1,1,1,0,0,0,0,9
Sp18_394,Sp18,pre,I consent.,2,4,1,4,4,3,19,Asian,0,0,New,Native,United States,NA,N,95 - 100,99,,8,,1430,690,740,690,10,1430,0,1,1,1,1,1,1,1,0,1,0,1,1,1,1,1,1,1,1,1,17,1,1,1,0,1,0,1,1,1,1,1,1,1,1,1,1,1,0,1,0,1,1,1,1,20
Sp18_222,Sp18,pre,I consent.,1,4,1,,2,2,19,Asian,0,1,Other,Native,United States,NA,Y,95 - 100,97,,4,,1300,650,650,550,8,1300,1,1,1,0,1,1,0,1,0,1,1,0,0,0,1,1,1,0,1,1,13,1,0,0,0,0,0,1,1,0,1,0,0,0,1,0,1,0,1,0,0,0,0,1,0,8
Sp18_411,Sp18,pre,I consent.,1,3,1,5,5,3,18,Asian,0,1,New,Naturalized,India,NA,N,95 - 100,99,,3,,1320,,,,,,0,1,1,1,0,0,0,0,0,0,0,0,0,1,1,0,1,0,1,1,8,0,0,0,0,0,0,0,0,0,0,0,0,0,1,0,1,0,0,0,1,0,0,0,0,3
Sp18_392,Sp18,pre,I consent.,1,4,1,3,3,3,19,White,1,1,New,Native,United States,NA,Y,95 - 100,95,,,,1220,730,480,560,8,1210,0,1,1,0,0,0,1,0,1,1,1,1,1,1,1,1,1,1,0,1,14,0,0,0,0,0,0,0,0,1,0,1,0,0,1,0,0,0,0,0,1,1,0,0,1,6
Sp18_352,Sp18,pre,I consent.,1,3,1,5,5,2,19,White,1,0,New,Native,United States,NA,Y,90 - 94.9,92,,3,,1350,,,,,,1,1,1,0,1,1,1,1,0,1,1,1,1,1,1,1,1,1,1,1,18,0,1,1,0,1,0,0,1,1,1,1,1,1,1,1,1,1,0,1,0,1,1,1,1,18
Sp18_287,Sp18,pre,I consent.,2,3,1,4,2,2,19,Black/African American,0,1,New,Native,United States,"$30,000-44,999",,90 - 94.9,90,,3,,1100,600,500,530,10,1100,1,1,1,0,0,0,0,0,1,1,1,1,0,0,0,1,0,1,0,1,10,0,1,0,0,0,0,0,0,0,0,0,1,0,1,0,0,0,0,1,1,0,0,0,0,5
Sp18_490,Sp18,pre,I consent.,1,3,1,3,3,2,19,White,0,1,New,Native,United States,NA,Y,95 - 100,99,,3,,1250,,,,,,0,1,1,0,1,0,0,1,0,0,0,1,0,1,1,0,0,1,0,1,9,1,0,0,1,0,0,0,1,1,1,0,0,0,1,0,1,0,0,0,1,0,0,0,1,9
Sp18_302,Sp18,pre,I consent.,2,3,1,3,3,2,19,Black/African American,1,1,New,Native,United States,NA,Y,90 - 94.9,93,,5,,1220,,,,,,1,0,1,0,1,1,1,1,1,0,1,0,1,1,1,0,0,0,0,0,11,0,0,0,0,0,0,0,1,0,0,0,0,0,0,1,0,0,0,0,0,0,1,0,1,4
Sp18_331,Sp18,pre,I consent.,1,3,1,3,4,2,19,Asian,1,1,New,Native,United States,"$15,000-29,999",,95 - 100,99,,5,,1160,600,560,560,8,1160,1,1,1,0,1,1,1,1,1,1,0,1,1,1,1,1,1,1,1,1,18,1,0,1,1,1,0,0,1,0,1,0,0,1,1,1,1,1,1,1,1,1,0,1,1,17
Sp18_208,Sp18,pre,I consent.,2,3,1,4,4,0,19,Hispanic of any race,0,0,Transfer,Native,United States,NA,N,95 - 100,97,,4,,1290,540,600,600,10,1140,0,1,0,0,1,1,0,0,1,1,0,0,0,1,1,1,1,0,1,0,10,1,0,0,1,1,0,0,1,1,1,0,0,1,0,1,1,0,0,1,1,0,0,0,0,11
Sp18_088,Sp18,pre,I consent.,2,4,1,5,5,2,19,White,1,0,New,Native,United States,NA,N,85 - 89.9,89,3,3,,1060,550,510,470,5,1060,1,1,1,0,0,0,0,0,1,1,1,0,0,0,0,1,0,0,0,0,7,0,0,0,0,0,0,0,0,0,0,0,0,0,0,0,0,0,0,0,1,0,0,0,0,1
Sp18_243,Sp18,pre,I consent.,1,4,1,3,3,3,19,White,0,1,New,Native,United States,NA,N,95 - 100,99,,,,1320,,,,,,1,1,1,0,0,0,0,0,0,0,1,1,0,0,1,0,0,1,0,0,7,0,1,0,1,0,0,0,0,0,0,0,1,1,0,0,1,0,1,0,0,0,0,0,0,6
Sp18_263,Sp18,pre,I consent.,2,3,1,5,5,0,19,Asian,0,0,New,Native,United States,NA,Y,95 - 100,95,,3,,1250,,,,,,1,1,1,0,0,0,1,1,0,0,1,0,1,1,0,0,0,0,0,1,9,0,0,1,1,0,0,0,0,0,1,0,0,0,0,0,0,1,0,0,0,0,0,0,1,5
Sp18_320,Sp18,pre,I consent.,1,4,1,5,5,3,19,White,0,0,New,Native,United States,NA,N,95 - 100,99,,9,,1410,700,710,690,9,1410,0,1,1,0,1,1,1,1,1,1,1,1,1,1,0,1,1,1,1,1,17,0,1,0,1,0,0,0,0,1,1,0,1,1,0,1,1,0,0,1,1,1,0,0,0,11
Sp18_036,Sp18,pre,I consent.,1,4,1,5,5,3,19,Asian,1,0,New,Native,United States,NA,N,95 - 100,99,4,,,1540,800,740,780,10,1540,0,1,1,0,1,0,1,0,1,0,0,0,1,0,1,0,1,0,0,1,9,0,0,1,1,1,0,0,1,1,0,0,1,0,0,0,1,0,0,0,0,0,0,0,0,7
Sp18_480,Sp18,pre,I consent.,1,3,1,5,5,3,19,Black/African American,0,0,New,Native,United States,NA,N,90 - 94.9,92,,4,,1130,590,540,600,10,1130,1,1,1,1,1,0,0,1,0,0,0,0,0,1,1,0,0,0,0,0,8,1,1,0,0,0,0,0,0,0,1,0,0,1,0,0,1,0,1,0,1,0,1,0,0,8
Sp18_283,Sp18,pre,I consent.,1,4,1,4,3,3,19,Asian,0,1,New,Native,United States,NA,N,90 - 94.9,94,,8,,1300,670,630,610,7,1300,0,1,0,0,0,1,0,1,0,0,1,0,0,0,0,0,0,0,0,0,4,1,0,0,0,0,0,0,1,1,0,1,0,0,1,0,1,0,0,0,0,0,0,0,0,6
Sp18_084,Sp18,pre,I consent.,1,3,2,5,5,3,20,Asian,1,1,New,Alien Permanent,"Korea, Republic of",NA,Y,90 - 94.9,94,,,,1280,690,590,600,9,1280,0,1,1,0,1,0,1,0,1,1,0,1,1,1,0,1,0,1,0,0,11,1,0,0,0,0,0,0,0,0,0,0,1,1,0,0,0,0,0,0,1,1,0,0,0,5
Sp18_197,Sp18,pre,I consent.,1,4,2,4,4,3,19,White,1,1,New,Native,United States,NA,Y,95 - 100,99,,,,1400,720,680,700,10,1400,1,1,1,1,1,1,1,1,0,1,1,1,1,1,1,1,1,1,1,1,19,1,1,1,1,1,1,1,1,1,1,0,0,1,1,1,1,0,0,1,1,1,0,0,1,18
Sp18_041,Sp18,pre,I consent.,1,4,1,4,4,3,19,Asian,0,1,New,Native,United States,"$15,000-29,999",,90 - 94.9,94,,6,,1210,690,520,630,10,1210,1,1,1,0,1,1,1,0,1,0,1,1,1,1,1,0,0,1,0,0,13,0,1,1,0,1,1,0,0,0,1,0,0,1,0,0,0,0,0,0,1,1,0,1,0,9
Sp18_146,Sp18,pre,I consent.,1,5,2,5,5,3,19,Asian,0,1,New,Native,United States,NA,N,95 - 100,99,,7,,1420,700,720,750,10,1420,1,1,0,0,1,1,0,1,1,0,1,1,0,0,1,0,0,1,1,1,12,0,0,1,0,0,1,0,1,1,1,0,0,1,1,1,1,0,1,1,1,0,0,0,0,12
Sp18_160,Sp18,pre,I consent.,2,4,1,4,4,0,20,Hispanic of any race,1,0,New,Native,United States,NA,N,95 - 100,99,,7,,1320,660,660,620,9,1320,0,1,1,0,0,1,1,0,1,1,1,1,1,1,1,1,1,1,1,1,16,1,1,1,0,1,1,1,1,1,1,1,1,1,1,1,1,0,1,1,1,1,1,1,1,22
Sp18_161,Sp18,pre,I consent.,1,4,1,5,5,3,18,American Indian/Alaska tive,1,1,New,Native,United States,NA,Y,95 - 100,99,,,,1190,590,560,610,11,1150,1,1,1,1,1,1,1,1,1,1,1,1,1,1,1,1,0,1,0,1,18,0,1,0,0,0,1,0,0,1,1,1,1,1,1,1,1,1,1,1,1,1,1,1,1,18
Sp18_333,Sp18,pre,I consent.,1,4,1,5,5,3,19,White,1,0,New,Native,United States,NA,N,95 - 100,96,,3,,1320,,,,,,1,1,1,1,1,1,1,0,0,1,1,1,1,1,1,1,1,1,1,1,18,1,1,1,1,1,0,0,1,1,1,0,1,1,1,1,1,0,1,1,1,1,0,1,0,18
Sp18_339,Sp18,pre,I consent.,1,5,1,5,5,3,19,Asian,0,0,New,Native,United States,NA,N,90 - 94.9,94,,8,,1480,,,,,,0,1,1,0,1,0,1,1,0,0,1,0,1,0,1,0,1,0,1,0,10,1,1,1,1,1,0,0,1,1,1,1,1,0,1,1,1,1,0,1,1,1,0,1,1,19
Sp18_054,Sp18,pre,I consent.,2,4,1,5,5,0,20,White,0,0,New,Native,United States,NA,Y,90 - 94.9,94,,3,,1250,600,650,520,8,1250,1,1,1,0,1,0,0,1,1,1,0,1,0,1,0,1,1,1,1,1,14,0,1,1,1,0,0,0,1,1,1,1,0,1,0,1,1,0,1,0,1,0,0,1,0,13
Sp18_402,Sp18,pre,I consent.,1,4,1,5,5,3,19,White,0,1,New,Native,United States,NA,Y,95 - 100,99,,,,1290,640,650,620,10,1290,1,1,1,1,1,0,1,1,1,1,1,1,1,1,0,1,1,1,1,0,17,0,0,0,0,1,1,0,0,0,0,0,1,0,0,0,0,1,1,0,0,0,0,0,0,5
Sp18_271,Sp18,pre,I consent.,1,3,2,4,4,3,19,Asian,1,1,New,Native,United States,NA,Y,95 - 100,99,,4,,1150,570,580,460,9,1150,1,1,1,0,1,0,1,1,0,1,0,1,1,1,1,1,0,1,1,0,14,1,1,1,0,1,0,0,1,1,1,0,0,1,0,0,1,0,0,0,1,0,0,0,0,10
Sp18_141,Sp18,pre,I consent.,1,4,1,4,4,3,18,Black/African American,0,0,New,Native,United States,NA,N,90 - 94.9,90,,4,,1390,750,640,680,8,1390,1,1,1,1,0,1,1,1,0,1,0,0,1,0,1,1,0,0,1,1,13,0,0,0,1,1,0,0,1,0,1,1,1,0,0,0,0,1,0,0,1,0,0,1,0,9
Sp18_034,Sp18,pre,I consent.,1,4,1,5,5,3,19,White,0,0,New,Native,United States,NA,N,95 - 100,99,,,,1440,710,610,770,9,1320,1,1,1,1,1,0,1,1,1,1,1,1,1,1,1,1,1,1,1,0,18,1,1,1,0,1,1,0,1,1,0,1,0,1,1,1,0,0,0,1,1,1,1,0,0,15
Sp18_335,Sp18,pre,I consent.,1,4,2,4,3,0,19,Asian,1,0,New,Naturalized,Unknown,NA,N,90 - 94.9,94,,4,,1380,690,690,520,8,1380,1,1,0,0,1,0,1,1,1,0,1,1,1,1,0,0,0,1,1,0,12,0,1,0,1,0,0,0,0,1,0,0,0,0,0,0,0,0,0,1,0,0,0,1,0,5
Sp18_395,Sp18,pre,I consent.,1,3,2,3,2,3,19,White,0,1,Transfer,Native,United States,"$45,000-64,999",Y,Unknown,,3.55,,,1050,570,470,490,8,1040,0,1,1,0,1,0,1,0,0,1,1,0,1,1,0,1,1,0,0,0,10,1,1,0,1,0,0,0,0,0,1,0,0,1,0,0,0,0,1,0,1,0,0,0,0,7
Sp18_284,Sp18,pre,I consent.,2,4,1,4,4,0,19,White,1,1,New,Native,United States,NA,N,90 - 94.9,94,,,,1310,660,650,530,,1310,1,1,1,0,1,1,1,0,1,1,1,1,1,1,1,1,1,1,1,1,18,1,1,1,0,1,1,1,1,1,1,1,0,0,0,1,1,1,1,1,1,1,1,1,1,20
Sp18_169,Sp18,pre,I consent.,2,3,1,3,3,0,19,Asian,0,1,New,Native,United States,NA,Y,90 - 94.9,94,,8,,1330,740,590,560,8,1330,1,1,1,1,1,0,1,1,1,1,1,1,1,1,1,1,1,1,1,1,19,1,1,1,1,1,1,1,1,1,1,1,1,1,1,1,1,1,1,1,1,1,1,1,1,24
Sp18_477,Sp18,pre,I consent.,1,3,1,4,5,3,19,Asian,1,1,New,Native,United States,NA,N,95 - 100,98,,6,,1480,,,,,,1,1,1,0,1,0,0,0,0,0,0,1,0,0,1,0,0,1,0,0,7,0,1,0,0,1,0,0,0,1,1,0,0,1,0,1,1,0,1,0,1,1,0,0,0,10
Sp18_134,Sp18,pre,I consent.,1,4,1,4,4,3,19,Asian,0,0,New,Native,United States,NA,N,95 - 100,96,,4,,1250,590,660,530,10,1250,0,0,1,0,1,0,0,0,1,1,0,1,0,0,0,1,0,1,0,1,8,0,1,0,1,0,0,0,0,0,1,0,0,1,0,0,0,0,0,0,1,0,0,0,0,5
Sp18_484,Sp18,pre,I consent.,1,3,1,2,2,3,19,Asian,1,1,Other,Native,United States,NA,Y,95 - 100,96,,3,,1290,680,610,540,9,1290,1,0,1,0,1,1,1,1,1,0,1,1,1,0,1,0,1,1,1,0,14,1,1,0,0,0,0,0,1,0,1,0,0,0,0,0,0,0,0,0,0,0,0,0,0,4
Sp18_443,Sp18,pre,I consent.,1,3,1,4,4,3,19,Asian,0,1,New,Native,United States,NA,Y,90 - 94.9,93,,4,,1270,690,580,640,10,1270,1,1,1,0,1,1,0,1,0,1,1,1,0,0,1,1,0,1,1,0,13,1,1,0,0,1,0,0,1,1,1,0,0,1,1,0,1,0,0,0,1,0,0,0,0,10
Sp18_364,Sp18,pre,I consent.,1,4,2,4,4,3,19,Asian,0,0,New,Native,United States,NA,N,95 - 100,96,,,,1420,750,670,800,11,1420,1,1,1,1,1,1,1,0,1,0,1,1,1,0,1,0,1,1,1,1,16,1,0,1,0,1,0,0,1,1,1,0,0,1,1,1,1,0,0,1,0,1,0,0,0,12
Sp18_114,Sp18,pre,I consent.,1,4,1,5,5,3,19,Asian,1,0,New,Naturalized,India,NA,N,95 - 100,99,,3,,1250,540,620,510,8,1160,1,1,1,1,1,0,0,0,0,1,0,0,0,0,0,1,0,0,0,0,7,1,1,0,0,1,0,0,0,0,1,0,0,0,1,0,1,0,1,0,1,0,0,1,0,9
Sp18_375,Sp18,pre,I consent.,1,3,1,4,3,3,20,Asian,1,0,New,Alien Temporary,India,NA,Y,85 - 89.9,85,,,,1060,540,520,500,8,1060,1,0,0,0,1,0,0,1,1,1,1,1,0,0,1,1,0,1,0,0,10,1,0,0,0,0,0,0,0,0,1,0,0,0,0,0,1,0,0,0,0,0,0,0,0,3
Sp18_388,Sp18,pre,I consent.,1,3,1,4,4,3,19,Black/African American,0,0,New,Native,United States,NA,N,90 - 94.9,93,,3,,1120,510,610,600,7,1120,1,1,1,1,1,1,1,1,1,0,1,1,1,1,1,0,0,1,1,1,17,1,0,1,1,1,1,0,1,1,1,0,1,1,1,1,1,0,1,1,0,1,1,0,1,18
Sp18_463,Sp18,pre,I consent.,1,3,2,3,2,3,19,Asian,0,0,New,Alien Temporary,Chi,NA,N,85 - 89.9,87,,,2,1250,,,,,,1,1,1,0,1,0,0,1,0,1,1,1,0,1,0,1,0,1,0,1,12,1,1,0,1,0,1,0,0,0,1,0,0,1,0,1,0,0,1,0,0,0,0,0,1,9
Sp18_360,Sp18,pre,I consent.,1,4,1,3,4,0,25,Hispanic of any race,0,1,Transfer,Native,United States,"$0-14,999",,Unknown,,3,2,,,,,,,,1,0,1,1,0,0,1,0,1,1,0,0,1,0,1,1,0,0,0,1,10,0,1,0,0,0,0,0,0,0,0,0,0,1,1,0,0,0,1,0,0,0,0,0,0,4
Sp18_080,Sp18,pre,I consent.,1,4,1,5,5,3,19,Asian,0,0,New,Native,United States,NA,N,95 - 100,99,,8,,1560,,,,,,1,1,1,1,1,1,1,1,1,1,1,1,1,1,1,1,1,1,1,1,20,1,1,1,0,1,0,1,1,1,1,1,0,1,1,1,1,1,1,1,0,1,1,1,1,20
Sp18_458,Sp18,pre,I consent.,1,3,1,5,5,3,19,White,1,0,New,Native,United States,NA,N,90 - 94.9,94,,5,,1350,650,700,630,7,1350,1,1,1,0,1,0,0,0,0,1,1,1,0,0,1,1,0,1,0,1,11,1,1,0,0,0,0,0,1,1,0,0,0,1,1,1,0,0,0,0,0,0,0,0,0,7
Sp18_279,Sp18,pre,I consent.,1,4,2,2,2,3,19,Asian,1,1,New,Naturalized,Unknown,NA,Y,90 - 94.9,90,,9,,1420,800,620,580,8,1420,1,1,1,0,1,0,1,0,1,0,1,0,1,1,0,0,0,0,0,1,10,0,1,1,1,1,0,0,1,0,1,1,0,1,0,0,1,0,1,1,0,1,0,1,0,13
Sp18_485,Sp18,pre,I consent.,2,3,2,,4,0,19,Asian,1,1,New,Native,United States,NA,Y,95 - 100,98,,4,,1160,620,540,560,8,1160,1,1,0,0,1,0,0,1,0,1,1,1,0,0,0,1,0,1,0,0,9,0,1,0,0,0,1,0,0,0,0,0,1,1,1,0,1,0,1,0,1,0,0,0,0,8
Sp18_478,Sp18,pre,I consent.,1,3,1,4,4,3,19,Asian,0,1,New,Native,United States,NA,Y,90 - 94.9,94,,5,,1080,580,500,510,8,1080,1,1,1,0,0,0,1,0,1,1,1,1,1,0,1,1,1,1,1,0,14,1,0,1,1,1,0,0,0,1,0,0,0,0,1,1,1,0,1,0,1,1,1,0,1,13
Sp18_173,Sp18,pre,I consent.,2,3,1,5,5,3,19,Black/African American,0,1,New,Native,United States,NA,Y,85 - 89.9,87,,7,,1010,510,500,560,9,1010,0,0,1,1,0,0,0,1,0,0,0,1,0,0,0,0,0,1,0,0,5,0,0,1,1,0,1,0,0,1,0,0,0,0,1,0,0,1,0,0,1,1,0,0,0,8
Sp18_006,Sp18,pre,I consent.,1,4,1,0,5,3,19,White,1,1,New,Native,United States,NA,N,95 - 100,96,,,,1450,740,710,690,10,1450,0,0,0,0,0,0,1,0,0,1,1,0,1,0,0,1,0,0,1,1,7,0,1,0,0,0,1,1,0,1,1,0,0,0,1,1,1,0,0,0,1,0,1,0,0,10
Sp18_438,Sp18,pre,I consent.,1,4,2,4,4,3,19,Asian,0,1,New,Native,United States,NA,Y,95 - 100,96,,5,,1220,670,550,620,10,1220,1,1,1,1,1,0,1,1,0,1,1,1,1,0,1,1,1,1,1,1,17,1,1,1,0,1,0,1,1,1,1,0,0,0,0,1,1,0,1,1,0,1,1,0,1,15
Sp18_174,Sp18,pre,I consent.,1,4,2,4,3,3,20,Asian,0,1,New,Native,United States,NA,Y,95 - 100,97,,4,,1290,,,,,,1,1,0,0,1,1,1,0,0,1,0,1,1,1,1,1,0,1,1,1,14,1,1,1,1,1,0,0,1,1,1,0,0,1,1,0,1,0,1,1,1,1,0,0,0,15
Sp18_264,Sp18,pre,I consent.,1,3,1,4,4,3,20,Asian,0,1,New,Native,United States,NA,N,90 - 94.9,91,,,,1380,710,670,690,10,1380,1,1,1,0,0,0,0,1,1,1,0,0,0,0,0,1,0,0,1,1,9,1,0,0,1,0,0,0,0,0,0,0,0,1,0,0,1,0,0,0,1,0,0,0,0,5
Sp18_122,Sp18,pre,I consent.,1,4,1,5,3,3,19,Asian,1,1,New,Native,United States,NA,Y,95 - 100,95,3.5,3,,1230,630,600,460,7,1230,1,1,1,0,1,0,1,0,0,1,1,1,1,1,1,1,1,1,1,1,16,1,1,1,0,1,0,0,1,1,1,1,1,1,1,1,1,0,0,1,1,1,1,1,1,19
Sp18_288,Sp18,pre,I consent.,2,3,1,4,4,2,19,Hispanic of any race,0,0,New,Native,United States,NA,N,90 - 94.9,94,,4,,1270,620,650,500,8,1270,1,1,1,0,0,0,1,0,1,1,1,1,1,0,1,1,1,1,1,1,15,1,0,0,0,1,0,1,1,1,1,0,0,1,0,1,1,0,1,1,0,0,0,0,0,11
Sp18_371,Sp18,pre,I consent.,1,4,1,3,3,3,19,Asian,1,1,New,Native,United States,NA,Y,90 - 94.9,92,,8,,1390,760,630,750,10,1390,1,1,1,1,1,0,1,1,0,1,1,1,1,1,1,1,1,1,1,0,17,1,1,1,0,1,0,1,1,1,1,0,1,1,1,1,1,0,1,1,1,1,0,1,0,18
Sp18_265,Sp18,pre,I consent.,2,3,2,2,3,2,19,Asian,0,0,New,Alien Temporary,Chi,NA,N,85 - 89.9,85,,,2,1120,,,,,,1,1,0,0,1,0,0,1,1,1,0,1,0,1,1,1,0,1,0,0,11,0,1,0,0,0,0,0,0,0,0,0,0,1,1,1,1,0,0,0,1,0,0,0,0,6
Sp18_126,Sp18,pre,I consent.,1,4,1,5,5,3,20,Asian,1,1,New,Naturalized,Unknown,NA,Y,95 - 100,97,,,,1300,780,520,580,9,1300,0,1,1,0,0,0,0,1,0,0,1,1,0,1,1,0,0,1,1,1,10,0,1,0,0,1,1,1,0,0,1,0,0,0,0,0,1,1,0,0,1,0,0,0,1,9
Sp18_147,Sp18,pre,I consent.,1,4,2,4,4,3,20,Asian,0,1,New,Native,United States,NA,Y,95 - 100,96,3,7,,1440,,,,,,1,1,1,0,1,1,1,1,0,0,1,0,1,1,1,0,1,0,1,1,14,0,0,1,0,1,0,0,0,1,1,0,0,0,0,0,0,0,0,1,1,1,0,0,0,7
Sp18_143,Sp18,pre,I consent.,1,3,1,5,5,3,19,Asian,1,0,New,Native,United States,NA,N,90 - 94.9,93,,4,,1350,690,660,710,8,1350,1,1,1,0,1,0,1,1,0,0,1,1,1,1,1,0,1,1,1,1,15,1,1,1,0,1,1,1,1,1,1,1,1,1,0,1,1,0,0,1,1,1,1,1,1,20
Sp18_476,Sp18,pre,I consent.,1,3,2,3,3,3,19,Asian,1,0,New,Alien Temporary,India,NA,N,85 - 89.9,85,,,,1260,670,590,610,9,1260,1,1,1,0,1,1,0,0,1,0,0,0,0,1,1,0,0,0,1,1,10,0,0,0,0,1,0,0,0,1,1,0,0,1,0,0,1,0,1,0,1,1,0,0,0,8
Sp18_403,Sp18,pre,I consent.,1,5,1,4,4,3,19,White,1,0,New,Native,United States,NA,N,95 - 100,97,,,,1520,800,670,720,9,1470,1,1,0,0,1,1,0,1,0,1,1,1,0,1,1,1,1,1,1,1,15,1,0,1,0,1,0,1,1,1,1,0,0,1,0,1,1,1,1,1,1,1,1,1,1,18
Sp18_244,Sp18,pre,I consent.,2,4,1,3,3,0,19,Hispanic of any race,1,1,New,Native,United States,NA,N,95 - 100,96,,4,,1320,,,,,,1,1,1,0,1,0,1,0,0,0,1,1,1,1,1,0,0,1,1,1,13,1,1,0,0,0,0,0,1,0,1,0,0,1,0,0,1,0,0,0,1,1,0,0,0,8
Sp18_355,Sp18,pre,I consent.,1,4,1,4,3,3,19,Asian,0,0,New,Native,United States,NA,N,90 - 94.9,92,,,,1520,770,750,800,10,1520,1,1,1,1,1,1,1,1,1,1,1,1,1,1,1,1,0,1,1,1,19,1,0,1,1,1,0,1,1,1,1,1,0,1,1,1,1,0,1,1,1,1,0,0,0,17
Sp18_340,Sp18,pre,I consent.,1,3,1,2,2,3,19,Asian,0,1,New,Native,United States,NA,Y,90 - 94.9,94,,7,,1350,730,550,620,8,1280,0,1,1,0,1,0,0,1,1,0,0,0,0,1,0,0,0,0,0,0,6,0,1,0,1,0,0,0,0,0,0,0,1,1,0,0,0,0,1,0,0,0,0,0,0,5
Sp18_116,Sp18,pre,I consent.,1,4,1,5,4,3,19,Asian,1,1,New,Native,United States,NA,Y,85 - 89.9,87,,4,,1420,740,680,610,10,1420,1,1,0,0,0,1,1,1,1,1,1,1,1,1,1,1,1,1,1,1,17,1,1,1,1,1,0,0,1,1,1,1,1,1,1,1,1,1,1,1,0,1,1,1,0,20
Sp18_037,Sp18,pre,I consent.,1,4,1,3,3,3,19,Asian,0,0,New,Native,United States,NA,N,95 - 100,98,,,,1180,660,520,640,10,1180,1,0,1,0,1,1,1,1,0,0,1,1,1,1,1,0,0,1,1,1,14,1,0,1,0,1,0,0,1,1,1,1,1,0,1,1,0,0,1,1,1,1,1,1,0,16
Sp18_378,Sp18,pre,I consent.,1,3,1,4,3,3,19,Black/African American,1,0,Other,Native,United States,NA,Y,95 - 100,95,,4,,1160,630,530,520,8,1160,1,1,0,1,0,0,0,1,0,0,0,0,0,0,0,0,0,0,0,1,5,0,1,1,0,0,0,0,1,0,1,0,0,1,0,0,0,1,0,0,0,1,0,0,0,7
Sp18_274,Sp18,pre,I consent.,1,4,2,1,1,3,20,Asian,0,1,New,Alien Permanent,Chi,NA,Y,90 - 94.9,94,,,,1320,770,550,640,10,1320,0,1,1,1,0,1,1,1,1,1,0,1,1,0,0,1,1,1,1,0,14,1,1,1,1,0,1,0,1,1,1,1,1,1,1,1,0,0,0,0,1,1,1,1,0,17
Sp18_414,Sp18,pre,I consent.,2,4,2,3,3,2,19,Asian,0,0,New,Native,United States,NA,N,95 - 100,96,,,,1470,770,700,680,8,1470,0,1,1,1,1,1,1,1,1,0,1,1,1,1,1,0,1,1,1,1,17,1,1,1,1,1,0,0,1,1,1,1,1,1,0,1,1,1,0,1,1,1,0,1,1,19
Sp18_330,Sp18,pre,I consent.,3,3,1,4,4,2,19,White,1,1,Other,Native,United States,NA,N,90 - 94.9,90,,4,,1340,700,640,570,9,1340,1,1,1,1,1,0,0,1,1,1,1,1,0,1,1,1,0,1,0,0,14,1,1,0,1,0,0,0,0,0,1,0,1,1,0,0,1,0,0,0,1,0,0,0,0,8
Sp18_081,Sp18,pre,I consent.,1,4,1,4,3,3,19,Asian,1,0,New,Native,United States,NA,N,90 - 94.9,92,,,,1380,690,620,570,7,1310,1,1,1,1,1,1,1,1,0,0,1,1,1,0,1,0,1,1,1,0,15,1,0,1,0,1,0,0,1,1,1,1,0,0,1,1,1,0,0,1,1,0,1,0,0,13
Sp18_180,Sp18,pre,I consent.,1,3,1,5,5,3,20,Asian,1,0,New,Native,United States,NA,Y,85 - 89.9,87,,4,,1500,800,700,730,8,1500,1,1,1,0,1,0,1,0,1,1,1,1,1,1,1,1,1,1,0,0,15,0,1,1,0,1,0,0,0,1,1,0,1,1,1,0,1,0,1,1,1,1,0,0,1,14
Sp18_318,Sp18,pre,I consent.,1,4,1,5,5,3,18,Asian,0,0,New,Native,United States,NA,N,95 - 100,97,4,,,1450,760,690,650,8,1450,0,1,1,0,0,0,0,0,1,1,0,1,0,0,0,1,1,1,0,0,8,0,0,0,1,1,1,1,0,0,1,1,0,1,0,1,0,0,0,0,1,1,0,0,0,10
Sp18_285,Sp18,pre,I consent.,2,3,1,3,5,0,20,White,1,0,New,Native,United States,NA,N,95 - 100,99,,,,1260,650,610,580,7,1260,1,1,1,0,1,0,0,0,0,0,1,1,0,0,1,0,0,1,1,0,9,1,1,0,1,1,0,0,1,1,1,1,0,0,1,1,1,0,0,1,1,1,0,1,0,15
Sp18_217,Sp18,pre,I consent.,1,4,1,5,3,3,20,Asian,1,1,New,Native,United States,NA,Y,90 - 94.9,90,,5,,1340,660,680,600,8,1340,1,1,1,1,1,0,0,1,0,1,1,1,0,1,1,1,1,1,0,0,14,0,1,1,0,1,0,0,1,1,1,0,1,0,1,0,1,0,1,1,1,1,0,0,1,14
Sp18_491,Sp18,pre,I consent.,2,3,1,5,5,2,19,Asian,0,1,New,Naturalized,Unknown,NA,Y,85 - 89.9,88,,8,,1460,770,690,690,10,1460,1,1,1,0,1,0,0,0,0,1,1,1,0,1,1,1,0,1,0,1,12,1,0,0,0,1,0,0,1,0,1,0,1,1,1,1,1,0,1,1,0,0,1,0,0,12
Sp18_009,Sp18,pre,I consent.,3,4,1,3,4,3,20,Asian,1,0,New,Native,United States,NA,N,90 - 94.9,92,,5,,1470,780,690,740,8,1470,1,1,1,1,1,1,0,0,0,1,1,1,0,1,1,1,0,1,1,0,14,1,1,1,0,1,0,0,0,0,1,0,0,0,1,1,0,0,1,1,1,0,1,0,0,11
Sp18_043,Sp18,pre,I consent.,2,3,1,3,3,0,19,Asian,0,1,New,Native,United States,NA,Y,90 - 94.9,91,,4,,1310,670,640,520,8,1310,0,0,0,0,0,0,0,0,0,1,0,0,0,0,0,1,0,0,0,0,2,1,0,0,0,0,0,0,1,1,0,0,1,0,1,0,0,0,1,0,0,0,1,0,0,7
Sp18_256,Sp18,pre,I consent.,1,4,1,5,5,3,19,Asian,1,1,New,Native,United States,NA,Y,90 - 94.9,94,,,,1350,720,630,710,9,1350,0,1,1,1,1,0,1,1,1,1,1,1,1,1,1,1,1,1,1,1,18,1,0,1,1,1,0,0,1,1,1,1,1,1,1,0,1,0,1,0,1,1,0,1,1,17
Sp18_042,Sp18,pre,I consent.,1,4,1,2,2,3,20,Asian,1,1,New,Native,United States,NA,Y,90 - 94.9,92,,4,,1230,680,550,430,8,1230,1,1,1,0,0,1,1,0,0,0,1,1,1,0,1,0,0,1,1,1,12,0,1,0,1,1,0,0,0,1,1,0,0,0,0,0,0,0,1,1,1,1,0,1,0,10
Sp18_314,Sp18,pre,I consent.,1,3,1,5,4,3,20,Asian,1,0,New,Native,United States,NA,N,85 - 89.9,89,,,,1330,690,640,540,7,1330,1,1,1,0,1,0,1,0,1,1,1,1,1,0,1,1,0,1,1,0,14,1,1,1,1,1,0,0,1,1,0,0,0,1,0,0,1,0,0,0,0,1,0,0,1,11
Sp18_396,Sp18,pre,I consent.,1,3,2,4,2,3,19,Asian,0,0,New,Native,United States,NA,Y,90 - 94.9,91,,5,,1410,800,600,670,8,1400,0,1,1,0,1,0,0,0,0,1,1,1,0,0,1,1,0,1,0,0,9,0,0,0,1,0,0,0,0,0,1,0,0,1,0,0,1,0,1,0,1,0,0,0,0,6
Sp18_367,Sp18,pre,I consent.,1,3,1,3,2,0,19,Asian,1,1,New,Native,United States,NA,Y,90 - 94.9,90,,4,,1290,630,560,550,7,1190,1,0,1,0,1,0,0,0,1,1,1,1,0,0,1,1,1,1,1,0,12,1,1,1,0,0,0,0,0,1,1,1,0,1,1,1,1,0,1,0,0,0,1,1,0,13
Sp18_467,Sp18,pre,I consent.,1,3,1,4,4,3,19,White,0,1,Transfer,Native,United States,"$15,000-29,999",Y,85 - 89.9,87,,,,1330,670,660,590,7,1330,1,1,1,1,0,0,0,0,1,1,1,1,0,1,1,1,1,1,1,0,14,1,1,1,0,1,0,1,1,1,1,1,0,0,1,1,1,0,0,1,1,1,1,1,0,17
Sp18_277,Sp18,pre,I consent.,2,2,2,3,2,0,20,Asian,1,0,New,Alien Temporary,Chi,NA,Y,90 - 94.9,94,,5,2,,,,,,,1,1,1,0,1,0,0,0,0,1,1,1,0,0,0,1,0,1,0,0,9,0,1,0,1,0,0,0,0,0,1,0,1,0,0,0,0,0,0,0,0,1,0,0,0,5
Sp18_162,Sp18,pre,I consent.,2,4,2,3,3,0,19,Asian,0,1,New,Alien Permanent,Viet m,NA,Y,90 - 94.9,94,,8,,1220,,,,,,1,1,0,0,1,0,0,0,1,0,1,1,0,0,1,0,0,1,0,0,8,0,1,0,1,0,1,0,0,0,1,0,0,0,0,0,1,0,1,0,1,0,0,0,0,7
Sp18_303,Sp18,pre,I consent.,2,2,1,2,3,0,19,White,1,0,New,Alien Temporary,Cada,NA,Y,85 - 89.9,88,,,3,970,520,450,400,6,970,1,1,0,0,1,0,1,0,1,0,0,1,1,0,1,0,0,1,0,0,9,1,1,1,0,1,0,0,0,1,1,0,0,1,0,1,1,0,0,1,1,0,0,0,1,12
Sp18_322,Sp18,pre,I consent.,1,3,1,3,3,0,19,Asian,0,1,New,Native,United States,"$0-14,999",,95 - 100,97,,3,,1230,580,650,590,10,1230,1,1,1,0,1,0,1,0,0,1,1,1,1,1,1,1,1,1,0,1,15,1,1,1,0,1,0,0,1,1,1,0,0,1,0,1,1,0,0,1,0,1,0,0,1,13
Sp18_010,Sp18,pre,I consent.,2,3,1,5,5,0,19,White,0,1,New,Native,United States,NA,N,85 - 89.9,89,,3,,1090,570,520,540,8,1090,1,1,1,0,0,0,0,0,0,1,0,1,0,1,1,1,0,1,1,1,11,0,1,0,1,0,0,0,0,0,1,0,0,1,0,1,1,0,0,0,1,1,0,0,1,9
Sp18_117,Sp18,pre,I consent.,1,3,1,5,5,2,19,White,0,0,New,Native,United States,NA,N,90 - 94.9,94,,,,1220,,,,,,1,1,0,1,1,0,1,1,1,1,1,1,1,1,0,1,0,1,0,1,15,1,1,0,0,0,0,0,1,1,1,0,1,0,1,0,1,0,0,0,1,0,0,0,1,10
Sp18_233,Sp18,pre,I consent.,1,4,2,3,2,3,19,Asian,0,1,New,Naturalized,Chi,NA,Y,95 - 100,96,,7,,1260,720,540,520,8,1260,1,1,1,0,0,0,1,1,0,1,1,1,1,1,1,1,1,1,1,0,15,0,0,1,1,1,1,1,1,0,1,0,1,1,1,0,1,0,1,1,0,1,0,0,1,15
Sp18_376,Sp18,pre,I consent.,1,4,2,3,3,3,20,Asian,0,0,New,Native,United States,NA,N,95 - 100,96,,,,1200,630,570,570,8,1200,1,1,0,0,0,0,0,1,1,0,1,1,0,0,1,0,0,1,1,0,9,0,1,0,0,0,1,0,1,0,0,0,1,0,0,0,1,0,0,1,0,0,0,0,0,6
Sp18_405,Sp18,pre,I consent.,3,2,2,3,3,0,19,Asian,1,0,New,Alien Temporary,Chi,NA,Y,85 - 89.9,87,,5,2,1180,760,420,530,8,1180,1,1,1,1,0,1,0,0,0,0,1,1,0,0,0,0,0,1,1,1,10,1,0,1,1,0,0,0,0,1,0,0,1,1,0,1,0,0,0,0,0,1,1,0,0,9
Sp18_311,Sp18,pre,I consent.,1,3,2,2,4,3,19,Asian,0,0,New,Alien Permanent,Bangladesh,NA,N,90 - 94.9,90,,,,1370,740,630,670,10,1370,0,1,1,0,1,0,0,1,0,1,0,0,0,0,1,1,1,0,1,1,10,0,1,0,1,0,1,0,1,0,1,0,0,0,0,0,1,1,0,1,0,0,0,0,1,9
Sp18_171,Sp18,pre,I consent.,1,3,2,4,3,3,20,Asian,0,0,New,Alien Temporary,"Korea, Republic of",NA,N,90 - 94.9,94,,,2,1190,,,,,,1,1,1,0,0,0,0,0,0,1,1,1,0,0,0,1,0,1,0,0,8,0,0,0,0,0,0,0,0,0,1,0,0,1,0,0,0,0,0,0,0,0,0,0,0,2
Sp18_291,Sp18,pre,I consent.,1,3,1,5,3,3,19,Hispanic of any race,1,1,New,Native,United States,NA,Y,90 - 94.9,93,,4,,1230,630,600,570,6,1230,1,1,0,1,1,1,1,1,1,1,1,1,1,1,1,1,1,1,1,1,19,1,0,1,0,1,0,0,1,1,1,0,0,1,0,0,1,0,1,1,1,1,0,1,1,14
Sp18_111,Sp18,pre,I consent.,1,3,1,5,5,3,19,Hispanic of any race,0,1,New,Native,United States,NA,Y,90 - 94.9,91,,3,,1180,610,570,630,10,1180,1,1,1,1,1,0,0,0,1,0,0,0,0,1,1,0,1,0,0,1,10,0,1,0,0,1,0,0,0,0,0,0,0,1,0,0,0,1,1,1,1,0,1,0,0,8
Sp18_496,Sp18,pre,I consent.,2,3,2,2,2,2,20,Asian,0,0,New,Alien Temporary,Chi,NA,N,90 - 94.9,94,,,,1090,650,440,490,6,1090,0,0,0,1,0,1,0,0,0,0,1,0,0,0,0,0,0,0,0,0,3,0,0,0,1,0,0,0,0,1,1,0,1,1,0,1,0,0,0,1,1,0,1,1,0,10
Sp18_230,Sp18,pre,I consent.,1,5,1,5,5,3,19,Asian,0,0,New,Native,United States,NA,N,95 - 100,99,4,8,,1370,670,700,720,10,1370,0,1,1,0,1,1,0,1,1,0,0,1,0,1,1,0,0,1,0,1,11,1,1,1,0,1,0,0,0,0,1,0,0,0,0,0,1,0,1,1,1,0,0,0,1,10
Sp18_292,Sp18,pre,I consent.,1,4,1,3,3,3,19,White,1,0,New,Native,United States,NA,Y,95 - 100,97,,3,3,1250,,,,,,1,1,0,0,0,1,0,0,0,0,1,1,0,0,0,0,0,1,0,1,7,0,0,0,0,0,1,0,0,0,0,0,0,1,1,0,0,0,0,0,0,0,0,0,0,3
Sp18_020,Sp18,pre,I consent.,1,4,1,4,4,3,19,Asian,1,1,New,Native,United States,NA,Y,95 - 100,96,,,,1250,680,570,560,8,1250,1,1,1,0,1,1,1,1,1,1,1,1,1,0,1,1,0,1,1,0,16,0,0,0,1,1,0,0,0,1,1,0,0,1,0,0,1,0,1,1,1,0,1,0,1,11
Sp18_260,Sp18,pre,I consent.,1,3,1,4,4,3,20,Asian,1,1,New,Native,United States,NA,N,90 - 94.9,91,,7,,1310,680,630,630,9,1310,1,1,1,0,0,0,1,1,0,0,1,1,1,0,0,0,0,1,1,0,10,1,1,0,1,0,0,0,0,1,1,0,0,1,0,0,1,0,0,0,0,0,0,0,0,7
Sp18_272,Sp18,pre,I consent.,1,3,2,1,0,0,20,Asian,1,0,New,Alien Temporary,Chi,NA,Y,85 - 89.9,87,,,1.5,,,,,,,0,1,1,1,0,1,1,0,1,1,1,1,1,1,1,1,1,1,1,1,17,1,1,0,1,1,1,0,1,1,1,1,1,1,0,1,1,1,0,0,0,1,1,1,0,17
Sp18_016,Sp18,pre,I consent.,1,4,1,4,4,3,19,Asian,0,0,New,Native,United States,NA,Y,95 - 100,95,,9,,1540,800,740,620,9,1540,1,1,1,0,1,1,0,0,0,1,1,1,0,1,1,1,1,1,1,1,15,0,1,0,1,0,0,0,0,1,1,0,0,1,0,1,1,0,0,0,1,0,0,0,0,8
Sp18_348,Sp18,pre,I consent.,1,3,1,3,4,3,19,Asian,1,1,Other,Native,United States,NA,Y,95 - 100,95,,5,,1260,710,550,660,12,1260,1,1,1,0,1,0,1,0,1,1,0,0,1,0,1,1,0,0,1,1,12,0,1,1,0,0,1,0,1,0,1,1,0,0,0,0,0,0,0,0,0,0,0,0,1,7
Sp18_275,Sp18,pre,I consent.,2,4,1,5,5,0,19,Asian,1,1,New,Native,United States,NA,N,95 - 100,98,,8,,1380,640,600,710,10,1240,1,1,1,0,1,0,0,1,0,0,1,1,0,0,0,0,0,1,0,0,8,1,1,0,0,0,0,0,0,0,1,0,0,1,0,0,1,0,0,0,1,0,0,0,0,6
Sp18_035,Sp18,pre,I consent.,1,4,1,4,4,3,19,Asian,0,0,New,Native,United States,NA,N,95 - 100,99,,4,,1320,660,590,590,10,1250,1,1,1,0,1,0,1,0,1,1,1,0,1,1,1,1,0,0,0,0,12,0,0,1,1,0,0,0,0,0,1,0,1,1,0,0,0,0,1,0,1,0,0,0,0,7
Sp18_455,Sp18,pre,I consent.,2,3,1,5,5,0,19,Asian,1,0,New,Alien Temporary,Myanmar,NA,N,85 - 89.9,86,,,,1330,680,650,750,10,1330,1,1,1,0,1,0,0,0,0,1,1,0,0,0,0,1,0,0,0,0,7,0,0,0,0,0,0,0,0,0,1,0,0,0,0,0,1,0,0,0,1,1,1,0,0,5
Sp18_075,Sp18,pre,I consent.,1,4,1,5,3,3,21,White,1,0,New,Native,United States,NA,N,95 - 100,95,,5,3,1350,,,,,,1,1,1,1,1,1,1,1,1,1,1,0,1,1,1,1,1,0,1,1,18,0,0,1,1,1,0,0,1,1,1,0,0,1,1,0,1,0,1,1,1,1,0,1,1,15
Sp18_205,Sp18,pre,I consent.,1,4,1,5,5,3,19,Asian,0,0,New,Native,United States,NA,Y,95 - 100,99,,,,1520,680,640,700,10,1320,1,1,1,0,1,0,1,0,0,1,0,0,1,0,1,1,0,0,0,0,9,1,1,0,1,1,0,1,1,1,1,1,0,0,1,1,1,0,0,1,1,0,0,0,0,14
Sp18_261,Sp18,pre,I consent.,1,3,1,3,4,3,20,Asian,1,0,New,Alien Temporary,Bangladesh,NA,N,85 - 89.9,85,,,,1350,720,630,640,8,1350,1,1,1,0,1,0,0,1,1,0,1,1,0,0,1,0,0,1,1,0,11,0,0,1,1,1,0,0,0,1,1,0,0,1,0,1,0,0,1,0,0,1,0,1,0,10
Sp18_237,Sp18,pre,I consent.,2,3,1,4,4,2,19,Asian,1,1,New,Naturalized,Unknown,NA,Y,85 - 89.9,89,,6,,1090,600,490,470,8,1090,1,1,1,0,1,1,0,1,0,1,1,0,0,1,1,1,1,0,1,0,13,0,1,0,1,1,0,0,0,1,1,1,1,1,0,1,1,0,0,1,0,1,0,0,0,12
Sp18_289,Sp18,pre,I consent.,1,4,1,5,5,3,19,White,1,0,New,Native,United States,NA,N,95 - 100,95,,7,,1320,550,630,620,9,1180,0,1,1,0,1,0,1,0,0,0,1,1,1,0,1,0,1,1,1,1,12,1,1,1,1,1,0,0,1,1,1,0,0,1,1,0,1,0,0,0,0,0,1,0,0,12
Sp18_412,Sp18,pre,I consent.,1,3,1,4,4,3,19,White,0,0,New,Native,United States,NA,Y,95 - 100,95,,3,,1200,660,540,620,9,1200,1,1,1,0,1,0,1,1,1,1,0,1,1,1,1,1,1,1,1,1,17,0,1,1,1,0,0,0,0,1,1,0,0,1,1,0,1,0,0,0,0,1,1,0,0,10
Sp18_356,Sp18,pre,I consent.,2,3,1,5,3,0,19,Asian,0,0,New,Alien Temporary,India,NA,N,85 - 89.9,85,,,3,,,,,,,1,0,1,0,1,0,0,0,1,0,0,0,0,0,0,0,0,0,0,0,4,0,0,0,1,0,0,0,0,0,0,0,0,1,0,0,0,0,1,0,0,0,0,0,0,3
Sp18_151,Sp18,pre,I consent.,3,3,2,2,2,0,21,Asian,0,0,New,Alien Temporary,"Korea, Republic of",NA,N,95 - 100,95,,2.5,,1020,580,440,520,6,1020,1,1,1,1,1,1,1,0,1,1,1,1,1,1,1,1,1,1,1,1,19,1,1,1,0,1,1,1,1,1,1,1,1,0,1,1,1,1,1,1,1,1,1,0,1,21
Sp18_384,Sp18,pre,I consent.,2,3,1,5,5,2,19,White,0,0,New,Native,United States,NA,N,90 - 94.9,92,,3,,1320,,,,,,1,1,1,0,1,1,1,1,0,0,1,1,1,0,1,0,1,1,1,1,15,1,0,1,0,1,0,0,1,1,1,1,1,0,1,1,1,0,1,1,0,1,1,1,0,16
Sp18_428,Sp18,pre,I consent.,1,4,1,5,5,3,19,Asian,1,1,New,Native,United States,NA,N,85 - 89.9,88,,4,,1440,690,710,650,10,1400,0,1,1,0,1,1,0,1,0,1,1,1,0,1,1,1,1,1,1,1,15,1,1,1,0,1,0,0,1,1,1,0,0,1,0,1,0,0,1,0,0,0,0,0,1,11
Sp18_059,Sp18,pre,I consent.,1,4,1,4,4,3,19,Asian,1,0,New,Native,United States,NA,N,90 - 94.9,94,3.96,,,1490,740,750,750,10,1490,1,1,1,1,1,1,1,1,1,0,1,0,1,1,1,0,1,0,1,1,16,0,0,1,0,0,1,1,0,1,0,0,0,0,0,0,0,0,1,0,1,1,0,0,0,7
Sp18_119,Sp18,pre,I consent.,3,4,1,3,4,0,19,Asian,0,0,New,Native,United States,NA,N,95 - 100,99,,6,,1350,650,700,690,10,1350,0,1,1,0,1,0,1,0,0,1,1,0,1,1,0,1,0,0,0,0,9,0,0,0,0,0,0,0,0,1,1,0,0,1,0,0,1,0,1,0,0,0,0,0,0,5
Sp18_021,Sp18,pre,I consent.,1,4,1,5,5,3,20,Hispanic of any race,0,0,New,Native,United States,NA,N,90 - 94.9,92,2.67,3,,1240,610,630,640,9,1240,1,1,1,0,1,0,1,1,1,1,0,0,1,1,0,1,0,0,1,1,13,1,0,1,1,0,0,1,0,1,1,0,0,1,1,1,1,0,1,0,1,0,0,0,0,12
Sp18_246,Sp18,pre,I consent.,1,4,1,5,3,3,19,Asian,0,1,New,Native,United States,NA,N,95 - 100,99,,,,1340,640,700,680,9,1340,1,1,1,1,0,1,1,1,0,0,0,1,1,1,1,0,1,1,1,1,15,1,1,1,0,1,1,0,1,1,1,0,0,1,1,1,1,0,1,1,1,0,0,0,0,15
Sp18_456,Sp18,pre,I consent.,3,3,2,5,5,1,20,Asian,0,1,New,Naturalized,Unknown,NA,Y,90 - 94.9,91,,3,,1150,,,,,,0,0,1,0,1,1,1,0,0,0,1,1,1,1,0,0,1,1,0,0,10,0,0,1,1,0,0,0,1,0,1,0,1,0,1,1,1,0,0,0,0,0,0,0,0,8
Sp18_022,Sp18,pre,I consent.,2,3,1,4,4,3,19,Hispanic of any race,0,1,New,Native,United States,NA,Y,85 - 89.9,85,,4,,1060,530,530,480,8,1060,1,1,0,0,1,0,0,0,0,0,0,1,0,1,1,0,0,1,0,0,7,0,1,0,1,0,1,0,1,1,1,0,1,0,0,0,1,0,0,0,0,1,0,0,1,10
Sp18_154,Sp18,pre,I consent.,2,4,1,3,3,0,19,Asian,1,1,New,Native,United States,NA,Y,95 - 100,98,,,,1290,710,580,560,9,1290,1,1,1,1,1,1,1,1,0,0,0,1,1,1,1,0,0,1,1,1,15,1,1,1,1,1,0,0,1,1,1,1,0,1,0,0,1,1,0,1,0,1,0,1,1,16
Sp18_257,Sp18,pre,I consent.,1,3,1,5,5,3,19,,1,0,New,Native,United States,NA,N,85 - 89.9,88,,3,,1440,800,640,610,8,1440,1,1,1,0,1,0,1,1,1,0,1,1,1,0,1,0,1,1,1,0,14,1,1,1,0,1,0,0,1,1,1,0,1,1,0,1,1,0,0,1,0,1,0,0,0,13
Sp18_060,Sp18,pre,I consent.,1,3,1,5,5,3,19,Asian,0,0,New,Native,United States,NA,Y,90 - 94.9,92,,5,,1520,740,680,790,10,1420,1,1,1,0,1,1,0,0,0,1,0,1,0,1,1,1,0,1,1,1,13,1,0,0,0,1,0,0,1,1,1,1,0,0,1,1,1,0,0,1,1,1,1,1,1,15
Sp18_168,Sp18,pre,I consent.,1,4,2,4,4,3,19,Asian,0,1,Other,Native,United States,NA,Y,95 - 100,99,,,,1200,660,540,500,9,1200,1,0,1,0,1,1,1,1,0,0,0,1,1,1,0,0,0,1,0,1,11,1,0,0,0,0,0,0,1,0,1,0,0,1,0,0,1,0,0,0,1,1,0,0,0,7
Sp18_186,Sp18,pre,I consent.,1,4,1,5,5,3,19,White,1,0,New,Native,United States,NA,N,90 - 94.9,94,,7,,1350,,,,,,1,1,1,0,1,1,1,0,1,1,1,1,1,1,1,1,1,1,1,1,18,1,1,1,0,1,1,0,0,1,1,1,1,1,1,1,1,0,1,1,1,1,0,1,0,18
Sp18_341,Sp18,pre,I consent.,1,3,1,5,5,3,19,White,1,1,New,Native,United States,NA,N,90 - 94.9,91,3.7,,,1380,610,630,660,8,1240,1,1,1,1,0,1,1,1,0,0,1,1,1,1,1,0,0,1,0,0,13,1,1,1,1,0,0,0,1,1,1,0,1,1,0,1,1,0,1,0,1,1,1,1,1,17
Sp18_178,Sp18,pre,I consent.,1,4,1,5,4,3,19,Asian,0,0,New,Native,United States,NA,Y,90 - 94.9,92,,5,,1420,710,710,720,10,1420,1,1,1,1,1,1,1,1,1,1,1,1,1,1,1,1,0,1,1,0,18,1,1,0,1,1,1,1,1,1,1,1,1,1,1,1,1,1,1,1,1,1,1,1,1,23
Sp18_076,Sp18,pre,I consent.,1,4,1,5,5,3,19,White,1,0,New,Native,United States,NA,N,90 - 94.9,93,,,,1410,,,,,,1,1,1,1,1,1,1,1,1,0,1,1,1,1,1,0,1,1,1,1,18,1,1,1,0,1,1,1,1,1,1,1,1,1,0,1,1,0,1,1,1,1,1,1,1,21
Sp18_191,Sp18,pre,I consent.,2,3,2,2,1,0,20,Asian,0,0,New,Alien Temporary,"Taiwan, Province of Chi",NA,N,85 - 89.9,85,,5,,1070,640,430,440,5,1070,1,1,1,0,1,1,0,0,0,1,0,0,0,1,0,1,0,0,0,0,8,0,0,0,1,1,0,0,0,0,0,0,0,0,0,0,1,0,1,1,1,0,1,1,0,8
Sp18_061,Sp18,pre,I consent.,1,4,2,3,3,2,19,Asian,0,1,New,Native,United States,NA,Y,95 - 100,95,,,,1340,660,680,710,9,1340,1,1,1,1,0,0,1,1,1,1,1,0,1,0,0,1,1,0,0,1,13,0,0,0,0,1,0,0,1,0,1,0,0,0,0,0,0,0,0,0,1,1,1,0,0,6
Sp18_319,Sp18,pre,I consent.,1,3,1,5,5,3,19,White,0,0,New,Native,United States,NA,Y,85 - 89.9,87,,4,,1120,510,610,550,5,1120,0,1,1,0,1,1,1,1,0,1,1,1,1,1,1,1,0,1,1,1,16,1,1,1,0,1,0,1,1,1,1,1,0,0,0,1,1,0,1,1,0,1,1,1,1,17
Sp18_038,Sp18,pre,I consent.,1,4,1,3,3,3,19,White,1,0,New,Native,United States,NA,N,95 - 100,96,,5,,1290,610,600,550,9,1210,1,1,1,0,1,1,1,1,0,1,1,1,1,1,1,1,1,1,1,1,18,0,1,1,1,1,0,0,0,1,1,0,1,1,1,0,1,0,0,1,1,1,0,0,0,13
Sp18_498,Sp18,pre,I consent.,2,3,1,5,5,2,20,Hispanic of any race,1,0,New,Native,United States,NA,Y,85 - 89.9,87,,2.5,,1150,510,620,510,,1130,1,1,1,0,1,0,0,0,0,0,1,0,0,1,0,0,0,0,0,0,6,0,0,0,1,0,0,0,0,1,0,0,1,1,0,0,0,0,1,0,0,1,0,0,0,6
Sp18_248,Sp18,pre,I consent.,1,5,3,5,3,0,18,Hispanic of any race,0,0,Transfer,Native,United States,"$85,000-104,999",,85 - 89.9,86,3.2,,,,,,,,,1,1,0,0,0,0,0,0,0,0,0,0,0,0,0,0,0,0,0,1,3,1,0,0,0,1,0,0,0,0,0,1,0,0,0,0,0,1,1,0,0,0,1,0,1,7
Sp18_252,Sp18,pre,I consent.,1,3,1,5,4,0,18,Black/African American,0,0,New,Native,United States,NA,N,90 - 94.9,91,,2,,1200,540,660,540,8,1200,1,1,1,1,1,0,1,0,0,0,0,0,1,1,1,0,1,0,0,0,10,0,1,0,0,0,0,0,0,1,1,0,0,1,0,1,1,0,0,0,1,0,0,0,0,7
Sp18_201,Sp18,pre,I consent.,1,4,1,3,4,3,20,White,0,0,Other,Native,United States,NA,Y,90 - 94.9,94,3.59,,,1120,560,520,470,8,1080,1,0,0,0,1,0,0,1,0,1,0,0,0,0,0,1,0,0,0,0,5,0,0,1,0,0,1,0,1,0,0,0,1,0,1,0,1,0,0,0,1,0,0,0,0,7
Sp18_241,Sp18,pre,I consent.,2,5,1,3,4,1,21,White,1,0,Transfer,Native,United States,"$65,000-84,999",,85 - 89.9,86,3.5,,,,,,,,,1,1,1,0,0,1,0,0,1,0,0,1,0,0,0,0,1,1,1,1,10,1,0,0,1,1,0,0,1,1,1,0,0,1,0,1,1,0,1,1,1,0,0,0,0,12
Sp18_470,Sp18,pre,I consent.,2,5,1,4,4,0,36,Black/African American,0,0,Transfer,Naturalized,Unknown,"$15,000-29,999",,Unknown,,2.49,2,,,,,,,,0,1,1,0,1,0,0,0,0,0,1,0,0,1,0,0,1,0,1,1,8,1,1,0,0,0,0,0,0,0,1,0,0,0,1,0,1,0,0,0,0,0,0,0,1,6
Sp18_183,Sp18,pre,I consent.,1,4,1,5,5,3,20,Asian,1,0,Transfer,Native,United States,"$185,000+",,Unknown,,2.88,,,,,,,,,1,1,1,0,1,0,0,1,0,1,1,1,0,1,1,1,0,1,0,0,12,1,0,0,0,1,0,0,0,1,1,0,0,1,0,0,1,0,1,1,0,1,0,0,0,9
Sp18_446,Sp18,pre,I consent.,3,2,1,3,3,0,18,,0,1,New,Native,United States,"$15,000-29,999",,85 - 89.9,89,,3,3,870,440,430,420,6,870,0,1,1,1,1,0,1,1,0,0,1,0,1,0,0,0,1,0,1,1,11,0,1,1,0,1,1,1,0,0,0,0,1,1,0,0,1,0,1,1,1,0,0,0,1,12
Sp18_325,Sp18,pre,I consent.,2,3,2,4,4,1,18,Asian,1,1,New,Naturalized,India,"$30,000-44,999",,95 - 100,99,,,,,,,,,,1,1,1,0,1,0,1,0,0,0,1,1,1,0,1,0,1,1,0,0,11,0,1,0,0,0,1,0,0,0,0,0,0,1,0,0,1,0,0,0,0,0,0,0,0,4
Sp18_424,Sp18,pre,I consent.,1,3,1,5,3,2,18,Asian,1,0,New,Native,United States,NA,,95 - 100,99,,,,1310,640,670,650,9,1310,1,1,1,0,1,1,1,1,0,1,1,1,1,1,1,1,1,1,0,1,17,1,1,0,1,1,0,0,1,1,1,0,1,1,1,1,1,0,1,1,1,1,0,0,0,16
Sp18_380,Sp18,pre,I consent.,2,3,2,2,2,0,21,Asian,0,0,New,Alien Temporary,Chi,NA,N,85 - 89.9,88,,4,1.5,,,,,,,1,1,1,0,0,1,0,0,0,1,1,1,0,1,0,1,0,1,0,0,10,1,1,0,1,0,1,0,0,1,1,0,0,1,0,0,1,0,1,0,1,0,0,0,0,10
Sp18_415,Sp18,pre,I consent.,1,3,1,5,5,2,18,White,1,0,New,Native,United States,NA,N,95 - 100,97,,,,1320,,,,,,1,1,1,0,1,0,1,1,1,0,1,1,1,1,1,0,1,1,1,1,16,1,1,0,0,1,0,0,0,1,1,0,0,1,1,1,0,0,0,1,1,1,1,0,0,12
Sp18_399,Sp18,pre,I consent.,1,3,1,5,4,2,18,White,0,0,New,Native,United States,"$185,000+",,95 - 100,99,,4,,1380,,,,,,0,1,1,0,1,0,1,1,0,0,0,1,1,1,0,0,0,1,0,0,9,1,0,0,0,1,0,0,1,0,1,0,0,1,0,0,1,0,0,1,0,1,0,0,1,9
Sp18_198,Sp18,pre,I consent.,1,2,1,5,5,0,18,White,0,0,New,Alien Temporary,Cada,NA,N,95 - 100,96,,,,,,,,,,1,1,1,0,1,0,1,1,0,1,0,1,1,1,0,1,1,1,0,0,13,1,1,0,1,1,0,1,0,1,1,0,1,1,0,1,1,0,1,1,0,1,0,0,0,14
Sp18_439,Sp18,pre,I consent.,2,4,1,5,5,1,19,White,1,0,Transfer,Native,United States,"105,000-124,999",,95 - 100,99,,,,1350,,,,,,1,1,1,0,1,1,1,1,1,1,1,1,1,1,1,1,1,1,1,1,19,1,0,1,1,1,0,0,1,1,1,1,1,1,0,1,1,0,1,1,1,0,0,1,1,17
Sp18_492,Sp18,pre,I consent.,2,3,1,5,5,2,18,White,0,0,New,Native,United States,NA,N,95 - 100,98,,2,,1290,,,,,,1,1,1,0,1,1,1,1,1,1,1,1,1,1,0,1,1,1,1,0,17,0,0,0,0,0,0,0,0,1,0,1,0,0,0,0,1,0,0,0,1,1,0,0,1,6
Sp18_420,Sp18,pre,I consent.,1,5,1,3,3,1,21,White,0,1,Transfer,Native,United States,"$30,000-44,999",,85 - 89.9,85,3.6,1,,,,,,,,0,1,1,0,1,1,1,0,1,1,0,0,1,1,1,1,1,0,1,0,13,1,0,1,0,0,0,0,0,0,1,0,0,0,0,0,1,0,1,0,1,0,0,0,1,7
Sp18_349,Sp18,pre,I consent.,1,3,1,4,4,2,18,White,0,0,New,Native,United States,NA,Y,95 - 100,95,,,,1290,,,,,,1,1,1,0,1,0,0,1,0,1,1,1,0,1,1,1,0,1,0,1,13,1,1,1,0,0,1,0,0,1,0,0,1,1,0,0,1,0,1,0,1,0,0,0,0,10
Sp18_184,Sp18,pre,I consent.,1,3,2,3,3,0,25,Asian,1,1,Transfer,Native,United States,"$15,000-29,999",,Unknown,,3.89,,,,,,,,,1,1,0,0,1,0,0,0,0,0,1,1,0,1,1,0,0,1,0,0,8,0,1,0,1,0,0,0,0,0,0,0,0,1,0,0,0,0,0,0,1,0,0,0,1,5
Sp18_004,Sp18,pre,I consent.,1,5,2,4,4,3,25,White,0,1,Transfer,Naturalized,Iran (Islamic Republic Of),"$30,000-44,999",,Unknown,,,,,,,,,,,1,1,1,1,1,1,1,1,1,1,1,1,1,0,0,1,0,1,0,1,16,0,0,0,0,0,1,0,0,0,1,0,1,0,0,0,0,0,0,0,0,0,1,1,1,6
Sp18_039,Sp18,pre,I consent.,2,2,1,5,5,2,18,White,0,0,New,Native,United States,NA,Y,95 - 100,99,,4,,1120,,,,,,0,1,1,0,1,0,0,0,0,0,0,0,0,0,0,0,0,0,1,0,4,1,0,1,1,0,0,0,0,0,0,0,0,1,0,0,1,0,1,0,0,0,0,0,1,7
Sp18_249,Sp18,pre,I consent.,1,3,1,4,4,2,18,White,1,1,New,Native,United States,NA,Y,90 - 94.9,93,4,,,,,,,,,1,1,1,1,1,0,1,0,1,1,1,1,1,1,0,1,1,1,1,1,17,1,0,1,1,1,0,0,1,1,1,0,0,1,0,1,1,0,1,1,1,1,0,0,0,14
Sp18_155,Sp18,pre,I consent.,2,3,1,5,5,2,18,White,0,0,New,Native,United States,NA,N,95 - 100,98,,,,1350,630,610,680,8,1240,1,1,1,0,1,0,1,0,0,1,0,1,1,0,1,1,1,1,0,0,12,0,1,1,1,0,0,0,1,0,1,0,1,0,0,0,1,0,0,0,1,0,0,0,0,8
Sp18_177,Sp18,pre,I consent.,3,3,1,5,4,2,18,White,0,0,New,Native,United States,NA,N,95 - 100,99,,7,,1150,580,570,490,8,1150,1,1,1,0,0,0,0,1,0,1,1,1,0,0,1,1,0,1,0,1,11,1,1,1,1,0,0,1,0,0,1,0,0,0,1,0,1,0,0,0,1,1,0,0,0,10
Sp18_338,Sp18,pre,I consent.,1,2,1,5,5,2,19,Asian,0,1,New,Native,United States,NA,Y,90 - 94.9,91,,4,,,,,,,,1,1,1,0,1,0,0,1,0,0,1,1,0,0,1,0,0,1,0,1,10,0,1,0,1,0,0,0,0,0,0,0,1,1,0,0,1,0,1,0,1,0,0,0,0,7
Sp18_444,Sp18,pre,I consent.,1,3,1,4,4,0,18,Asian,0,0,New,Native,United States,NA,N,95 - 100,99,,8,,,,,,,,1,1,0,0,1,1,1,0,1,1,1,1,1,1,1,1,1,1,0,0,15,0,1,1,0,1,1,0,1,1,1,0,0,0,0,0,1,0,1,1,0,0,1,0,0,11
Sp18_407,Sp18,pre,I consent.,2,3,1,5,4,0,18,Asian,1,1,New,Native,United States,NA,N,95 - 100,97,,,,1230,610,620,530,7,1230,1,1,0,0,1,0,1,0,0,1,0,1,1,0,1,1,0,1,0,0,10,1,1,1,0,0,0,0,0,0,1,0,0,0,1,0,1,0,0,0,0,1,1,0,0,8
Sp18_368,Sp18,pre,I consent.,2,3,1,4,4,0,18,Hispanic of any race,0,0,New,Native,United States,NA,Y,95 - 100,99,,8,,1290,,,,,,1,1,1,0,1,1,0,0,1,1,0,1,0,0,1,1,0,1,0,1,12,1,0,0,0,1,0,0,1,1,1,0,0,1,0,0,1,0,0,1,1,0,0,0,0,9
Sp18_372,Sp18,pre,I consent.,2,3,3,2,2,0,18,Hispanic of any race,0,0,New,Native,United States,"$185,000+",,95 - 100,99,,,,1410,,,,,,1,1,1,0,1,1,1,1,0,0,1,1,1,1,0,0,0,1,0,0,12,1,0,0,0,1,0,0,0,1,1,0,1,0,1,1,0,0,0,0,1,0,0,1,0,9
Sp18_326,Sp18,pre,I consent.,1,3,1,5,5,2,18,,1,0,New,Native,United States,NA,Y,90 - 94.9,92,4,2.5,,1320,,,,,,0,1,1,0,1,1,1,0,1,0,1,1,1,1,1,0,0,1,1,1,14,1,1,1,0,1,0,0,1,1,1,0,0,1,0,1,1,0,1,1,1,1,1,0,0,15
Sp18_166,Sp18,pre,I consent.,1,2,1,1,2,2,19,White,1,0,Transfer,Native,United States,NA,N,90 - 94.9,90,,,,,,,,,,1,0,1,0,1,0,1,0,0,0,1,1,1,1,1,0,1,1,1,0,12,0,0,1,1,0,1,0,1,0,0,0,0,1,0,0,1,0,0,0,0,1,0,0,0,7
Sp18_379,Sp18,pre,I consent.,2,3,2,2,2,0,19,Asian,0,1,New,Alien Permanent,Chi,"$15,000-29,999",,90 - 94.9,93,,,3,,,,,,,1,1,1,0,0,0,1,1,1,0,1,1,1,0,1,0,1,1,0,0,12,1,1,1,1,0,1,0,1,0,1,0,0,0,1,0,1,0,1,0,1,0,0,0,0,11
Sp18_187,Sp18,pre,I consent.,1,3,1,5,4,2,18,White,0,1,New,Native,United States,NA,Y,95 - 100,95,,,,1320,,,,,,1,1,1,0,1,0,0,0,0,0,1,1,0,1,1,0,1,1,0,1,11,1,1,1,1,1,0,0,1,1,1,1,0,1,1,1,1,0,1,1,1,0,0,1,0,17
Sp18_308,Sp18,pre,I consent.,1,3,1,5,4,0,18,Asian,0,1,New,Naturalized,Pakistan,NA,N,95 - 100,99,,5,,,,,,,,1,1,1,0,1,1,0,0,0,1,1,1,0,1,1,1,0,1,0,0,12,1,0,0,0,0,0,0,0,1,1,0,1,1,0,1,1,0,0,0,0,0,0,0,0,7
Sp18_030,Sp18,pre,I consent.,3,3,1,5,5,0,18,Hispanic of any race,1,1,New,Native,United States,NA,Y,85 - 89.9,89,,2.5,3,,,,,,,1,1,1,0,1,0,0,0,1,0,0,1,0,1,1,0,1,1,0,0,10,0,1,0,1,0,0,0,0,0,0,1,0,0,0,0,0,0,0,0,0,0,0,1,0,4
Sp18_315,Sp18,pre,I consent.,2,3,1,5,4,2,18,White,1,0,New,Native,United States,NA,Y,95 - 100,99,,4,,1160,510,650,590,8,1160,1,1,0,0,1,1,1,1,1,1,1,0,1,1,1,1,0,0,1,1,15,1,1,1,0,1,0,1,1,1,1,0,1,0,1,1,1,0,1,1,1,1,1,0,0,17
Sp18_293,Sp18,pre,I consent.,2,3,1,4,4,2,18,White,0,0,New,Native,United States,NA,N,95 - 100,97,,5,,1380,,,,,,1,1,1,0,1,0,1,1,1,1,1,1,1,1,1,1,1,1,1,0,17,1,1,0,1,0,0,1,0,1,0,0,0,1,1,0,1,0,1,0,1,0,0,0,0,10
Sp18_077,Sp18,pre,I consent.,2,3,1,5,5,2,18,White,0,0,New,Native,United States,NA,N,90 - 94.9,93,,2,,1290,,,,,,1,1,1,0,1,0,1,0,0,1,1,1,1,1,1,1,0,1,0,1,14,0,1,1,0,1,0,0,1,0,0,0,0,0,0,0,1,1,0,0,1,1,0,0,0,8
Sp18_400,Sp18,pre,I consent.,1,3,1,3,3,1,18,Asian,1,0,New,Native,United States,NA,N,95 - 100,96,,,,1360,780,580,550,8,1360,1,1,1,0,1,1,1,1,0,0,0,1,1,1,1,0,0,1,1,1,14,1,1,0,1,1,0,1,0,1,1,1,0,1,1,1,0,0,1,1,1,0,1,1,1,17
Sp18_199,Sp18,pre,I consent.,3,3,2,4,5,0,18,Hispanic of any race,0,1,New,Alien Permanent,Dominican Republic,"$15,000-29,999",,95 - 100,95,,6,3,,,,,,,1,1,1,0,1,1,1,1,0,1,0,0,1,1,0,1,0,0,1,0,12,0,1,0,1,0,0,0,0,0,1,0,0,1,0,0,1,0,0,0,1,0,0,0,0,6
Sp18_309,Sp18,pre,I consent.,1,3,2,3,3,0,19,Asian,1,0,New,Native,United States,NA,Y,95 - 100,99,,,,,,,,,,1,1,1,0,1,0,0,0,0,1,1,1,0,1,1,1,0,1,0,0,11,1,1,1,0,0,0,1,0,1,0,0,0,1,1,1,1,0,0,0,1,1,0,0,0,11
Sp18_158,Sp18,pre,I consent.,2,4,1,5,5,2,19,Asian,1,1,New,Native,United States,NA,Y,90 - 94.9,93,,,,,,,,,,0,1,1,0,1,0,1,0,0,0,1,1,1,0,0,0,0,1,1,1,10,0,0,1,0,0,0,0,0,0,0,0,1,0,1,0,1,1,0,0,1,1,1,0,0,8
Sp18_481,Sp18,pre,I consent.,1,3,2,3,1,2,19,Asian,1,1,New,Naturalized,Chi,"$30,000-44,999",,95 - 100,95,,,3,,,,,,,1,1,0,1,1,1,1,0,0,1,1,1,1,0,1,1,1,1,1,1,16,1,0,1,1,1,0,1,1,1,1,1,0,1,1,1,1,1,1,1,1,1,1,0,0,19
Sp18_225,Sp18,pre,I consent.,1,4,1,4,4,2,18,White,1,0,New,Native,United States,NA,N,95 - 100,99,,,,1380,,,,,,0,1,1,0,1,1,0,0,0,0,1,1,0,0,1,0,1,1,1,1,11,1,1,0,0,0,0,0,1,1,1,1,1,1,1,1,0,0,1,1,1,0,1,0,0,14
Sp18_486,Sp18,pre,I consent.,1,3,1,0,0,2,18,Asian,0,0,New,Native,United States,NA,N,90 - 94.9,93,4,,,1290,,,,,,1,1,1,0,1,1,0,0,0,1,0,1,0,1,1,1,0,1,1,1,13,0,1,0,0,1,0,0,0,1,1,0,0,1,0,1,1,0,1,1,1,0,0,0,0,10
Sp18_434,Sp18,pre,I consent.,1,2,1,4,5,2,18,Asian,0,0,Transfer,Native,United States,NA,N,95 - 100,99,,,,1180,620,560,580,8,1180,0,1,1,0,0,1,0,0,0,0,1,0,0,1,1,0,0,0,1,0,7,0,1,0,0,1,0,0,0,0,0,1,1,0,0,0,1,0,0,0,0,1,1,1,0,8
Sp18_218,Sp18,pre,I consent.,1,3,1,4,4,2,19,White,0,0,New,Native,United States,NA,N,95 - 100,99,,8,,,,,,,,0,1,1,1,1,1,1,1,1,0,0,1,1,1,1,0,1,1,1,1,16,1,1,1,0,1,0,1,1,1,1,1,1,1,1,1,1,0,0,1,0,0,1,1,1,18
Sp18_295,Sp18,pre,I consent.,1,3,1,3,2,2,18,Asian,1,1,New,Naturalized,Unknown,"$30,000-44,999",,90 - 94.9,94,4,,,,,,,,,1,1,1,0,1,1,1,0,0,1,1,0,1,0,1,1,1,0,1,1,14,0,0,0,0,1,0,0,1,1,1,1,0,0,0,0,1,0,1,1,1,1,1,0,0,11
Sp18_296,Sp18,pre,I consent.,1,3,1,4,4,2,18,White,0,0,New,Native,United States,NA,N,95 - 100,96,,5,,1250,,,,,,0,1,1,0,1,0,1,0,0,1,0,1,1,1,1,1,0,1,0,0,11,0,1,1,1,1,0,0,0,0,1,0,1,1,0,0,1,0,1,1,0,0,0,0,0,10
Sp18_435,Sp18,pre,I consent.,2,3,2,5,3,0,18,Asian,0,1,New,Native,United States,NA,Y,95 - 100,99,,,,1480,,,,,,1,1,1,1,1,0,0,0,1,1,1,1,0,1,1,1,1,1,1,1,16,1,1,1,1,0,1,1,0,1,1,1,0,1,0,1,1,0,1,0,1,1,0,0,1,16
Sp18_482,Sp18,pre,I consent.,1,3,2,5,5,2,18,Asian,0,0,New,Naturalized,Unknown,NA,N,95 - 100,99,,9,,1560,770,790,800,10,1560,0,1,1,1,1,0,1,0,0,1,1,1,1,1,1,1,1,1,1,1,16,1,0,1,1,1,0,0,1,1,1,0,0,1,1,1,1,1,1,1,1,1,1,0,1,18
Sp18_280,Sp18,pre,I consent.,2,3,1,5,4,2,19,White,1,0,New,Native,United States,NA,N,95 - 100,98,,,,1350,,,,,,1,1,1,0,1,1,1,0,0,1,1,1,1,1,1,1,0,1,1,1,16,1,1,1,1,1,0,1,1,1,1,1,0,0,1,1,1,0,1,1,1,0,0,0,1,17
Sp18_011,Sp18,pre,I consent.,3,3,1,5,5,0,18,White,1,0,New,Native,United States,NA,N,95 - 100,99,,5,,1480,,,,,,1,1,1,0,1,0,1,1,1,0,1,1,1,0,1,0,1,1,1,1,15,1,1,1,0,1,1,0,1,1,1,1,1,1,1,1,1,0,1,1,1,1,1,1,1,21
Sp18_123,Sp18,pre,I consent.,3,3,2,1,1,0,18,Asian,0,1,Other,Naturalized,Chi,NA,N,85 - 89.9,89,,6,3,,,,,,,0,1,1,0,1,0,1,0,1,1,1,1,1,1,1,1,1,1,0,1,15,0,0,1,0,0,0,0,1,0,1,1,1,1,1,1,1,1,1,0,0,1,0,1,1,14
Sp18_064,Sp18,pre,I consent.,1,3,1,5,5,2,18,Black/African American,0,0,New,Native,United States,NA,Y,95 - 100,99,,7,,,,,,,,0,1,1,0,1,0,0,1,0,0,0,0,0,0,1,0,0,0,0,0,5,1,1,0,0,0,1,0,0,1,1,0,0,1,0,0,1,0,1,1,1,0,0,0,0,10
Sp18_471,Sp18,pre,I consent.,2,3,1,4,4,0,18,Asian,1,0,New,Native,United States,NA,N,95 - 100,99,,,,1410,,,,,,1,1,0,0,1,0,1,0,1,0,1,0,1,0,1,0,0,0,0,0,8,0,1,1,1,0,0,0,0,1,1,0,1,0,0,1,1,0,1,0,0,1,0,0,0,10
Sp18_301,Sp18,pre,I consent.,2,2,1,5,5,2,19,White,0,0,New,Native,United States,NA,N,90 - 94.9,94,,4,,1300,660,640,610,10,1300,1,1,1,0,1,1,1,1,1,1,1,1,1,1,1,1,1,1,1,1,19,1,1,1,1,1,0,0,1,1,1,1,0,1,1,1,1,1,1,1,0,1,0,1,1,19
Sp18_429,Sp18,pre,I consent.,1,3,2,2,3,2,20,Asian,0,0,New,Alien Temporary,Thailand,NA,N,95 - 100,96,,,3,,,,,,,1,1,1,0,1,1,1,1,0,0,1,0,1,1,1,0,0,0,0,0,11,0,1,1,1,0,0,0,1,1,1,1,0,1,0,0,0,0,1,0,0,1,0,1,1,12
Sp18_361,Sp18,pre,I consent.,1,3,1,5,5,2,18,Asian,1,0,Transfer,Native,United States,"$185,000+",N,90 - 94.9,93,,5,,1460,740,720,740,8,1460,1,1,1,1,1,1,1,1,1,1,1,1,1,1,1,1,1,1,1,1,20,1,1,1,1,1,1,1,1,1,1,1,1,1,1,1,1,1,1,1,1,1,1,1,1,24
Sp18_337,Sp18,pre,I consent.,1,2,1,5,5,2,18,Hispanic of any race,0,1,New,Native,United States,NA,Y,90 - 94.9,93,,4,,,,,,,,1,1,1,0,1,0,1,1,0,0,0,0,1,0,0,0,0,0,1,0,8,0,1,1,0,0,1,1,0,0,1,0,1,0,0,0,1,1,0,0,1,1,1,0,1,12
Sp18_373,Sp18,pre,I consent.,2,3,2,2,2,0,19,Asian,1,1,New,Native,United States,NA,Y,95 - 100,97,,9,,,,,,,,1,0,1,0,1,0,0,1,0,0,1,1,0,1,1,0,0,1,0,1,10,0,1,0,1,0,1,0,0,0,0,0,1,0,0,0,1,0,1,0,0,0,0,0,0,6
Sp18_404,Sp18,pre,I consent.,1,3,1,5,4,0,18,Asian,0,1,New,Native,United States,NA,Y,90 - 94.9,93,,2.5,,,,,,,,1,1,1,0,1,1,1,1,0,0,1,0,1,0,0,0,1,0,1,1,12,1,1,0,1,1,0,0,1,1,1,0,0,0,0,1,1,0,1,1,0,0,0,0,0,11
Sp18_063,Sp18,pre,I consent.,1,3,2,5,4,2,18,Asian,0,0,New,Native,United States,NA,Y,95 - 100,96,,3,,1380,,,,,,1,1,1,0,0,1,1,1,0,1,1,1,1,1,1,1,1,1,1,0,16,0,1,0,0,1,0,0,0,1,1,0,0,0,0,0,1,0,0,1,0,1,0,0,1,8
Sp18_007,Sp18,pre,I consent.,2,3,1,5,5,0,18,Asian,1,0,New,Native,United States,NA,N,95 - 100,98,,,,,,,,,,1,1,0,1,0,1,1,1,1,1,1,1,1,1,0,1,1,1,1,1,17,0,1,1,1,1,1,1,1,1,1,1,1,1,1,1,1,1,1,1,1,1,1,1,1,23
Sp18_483,Sp18,pre,I consent.,1,3,1,5,5,0,18,White,1,0,New,Native,United States,NA,N,90 - 94.9,93,,4,,1290,,,,,,1,1,1,0,1,0,1,0,1,0,1,0,1,1,0,0,1,0,1,0,11,0,1,1,1,0,1,0,1,1,0,0,0,1,1,0,1,0,1,1,1,1,0,0,0,13
Sp18_447,Sp18,pre,I consent.,2,3,2,5,5,2,18,Asian,0,1,New,Native,United States,NA,N,95 - 100,99,,,,,,,,,,1,1,0,0,1,1,1,1,1,1,1,1,1,1,1,1,1,1,1,1,18,1,1,1,0,1,0,1,1,1,0,1,0,1,1,1,1,0,1,1,1,1,0,1,1,18
Sp18_493,Sp18,pre,I consent.,1,3,1,4,4,2,18,Asian,0,0,New,Native,United States,NA,N,95 - 100,99,,9,,1560,750,790,750,9,1540,1,1,1,1,1,1,1,1,1,1,1,1,1,1,1,1,1,1,1,1,20,1,1,1,1,1,1,1,1,1,1,1,1,1,1,0,1,1,1,1,1,1,1,1,1,23
Sp18_468,Sp18,pre,I consent.,2,3,1,4,4,0,18,White,1,0,New,Native,United States,NA,N,90 - 94.9,91,,8,,,,,,,,1,1,1,0,1,1,1,1,1,0,1,1,1,1,1,0,1,1,1,1,17,1,1,1,0,1,1,1,1,1,1,1,1,1,1,1,1,1,0,1,1,1,1,1,1,22
Sp18_253,Sp18,pre,I consent.,3,3,1,3,2,1,18,Asian,0,0,New,Native,United States,NA,N,95 - 100,99,,7,,1410,,,,,,1,1,1,0,1,1,1,1,1,1,1,1,1,1,0,1,1,1,1,1,18,1,1,1,0,1,0,0,1,1,1,1,0,0,1,0,1,1,1,1,1,1,0,1,0,16
Sp18_304,Sp18,pre,I consent.,1,4,1,5,5,0,18,Black/African American,0,1,New,Native,United States,NA,,90 - 94.9,92,,2,,,,,,,,1,1,1,0,1,0,0,0,0,0,1,0,0,1,1,0,1,0,1,0,9,1,1,1,1,1,1,1,1,1,1,1,1,1,1,1,1,1,1,1,1,1,1,1,1,24
Sp18_137,Sp18,pre,I consent.,2,3,1,3,3,0,18,White,0,0,New,Native,United States,NA,N,90 - 94.9,91,,,,,,,,,,1,1,1,1,1,0,1,0,1,1,1,1,1,1,1,1,1,1,0,0,16,1,1,1,0,1,0,0,1,1,1,0,1,1,0,1,1,0,1,1,1,1,0,1,0,16
Sp18_494,Sp18,pre,I consent.,1,3,2,3,2,2,18,Asian,1,0,New,Alien Temporary,Chi,NA,N,90 - 94.9,94,,,,1380,,,,,,1,1,1,0,1,0,1,0,1,1,1,1,1,1,1,1,1,1,1,1,17,1,1,1,0,1,0,0,1,1,0,1,1,0,1,0,1,1,1,0,1,1,0,1,0,15
Sp18_138,Sp18,pre,I consent.,2,3,2,3,2,0,18,Asian,0,1,New,Naturalized,Unknown,NA,Y,95 - 100,99,,,,,,,,,,1,1,0,1,1,1,1,1,0,1,1,1,1,1,1,1,1,1,1,1,18,1,1,1,1,1,1,0,1,1,1,1,0,1,0,1,1,0,1,1,0,1,0,1,1,18
Sp18_365,Sp18,pre,I consent.,1,3,1,4,4,2,18,Asian,0,0,New,Native,United States,NA,N,95 - 100,99,,,,1560,800,750,720,11,1550,1,1,1,0,1,1,1,1,0,1,1,1,1,1,1,1,1,1,1,1,18,1,1,1,1,1,0,1,1,1,1,1,0,1,1,1,1,1,1,1,1,1,1,1,0,21
Sp18_421,Sp18,pre,I consent.,2,3,1,4,3,0,18,Asian,0,1,New,Native,United States,NA,Y,90 - 94.9,92,,,,,,,,,,0,1,1,0,1,0,0,1,1,1,0,1,0,1,1,1,0,1,1,0,12,1,1,0,1,0,0,0,0,1,1,0,1,0,1,0,0,0,0,0,1,0,0,0,0,8
Sp18_269,Sp18,pre,I consent.,1,3,1,3,3,2,18,Asian,0,0,New,Native,United States,NA,N,95 - 100,97,,,,1520,800,680,720,10,1480,1,1,1,1,1,1,1,1,1,1,1,1,1,1,1,1,1,1,1,1,20,1,0,1,0,1,0,1,1,1,1,1,1,0,1,1,1,1,1,1,1,1,1,1,0,19
Sp18_312,Sp18,pre,I consent.,2,3,1,5,5,2,18,Asian,1,1,New,Native,United States,NA,N,95 - 100,95,,,,,,,,,,1,1,1,0,1,0,0,0,1,1,1,0,0,0,0,1,0,0,0,0,8,0,1,0,0,0,0,0,0,0,1,0,1,0,0,0,0,0,1,0,0,0,0,0,0,4
Sp18_118,Sp18,pre,I consent.,1,4,2,4,4,2,21,Asian,0,0,Transfer,Naturalized,Unknown,"$85,000-104,999",,Unknown,,3.36,1,,,,,,,,1,1,1,1,1,0,1,1,0,1,1,1,1,0,1,1,0,1,0,0,14,1,0,0,1,0,1,1,1,1,1,0,0,0,0,1,1,0,0,0,0,1,1,1,0,12
Sp18_451,Sp18,pre,I consent.,1,4,1,5,5,3,20,Asian,0,1,Transfer,Naturalized,Unknown,"$15,000-29,999",,90 - 94.9,93,3.89,,,1570,800,770,660,8,1570,0,1,1,0,1,1,0,1,0,1,1,1,0,0,0,1,0,1,1,1,12,1,1,1,0,1,0,1,1,1,1,1,1,1,1,1,1,1,1,1,1,1,0,0,0,19
Sp18_416,Sp18,pre,I consent.,1,4,1,5,5,0,20,White,0,1,Transfer,Native,United States,NA,,NA,,3.6,2,,,,,,,,1,1,1,0,1,0,0,1,1,0,0,1,0,1,1,0,1,1,0,0,11,0,1,0,1,0,0,0,1,0,0,0,0,1,1,0,1,0,0,0,0,0,0,0,0,6
Sp18_495,Sp18,pre,I consent.,2,4,2,5,5,0,21,Asian,0,0,Transfer,Native,United States,"$0-14,999",,Unknown,,3.62,2.5,,,,,,,,1,0,1,0,0,0,0,0,0,1,0,0,0,0,0,1,0,0,1,0,5,0,0,1,0,0,0,0,0,0,0,0,0,0,1,0,0,0,1,0,1,0,1,0,0,5
Sp18_448,Sp18,pre,I consent.,1,3,2,3,3,2,18,White,0,1,New,Alien Permanent,Belarus,NA,N,95 - 100,98,3.5,5,,,,,,,,0,1,1,0,1,0,0,1,0,1,0,1,0,1,0,1,0,1,1,0,10,0,1,0,0,0,0,0,0,1,1,0,0,1,1,0,1,0,1,1,0,0,0,0,0,8
Sp18_072,Sp18,pre,I consent.,1,4,1,4,4,2,18,White,0,0,New,Native,United States,NA,N,95 - 100,96,3.71,,,,,,,,,0,1,1,1,0,0,1,1,1,1,1,1,1,0,1,1,1,1,1,1,16,1,1,1,0,1,0,0,1,1,1,1,1,1,1,1,1,1,1,1,1,1,1,1,1,21
Sp18_358,Sp18,pre,I consent.,3,2,1,4,4,0,19,Asian,0,0,New,Naturalized,Unknown,NA,Y,85 - 89.9,86,,3,,,,,,,,1,1,1,0,1,1,1,1,1,1,1,1,1,1,1,1,1,1,1,1,19,1,1,1,1,1,0,0,1,1,1,1,0,0,0,0,1,1,1,1,1,1,0,0,0,15
Sp18_027,Sp18,pre,I consent.,1,3,1,5,5,0,18,White,1,0,New,Native,United States,NA,N,95 - 100,95,,,,1520,,,,,,1,1,1,1,1,0,1,1,1,1,1,1,1,1,1,1,1,1,1,1,19,1,1,1,1,1,0,1,1,1,1,1,1,1,1,1,1,0,1,1,0,1,1,1,1,21
Sp18_409,Sp18,pre,I consent.,1,3,2,5,5,2,19,Asian,0,1,New,Native,United States,NA,Y,90 - 94.9,92,,5,,1250,,,,,,1,1,1,1,1,1,1,1,0,1,1,0,1,1,1,1,1,0,1,1,17,1,0,1,0,1,0,0,1,1,1,1,1,1,0,1,1,0,1,1,0,1,0,1,0,15
Sp18_179,Sp18,pre,I consent.,2,3,1,5,5,0,18,White,0,0,New,Native,United States,NA,N,95 - 100,96,3.33,6,,1410,,,,,,1,1,1,0,1,0,1,1,1,0,1,1,1,1,1,0,1,1,0,1,15,1,1,0,1,1,0,0,1,1,1,1,0,1,1,1,1,0,1,1,0,1,1,1,0,17
Sp18_127,Sp18,pre,I consent.,2,3,1,3,3,0,18,Asian,0,1,New,Native,United States,NA,Y,95 - 100,99,,,,,,,,,,0,1,1,0,1,0,0,0,1,1,0,1,0,0,0,1,0,1,0,0,8,0,1,0,1,0,0,0,0,0,0,0,0,1,0,0,0,0,0,0,0,0,0,0,0,3
Sp18_344,Sp18,pre,I consent.,1,3,1,5,5,2,18,White,1,1,New,Native,United States,NA,N,95 - 100,99,,6,,,,,,,,0,1,1,0,1,0,1,0,1,0,0,1,1,1,1,0,0,1,0,0,10,1,1,0,0,0,1,0,0,0,0,0,0,1,0,0,1,0,1,0,1,0,0,0,1,8
Sp18_242,Sp18,pre,I consent.,2,3,1,4,4,0,18,White,1,0,New,Native,United States,NA,N,95 - 100,99,,7,,,,,,,,1,1,0,0,1,0,1,1,0,0,1,1,1,1,1,0,1,1,0,0,12,0,0,1,0,1,0,0,1,1,0,0,1,1,0,0,0,0,0,0,1,0,0,0,0,7
Sp18_051,Sp18,pre,I consent.,1,3,1,5,4,2,19,Asian,0,0,New,Native,United States,NA,N,95 - 100,99,,,,,,,,,,1,1,1,1,1,1,1,1,1,1,1,1,1,1,1,1,1,1,1,1,20,1,1,1,0,1,0,0,1,1,1,1,1,1,1,1,1,1,1,1,1,1,1,1,0,20
Sp18_475,Sp18,pre,I consent.,2,3,2,5,5,0,18,Asian,0,0,New,Naturalized,Unknown,NA,Y,95 - 100,97,,,,,,,,,,1,1,1,0,1,0,0,0,1,0,0,1,0,1,1,0,1,1,1,0,11,1,1,0,1,0,0,0,1,0,1,1,0,1,1,0,1,0,1,0,1,0,0,0,0,11
Sp18_433,Sp18,pre,I consent.,1,3,1,5,5,2,18,Black/African American,0,0,New,Native,United States,NA,N,90 - 94.9,91,,3,,,,,,,,1,1,1,0,1,1,0,0,1,0,1,1,0,1,1,0,0,1,1,1,13,1,1,1,0,1,0,0,1,1,1,0,0,1,1,1,1,0,1,0,0,1,0,0,0,13
Sp18_159,Sp18,pre,I consent.,1,3,1,5,4,0,19,Asian,1,0,New,Native,United States,NA,N,90 - 94.9,90,,5,,1350,,,,,,1,1,1,0,1,1,1,1,0,1,1,1,1,1,1,1,1,1,1,1,18,1,0,1,1,1,0,0,0,1,1,0,0,1,0,1,1,0,1,1,1,1,0,0,1,14
Sp18_346,Sp18,pre,I consent.,1,3,1,3,3,0,19,White,1,0,New,Native,United States,NA,N,95 - 100,97,,5,,,,,,,,1,1,0,0,0,0,0,1,1,0,1,1,0,1,0,0,0,1,1,0,9,0,1,0,0,0,1,1,0,0,0,1,0,1,0,0,1,0,0,0,0,0,1,0,0,7
Sp18_345,Sp18,pre,I consent.,2,3,1,3,2,0,18,Asian,0,0,New,Native,United States,NA,N,90 - 94.9,94,,,,1480,,,,,,0,1,1,1,1,1,0,1,0,1,1,1,0,1,1,1,1,1,1,1,16,0,1,1,1,1,0,0,1,1,0,0,0,0,0,1,1,1,0,1,1,1,0,1,0,13
Sp18_276,Sp18,pre,I consent.,1,3,1,4,4,2,18,Asian,1,1,New,Native,United States,NA,N,90 - 94.9,94,,9,,1510,800,710,690,9,1510,1,1,1,1,1,1,1,1,1,1,1,1,1,1,1,1,1,1,1,1,20,1,1,1,0,1,1,0,1,1,1,1,1,1,1,1,1,0,1,1,0,1,1,1,0,19
Sp18_449,Sp18,pre,I consent.,3,4,1,4,4,0,20,Black/African American,1,0,Transfer,Native,United States,"$85,000-104,999",,Unknown,,3.23,,,,,,,,,1,1,1,0,1,0,1,1,0,0,1,1,1,0,0,0,1,1,0,0,11,1,1,0,0,0,0,0,1,0,0,0,0,1,0,0,1,0,0,0,0,0,0,0,0,5
Sp18_110,Sp18,pre,I consent.,1,2,1,4,3,0,18,White,1,0,New,Native,United States,NA,N,90 - 94.9,93,,3,,1190,,,,,,0,1,1,0,1,0,1,0,1,0,1,1,1,1,0,0,1,1,0,1,12,0,1,1,0,1,0,0,1,0,0,0,1,1,0,0,1,0,0,0,0,1,0,0,1,9
Sp18_202,Sp18,pre,I consent.,2,4,1,5,5,0,20,White,1,0,Transfer,Native,United States,"$85,000-104,999",,95 - 100,95,3.63,2.5,,,,,,,,1,1,1,1,1,1,1,1,1,1,1,1,1,1,1,1,1,1,1,1,20,1,1,1,0,1,1,0,1,1,1,1,0,1,1,1,1,0,1,1,1,1,1,1,1,20
Sp18_472,Sp18,pre,I consent.,1,4,1,5,5,0,20,Hispanic of any race,0,0,Transfer,Native,United States,NA,,NA,,3.48,,,,,,,,,1,1,1,0,1,0,0,0,0,0,0,1,0,1,1,0,0,1,0,1,9,0,0,0,1,0,0,0,0,0,0,0,0,1,1,0,1,0,1,0,0,0,0,0,0,5
Sp18_139,Sp18,pre,I consent.,1,5,1,5,4,0,20,White,1,0,Transfer,Native,United States,"$45,000-64,999",,95 - 100,97,3.79,,,,,,,,,1,1,1,0,1,0,1,0,0,0,1,1,1,0,0,0,0,1,0,0,9,0,0,0,1,0,0,0,1,0,1,0,1,1,0,0,1,0,0,0,1,0,0,0,0,7
Sp18_381,Sp18,pre,I do not consent.,2,3,1,4,4,0,19,White,1,1,Transfer,Native,United States,NA,,85 - 89.9,86,3.31,1,,1010,580,430,480,8,1010,0,0,0,0,0,1,0,1,0,1,1,0,0,0,0,1,0,0,0,0,5,0,0,0,0,1,0,0,0,0,1,0,1,1,0,1,0,0,0,0,0,1,1,0,0,7
Sp18_336,Sp18,pre,I consent.,1,5,2,2,2,0,21,Asian,0,0,Transfer,Alien Temporary,Chi,NA,N,NA,,3.26,,2,,,,,,,1,1,1,1,1,1,1,0,1,1,0,1,1,1,1,1,0,1,1,0,16,1,1,0,1,0,0,0,0,0,1,0,0,0,1,1,1,0,0,0,1,1,0,0,1,10
Sp18_069,Sp18,pre,I consent.,1,4,1,4,4,0,21,White,0,0,Transfer,Native,United States,"$85,000-104,999",,Unknown,,3.65,,,,,,,,,1,1,1,0,0,0,0,0,0,0,1,0,0,1,0,0,1,0,1,0,7,1,1,1,1,1,0,0,1,1,1,0,0,0,0,0,1,0,1,1,0,1,0,0,0,12
Sp18_082,Sp18,pre,I consent.,1,5,2,3,3,2,22,White,0,1,Transfer,Alien Permanent,Ukraine,"$65,000-84,999",,Unknown,,3.7,,,,,,,,,1,1,1,0,1,0,0,0,0,0,1,1,0,0,0,0,0,1,1,0,8,0,0,0,0,1,1,0,0,0,1,0,0,0,1,1,1,0,0,0,1,1,1,0,0,9
Sp18_430,Sp18,pre,I consent.,2,5,1,3,2,0,21,White,1,0,Transfer,Native,United States,NA,,90 - 94.9,91,3.7,,,,,,,,,1,1,1,0,1,0,0,0,1,1,1,1,0,0,0,1,0,1,0,0,10,0,1,0,1,0,0,0,0,1,1,0,0,1,0,1,1,0,1,0,1,0,0,0,0,9
Sp18_313,Sp18,pre,I consent.,2,4,1,5,5,2,20,Hispanic of any race,0,1,Transfer,Native,United States,"$30,000-44,999",,Unknown,,3.4,3,,,,,,,,1,1,1,0,1,1,1,1,0,1,1,1,1,1,1,1,1,1,1,0,17,1,1,1,0,1,1,0,1,1,1,0,0,1,1,0,1,0,1,1,1,1,0,0,1,16
Sp18_316,Sp18,pre,I consent.,2,4,1,5,3,0,20,White,0,0,Transfer,Native,United States,"$85,000-104,999",,Unknown,,3.1,,,,,,,,,1,1,1,0,1,0,0,1,1,0,0,0,0,1,0,0,0,0,0,1,8,0,1,0,1,0,0,0,0,0,0,0,0,0,0,0,0,0,1,0,1,0,0,0,0,4
Sp18_441,Sp18,pre,I consent.,2,4,1,5,2,2,19,Black/African American,0,1,Transfer,Native,United States,"$45,000-64,999",,Unknown,,3.88,4,,,,,,,,1,1,0,0,1,0,1,0,0,0,0,1,1,1,1,0,0,1,0,0,9,0,1,1,1,0,1,0,0,0,0,0,0,1,0,0,0,0,0,0,1,0,0,0,0,6
Sp18_163,Sp18,pre,I consent.,1,4,1,5,5,0,20,Black/African American,0,1,Other,Alien Permanent,Jamaica,"$65,000-84,999",,Unknown,,3.64,3,,,,,,,,1,1,1,0,1,0,1,0,1,0,1,1,1,0,0,0,0,1,0,0,10,0,1,0,0,0,0,0,0,0,0,0,0,0,0,0,0,0,0,0,1,0,0,0,0,2
Sp18_096,Sp18,pre,I consent.,3,3,2,1,1,0,20,Asian,1,0,Transfer,Alien Temporary,"Korea, Republic of",NA,,NA,,3.32,,,,,,,,,1,1,1,0,1,0,0,0,1,1,1,1,0,0,0,1,1,1,0,1,12,0,1,1,0,1,0,0,1,0,0,0,0,0,0,0,0,0,0,1,0,0,0,1,1,7
Sp18_210,Sp18,pre,I consent.,1,3,1,4,4,0,21,White,0,0,Transfer,Native,United States,"$15,000-29,999",,Unknown,,3.04,3,,,,,,,,1,0,0,0,0,0,1,0,1,1,1,1,1,1,1,1,1,1,1,1,14,1,1,1,1,0,1,1,1,1,1,1,1,1,1,1,1,1,1,1,1,1,1,1,1,23
Sp18_327,Sp18,pre,I consent.,1,3,1,5,5,0,19,White,0,1,Transfer,Native,United States,"$0-14,999",,Unknown,,3.76,,,,,,,,,0,0,1,0,1,1,0,1,1,0,1,0,0,0,1,0,1,0,0,0,8,1,0,1,1,0,0,0,0,0,0,0,1,1,0,1,1,0,1,0,1,0,0,0,0,9
Sp18_459,Sp18,pre,I consent.,1,3,1,4,3,0,18,White,1,0,Transfer,Native,United States,"$125,000-144,999",,95 - 100,99,3.35,5,,1380,,,,,,1,1,1,0,1,0,1,1,1,1,1,1,1,1,1,1,1,1,1,1,18,1,1,1,0,1,0,0,1,1,1,1,0,1,1,0,1,0,1,1,1,1,0,1,1,17
Sp18_083,Sp18,pre,I consent.,1,4,1,5,4,1,22,Hispanic of any race,0,0,Transfer,Native,United States,NA,,NA,,3.98,,,,,,,,,1,1,1,0,0,0,0,0,1,1,1,1,0,1,0,1,1,1,0,0,11,1,0,0,0,1,0,0,1,1,1,0,1,0,0,1,0,1,1,1,0,0,0,0,0,10
Sp18_023,Sp18,pre,I consent.,1,4,1,5,4,1,20,White,0,0,Transfer,Native,United States,NA,,NA,,3.3,,,,,,,,,1,1,1,0,1,0,0,1,1,0,1,1,0,1,0,0,0,1,0,0,10,0,1,0,1,1,0,0,0,0,1,0,0,1,0,1,1,0,1,0,1,0,0,0,0,9
Sp18_357,Sp18,pre,I consent.,2,4,2,4,4,0,20,Hispanic of any race,0,1,Transfer,Native,United States,NA,,85 - 89.9,86,3.5,,,860,470,390,410,8,860,0,0,1,0,0,0,1,0,1,0,1,0,1,1,0,0,1,0,0,0,7,0,1,1,1,0,0,0,0,0,0,0,0,0,0,0,0,0,0,0,0,0,0,0,0,3
Sp18_487,Sp18,pre,I consent.,1,4,2,2,2,0,24,Hispanic of any race,0,0,Transfer,Naturalized,Unknown,"$15,000-29,999",,Unknown,,,,,,,,,,,1,0,1,0,1,0,0,0,1,0,1,1,0,0,0,0,1,1,0,0,8,0,1,0,1,0,0,0,0,0,0,1,0,1,1,0,1,0,1,0,1,0,0,0,0,8
Sp18_170,Sp18,pre,I consent.,1,2,1,3,4,0,18,White,0,0,Transfer,Native,United States,"$185,000+",,95 - 100,96,,3,,1380,,,,,,0,1,1,0,1,1,1,1,0,1,1,1,1,1,1,1,1,1,1,1,17,1,0,1,1,1,0,0,1,1,1,1,1,1,0,0,1,0,1,1,0,1,0,1,1,16
Sp18_436,Sp18,pre,I consent.,1,3,3,4,3,0,29,White,1,1,Transfer,Native,United States,"$30,000-44,999",,Unknown,,3.17,2.5,3,,,,,,,0,0,1,0,1,0,0,0,1,1,0,1,0,1,1,1,0,1,1,0,10,0,0,0,1,0,0,0,0,1,1,0,0,0,1,1,1,0,1,1,1,0,0,0,0,9
Sp18_226,Sp18,pre,I consent.,1,2,1,5,5,0,18,Asian,0,0,Transfer,Native,United States,"$85,000-104,999",,85 - 89.9,89,3.7,4,,1440,,,,,,1,1,1,0,0,0,1,1,0,1,0,0,1,1,1,1,0,0,0,0,10,0,1,1,1,0,0,0,0,0,1,0,0,1,0,1,1,0,1,0,1,0,0,0,0,9
Sp18_209,Sp18,pre,I consent.,1,3,1,4,3,2,18,Asian,1,0,New,Native,United States,NA,N,95 - 100,99,,7,,1520,780,740,760,9,1520,1,0,1,0,1,1,1,1,0,1,1,0,1,1,1,1,0,0,1,1,14,1,1,0,1,1,0,0,0,1,1,0,0,0,0,0,1,0,1,1,1,1,0,1,1,13
Sp19_636,Sp19,pre,I consent.,2,5,2,5,5,0,25,Hispanic of any race,1,1,Transfer,Native,United States,"$65,000-84,999",,Unknown,,2.52,,,1030,510,520,450,5,1030,,,,,,,,,,,,,,,,,,,,,,0,1,0,1,0,1,0,0,0,1,0,0,1,0,1,1,1,0,0,1,0,0,0,0,9
Sp19_014,Sp19,pre,I consent.,1,5,1,5,5,0,32,tive Hawaiian/Other Pacific Island,0,1,Transfer,Native,United States,"$15,000-29,999",,Unknown,,2.11,2,,,,,,,,,,,,,,,,,,,,,,,,,,,,,1,1,0,0,0,0,0,0,0,1,0,0,1,1,0,1,0,0,0,0,0,1,0,1,8
Sp19_546,Sp19,pre,I consent.,1,4,1,5,5,2,23,Hispanic of any race,0,1,Transfer,Native,United States,"$45,000-64,999",,Unknown,,3.5,2,,,,,,,,,,,,,,,,,,,,,,,,,,,,,1,1,0,1,1,1,0,1,1,1,1,0,1,0,1,1,0,1,1,1,1,0,0,0,16
Sp19_407,Sp19,pre,I consent.,1,4,2,3,3,0,25,Hispanic of any race,0,0,Other,Undocumented Alien,El Salvador,"$30,000-44,999",,Unknown,,3.2,2,,,,,,,,,,,,,,,,,,,,,,,,,,,,,0,0,0,1,0,0,0,1,0,0,0,1,0,0,0,0,1,0,0,0,1,1,0,0,6
Sp19_666,Sp19,pre,I consent.,2,5,1,3,3,3,24,Black/African American,1,0,New,Native,United States,NA,,85 - 89.9,85,,4,,1280,670,610,560,,1280,,,,,,,,,,,,,,,,,,,,,,1,1,1,1,1,1,1,1,1,1,1,0,0,1,1,1,1,0,1,1,1,0,1,0,19
F18_588,Sp19,pre,I consent.,2,5,1,3,4,2,24,Hispanic of any race,1,0,New,Native,United States,NA,,85 - 89.9,89,,5,,1200,600,600,680,8,1200,,,,,,,,,,,,,,,,,,,,,,0,1,0,0,1,1,0,0,1,0,1,1,1,1,1,1,0,1,1,1,0,0,1,0,14
Sp19_019,Sp19,pre,I consent.,2,5,2,1,2,0,27,Asian,1,0,Transfer,Alien Temporary,"Korea, Republic of",NA,,NA,,3.25,,,,,,,,,,,,,,,,,,,,,,,,,,,,,,0,1,1,1,0,0,0,0,0,1,0,1,1,0,0,1,0,1,0,1,0,0,0,0,9
Sp19_549,Sp19,pre,I consent.,2,5,1,5,5,0,23,Black/African American,1,0,Transfer,Native,United States,"$85,000-104,999",,85 - 89.9,88,3.73,,,1160,560,600,460,6,1160,,,,,,,,,,,,,,,,,,,,,,1,1,0,0,0,0,1,0,0,0,0,1,0,0,1,0,0,1,1,1,0,0,0,0,8
Sp19_209,Sp19,pre,I consent.,2,5,1,4,5,2,24,White,0,0,Other,Native,United States,NA,,90 - 94.9,94,4,,,1130,580,550,540,9,1130,,,,,,,,,,,,,,,,,,,,,,1,0,1,1,1,0,0,1,1,1,1,0,0,1,1,1,0,1,1,0,0,1,1,0,15
Sp19_291,Sp19,pre,I consent.,2,5,2,1,1,0,25,Asian,1,0,New,Alien Temporary,"Korea, Republic of",NA,,90 - 94.9,91,,7,,,,,,,,,,,,,,,,,,,,,,,,,,,,,1,1,1,0,1,0,0,1,1,1,0,0,1,0,0,0,0,1,1,1,1,0,0,0,12
Sp19_337,Sp19,pre,I consent.,1,4,2,3,3,3,20,White,0,1,New,Native,United States,NA,Y,95 - 100,97,,5,,1290,,,,,,,,,,,,,,,,,,,,,,,,,,,1,0,0,0,1,1,0,0,1,1,0,1,1,1,0,0,0,0,1,0,1,0,0,1,11
Sp19_628,Sp19,pre,I consent.,3,6,1,5,5,0,33,,1,0,Transfer,Native,United States,NA,,90 - 94.9,90,2.8,,,,,,,,,,,,,,,,,,,,,,,,,,,,,,0,1,0,0,0,1,0,0,0,0,0,0,1,0,0,1,0,0,0,1,0,0,0,0,5
Sp19_323,Sp19,pre,I consent.,3,3,1,2,2,0,20,Asian,1,1,New,Native,United States,NA,Y,90 - 94.9,91,,3,,940,460,480,440,6,940,,,,,,,,,,,,,,,,,,,,,,0,1,0,1,0,0,0,0,0,1,0,0,1,0,0,0,0,0,0,1,0,0,0,0,5
Sp19_643,Sp19,pre,I consent.,2,4,1,5,5,2,20,Asian,0,0,New,Native,United States,NA,N,95 - 100,98,,7,,1350,670,580,650,8,1250,,,,,,,,,,,,,,,,,,,,,,1,1,0,0,0,0,0,1,1,1,1,0,1,1,0,0,0,1,0,0,0,0,0,0,9
Sp19_452,Sp19,pre,I consent.,2,5,1,5,5,2,20,Asian,0,0,New,Native,United States,NA,N,95 - 100,99,,5,,1380,640,610,660,8,1250,,,,,,,,,,,,,,,,,,,,,,0,0,1,1,1,0,0,1,1,1,0,0,1,1,0,1,0,1,1,1,1,0,0,0,13
Sp19_392,Sp19,pre,I consent.,2,5,1,5,5,3,20,White,0,0,New,Native,United States,NA,N,95 - 100,99,4,,,1410,710,680,650,8,1390,,,,,,,,,,,,,,,,,,,,,,1,0,1,1,1,1,0,1,1,1,1,0,1,1,0,1,0,1,0,1,1,1,1,0,17
Sp19_169,Sp19,pre,I consent.,22,4,1,4,3,0,22,White,0,1,Transfer,Native,United States,"$30,000-44,999",,Unknown,,2.93,3,,1020,,,,,,,,,,,,,,,,,,,,,,,,,,,1,1,0,0,0,0,0,0,0,0,0,0,1,0,0,0,0,0,0,1,0,0,0,0,4
Sp19_266,Sp19,pre,I consent.,2,5,1,4,4,1,21,White,0,0,Transfer,Native,United States,NA,N,NA,,3.8,,,,,,,,,,,,,,,,,,,,,,,,,,,,,,0,1,0,1,1,0,0,0,0,1,0,0,1,1,0,1,0,1,1,1,0,0,0,0,10
Sp19_121,Sp19,pre,I consent.,1,5,1,4,,0,21,Asian,0,0,Transfer,Native,United States,NA,N,NA,,3.96,,,1190,,,,,,,,,,,,,,,,,,,,,,,,,,,1,1,0,1,1,0,0,0,1,1,0,0,0,1,1,1,0,1,1,1,1,0,0,0,13
Sp19_350,Sp19,pre,I do not consent.,1,3,2,4,4,3,19,White,0,1,New,Native,United States,NA,N,95 - 100,99,,7,,,,,,,,,,,,,,,,,,,,,,,,,,,,,0,0,1,0,0,0,0,0,0,0,0,0,0,0,0,0,0,0,0,1,1,0,0,0,3
Sp19_635,Sp19,pre,I consent.,2,4,1,3,2,0,23,Hispanic of any race,1,1,New,Native,United States,"$15,000-29,999",,85 - 89.9,88,,3,,1070,530,540,440,8,1070,,,,,,,,,,,,,,,,,,,,,,0,0,0,1,1,0,0,0,0,1,0,0,0,0,1,1,0,1,0,1,1,0,0,0,8
Sp19_444,Sp19,pre,I consent.,2,5,1,2,2,0,22,Asian,1,1,Transfer,Native,United States,"$30,000-44,999",N,Unknown,,3.01,,,1120,600,520,540,9,1120,,,,,,,,,,,,,,,,,,,,,,1,1,1,1,0,0,0,0,0,0,0,0,0,1,0,0,0,1,0,1,0,0,0,0,7
f15_488,Sp19,pre,I consent.,2,4,1,2,2,0,22,Asian,1,0,New,Native,United States,NA,Y,85 - 89.9,86,,3,,1350,640,710,660,8,1350,,,,,,,,,,,,,,,,,,,,,,1,1,0,1,0,1,0,0,0,1,1,0,0,0,1,0,0,0,0,1,1,0,0,0,9
Sp19_424,Sp19,pre,I consent.,1,4,1,2,3,3,19,Asian,1,0,New,Native,United States,NA,N,95 - 100,96,,7,,1480,,,,,,,,,,,,,,,,,,,,,,,,,,,0,0,0,1,0,0,0,0,0,1,0,0,1,1,0,0,0,0,0,1,0,0,0,0,5
Sp19_413,Sp19,pre,I consent.,1,5,3,5,5,3,20,Asian,1,0,New,Naturalized,Australia,NA,N,95 - 100,99,,,,1560,,,,,,,,,,,,,,,,,,,,,,,,,,,1,1,0,0,1,0,0,0,1,1,0,0,1,0,1,1,0,1,1,1,1,0,1,1,14
Sp19_399,Sp19,pre,I consent.,1,4,1,5,5,3,19,Hispanic of any race,0,1,New,Native,United States,NA,N,95 - 100,99,,7,,,,,,,,,,,,,,,,,,,,,,,,,,,,,1,1,1,0,1,1,0,1,1,1,1,1,1,1,1,1,1,1,0,0,1,1,0,1,19
Sp19_056,Sp19,pre,I consent.,1,5,1,3,3,3,19,Asian,0,0,New,Native,United States,NA,N,95 - 100,99,,7,,1480,,,,,,,,,,,,,,,,,,,,,,,,,,,1,0,1,0,1,0,1,1,1,1,1,0,1,0,1,1,0,1,1,1,1,1,1,1,18
Sp19_414,Sp19,pre,I consent.,1,4,1,5,5,3,19,White,1,0,New,Naturalized,Unknown,NA,N,95 - 100,97,,,,1440,,,,,,,,,,,,,,,,,,,,,,,,,,,1,1,1,1,1,1,0,1,1,1,1,1,0,0,1,1,1,1,1,1,1,1,1,1,21
Sp19_032,Sp19,pre,I consent.,1,4,1,4,4,3,19,White,1,0,New,Native,United States,NA,N,95 - 100,99,,4,,,,,,,,,,,,,,,,,,,,,,,,,,,,,1,0,0,1,0,0,0,0,1,1,0,0,1,0,0,0,0,1,0,1,0,0,0,1,8
Sp19_529,Sp19,pre,I consent.,1,4,1,5,5,2,19,White,0,1,Transfer,Native,United States,NA,Y,95 - 100,99,,4,,1350,,,,,,,,,,,,,,,,,,,,,,,,,,,1,0,1,1,1,0,0,1,1,1,1,1,0,1,1,1,1,1,1,1,1,1,1,0,19
Sp19_085,Sp19,pre,I consent.,22,5,1,5,5,2,21,,0,0,Other,Native,United States,NA,Y,90 - 94.9,90,3.7,2.5,,1250,620,630,630,8,1250,,,,,,,,,,,,,,,,,,,,,,0,1,0,1,0,1,0,0,0,1,0,0,1,0,0,1,0,1,0,1,0,0,0,0,8
Sp19_175,Sp19,pre,I consent.,2,5,1,3,3,0,21,White,0,0,Transfer,Native,United States,NA,N,NA,,3.8,1,,1090,550,540,540,8,1090,,,,,,,,,,,,,,,,,,,,,,0,1,1,1,0,0,0,1,0,1,0,1,0,1,0,0,0,0,0,1,1,0,0,0,9
Sp19_076,Sp19,pre,I consent.,2,5,1,5,5,3,21,White,0,0,Transfer,Native,United States,"$65,000-84,999",,90 - 94.9,92,3.06,3,,1110,580,530,510,8,1110,,,,,,,,,,,,,,,,,,,,,,0,0,0,1,0,0,0,0,0,0,0,1,1,0,0,1,0,1,0,0,0,0,0,0,5
Sp19_090,Sp19,pre,I consent.,1,5,1,4,5,3,21,Asian,0,1,New,Native,United States,"$15,000-29,999",,90 - 94.9,91,,7,,1350,,,,,,,,,,,,,,,,,,,,,,,,,,,1,1,1,1,0,0,1,1,0,1,0,1,1,0,1,1,0,1,1,0,0,0,0,0,13
Sp19_282,Sp19,pre,I consent.,2,5,3,2,2,0,21,Asian,1,1,Transfer,Alien Permanent,Chi,"$15,000-29,999",,Unknown,,3.39,,,1030,650,380,380,7,1030,,,,,,,,,,,,,,,,,,,,,,0,1,0,0,0,0,0,0,0,0,0,0,0,0,1,0,1,0,0,1,1,0,0,1,6
Sp19_186,Sp19,pre,I consent.,3,5,2,4,4,0,21,Asian,0,1,New,Native,United States,"$15,000-29,999",,85 - 89.9,87,,3,,980,530,450,510,11,980,,,,,,,,,,,,,,,,,,,,,,0,0,1,1,0,0,0,0,0,0,0,1,1,0,0,1,1,0,0,1,1,0,0,1,9
Sp19_503,Sp19,pre,I consent.,1,4,1,5,5,2,21,Black/African American,1,0,Transfer,Native,United States,"105,000-124,999",N,Unknown,,3.17,,,910,440,470,440,8,910,,,,,,,,,,,,,,,,,,,,,,0,0,1,0,0,0,0,0,0,0,0,1,0,0,0,0,0,0,0,1,0,1,0,1,5
Sp19_403,Sp19,pre,I consent.,2,5,1,5,4,3,22,Black/African American,0,1,New,Native,United States,"$30,000-44,999",,90 - 94.9,91,,3,,990,500,490,540,9,990,,,,,,,,,,,,,,,,,,,,,,0,0,0,1,0,0,0,0,0,1,0,0,1,1,0,0,1,0,0,1,0,0,0,1,7
Sp19_556,Sp19,pre,I consent.,1,5,1,2,2,3,21,Hispanic of any race,0,1,New,Native,United States,"$0-14,999",,95 - 100,97,,3,,970,490,430,510,9,920,,,,,,,,,,,,,,,,,,,,,,0,0,0,0,1,0,1,1,0,0,0,1,0,0,1,0,0,0,1,1,0,0,0,1,8
Sp19_053,Sp19,pre,I consent.,2,4,1,3,2,0,21,White,1,0,New,Native,United States,NA,N,90 - 94.9,92,3.3,3,,1200,,,,,,,,,,,,,,,,,,,,,,,,,,,0,1,0,0,0,0,0,0,0,1,0,0,0,0,0,1,0,1,0,1,0,0,0,1,6
Sp19_218,Sp19,pre,I consent.,1,5,1,4,4,3,21,White,1,0,New,Native,United States,NA,Y,90 - 94.9,92,,5,,1530,660,650,640,8,1310,,,,,,,,,,,,,,,,,,,,,,0,1,1,1,1,0,1,1,1,1,1,0,0,1,1,1,0,0,1,1,1,1,0,1,17
Sp19_247,Sp19,pre,I consent.,2,5,1,3,3,1,21,Asian,1,0,New,Native,United States,NA,N,95 - 100,95,,,,1350,720,630,590,9,1350,,,,,,,,,,,,,,,,,,,,,,0,1,1,0,1,0,0,0,1,1,0,1,1,0,0,1,1,0,1,1,1,0,0,0,12
Sp19_273,Sp19,pre,I consent.,1,5,1,5,5,2,22,White,0,0,Transfer,Native,United States,"$165,000-184,999",N,90 - 94.9,94,3.29,2.5,,1280,620,660,650,8,1280,,,,,,,,,,,,,,,,,,,,,,1,1,1,0,0,0,1,0,0,0,1,0,0,0,0,1,0,0,0,0,1,1,0,0,8
Sp19_522,Sp19,pre,I consent.,2,5,1,5,5,0,21,Asian,0,0,New,Native,United States,NA,N,95 - 100,96,,,,1400,750,650,670,8,1400,,,,,,,,,,,,,,,,,,,,,,0,1,1,1,0,0,0,1,0,0,0,0,1,0,0,1,0,1,0,1,0,0,0,0,8
Sp19_598,Sp19,pre,I consent.,2,5,2,5,5,0,21,Asian,0,1,Transfer,Native,United States,NA,N,95 - 100,95,3.96,,,1190,610,580,580,8,1190,,,,,,,,,,,,,,,,,,,,,,0,0,0,0,0,0,0,0,0,1,0,0,1,0,0,1,0,1,0,1,0,0,0,0,5
Sp19_341,Sp19,pre,I consent.,2,5,2,2,2,0,22,Asian,1,1,Transfer,Alien Permanent,Chi,"$0-14,999",,90 - 94.9,91,3.91,,,1030,640,390,450,8,1030,,,,,,,,,,,,,,,,,,,,,,1,1,0,0,0,0,0,0,0,1,0,0,1,1,0,1,0,0,0,1,0,0,0,0,7
Sp19_446,Sp19,pre,I consent.,2,5,2,4,4,0,23,Asian,1,0,New,Alien Temporary,"Korea, Republic of",NA,,NA,,,5,,,,,,,,,,,,,,,,,,,,,,,,,,,,,1,1,0,1,1,0,0,1,1,1,1,1,1,1,0,1,0,1,1,1,1,1,1,1,19
Sp19_104,Sp19,pre,I consent.,2,5,2,4,4,1,21,Asian,1,1,New,Alien Permanent,Chi,NA,N,95 - 100,97,,,,1290,750,540,670,10,1290,,,,,,,,,,,,,,,,,,,,,,0,1,1,0,0,1,0,1,0,1,0,0,1,0,0,0,0,0,0,0,0,0,1,0,7
Sp19_490,Sp19,pre,I consent.,2,5,1,5,5,1,21,Asian,1,1,New,Native,United States,NA,Y,90 - 94.9,91,,,,1300,690,610,620,9,1300,,,,,,,,,,,,,,,,,,,,,,1,0,0,1,0,0,0,0,1,0,0,0,0,0,1,0,0,0,0,1,1,1,0,0,7
Sp19_412,Sp19,pre,I consent.,2,4,1,5,5,0,21,Asian,0,0,Transfer,Native,United States,"105,000-124,999",Y,Unknown,,2.89,,,840,450,390,420,10,840,,,,,,,,,,,,,,,,,,,,,,0,1,1,0,0,0,0,0,0,0,0,0,1,0,0,0,0,0,0,1,0,0,0,1,5
Sp19_115,Sp19,pre,I consent.,2,5,1,2,2,3,21,Asian,1,1,Transfer,Native,United States,NA,Y,90 - 94.9,92,3.24,,,1210,660,550,620,8,1210,,,,,,,,,,,,,,,,,,,,,,0,1,1,1,0,0,0,0,0,0,0,0,0,0,0,1,0,0,0,1,0,0,0,1,6
Sp19_280,Sp19,pre,I consent.,2,5,2,3,3,0,22,Asian,1,1,New,Naturalized,Chi,NA,Y,90 - 94.9,92,,,,1430,770,600,590,7,1370,,,,,,,,,,,,,,,,,,,,,,1,0,0,0,1,1,0,1,0,1,0,1,1,0,0,1,0,1,1,1,1,1,1,1,15
Sp19_195,Sp19,pre,I consent.,2,5,1,5,5,0,21,Asian,1,0,Transfer,Native,United States,NA,N,85 - 89.9,87,1.03,,,1120,600,520,500,8,1120,,,,,,,,,,,,,,,,,,,,,,1,1,0,0,1,0,0,1,1,1,1,1,0,1,1,1,0,1,1,1,1,1,1,1,18
Sp19_279,Sp19,pre,I consent.,2,5,1,5,5,0,22,,0,0,New,Alien Permanent,India,"$45,000-64,999",,90 - 94.9,91,,,,1100,510,590,620,9,1100,,,,,,,,,,,,,,,,,,,,,,1,0,0,0,0,0,0,0,0,0,0,0,1,0,0,0,0,1,0,1,0,0,0,0,4
Sp19_472,Sp19,pre,I consent.,2,5,2,3,3,0,21,Asian,0,1,Transfer,Native,United States,"$15,000-29,999",Y,90 - 94.9,93,,,,1290,,,,,,,,,,,,,,,,,,,,,,,,,,,0,1,1,0,1,0,0,0,1,1,0,0,1,0,0,0,0,0,1,1,0,0,0,0,8
Sp19_449,Sp19,pre,I consent.,2,5,1,5,4,2,21,White,0,0,Other,Native,United States,NA,N,NA,,3.71,2,,1150,,,,,,,,,,,,,,,,,,,,,,,,,,,0,0,0,0,0,0,0,0,1,1,0,0,0,0,0,0,0,1,0,1,0,1,0,0,5
Sp19_551,Sp19,pre,I consent.,22,5,1,5,4,0,21,White,1,1,New,Native,United States,NA,Y,90 - 94.9,93,,,,1240,640,600,690,8,1240,,,,,,,,,,,,,,,,,,,,,,0,1,0,0,0,0,0,0,0,1,0,1,0,0,0,1,0,0,0,0,0,0,0,0,4
f16_550,Sp19,pre,I consent.,1,3,2,2,2,0,22,Asian,0,0,New,Alien Temporary,"Korea, Republic of",NA,N,85 - 89.9,86,,,1.5,,,,,,,,,,,,,,,,,,,,,,,,,,,,0,0,0,0,1,1,1,1,0,1,0,0,1,1,0,0,0,0,0,0,1,0,0,0,8
Sp19_445,Sp19,pre,I consent.,2,5,1,5,4,0,21,Asian,0,0,New,Naturalized,Unknown,NA,N,95 - 100,97,,3,,1270,570,700,560,8,1270,,,,,,,,,,,,,,,,,,,,,,0,0,0,1,0,0,0,0,0,0,0,0,1,0,0,1,0,0,0,1,0,0,0,0,4
Sp19_595,Sp19,pre,I consent.,3,5,2,3,2,0,22,Asian,0,0,New,Alien Temporary,Chi,NA,N,85 - 89.9,85,,,,1210,720,490,470,7,1210,,,,,,,,,,,,,,,,,,,,,,0,1,0,1,0,1,0,0,0,1,0,0,1,1,0,0,0,1,0,1,0,0,0,0,8
Sp19_318,Sp19,pre,I consent.,1,5,1,4,4,3,21,White,0,0,New,Native,United States,NA,N,95 - 100,99,4,,,1390,710,620,670,11,1330,,,,,,,,,,,,,,,,,,,,,,1,0,1,0,1,0,1,1,1,1,0,0,1,1,1,1,0,0,1,1,1,1,1,1,17
Sp19_145,Sp19,pre,I consent.,3,5,2,2,2,0,22,Asian,1,0,New,Alien Temporary,Chi,NA,N,85 - 89.9,87,,,,1250,700,550,600,7,1250,,,,,,,,,,,,,,,,,,,,,,0,0,0,1,0,0,0,0,1,1,0,0,0,0,0,1,0,0,0,1,0,0,0,0,5
Sp19_262,Sp19,pre,I consent.,2,4,2,2,2,2,22,Asian,0,1,Transfer,Naturalized,Pakistan,NA,N,NA,,2.78,,,960,480,480,450,8,960,,,,,,,,,,,,,,,,,,,,,,0,0,1,0,1,0,1,0,1,0,0,1,1,1,0,1,0,0,1,0,0,0,0,0,9
Sp19_642,Sp19,pre,I consent.,2,4,2,4,4,2,21,Asian,0,1,Transfer,Alien Permanent,"Korea, Republic of",NA,N,90 - 94.9,92,3.6,3,,1180,640,540,640,8,1180,,,,,,,,,,,,,,,,,,,,,,1,0,0,1,0,0,0,0,1,1,0,1,1,0,0,1,0,0,0,1,0,0,0,0,8
Sp19_368,Sp19,pre,I consent.,2,4,1,3,3,0,21,Asian,1,1,New,Native,United States,NA,N,90 - 94.9,93,,7,,1510,730,780,710,8,1510,,,,,,,,,,,,,,,,,,,,,,0,1,0,0,1,0,0,1,1,1,1,1,0,0,1,1,0,1,1,0,1,1,1,0,14
Sp19_254,Sp19,pre,I consent.,2,5,1,4,4,0,21,Asian,1,0,Transfer,Native,United States,NA,N,85 - 89.9,87,3.65,,,1220,650,570,600,9,1220,,,,,,,,,,,,,,,,,,,,,,1,1,1,0,1,0,0,1,1,1,1,0,1,1,1,1,1,1,0,1,1,1,0,0,17
Sp19_170,Sp19,pre,I consent.,1,5,1,5,5,3,21,Asian,0,1,New,Native,United States,NA,N,90 - 94.9,93,,,,1380,770,610,650,8,1380,,,,,,,,,,,,,,,,,,,,,,0,0,0,1,1,0,0,0,1,1,0,0,1,1,0,1,0,1,0,0,0,0,0,0,8
Sp19_597,Sp19,pre,I consent.,2,5,2,3,2,0,24,Asian,1,0,New,Alien Permanent,Chi,NA,Y,90 - 94.9,91,,,,1380,780,600,670,9,1380,,,,,,,,,,,,,,,,,,,,,,0,1,0,0,0,1,0,0,0,0,0,0,1,1,0,0,0,0,0,1,0,0,0,0,5
Sp19_244,Sp19,pre,I consent.,1,4,1,5,5,0,21,White,1,1,Transfer,Native,United States,NA,Y,90 - 94.9,94,3.5,,,1220,,,,,,,,,,,,,,,,,,,,,,,,,,,1,1,1,1,0,0,0,1,0,1,0,0,1,0,0,1,0,1,0,1,0,0,1,0,11
Sp19_002,Sp19,pre,I consent.,2,5,2,3,4,0,21,White,0,0,New,Alien Temporary,Cyprus,NA,,85 - 89.9,87,,3,1.5,,,,,,,,,,,,,,,,,,,,,,,,,,,,1,1,0,0,1,0,0,1,1,1,0,0,0,1,1,1,0,1,0,0,1,0,0,0,11
Sp19_312,Sp19,pre,I consent.,2,5,1,5,4,0,24,Hispanic of any race,1,1,Transfer,Native,United States,"$15,000-29,999",,Unknown,,3.71,,,,,,,,,,,,,,,,,,,,,,,,,,,,,,0,0,0,0,0,1,0,0,0,0,0,0,1,0,0,0,0,1,0,0,0,0,0,0,3
Sp19_354,Sp19,pre,I consent.,3,5,2,3,3,0,25,,1,0,Transfer,Alien Temporary,Cyprus,NA,,NA,,3.59,,,,,,,,,,,,,,,,,,,,,,,,,,,,,,0,0,0,0,0,0,0,1,0,0,0,0,0,0,1,1,0,0,0,0,0,1,1,0,5
Sp19_051,Sp19,pre,I consent.,2,5,1,,5,2,25,White,0,1,Transfer,Native,United States,"$15,000-29,999",,Unknown,,3.59,,,,,,,,,,,,,,,,,,,,,,,,,,,,,,1,1,0,0,0,1,0,0,0,1,0,0,0,0,0,0,0,1,0,1,0,0,0,1,7
Sp19_197,Sp19,pre,I consent.,1,4,1,5,5,3,19,White,1,0,New,Native,United States,NA,Y,95 - 100,99,,7,,,,,,,,,,,,,,,,,,,,,,,,,,,,,0,1,0,1,1,0,0,1,1,1,1,0,0,0,0,0,1,1,1,1,1,1,1,0,14
Sp19_364,Sp19,pre,I consent.,2,4,1,3,4,0,20,White,0,0,New,Native,United States,NA,N,90 - 94.9,94,3.9,5,,1380,760,620,640,8,1380,,,,,,,,,,,,,,,,,,,,,,1,1,1,0,1,1,0,1,1,1,1,0,1,1,0,1,1,1,1,1,0,0,1,0,17
Sp19_001,Sp19,pre,I consent.,2,3,1,5,4,0,18,Black/African American,0,1,New,Naturalized,Unknown,NA,Y,90 - 94.9,94,,3,,,,,,,,,,,,,,,,,,,,,,,,,,,,,0,0,0,1,0,1,0,0,0,0,0,0,1,0,0,0,0,0,0,0,1,0,1,0,5
Sp19_297,Sp19,pre,I consent.,1,4,1,5,4,3,20,Hispanic of any race,1,0,New,Native,United States,"105,000-124,999",,95 - 100,95,,4,,1300,680,620,600,10,1300,,,,,,,,,,,,,,,,,,,,,,1,0,0,1,0,1,0,0,0,1,0,0,1,0,0,1,0,0,0,1,1,1,0,0,9
Sp19_028,Sp19,pre,I consent.,2,5,1,4,4,0,21,White,0,0,Transfer,Native,United States,"$125,000-144,999",,Unknown,,4,4,,1130,530,600,540,9,1130,,,,,,,,,,,,,,,,,,,,,,0,1,0,0,1,0,0,1,1,1,0,0,1,1,1,1,0,1,1,0,1,0,0,0,12
Sp19_375,Sp19,pre,I consent.,22,4,1,5,5,0,20,White,0,0,New,Native,United States,NA,N,95 - 100,96,,,,1270,690,580,580,8,1270,,,,,,,,,,,,,,,,,,,,,,0,0,0,1,1,1,0,0,1,1,0,0,1,0,1,0,0,1,0,1,0,0,0,1,10
Sp19_092,Sp19,pre,I consent.,2,4,1,5,5,0,19,White,0,0,New,Native,United States,NA,N,90 - 94.9,94,,,,,,,,,,,,,,,,,,,,,,,,,,,,,,,1,0,1,0,1,0,0,1,1,1,1,1,1,0,1,1,1,1,1,0,1,0,1,1,17
Sp19_665,Sp19,pre,I consent.,1,3,1,5,5,1,19,White,0,0,New,Native,United States,NA,N,85 - 89.9,86,,2.5,,1120,,,,,,,,,,,,,,,,,,,,,,,,,,,1,1,0,0,0,0,0,0,0,0,0,0,1,1,0,1,0,0,1,1,0,1,0,0,8
Sp19_385,Sp19,pre,I consent.,1,5,1,5,5,3,20,White,0,0,New,Native,United States,NA,N,95 - 100,99,,8,,1520,730,700,720,9,1430,,,,,,,,,,,,,,,,,,,,,,0,0,0,0,0,1,1,0,0,0,0,0,0,1,1,0,0,0,0,0,0,0,0,0,4
Sp19_174,Sp19,pre,I consent.,2,5,1,5,4,2,20,Hispanic of any race,1,0,New,Native,United States,NA,N,90 - 94.9,92,4,2.5,,1290,,,,,,,,,,,,,,,,,,,,,,,,,,,0,0,0,1,0,0,0,0,0,0,0,0,0,0,0,1,0,1,0,0,0,0,0,0,3
Sp19_338,Sp19,pre,I consent.,1,5,1,5,5,3,20,White,1,0,New,Native,United States,NA,Y,90 - 94.9,91,,5,,1480,730,680,720,9,1410,,,,,,,,,,,,,,,,,,,,,,1,1,1,1,1,0,1,1,1,1,1,1,1,1,1,1,0,1,1,1,1,0,1,1,21
Sp19_083,Sp19,pre,I consent.,2,4,1,5,,3,22,White,0,0,New,Native,United States,NA,N,90 - 94.9,94,,3,,1110,500,610,550,8,1110,,,,,,,,,,,,,,,,,,,,,,0,0,1,0,0,1,0,0,0,0,0,0,1,0,1,0,0,0,1,1,1,0,0,0,7
Sp19_091,Sp19,pre,I consent.,2,5,1,4,3,3,20,Asian,0,1,Other,Native,United States,"$15,000-29,999",,90 - 94.9,90,,7,,1350,690,590,630,11,1280,,,,,,,,,,,,,,,,,,,,,,1,0,0,0,0,0,0,0,1,1,0,0,1,0,0,1,0,1,0,1,0,0,0,0,7
Sp19_659,Sp19,pre,I consent.,2,5,1,5,4,0,20,White,0,0,New,Naturalized,Unknown,NA,N,95 - 100,99,,,,1400,740,660,680,9,1400,,,,,,,,,,,,,,,,,,,,,,0,0,0,0,0,1,0,1,1,1,0,0,0,1,1,1,1,0,0,0,0,0,0,0,8
Sp19_030,Sp19,pre,I consent.,2,5,1,4,,2,20,White,1,0,New,Native,United States,NA,N,95 - 100,99,,,,1350,660,600,690,,1260,,,,,,,,,,,,,,,,,,,,,,1,1,0,1,1,0,0,0,1,1,1,0,1,0,0,1,0,1,1,1,0,0,1,0,13
Sp19_046,Sp19,pre,I consent.,2,5,2,3,3,3,20,Asian,1,0,New,Native,United States,NA,N,90 - 94.9,92,,,,1380,,,,,,,,,,,,,,,,,,,,,,,,,,,1,1,0,1,1,0,0,1,1,1,1,1,1,1,0,1,0,1,1,0,1,1,1,1,18
Sp19_232,Sp19,pre,I consent.,1,5,2,3,2,3,20,Asian,1,1,New,Alien Permanent,Chi,"$15,000-29,999",,85 - 89.9,89,,6,,1380,780,590,560,8,1370,,,,,,,,,,,,,,,,,,,,,,0,1,1,0,0,0,0,0,1,1,0,1,1,0,0,1,0,1,0,1,0,0,0,1,10
Sp19_267,Sp19,pre,I consent.,1,5,1,5,5,3,21,White,0,0,New,Native,United States,NA,Y,95 - 100,96,,4,,1290,640,640,530,9,1280,,,,,,,,,,,,,,,,,,,,,,1,1,1,0,1,0,0,1,1,1,0,0,1,1,0,1,0,1,0,0,0,0,0,0,11
Sp19_483,Sp19,pre,I consent.,2,5,2,4,4,0,20,Asian,0,1,New,Naturalized,Chi,NA,Y,95 - 100,99,,6,,1280,710,570,620,8,1280,,,,,,,,,,,,,,,,,,,,,,1,1,0,1,0,1,0,0,1,1,0,0,0,0,0,1,0,0,0,0,0,0,0,0,7
Sp19_691,Sp19,pre,I consent.,1,4,2,2,2,2,20,Asian,0,1,Transfer,Alien Permanent,Chi,"$15,000-29,999",,Unknown,,,,,1160,680,480,500,8,1160,,,,,,,,,,,,,,,,,,,,,,0,0,0,0,0,1,0,0,0,0,0,1,0,1,0,0,1,0,0,1,0,0,0,0,5
Sp19_156,Sp19,pre,I consent.,2,5,1,3,3,2,20,Hispanic of any race,1,0,Transfer,Native,United States,NA,Y,90 - 94.9,92,3.38,,,1010,520,490,450,8,1010,,,,,,,,,,,,,,,,,,,,,,1,0,1,1,0,0,0,0,0,1,0,0,0,1,1,1,0,0,0,0,0,0,1,1,9
Sp19_396,Sp19,pre,I consent.,2,5,1,5,5,3,20,Hispanic of any race,0,1,New,Native,United States,NA,Y,90 - 94.9,94,,3,,1380,690,630,620,8,1320,,,,,,,,,,,,,,,,,,,,,,1,1,0,1,0,0,0,0,1,1,0,0,0,1,0,1,0,0,0,1,0,0,0,1,9
Sp19_607,Sp19,pre,I consent.,2,5,1,5,5,1,20,White,0,1,New,Native,United States,"$15,000-29,999",,80 - 84.9,84,,2.5,,1020,530,490,480,8,1020,,,,,,,,,,,,,,,,,,,,,,1,1,1,0,1,0,0,1,1,1,1,0,0,1,1,1,0,1,1,1,1,1,0,1,17
Sp19_135,Sp19,pre,I consent.,1,4,1,3,3,0,20,Asian,0,1,Transfer,Native,United States,"$45,000-64,999",,Unknown,,3.85,3,,840,470,370,430,8,840,,,,,,,,,,,,,,,,,,,,,,1,1,0,1,0,0,0,0,0,0,0,0,0,1,0,1,0,1,1,0,1,1,1,1,11
Sp19_060,Sp19,pre,I consent.,1,5,1,5,5,3,20,White,0,1,New,Native,United States,NA,Y,95 - 100,95,3.5,7,,1380,630,670,590,8,1300,,,,,,,,,,,,,,,,,,,,,,1,0,1,1,1,0,0,1,1,1,0,0,1,1,0,1,0,0,1,0,1,1,1,1,15
Sp19_461,Sp19,pre,I consent.,1,5,1,5,5,3,20,Black/African American,0,1,New,Native,United States,NA,Y,90 - 94.9,90,,5,,1150,480,540,560,10,1020,,,,,,,,,,,,,,,,,,,,,,1,1,0,1,1,0,0,1,1,1,0,1,1,0,1,1,0,1,1,1,1,0,0,1,16
Sp19_511,Sp19,pre,I consent.,2,4,1,4,4,2,20,Asian,0,0,Transfer,Native,United States,NA,N,NA,,2.6,,,1150,580,570,590,9,1150,,,,,,,,,,,,,,,,,,,,,,1,1,0,0,0,0,0,0,0,0,0,0,1,0,0,1,0,1,0,1,0,0,0,0,6
Sp19_429,Sp19,pre,I consent.,1,5,1,5,5,3,21,White,0,1,New,Native,United States,NA,Y,95 - 100,96,,,,1230,550,680,600,10,1230,,,,,,,,,,,,,,,,,,,,,,0,1,0,0,0,0,0,0,0,1,0,0,0,0,0,0,0,0,0,0,0,0,0,1,3
Sp19_617,Sp19,pre,I consent.,2,4,1,4,4,3,21,Asian,0,1,New,Native,United States,"$15,000-29,999",,90 - 94.9,91,,4,,1370,720,650,670,10,1370,,,,,,,,,,,,,,,,,,,,,,1,0,0,1,0,0,0,0,0,0,0,0,1,0,0,0,0,1,0,1,0,0,0,0,5
Sp19_480,Sp19,pre,I consent.,2,5,1,3,3,0,20,White,1,0,New,Native,United States,NA,N,95 - 100,98,,3,,1290,630,660,550,8,1290,,,,,,,,,,,,,,,,,,,,,,1,1,1,1,1,0,1,1,1,1,1,1,0,1,1,1,0,1,1,1,1,1,1,1,21
Sp19_212,Sp19,pre,I consent.,1,5,1,4,3,3,20,Asian,0,0,New,Native,United States,NA,N,95 - 100,99,,3,,1330,680,650,720,10,1330,,,,,,,,,,,,,,,,,,,,,,0,0,0,1,0,0,0,0,0,1,0,0,1,0,0,0,0,1,0,0,0,0,0,0,4
Sp19_204,Sp19,pre,I consent.,1,5,2,5,4,3,20,White,1,0,New,Undocumented Alien,Poland,"$85,000-104,999",,95 - 100,98,,4,,1410,,,,,,,,,,,,,,,,,,,,,,,,,,,1,1,1,1,0,1,0,1,1,1,0,0,0,1,0,1,0,0,0,1,1,1,0,0,13
Sp19_020,Sp19,pre,I consent.,2,4,1,5,5,3,20,Black/African American,0,1,New,Native,United States,NA,N,90 - 94.9,93,,,,1180,630,550,540,,1180,,,,,,,,,,,,,,,,,,,,,,0,1,0,0,0,0,0,0,0,0,0,0,1,0,0,0,0,1,0,1,0,0,0,0,4
Sp19_235,Sp19,pre,I consent.,1,5,2,5,5,3,20,Hispanic of any race,0,0,New,Native,United States,NA,N,95 - 100,95,,3,,1320,590,670,580,10,1260,,,,,,,,,,,,,,,,,,,,,,0,1,0,1,1,1,0,1,0,0,0,0,0,1,0,0,0,0,0,1,1,0,0,0,8
Sp19_122,Sp19,pre,I consent.,1,5,2,4,4,3,20,Asian,0,1,New,Naturalized,Chi,NA,Y,95 - 100,99,,4,,1300,600,700,790,9,1300,,,,,,,,,,,,,,,,,,,,,,0,0,0,0,1,0,0,0,1,1,0,0,1,0,0,1,0,1,1,1,1,0,0,0,9
Sp19_199,Sp19,pre,I consent.,22,5,1,5,5,1,20,Asian,1,1,New,Native,United States,NA,N,95 - 100,98,,,,1350,690,660,710,10,1350,,,,,,,,,,,,,,,,,,,,,,1,1,1,1,1,0,1,1,1,1,1,1,0,0,1,1,0,1,1,1,1,0,0,0,17
Sp19_171,Sp19,pre,I consent.,1,4,1,5,5,2,19,White,0,0,New,Native,United States,NA,N,95 - 100,99,,2.5,,1350,620,630,630,10,1250,,,,,,,,,,,,,,,,,,,,,,0,1,0,0,1,0,0,1,1,1,1,1,1,1,1,1,1,1,1,1,1,0,1,0,17
Sp19_225,Sp19,pre,I consent.,1,5,1,5,5,3,20,Black/African American,0,1,New,Native,United States,"$30,000-44,999",,90 - 94.9,90,,2.5,,1240,590,650,600,9,1240,,,,,,,,,,,,,,,,,,,,,,0,0,1,1,0,0,0,0,0,1,0,0,0,1,1,0,1,0,0,0,0,1,0,1,8
Sp19_136,Sp19,pre,I consent.,2,5,2,4,4,3,20,Asian,0,1,New,Alien Permanent,Nepal,"$15,000-29,999",,90 - 94.9,91,,5,,1230,650,580,610,9,1230,,,,,,,,,,,,,,,,,,,,,,0,0,0,0,0,0,0,0,0,0,0,0,0,0,0,0,0,0,1,0,0,0,1,0,2
Sp19_226,Sp19,pre,I consent.,2,5,1,5,5,3,20,White,0,0,New,Native,United States,"$125,000-144,999",,95 - 100,99,,3,,1220,600,600,580,9,1200,,,,,,,,,,,,,,,,,,,,,,1,1,1,0,1,0,0,1,1,1,0,1,1,0,1,1,0,1,1,1,1,0,0,0,15
Sp19_239,Sp19,pre,I consent.,1,4,2,5,5,3,20,Asian,1,0,Other,Native,United States,NA,N,95 - 100,98,,7,,1300,680,620,600,,1300,,,,,,,,,,,,,,,,,,,,,,1,1,1,0,1,0,1,1,1,1,0,1,1,0,1,1,0,1,1,1,1,1,0,1,18
Sp19_206,Sp19,pre,I consent.,1,5,1,4,4,3,20,Black/African American,0,0,Transfer,Native,United States,"$125,000-144,999",N,Unknown,,3.66,,,1320,660,660,530,8,1320,,,,,,,,,,,,,,,,,,,,,,1,1,1,1,1,0,0,1,1,1,0,1,0,1,0,1,0,1,1,1,1,0,0,0,15
Sp19_668,Sp19,pre,I consent.,2,3,1,4,4,0,20,Hispanic of any race,0,1,Transfer,Native,United States,"$145,000-164,999",N,Unknown,,3.35,2,,830,440,390,380,6,830,,,,,,,,,,,,,,,,,,,,,,1,0,0,1,0,0,0,0,0,0,0,0,1,0,1,0,1,0,1,1,0,1,0,0,8
Sp19_363,Sp19,pre,I consent.,2,5,1,5,5,0,21,White,0,1,New,Native,United States,"$0-14,999",,90 - 94.9,93,,6,,1060,610,450,380,6,1060,,,,,,,,,,,,,,,,,,,,,,1,1,1,0,1,0,0,1,1,0,0,0,1,0,0,1,0,0,1,1,0,0,0,0,10
Sp19_405,Sp19,pre,I consent.,1,5,2,4,4,3,20,White,1,1,New,Native,United States,NA,Y,95 - 100,99,,,,1320,610,640,580,7,1250,,,,,,,,,,,,,,,,,,,,,,0,0,0,0,1,0,0,0,1,0,1,0,0,1,1,1,0,1,1,1,1,0,1,1,12
Sp19_238,Sp19,pre,I consent.,1,4,1,4,4,3,20,Asian,0,0,Transfer,Native,United States,"$0-14,999",N,95 - 100,97,3.45,,,1160,630,530,550,9,1160,,,,,,,,,,,,,,,,,,,,,,1,0,0,1,0,0,0,0,0,1,0,0,1,0,0,1,0,1,0,1,0,0,0,0,7
Sp19_207,Sp19,pre,I consent.,1,5,2,5,5,0,20,Asian,0,1,New,Naturalized,Bangladesh,NA,Y,90 - 94.9,90,,3,,1080,540,540,610,10,1080,,,,,,,,,,,,,,,,,,,,,,0,0,0,0,0,1,1,1,1,1,0,1,0,1,1,1,0,0,0,1,0,0,0,1,11
Sp19_179,Sp19,pre,I consent.,2,4,1,5,5,0,20,Hispanic of any race,1,1,New,Native,United States,NA,Y,90 - 94.9,94,,7,,1300,660,640,520,6,1300,,,,,,,,,,,,,,,,,,,,,,1,1,1,1,1,1,1,1,1,1,1,1,1,1,1,1,1,0,1,0,1,0,0,0,19
Sp19_081,Sp19,pre,I consent.,1,5,1,4,4,3,20,Asian,0,0,New,Native,United States,NA,N,90 - 94.9,94,,,,1380,700,680,770,11,1380,,,,,,,,,,,,,,,,,,,,,,1,1,1,1,1,0,1,1,1,1,1,0,1,1,1,1,1,1,1,1,1,1,1,1,22
Sp19_215,Sp19,pre,I consent.,2,5,2,4,2,1,20,Asian,0,1,New,Alien Permanent,Hong Kong,NA,Y,95 - 100,99,,,,1340,760,580,660,8,1340,,,,,,,,,,,,,,,,,,,,,,0,1,1,1,0,0,0,0,0,0,0,0,0,0,0,0,1,0,0,0,0,1,0,0,5
Sp19_157,Sp19,pre,I consent.,2,4,2,5,5,0,20,Hispanic of any race,1,0,New,Alien Permanent,Argenti,NA,Y,95 - 100,96,,,,1340,680,660,570,,1340,,,,,,,,,,,,,,,,,,,,,,1,1,0,0,1,0,0,1,1,1,1,1,1,1,1,1,0,0,1,0,0,1,0,0,14
Sp19_416,Sp19,pre,I consent.,22,4,2,3,3,3,22,Hispanic of any race,0,1,New,Naturalized,Unknown,NA,Y,95 - 100,99,,4,,1250,660,590,510,8,1250,,,,,,,,,,,,,,,,,,,,,,0,1,0,1,0,0,0,0,1,1,0,0,1,0,0,1,0,0,1,1,0,0,0,0,8
Sp19_555,Sp19,pre,I consent.,2,3,2,3,4,0,21,Asian,1,0,New,Alien Temporary,Chi,NA,Y,85 - 89.9,88,,5,2,1050,,,,,,,,,,,,,,,,,,,,,,,,,,,0,1,0,0,0,0,0,0,0,0,0,0,1,1,0,0,0,1,0,1,1,0,0,0,6
Sp19_406,Sp19,pre,I consent.,2,5,2,5,3,0,20,Asian,1,1,Transfer,Naturalized,Unknown,"$30,000-44,999",N,Unknown,,3.94,6,,1170,620,550,610,8,1170,,,,,,,,,,,,,,,,,,,,,,0,0,0,0,0,0,0,0,0,0,0,0,1,0,0,0,0,1,0,1,0,0,0,0,3
Sp19_321,Sp19,pre,I consent.,1,4,2,4,4,2,20,White,1,1,Transfer,Alien Permanent,Ukraine,"$0-14,999",N,Unknown,,2.9,,,1140,600,540,470,6,1140,,,,,,,,,,,,,,,,,,,,,,0,0,0,1,0,1,0,0,0,1,0,1,1,1,0,1,0,0,0,1,0,0,0,0,8
Sp19_420,Sp19,pre,I consent.,2,4,2,2,3,1,20,Asian,0,0,New,Alien Temporary,Bangladesh,NA,N,85 - 89.9,85,,,3,,,,,,,,,,,,,,,,,,,,,,,,,,,,0,1,1,1,1,1,1,1,1,1,1,1,1,1,1,1,0,1,1,1,1,0,0,0,19
Sp19_346,Sp19,pre,I consent.,22,5,2,5,5,3,20,White,0,0,New,Native,United States,NA,N,90 - 94.9,92,,5,,1320,,,,,,,,,,,,,,,,,,,,,,,,,,,0,1,0,1,0,1,0,0,0,0,0,0,0,0,0,0,0,1,0,1,0,0,0,0,5
Sp19_332,Sp19,pre,I consent.,1,5,1,5,5,3,20,Asian,0,0,New,Native,United States,NA,N,95 - 100,99,,,,1530,780,750,730,8,1530,,,,,,,,,,,,,,,,,,,,,,1,0,1,0,1,0,0,1,1,1,0,0,0,0,0,1,0,1,0,1,1,1,1,0,12
Sp19_460,Sp19,pre,I consent.,2,4,1,3,3,3,20,Hispanic of any race,0,1,New,Native,United States,NA,Y,85 - 89.9,87,,3,,1000,530,470,480,8,1000,,,,,,,,,,,,,,,,,,,,,,0,1,1,1,0,0,0,1,0,0,0,0,1,0,0,0,0,1,0,1,0,1,0,0,8
Sp19_686,Sp19,pre,I consent.,2,3,2,2,2,0,21,Asian,1,0,New,Alien Temporary,Chi,NA,Y,90 - 94.9,90,,,3,1250,,,,,,,,,,,,,,,,,,,,,,,,,,,0,0,0,0,0,0,0,0,1,1,0,1,1,1,0,0,0,1,0,1,1,0,0,0,8
Sp19_162,Sp19,pre,I consent.,1,5,1,4,4,3,20,Asian,0,0,Transfer,Native,United States,"$185,000+",N,90 - 94.9,94,3.24,,,1290,670,620,650,8,1290,,,,,,,,,,,,,,,,,,,,,,0,1,0,0,0,0,0,0,0,0,0,1,0,0,0,0,0,0,0,0,0,0,0,0,2
Sp19_683,Sp19,pre,I consent.,3,5,2,3,3,2,21,Asian,1,0,New,Native,United States,NA,N,95 - 100,99,,4,,1320,660,540,590,10,1200,,,,,,,,,,,,,,,,,,,,,,0,1,1,0,0,0,0,0,1,1,0,0,1,0,0,0,0,0,0,1,1,1,1,1,10
Sp19_314,Sp19,pre,I consent.,1,5,2,2,2,3,20,Asian,0,1,New,Naturalized,Philippines,NA,N,90 - 94.9,94,,7,,1440,,,,,,,,,,,,,,,,,,,,,,,,,,,1,0,0,0,1,0,0,0,1,0,0,0,0,0,1,1,0,1,0,1,0,0,0,0,7
Sp19_347,Sp19,pre,I consent.,1,5,1,4,4,3,20,White,0,0,New,Native,United States,NA,N,95 - 100,99,,,,1460,780,680,610,8,1460,,,,,,,,,,,,,,,,,,,,,,0,1,1,0,1,0,0,1,1,1,1,1,0,1,1,1,0,0,1,0,1,1,0,0,14
Sp19_176,Sp19,pre,I consent.,1,5,1,,5,3,20,Hispanic of any race,0,0,New,Native,United States,NA,N,90 - 94.9,93,,8,,1330,710,620,660,8,1330,,,,,,,,,,,,,,,,,,,,,,1,0,1,1,1,0,0,1,1,1,1,1,1,1,1,1,1,1,1,0,1,1,1,0,19
Sp19_237,Sp19,pre,I consent.,2,5,1,4,4,0,20,Asian,1,1,New,Native,United States,NA,Y,90 - 94.9,94,,,,1330,690,640,570,9,1330,,,,,,,,,,,,,,,,,,,,,,0,1,0,0,0,0,0,0,0,0,0,1,0,0,0,0,0,1,0,1,0,0,0,0,4
Sp19_359,Sp19,pre,I consent.,2,4,1,4,4,0,20,Asian,0,1,Transfer,Native,United States,NA,Y,NA,,3.89,,,1100,570,530,580,9,1100,,,,,,,,,,,,,,,,,,,,,,0,0,0,1,0,0,0,0,0,1,0,0,1,0,0,0,0,1,0,1,0,0,0,0,5
Sp19_022,Sp19,pre,I consent.,1,5,1,4,3,2,20,White,0,0,Other,Native,United States,NA,Y,NA,,3.1,,,1010,540,470,470,8,1010,,,,,,,,,,,,,,,,,,,,,,1,0,0,0,1,0,0,1,1,1,0,1,1,0,0,1,0,1,1,1,0,0,0,0,11
Sp19_459,Sp19,pre,I consent.,1,4,1,4,4,2,21,White,0,1,Transfer,Native,United States,NA,Y,NA,,3.86,2.5,,1040,500,540,440,,1040,,,,,,,,,,,,,,,,,,,,,,1,0,0,1,0,0,0,0,1,1,0,0,1,0,0,1,0,0,0,1,0,0,0,0,7
Sp19_462,Sp19,pre,I consent.,1,4,1,3,4,2,20,Hispanic of any race,0,0,Transfer,Native,United States,"$65,000-84,999",Y,Unknown,,3.2,,,1120,480,540,530,7,1020,,,,,,,,,,,,,,,,,,,,,,1,1,0,1,1,0,1,0,1,1,1,0,0,1,0,0,0,1,1,0,0,0,0,0,11
Sp19_011,Sp19,pre,I consent.,1,4,2,5,5,3,20,Asian,0,0,Transfer,Naturalized,Unknown,"$85,000-104,999",N,80 - 84.9,82,3.16,,,1430,750,680,780,8,1430,,,,,,,,,,,,,,,,,,,,,,0,1,1,0,0,0,0,1,0,1,0,0,1,0,0,1,0,0,0,1,0,0,0,0,7
Sp19_512,Sp19,pre,I consent.,1,3,2,5,5,0,20,Hispanic of any race,1,0,Transfer,Native,United States,"$30,000-44,999",Y,Unknown,,2.7,2,,980,520,460,430,6,980,,,,,,,,,,,,,,,,,,,,,,0,0,1,0,0,0,0,0,1,0,0,0,0,0,0,1,0,1,0,1,0,0,0,0,5
Sp19_256,Sp19,pre,I consent.,1,4,1,5,5,3,20,White,1,1,Transfer,Native,United States,"$30,000-44,999",N,90 - 94.9,91,,,,1290,,,,,,,,,,,,,,,,,,,,,,,,,,,1,1,1,0,1,1,0,1,1,1,0,1,1,0,0,1,1,1,1,0,1,0,0,0,15
Sp19_040,Sp19,pre,I consent.,1,4,2,3,3,2,20,Asian,0,1,Other,Alien Permanent,Chi,NA,Y,90 - 94.9,92,,5,,1250,740,510,530,6,1250,,,,,,,,,,,,,,,,,,,,,,0,0,1,0,0,1,0,0,1,0,1,0,1,1,0,0,0,0,0,0,0,0,0,0,6
Sp19_437,Sp19,pre,I consent.,1,3,1,5,5,3,21,White,1,0,New,Native,United States,NA,Y,90 - 94.9,93,,4,,1250,650,600,490,6,1250,,,,,,,,,,,,,,,,,,,,,,1,0,0,1,0,0,0,1,1,0,0,1,0,1,0,0,1,0,0,1,1,1,0,1,11
Sp19_587,Sp19,pre,I consent.,2,5,2,0,0,0,28,Asian,1,1,Transfer,Alien Permanent,Chi,NA,,NA,,4,,,,,,,,,,,,,,,,,,,,,,,,,,,,,,0,0,1,1,0,0,1,0,0,0,1,0,0,0,0,1,0,0,0,1,0,0,0,0,6
Sp19_094,Sp19,pre,I consent.,2,5,1,5,5,0,20,Asian,1,0,New,Native,United States,NA,Y,90 - 94.9,91,,,,1330,740,590,670,8,1330,,,,,,,,,,,,,,,,,,,,,,1,0,0,1,1,0,0,1,1,1,0,1,1,0,0,1,1,1,1,1,1,1,1,0,16
Sp19_142,Sp19,pre,I consent.,2,4,1,5,5,1,21,Asian,1,0,New,Native,United States,NA,,95 - 100,97,,3,,1190,570,620,560,9,1190,,,,,,,,,,,,,,,,,,,,,,1,1,1,1,0,0,0,0,1,1,0,0,1,1,1,1,0,0,0,1,1,0,1,0,13
Sp19_467,Sp19,pre,I consent.,1,5,1,5,5,3,21,White,1,1,New,Native,United States,NA,N,95 - 100,99,,5,,1380,,,,,,,,,,,,,,,,,,,,,,,,,,,1,1,1,0,1,1,0,1,1,1,1,1,0,1,1,1,0,0,1,1,1,0,0,1,17
Sp19_327,Sp19,pre,I consent.,2,4,1,5,5,0,25,Asian,1,0,New,Naturalized,Unknown,NA,N,90 - 94.9,91,3.67,2.5,,1120,550,570,570,9,1120,,,,,,,,,,,,,,,,,,,,,,1,1,0,0,0,0,1,1,1,1,1,0,1,0,0,1,0,0,0,1,1,0,0,1,12
Sp19_641,Sp19,pre,I consent.,2,4,2,4,4,0,20,White,0,1,New,Naturalized,Unknown,NA,N,95 - 100,99,,2.5,,1190,610,580,570,9,1190,,,,,,,,,,,,,,,,,,,,,,1,0,0,1,0,0,0,0,0,1,0,0,1,0,1,1,0,0,0,1,0,0,0,0,7
Sp19_482,Sp19,pre,I consent.,1,5,1,3,3,3,21,Asian,0,0,New,Native,United States,NA,Y,95 - 100,95,,,,1560,,,,,,,,,,,,,,,,,,,,,,,,,,,1,1,1,1,1,0,1,1,1,1,1,1,1,1,1,1,0,1,1,1,1,0,1,1,21
Sp19_012,Sp19,pre,I consent.,2,5,1,2,3,3,20,Asian,1,0,New,Native,United States,"$185,000+",,90 - 94.9,93,,3,,1290,,,,,,,,,,,,,,,,,,,,,,,,,,,0,1,0,0,0,0,1,1,1,1,0,1,1,0,1,1,0,0,0,0,0,0,0,1,10
Sp19_042,Sp19,pre,I consent.,2,5,2,3,3,0,21,Asian,1,0,New,Undocumented Alien,Chi,NA,Y,90 - 94.9,93,,,,1320,700,520,490,8,1220,,,,,,,,,,,,,,,,,,,,,,1,0,1,0,1,0,0,1,1,1,1,0,1,1,1,1,0,1,0,1,0,0,0,0,13
Sp19_021,Sp19,pre,I consent.,1,5,2,4,4,3,21,Asian,1,1,New,Naturalized,Unknown,NA,Y,85 - 89.9,88,,7,,1390,760,630,670,10,1390,,,,,,,,,,,,,,,,,,,,,,1,1,0,1,1,1,0,0,1,1,0,1,1,1,1,1,0,1,0,1,0,1,0,1,16
Sp19_283,Sp19,pre,I consent.,1,4,2,3,4,2,21,Asian,1,1,New,Native,United States,NA,Y,95 - 100,96,,4,,1300,690,610,570,9,1300,,,,,,,,,,,,,,,,,,,,,,1,0,0,1,0,0,0,0,1,1,0,0,1,0,0,1,0,1,1,0,1,0,0,0,9
Sp19_458,Sp19,pre,I consent.,1,5,1,4,4,3,21,Asian,1,0,New,Native,United States,NA,N,95 - 100,99,,9,,1590,800,790,780,,1590,,,,,,,,,,,,,,,,,,,,,,1,1,1,0,1,1,1,1,1,1,1,1,1,1,1,1,1,1,1,1,1,1,1,1,23
Sp19_685,Sp19,pre,I consent.,2,5,1,5,3,2,21,Asian,0,1,Other,Alien Permanent,Chi,"$15,000-29,999",Y,95 - 100,95,3.46,,,1190,610,580,510,7,1190,,,,,,,,,,,,,,,,,,,,,,0,0,0,0,0,0,0,1,0,0,0,0,0,1,0,0,1,0,0,1,1,0,0,0,5
Sp19_055,Sp19,pre,I consent.,2,4,1,5,5,3,20,White,0,0,New,Native,United States,NA,Y,95 - 100,95,,4,,1260,650,610,610,10,1260,,,,,,,,,,,,,,,,,,,,,,0,0,0,1,0,0,0,0,0,1,0,0,1,0,0,1,0,1,0,1,0,0,0,0,6
Sp19_295,Sp19,pre,I consent.,1,4,1,5,5,2,20,White,0,0,Transfer,Native,United States,NA,Y,NA,,4,,,1140,630,510,520,6,1140,,,,,,,,,,,,,,,,,,,,,,1,0,1,0,1,0,0,1,1,1,0,1,1,1,0,1,0,0,1,1,1,0,0,0,13
Sp19_110,Sp19,pre,I consent.,2,5,1,,4,0,23,White,0,0,Transfer,Native,United States,"$185,000+",,85 - 89.9,88,3.4,2,,,,,,,,,,,,,,,,,,,,,,,,,,,,,1,1,0,1,0,0,0,0,0,1,0,0,0,0,0,1,0,1,0,0,0,0,0,0,6
Sp19_074,Sp19,pre,I consent.,1,4,1,3,3,2,20,White,1,0,Transfer,Native,United States,"$185,000+",N,85 - 89.9,85,3.56,,,1190,500,520,470,9,1020,,,,,,,,,,,,,,,,,,,,,,1,1,0,0,0,0,0,1,1,1,0,0,1,1,1,1,1,0,0,0,0,0,1,1,12
Sp19_681,Sp19,pre,I consent.,2,5,2,3,3,0,24,Black/African American,1,1,Transfer,Alien Permanent,Gha,"$15,000-29,999",,Unknown,,3.89,,,,,,,,,,,,,,,,,,,,,,,,,,,,,,0,0,1,0,1,0,0,0,0,0,0,0,0,1,1,0,0,0,0,1,1,1,0,0,7
Sp19_184,Sp19,pre,I consent.,2,4,2,,4,0,21,Hispanic of any race,0,1,Transfer,Native,United States,"$30,000-44,999",,85 - 89.9,89.4,3.12,,,980,500,480,500,10,980,,,,,,,,,,,,,,,,,,,,,,1,1,0,1,0,0,0,0,0,1,0,0,1,0,0,0,0,1,0,1,0,0,0,0,7
Sp19_343,Sp19,pre,I consent.,2,4,1,5,5,0,20,White,1,0,New,Native,United States,NA,N,95 - 100,99,,8,,1480,640,610,490,8,1250,,,,,,,,,,,,,,,,,,,,,,1,1,1,1,1,0,1,1,1,1,1,1,1,1,1,1,1,1,1,1,1,1,1,0,22
Sp19_008,Sp19,pre,I consent.,22,4,1,5,5,2,19,White,0,0,New,Native,United States,NA,N,95 - 100,95,,4,,,,,,,,,,,,,,,,,,,,,,,,,,,,,0,0,0,1,0,0,0,0,0,1,0,0,1,0,0,1,1,0,0,1,1,0,0,0,7
Sp19_229,Sp19,pre,I consent.,2,4,1,2,,0,19,White,0,1,New,Native,United States,NA,N,90 - 94.9,90,,,,,,,,,,,,,,,,,,,,,,,,,,,,,,,0,0,1,1,1,0,0,1,1,0,1,0,1,0,0,1,1,1,1,1,1,0,1,0,14
Sp19_376,Sp19,pre,I consent.,2,4,2,1,1,0,20,Asian,1,1,New,Alien Permanent,Chi,NA,,90 - 94.9,91,,5,1.5,1190,,,,,,,,,,,,,,,,,,,,,,,,,,,0,1,1,1,0,0,1,0,0,0,0,1,0,0,1,0,1,0,0,0,0,0,0,1,8
Sp19_544,Sp19,pre,I consent.,2,5,1,4,3,0,25,Hispanic of any race,1,0,Transfer,Alien Permanent,Brazil,"$85,000-104,999",,Unknown,,3.7,,,,,,,,,,,,,,,,,,,,,,,,,,,,,,1,1,1,1,1,0,0,0,1,0,0,1,1,1,0,0,0,0,0,0,0,1,0,0,10
Sp19_326,Sp19,pre,I consent.,22,4,1,3,3,0,19,Asian,1,1,New,Native,United States,"$30,000-44,999",,95 - 100,97,,,,,,,,,,,,,,,,,,,,,,,,,,,,,,,0,1,1,1,0,1,0,0,0,1,0,0,1,1,0,0,0,1,0,1,0,0,0,0,9
Sp19_478,Sp19,pre,I consent.,2,5,2,3,1,1,24,Asian,1,1,Transfer,Alien Permanent,"Korea, Republic of",NA,,95 - 100,95,3.49,,,,,,,,,,,,,,,,,,,,,,,,,,,,,,1,0,1,1,0,0,0,0,1,1,0,0,1,0,0,0,0,1,0,1,1,0,0,1,10
Sp19_298,Sp19,pre,I consent.,1,4,1,4,3,3,19,Hispanic of any race,1,1,New,Native,United States,NA,N,95 - 100,98,3.9,,,1350,,,,,,,,,,,,,,,,,,,,,,,,,,,1,1,1,1,1,0,0,1,1,1,1,1,0,1,0,1,1,1,1,1,1,1,1,1,20
Sp19_456,Sp19,pre,I consent.,1,4,1,5,5,3,19,White,0,0,New,Native,United States,"105,000-124,999",,95 - 100,95,,4,,1350,,,,,,,,,,,,,,,,,,,,,,,,,,,1,0,0,1,1,1,0,1,0,1,0,0,1,1,1,1,0,0,0,1,0,0,0,1,12
Sp19_477,Sp19,pre,I consent.,1,4,1,5,4,3,19,Asian,0,0,New,Native,United States,NA,N,95 - 100,99,,,,1520,,,,,,,,,,,,,,,,,,,,,,,,,,,1,1,0,1,1,1,0,0,1,1,0,0,0,1,1,1,0,0,0,1,0,0,0,0,11
Sp19_499,Sp19,pre,I consent.,3,3,1,5,5,1,19,White,1,0,New,Native,United States,NA,Y,95 - 100,99,,2,,1290,,,,,,,,,,,,,,,,,,,,,,,,,,,1,0,1,0,1,0,1,1,1,1,1,0,1,1,1,1,1,1,1,1,1,0,0,1,18
Sp19_630,Sp19,pre,I consent.,1,2,1,3,3,0,18,White,1,0,New,Native,United States,NA,N,85 - 89.9,89,,2,,1220,,,,,,,,,,,,,,,,,,,,,,,,,,,1,0,0,0,1,0,1,1,1,1,1,1,0,1,1,1,0,0,1,0,1,1,0,0,14
Sp19_451,Sp19,pre,I consent.,3,3,1,5,5,0,19,Black/African American,0,0,New,Native,United States,"$125,000-144,999",,85 - 89.9,88,,2,,,,,,,,,,,,,,,,,,,,,,,,,,,,,0,1,0,0,0,0,0,0,0,1,0,1,0,0,0,1,0,0,0,0,1,0,0,0,5
Sp19_034,Sp19,pre,I consent.,1,4,1,5,5,3,19,White,0,0,New,Native,United States,NA,Y,95 - 100,95,,6,,1180,610,570,560,8,1180,,,,,,,,,,,,,,,,,,,,,,1,1,0,1,1,0,0,1,1,1,1,0,0,1,0,1,1,1,1,1,1,1,1,0,17
Sp19_220,Sp19,pre,I consent.,1,3,1,4,4,2,18,White,0,0,Transfer,Native,United States,"$165,000-184,999",,95 - 100,97,4,,,,,,,,,,,,,,,,,,,,,,,,,,,,,,1,1,1,1,1,0,0,1,1,1,0,1,1,1,0,1,0,1,0,1,0,0,0,0,14
Sp19_182,Sp19,pre,I do not consent.,1,4,2,5,5,3,19,Hispanic of any race,0,0,New,Native,United States,NA,N,95 - 100,99,,4,,,,,,,,,,,,,,,,,,,,,,,,,,,,,1,1,1,1,1,1,1,1,1,1,1,1,0,1,1,1,1,1,1,0,1,1,1,1,22
Sp19_418,Sp19,pre,I consent.,2,5,1,4,4,0,22,Hispanic of any race,0,0,Transfer,Native,United States,NA,N,NA,,3.33,,4,,,,,,,,,,,,,,,,,,,,,,,,,,,,1,0,1,1,1,1,1,1,1,1,0,0,1,1,0,0,0,1,1,1,1,0,0,0,15
Sp19_455,Sp19,pre,I consent.,2,4,2,4,4,1,20,Asian,1,0,Transfer,Alien Temporary,India,"$30,000-44,999",,Unknown,,,7,2,,,,,,,,,,,,,,,,,,,,,,,,,,,,1,1,0,0,1,1,0,0,0,1,0,0,1,0,0,0,0,0,0,0,0,0,0,0,6
Sp19_528,Sp19,pre,I consent.,3,3,2,4,4,0,19,Hispanic of any race,1,0,Transfer,Native,United States,"$65,000-84,999",Y,Unknown,,3.01,,,1320,610,490,530,8,1100,,,,,,,,,,,,,,,,,,,,,,0,1,0,1,1,0,0,0,0,1,0,0,1,0,0,1,0,1,1,1,0,0,0,0,9
Sp19_604,Sp19,pre,I consent.,1,3,1,5,5,3,20,White,1,0,New,Native,United States,NA,N,90 - 94.9,93,,3,,1480,,,,,,,,,,,,,,,,,,,,,,,,,,,1,1,1,1,1,0,1,1,1,1,1,0,1,0,1,1,1,1,1,1,1,1,1,1,21
Sp19_355,Sp19,pre,I consent.,1,5,1,5,5,2,25,White,1,1,Transfer,Native,United States,NA,,NA,,3.6,,,,,,,,,,,,,,,,,,,,,,,,,,,,,,1,1,0,1,1,1,0,1,1,1,1,1,1,1,1,1,0,1,1,1,0,0,0,0,17
Sp19_148,Sp19,pre,I consent.,1,4,1,5,5,2,20,White,0,0,New,Native,United States,NA,N,95 - 100,99,,4,,1410,,,,,,,,,,,,,,,,,,,,,,,,,,,1,1,0,0,1,0,0,0,1,1,0,0,1,0,1,1,0,1,1,1,1,0,0,0,12
Sp19_410,Sp19,pre,I consent.,1,4,1,5,4,3,19,Hispanic of any race,0,0,Other,Native,United States,NA,N,90 - 94.9,94,,,,1150,630,520,590,9,1150,,,,,,,,,,,,,,,,,,,,,,1,0,1,0,1,0,1,1,1,1,0,0,1,1,1,1,0,1,0,1,1,0,0,0,14
Sp19_270,Sp19,pre,I do not consent.,1,3,1,3,3,3,19,White,0,0,New,Native,United States,NA,N,90 - 94.9,90,,4,,,,,,,,,,,,,,,,,,,,,,,,,,,,,1,1,0,1,0,0,0,1,1,0,0,0,1,0,0,1,0,1,0,0,1,0,0,0,9
Sp19_553,Sp19,pre,I consent.,1,3,1,5,5,0,19,Asian,1,1,New,Native,United States,NA,N,90 - 94.9,91,2.85,2.5,,1250,,,,,,,,,,,,,,,,,,,,,,,,,,,0,1,0,1,0,0,0,0,0,0,0,0,0,1,0,0,0,0,1,1,1,0,0,1,7
Sp19_057,Sp19,pre,I consent.,2,4,1,4,3,1,19,White,0,0,New,Native,United States,NA,N,90 - 94.9,92,,2,,,,,,,,,,,,,,,,,,,,,,,,,,,,,1,1,0,1,1,0,0,1,1,0,1,0,1,1,0,1,1,1,1,0,1,1,1,1,17
Sp19_260,Sp19,pre,I consent.,1,4,2,4,4,3,19,Asian,1,1,New,Native,United States,NA,N,90 - 94.9,94,,4,,1410,,,,,,,,,,,,,,,,,,,,,,,,,,,1,0,1,1,1,0,0,1,1,1,0,0,0,1,1,1,0,1,1,1,0,1,1,1,16
Sp19_200,Sp19,pre,I consent.,1,4,1,5,5,3,19,White,0,0,New,Native,United States,NA,N,95 - 100,99,,,,1440,,,,,,,,,,,,,,,,,,,,,,,,,,,1,1,1,1,1,0,0,0,1,0,1,1,0,1,0,1,0,0,1,0,1,0,1,0,13
Sp19_124,Sp19,pre,I consent.,2,4,2,3,3,0,19,White,0,0,Transfer,Native,United States,NA,N,NA,,3.16,,,1320,,,,,,,,,,,,,,,,,,,,,,,,,,,0,0,1,1,0,0,0,0,0,1,0,0,0,0,0,1,1,1,0,0,0,0,0,0,6
Sp19_096,Sp19,pre,I consent.,2,4,1,2,2,0,19,Asian,0,0,New,Native,United States,NA,N,90 - 94.9,91,,3,,1220,660,530,590,9,1190,,,,,,,,,,,,,,,,,,,,,,0,0,0,0,0,0,0,0,0,1,0,0,1,0,0,1,0,1,1,1,0,1,0,0,7
Sp19_468,Sp19,pre,I consent.,1,3,1,4,4,3,19,Asian,0,1,New,Native,United States,NA,Y,90 - 94.9,90,,4,,1410,680,630,610,8,1310,,,,,,,,,,,,,,,,,,,,,,1,1,1,0,1,1,1,1,1,1,1,0,1,1,1,1,0,1,1,1,1,1,1,1,21
Sp19_183,Sp19,pre,I consent.,1,4,1,5,5,3,19,Asian,1,1,New,Native,United States,"$0-14,999",,95 - 100,96,,,,,,,,,,,,,,,,,,,,,,,,,,,,,,,1,1,1,1,1,0,0,1,1,1,1,1,1,1,1,1,1,1,1,1,1,1,1,0,21
Sp19_329,Sp19,pre,I consent.,2,4,1,5,5,0,19,White,0,0,New,Native,United States,NA,N,95 - 100,99,,,,1310,660,650,630,7,1310,,,,,,,,,,,,,,,,,,,,,,1,1,0,1,1,0,0,1,1,1,1,1,1,1,1,1,0,1,1,1,1,0,1,1,19
Sp19_287,Sp19,pre,I consent.,1,4,2,3,3,3,20,Asian,0,1,New,Naturalized,Chi,NA,Y,90 - 94.9,92,,8,,,,,,,,,,,,,,,,,,,,,,,,,,,,,1,0,0,1,1,0,0,0,1,1,1,1,0,0,1,1,1,0,1,1,1,0,0,0,13
Sp19_099,Sp19,pre,I consent.,1,4,3,5,5,3,19,Asian,0,0,New,Naturalized,Unknown,NA,N,95 - 100,99,,,,1470,750,720,730,8,1470,,,,,,,,,,,,,,,,,,,,,,1,1,0,1,1,0,0,1,1,1,0,0,0,0,0,1,0,0,1,0,1,1,0,0,11
Sp19_309,Sp19,pre,I consent.,2,3,1,5,5,2,19,White,0,0,New,Native,United States,NA,N,95 - 100,95,,6,,1380,,,,,,,,,,,,,,,,,,,,,,,,,,,0,1,0,1,1,0,0,0,0,0,0,0,1,1,0,1,0,1,1,1,0,0,0,1,10
Sp19_150,Sp19,pre,I consent.,1,3,1,4,4,3,20,White,1,0,New,Native,United States,NA,N,90 - 94.9,93,,3,,,,,,,,,,,,,,,,,,,,,,,,,,,,,1,0,0,0,1,0,0,0,1,0,1,1,1,0,1,1,0,1,1,1,1,0,1,0,13
Sp19_533,Sp19,pre,I consent.,1,3,1,4,4,2,20,Hispanic of any race,1,0,Transfer,Native,United States,NA,N,NA,,3.33,,,1060,550,510,510,8,1060,,,,,,,,,,,,,,,,,,,,,,0,1,0,1,0,0,0,1,0,0,0,0,1,0,0,1,0,1,0,1,0,0,0,0,7
Sp19_223,Sp19,pre,I consent.,1,4,1,5,5,3,19,Asian,0,1,New,Native,United States,NA,Y,95 - 100,99,,7,,1320,650,670,590,8,1320,,,,,,,,,,,,,,,,,,,,,,1,1,0,1,1,0,0,0,1,1,0,0,1,0,0,1,0,1,1,1,0,0,0,1,12
Sp19_105,Sp19,pre,I consent.,1,3,2,4,,3,19,Asian,0,0,New,Alien Temporary,India,NA,N,85 - 89.9,87,,,,,,,,,,,,,,,,,,,,,,,,,,,,,,,0,0,0,1,0,0,0,0,0,1,0,0,1,0,0,1,0,1,0,0,0,1,0,0,6
Sp19_070,Sp19,pre,I consent.,1,4,1,4,4,3,20,White,1,0,New,Native,United States,NA,N,95 - 100,99,,9,,1320,,,,,,,,,,,,,,,,,,,,,,,,,,,1,1,1,1,1,0,0,0,1,1,0,0,1,1,1,1,0,1,1,1,1,1,1,1,18
Sp19_381,Sp19,pre,I consent.,1,4,1,4,4,3,19,White,1,0,New,Native,United States,NA,N,95 - 100,96,,,,,,,,,,,,,,,,,,,,,,,,,,,,,,,1,0,1,1,0,0,0,1,1,1,0,0,1,0,0,1,0,1,0,1,0,0,0,0,10
Sp19_054,Sp19,pre,I consent.,2,4,1,3,5,0,19,White,0,0,New,Native,United States,NA,Y,95 - 100,99,,4,,,,,,,,,,,,,,,,,,,,,,,,,,,,,1,1,1,0,1,0,0,1,1,1,0,0,1,1,0,1,0,1,0,1,0,0,0,0,12
Sp19_465,Sp19,pre,I consent.,1,4,1,5,3,3,19,Asian,1,1,New,Native,United States,NA,N,90 - 94.9,94,,4,,1380,,,,,,,,,,,,,,,,,,,,,,,,,,,0,0,1,0,1,0,0,1,1,1,0,1,1,0,0,1,0,1,1,1,1,1,1,1,15
Sp19_161,Sp19,pre,I consent.,2,4,1,5,5,2,19,Asian,0,0,New,Native,United States,NA,N,90 - 94.9,91,,4,,,,,,,,,,,,,,,,,,,,,,,,,,,,,0,0,0,1,0,0,0,1,0,1,0,1,0,1,0,0,0,1,0,1,0,0,0,0,7
Sp19_224,Sp19,pre,I consent.,1,4,1,5,4,3,20,White,1,0,New,Native,United States,NA,N,95 - 100,98,,,,1500,750,750,780,10,1500,,,,,,,,,,,,,,,,,,,,,,1,1,0,1,1,0,1,1,1,1,1,1,1,1,1,1,0,1,1,1,1,0,1,1,20
Sp19_624,Sp19,pre,I consent.,1,4,1,4,4,2,19,Asian,0,0,New,Native,United States,NA,N,95 - 100,95,,,,1220,570,610,510,9,1180,,,,,,,,,,,,,,,,,,,,,,1,0,1,1,0,1,0,1,1,1,0,0,1,1,1,1,0,1,0,1,0,0,0,0,13
Sp19_360,Sp19,pre,I consent.,2,4,1,4,4,0,19,Asian,1,0,New,Native,United States,NA,N,90 - 94.9,93,,,,1440,770,670,770,11,1440,,,,,,,,,,,,,,,,,,,,,,1,0,1,1,1,1,0,1,1,1,0,1,1,0,1,1,0,0,1,0,0,0,0,0,13
Sp19_116,Sp19,pre,I consent.,1,4,1,5,5,3,20,Black/African American,1,1,New,Native,United States,"$0-14,999",,90 - 94.9,90,,7,,1120,,,,,,,,,,,,,,,,,,,,,,,,,,,0,1,1,0,0,0,0,0,0,0,0,1,1,1,0,1,0,0,0,0,0,0,0,0,6
Sp19_591,Sp19,pre,I consent.,1,3,1,4,4,3,20,Asian,0,1,New,Native,United States,NA,Y,95 - 100,95,,7,,1250,660,590,470,6,1250,,,,,,,,,,,,,,,,,,,,,,0,1,0,0,1,0,0,1,0,1,0,1,0,1,0,1,0,0,0,0,0,0,0,0,7
Sp19_313,Sp19,pre,I consent.,1,4,1,5,5,3,19,White,1,0,New,Native,United States,NA,Y,90 - 94.9,93,,4,,1380,,,,,,,,,,,,,,,,,,,,,,,,,,,0,1,1,0,1,0,0,1,1,1,0,0,0,0,1,1,1,1,1,1,1,1,1,1,16
Sp19_141,Sp19,pre,I consent.,2,4,2,3,3,0,18,Asian,0,0,New,Alien Temporary,Chi,NA,N,90 - 94.9,91,,,3,,,,,,,,,,,,,,,,,,,,,,,,,,,,0,1,1,0,0,0,0,0,0,0,0,1,1,0,0,0,0,0,0,1,0,0,0,1,6
Sp19_570,Sp19,pre,I consent.,1,3,2,2,1,0,20,Asian,1,1,Transfer,Alien Permanent,Chi,"$0-14,999",,Unknown,,3.45,3,,,,,,,,,,,,,,,,,,,,,,,,,,,,,0,1,0,0,0,0,0,0,0,1,0,0,0,0,0,0,1,1,0,0,0,0,0,0,4
Sp19_596,Sp19,pre,I consent.,2,3,1,5,5,1,18,Asian,1,1,New,Native,United States,"$45,000-64,999",,90 - 94.9,92,,,,1290,700,590,590,,1290,,,,,,,,,,,,,,,,,,,,,,0,1,1,1,0,0,0,1,0,1,0,0,0,1,0,1,0,0,0,0,1,0,0,1,9
Sp19_423,Sp19,pre,I consent.,1,4,1,4,4,3,19,White,0,1,New,Native,United States,NA,N,90 - 94.9,92,,4,,1380,,,,,,,,,,,,,,,,,,,,,,,,,,,1,1,1,1,1,0,0,1,1,1,1,0,1,1,1,1,1,1,1,1,1,1,0,1,20
Sp19_131,Sp19,pre,I consent.,2,4,1,5,5,1,20,White,0,0,New,Native,United States,NA,N,95 - 100,99,,,,1520,670,750,750,11,1420,,,,,,,,,,,,,,,,,,,,,,1,1,1,1,1,0,0,1,1,1,1,0,1,1,1,1,0,1,1,1,1,0,1,0,18
Sp19_476,Sp19,pre,I consent.,1,4,1,4,4,3,19,Asian,0,0,New,Native,United States,NA,N,95 - 100,99,,,,1330,720,610,620,8,1330,,,,,,,,,,,,,,,,,,,,,,1,0,0,1,1,1,0,1,1,1,0,0,0,1,1,1,1,0,1,0,0,1,0,1,14
Sp19_213,Sp19,pre,I consent.,3,4,1,4,4,3,20,White,0,0,Other,Native,United States,NA,Y,95 - 100,98,,7,,1200,640,560,560,10,1200,,,,,,,,,,,,,,,,,,,,,,1,0,1,0,1,0,0,1,1,1,0,0,1,1,0,1,0,1,1,0,1,1,0,0,13
Sp19_281,Sp19,pre,I consent.,1,4,1,2,2,3,20,Asian,1,1,New,Native,United States,"$15,000-29,999",,95 - 100,99,,,3,,,,,,,,,,,,,,,,,,,,,,,,,,,,1,1,1,0,1,1,0,1,1,1,1,1,0,1,1,1,0,0,1,0,1,1,1,1,18
Sp19_117,Sp19,pre,I consent.,1,4,1,3,2,3,19,White,1,0,New,Native,United States,NA,N,90 - 94.9,92,,,,1440,,,,,,,,,,,,,,,,,,,,,,,,,,,1,1,1,0,1,0,1,1,1,0,1,1,1,1,0,1,0,1,1,0,1,1,1,1,18
Sp19_133,Sp19,pre,I consent.,1,4,1,5,5,3,19,Asian,1,0,New,Native,United States,NA,N,95 - 100,97,,6,,1350,,,,,,,,,,,,,,,,,,,,,,,,,,,1,0,1,0,1,0,1,1,1,1,0,0,0,1,1,1,1,1,1,1,1,1,1,1,18
Sp19_625,Sp19,pre,I consent.,1,3,1,4,4,3,20,,0,0,New,Native,United States,NA,Y,90 - 94.9,91,,2,,,,,,,,,,,,,,,,,,,,,,,,,,,,,1,1,0,0,0,0,0,0,0,0,0,1,0,0,1,1,0,0,0,1,1,0,0,1,8
Sp19_188,Sp19,pre,I consent.,1,4,1,5,4,3,19,White,1,0,New,Native,United States,NA,N,90 - 94.9,92,,,,1480,,,,,,,,,,,,,,,,,,,,,,,,,,,1,1,1,1,1,1,1,1,1,1,1,1,1,1,1,1,1,1,1,1,1,1,1,1,24
Sp19_230,Sp19,pre,I consent.,1,4,1,5,3,3,19,Asian,0,1,New,Native,United States,NA,Y,90 - 94.9,92,,4,,1400,680,720,560,8,1400,,,,,,,,,,,,,,,,,,,,,,0,1,0,1,1,0,0,1,1,1,0,0,1,0,1,1,0,1,1,0,1,0,1,0,13
Sp19_433,Sp19,pre,I consent.,1,4,1,4,3,3,20,White,0,0,New,Native,United States,NA,N,95 - 100,97,,,,1230,620,610,620,9,1230,,,,,,,,,,,,,,,,,,,,,,0,1,0,0,0,1,0,0,0,0,0,0,1,1,0,0,0,1,0,1,0,0,0,1,7
Sp19_639,Sp19,pre,I consent.,1,3,2,,4,3,19,White,0,0,New,Native,United States,NA,N,90 - 94.9,93,,3,,1250,,,,,,,,,,,,,,,,,,,,,,,,,,,0,1,1,0,0,1,0,0,0,0,0,1,0,0,1,1,0,0,0,0,1,0,0,1,8
Sp19_569,Sp19,pre,I consent.,1,4,2,2,2,3,19,Asian,0,1,New,Naturalized,Unknown,"$15,000-29,999",Y,90 - 94.9,92,,,,,,,,,,,,,,,,,,,,,,,,,,,,,,,1,1,0,0,1,1,0,1,0,1,1,1,0,1,0,0,1,0,0,0,1,1,1,1,14
Sp19_443,Sp19,pre,I consent.,1,4,1,5,5,3,19,Asian,0,1,New,Native,United States,NA,Y,90 - 94.9,94,,5,,1330,730,600,660,10,1330,,,,,,,,,,,,,,,,,,,,,,1,1,0,1,1,0,0,0,1,1,1,0,1,0,1,1,0,1,1,1,1,0,1,0,15
Sp19_047,Sp19,pre,I consent.,1,3,1,4,4,0,20,White,1,0,New,Native,United States,NA,Y,90 - 94.9,94,,3,,1250,,,,,,,,,,,,,,,,,,,,,,,,,,,0,1,1,1,0,0,0,1,0,1,0,0,1,0,1,0,0,0,0,0,0,0,0,1,8
Sp19_361,Sp19,pre,I consent.,1,4,1,3,3,3,19,Asian,1,1,New,Native,United States,"$15,000-29,999",,95 - 100,97,,,,,,,,,,,,,,,,,,,,,,,,,,,,,,,0,1,1,0,1,1,1,1,1,1,1,1,1,1,1,1,0,1,1,1,1,0,1,1,20
Sp19_126,Sp19,pre,I consent.,2,4,1,5,5,3,20,Hispanic of any race,0,0,New,Native,United States,NA,N,95 - 100,99,4,3,,,,,,,,,,,,,,,,,,,,,,,,,,,,,1,0,1,1,1,0,0,1,1,0,0,0,0,0,0,0,1,0,1,0,1,1,0,1,11
Sp19_294,Sp19,pre,I consent.,2,3,1,5,5,0,19,White,0,0,New,Native,United States,NA,Y,90 - 94.9,91,,2,3,1150,,,,,,,,,,,,,,,,,,,,,,,,,,,1,1,0,0,0,0,0,0,0,1,0,1,1,0,0,1,0,0,0,1,0,0,0,0,7
Sp19_419,Sp19,pre,I consent.,2,4,1,5,4,0,19,White,0,0,New,Native,United States,NA,N,95 - 100,99,,2.5,,1290,,,,,,,,,,,,,,,,,,,,,,,,,,,1,1,0,1,0,1,0,1,0,1,0,0,1,0,1,0,0,1,0,0,0,0,0,0,9
Sp19_123,Sp19,pre,I consent.,1,4,1,5,5,3,20,White,1,1,New,Native,United States,NA,Y,95 - 100,95,,,,,,,,,,,,,,,,,,,,,,,,,,,,,,,0,1,0,0,0,0,0,0,1,0,0,1,1,1,0,1,1,1,0,1,1,1,0,0,11
Sp19_102,Sp19,pre,I consent.,2,4,2,4,4,3,20,Asian,0,1,New,Alien Permanent,"Korea, Republic of",NA,N,95 - 100,97,,5,,1340,750,590,680,10,1340,,,,,,,,,,,,,,,,,,,,,,0,0,0,1,0,1,0,0,0,0,0,0,1,0,0,1,0,0,0,0,1,0,0,1,6
Sp19_013,Sp19,pre,I consent.,2,4,1,4,,0,19,Hispanic of any race,1,1,New,Native,United States,NA,Y,95 - 100,95,,3,,,,,,,,,,,,,,,,,,,,,,,,,,,,,0,1,0,1,1,0,1,0,1,0,0,1,1,0,0,1,1,0,1,0,0,1,0,1,12
Sp19_367,Sp19,pre,I consent.,3,3,3,3,2,2,19,Asian,0,1,Other,Naturalized,Unknown,"$0-14,999",,90 - 94.9,93,,7,2,,,,,,,,,,,,,,,,,,,,,,,,,,,,0,0,0,0,1,0,1,1,0,0,0,1,0,0,1,0,1,1,0,1,0,1,0,1,10
Sp19_202,Sp19,pre,I consent.,2,3,1,4,4,0,19,Hispanic of any race,0,1,New,Native,United States,NA,Y,90 - 94.9,91,,3,3,,,,,,,,,,,,,,,,,,,,,,,,,,,,1,0,0,0,0,0,0,0,1,1,0,0,0,0,0,1,0,1,0,0,1,0,0,0,6
Sp19_331,Sp19,pre,I consent.,1,4,1,5,5,3,19,White,0,0,New,Native,United States,NA,Y,95 - 100,99,,6,,1380,,,,,,,,,,,,,,,,,,,,,,,,,,,1,1,1,0,1,0,1,0,1,1,0,1,1,0,1,0,0,1,0,1,0,1,0,1,14
Sp19_658,Sp19,pre,I consent.,2,3,1,5,4,2,19,Black/African American,0,0,New,Native,United States,NA,Y,90 - 94.9,90,,3,,,,,,,,,,,,,,,,,,,,,,,,,,,,,0,1,1,1,0,1,0,0,0,1,0,0,1,0,0,1,0,0,0,0,0,0,0,0,7
Sp19_185,Sp19,pre,I consent.,2,4,1,4,4,0,20,White,0,0,Other,Native,United States,"$125,000-144,999",,90 - 94.9,92,3.65,,,1010,500,510,440,7,1010,,,,,,,,,,,,,,,,,,,,,,0,0,0,1,0,0,0,0,0,0,0,0,1,0,0,0,0,0,0,1,0,0,0,0,3
Sp19_397,Sp19,pre,I consent.,1,4,1,4,4,0,19,White,0,0,New,Native,United States,NA,N,95 - 100,96,,2.5,,1290,630,660,570,8,1290,,,,,,,,,,,,,,,,,,,,,,1,1,1,1,1,1,0,1,1,1,1,0,0,1,0,1,0,1,1,1,1,1,1,0,18
Sp19_684,Sp19,pre,I consent.,1,3,2,3,3,2,19,Hispanic of any race,0,1,Transfer,Native,United States,NA,Y,NA,,3.62,,,,,,,,,,,,,,,,,,,,,,,,,,,,,,0,0,0,1,0,0,0,0,0,0,0,0,1,0,0,1,0,1,0,1,0,0,0,0,5
Sp19_550,Sp19,pre,I consent.,1,4,2,4,4,2,19,Asian,0,1,New,Alien Permanent,Chi,NA,Y,95 - 100,97,,5,3,,,,,,,,,,,,,,,,,,,,,,,,,,,,1,0,1,1,1,0,0,1,1,1,0,0,0,0,1,1,0,1,0,0,1,1,1,0,13
Sp19_632,Sp19,pre,I consent.,3,3,1,4,4,1,19,Hispanic of any race,0,1,New,Native,United States,NA,Y,85 - 89.9,87,,2,3,,,,,,,,,,,,,,,,,,,,,,,,,,,,0,0,1,1,0,0,0,0,0,0,0,1,0,0,0,1,0,0,0,0,1,1,0,0,6
Sp19_336,Sp19,pre,I consent.,3,3,2,2,1,3,19,Asian,0,1,Other,Native,United States,NA,Y,90 - 94.9,94,,6,2,,,,,,,,,,,,,,,,,,,,,,,,,,,,0,1,0,1,0,0,0,0,0,0,0,0,1,0,0,1,0,1,1,1,1,0,0,0,8
Sp19_611,Sp19,pre,I consent.,2,4,1,5,5,1,20,White,1,0,New,Native,United States,NA,Y,85 - 89.9,87,2.85,3,,1290,,,,,,,,,,,,,,,,,,,,,,,,,,,1,1,0,0,0,0,1,1,0,1,0,0,0,0,1,1,0,0,0,1,0,1,0,0,9
Sp19_307,Sp19,pre,I consent.,1,4,2,4,4,3,19,Hispanic of any race,0,1,New,Alien Permanent,Dominican Republic,"$15,000-29,999",,95 - 100,97,,4,,,,,,,,,,,,,,,,,,,,,,,,,,,,,0,0,1,0,1,1,0,1,0,0,0,0,0,0,1,0,1,0,0,1,0,0,0,1,8
Sp19_163,Sp19,pre,I consent.,1,4,1,5,5,2,19,Asian,0,0,New,Native,United States,NA,N,95 - 100,95,,,,1440,,,,,,,,,,,,,,,,,,,,,,,,,,,1,1,1,0,1,0,0,1,1,1,0,1,0,0,1,1,0,0,1,1,0,0,1,0,13
Sp19_201,Sp19,pre,I consent.,1,3,2,4,3,2,19,Hispanic of any race,0,1,New,Native,United States,NA,Y,95 - 100,97,,3,,1230,640,590,610,8,1230,,,,,,,,,,,,,,,,,,,,,,1,1,1,1,1,0,0,0,1,1,0,0,0,0,1,1,0,1,1,0,1,0,0,0,12
Sp19_191,Sp19,pre,I consent.,1,4,1,5,5,2,19,White,1,0,New,Native,United States,NA,N,95 - 100,96,,,,1380,,,,,,,,,,,,,,,,,,,,,,,,,,,1,1,1,0,1,0,1,1,1,1,1,1,1,1,1,1,0,1,1,1,1,0,1,1,20
Sp19_471,Sp19,pre,I consent.,2,3,1,3,3,0,19,Black/African American,0,0,New,Native,United States,NA,N,95 - 100,95,,2,3,950,520,430,360,6,950,,,,,,,,,,,,,,,,,,,,,,0,0,0,0,0,0,0,0,0,1,0,0,0,0,0,1,0,0,0,0,1,0,0,0,3
Sp19_138,Sp19,pre,I consent.,1,3,2,2,3,2,20,Asian,1,0,New,Alien Temporary,Chi,NA,N,85 - 89.9,85,,4,1.5,,,,,,,,,,,,,,,,,,,,,,,,,,,,0,1,0,0,0,0,0,0,0,0,0,0,1,0,0,1,0,0,0,1,0,0,0,0,4
Sp19_234,Sp19,pre,I consent.,2,4,2,2,2,3,19,Asian,0,1,Other,Alien Permanent,Chi,"$15,000-29,999",,95 - 100,97,,,2,,,,,,,,,,,,,,,,,,,,,,,,,,,,0,1,0,0,0,1,0,1,1,1,1,0,0,1,1,1,1,1,0,1,1,1,0,0,14
Sp19_415,Sp19,pre,I consent.,1,4,2,3,3,3,19,White,0,1,New,Naturalized,Ukraine,NA,Y,95 - 100,99,,4,,,,,,,,,,,,,,,,,,,,,,,,,,,,,1,1,0,0,0,0,0,0,1,1,0,0,0,1,1,1,0,0,0,0,0,0,0,0,7
Sp19_457,Sp19,pre,I consent.,1,4,1,5,5,3,19,Asian,0,0,New,Native,United States,NA,N,90 - 94.9,93,,3,,,,,,,,,,,,,,,,,,,,,,,,,,,,,1,1,1,0,0,0,0,1,0,1,1,1,0,0,0,1,0,0,0,0,0,0,0,0,8
Sp19_035,Sp19,pre,I consent.,3,3,1,4,4,2,20,White,1,0,Other,Native,United States,NA,N,90 - 94.9,93,,3,,1170,630,540,540,9,1170,,,,,,,,,,,,,,,,,,,,,,1,1,0,1,0,0,0,0,0,1,0,0,1,0,1,1,0,0,0,1,0,0,0,1,9
Sp19_093,Sp19,pre,I consent.,2,4,2,,2,0,20,Asian,0,1,New,Alien Permanent,Chi,NA,Y,95 - 100,97,,,2,1250,710,540,490,8,1250,,,,,,,,,,,,,,,,,,,,,,0,1,0,1,0,0,0,0,0,0,0,0,0,0,1,0,1,0,0,1,0,0,0,0,5
Sp19_187,Sp19,pre,I consent.,1,4,1,5,5,3,19,White,1,0,New,Native,United States,NA,N,95 - 100,97,,3,,,,,,,,,,,,,,,,,,,,,,,,,,,,,1,0,1,0,1,0,1,1,1,0,0,1,1,1,1,1,1,0,1,1,0,1,0,0,15
Sp19_330,Sp19,pre,I consent.,1,4,1,5,5,3,19,Asian,0,0,New,Native,United States,NA,N,95 - 100,99,4,4,,1320,,,,,,,,,,,,,,,,,,,,,,,,,,,1,1,1,1,1,0,1,1,1,1,1,0,1,1,1,1,0,1,1,1,1,0,1,1,20
Sp19_067,Sp19,pre,I consent.,2,3,1,5,5,3,19,Black/African American,1,0,New,Native,United States,NA,N,90 - 94.9,94,,3,,,,,,,,,,,,,,,,,,,,,,,,,,,,,1,1,1,1,0,0,0,0,0,0,0,0,0,0,0,1,0,0,0,0,0,1,0,1,7
Sp19_345,Sp19,pre,I consent.,1,4,2,4,2,3,20,Asian,0,0,New,Alien Permanent,India,NA,N,90 - 94.9,94,,6,,1320,,,,,,,,,,,,,,,,,,,,,,,,,,,1,0,0,1,1,0,0,1,1,1,1,0,1,0,1,1,0,1,1,1,1,0,0,1,15
Sp19_097,Sp19,pre,I consent.,1,4,1,3,3,3,20,White,0,0,New,Native,United States,NA,N,95 - 100,99,,,,1350,,,,,,,,,,,,,,,,,,,,,,,,,,,1,1,1,0,1,0,0,1,1,1,1,0,1,1,1,1,0,1,1,0,1,0,1,1,17
Sp19_069,Sp19,pre,I consent.,1,5,1,5,5,3,19,White,1,0,New,Native,United States,NA,N,95 - 100,99,,6,,1350,,,,,,,,,,,,,,,,,,,,,,,,,,,1,1,0,0,0,1,0,1,1,1,0,1,0,1,0,1,0,0,0,0,0,1,0,0,10
Sp19_380,Sp19,pre,I consent.,1,4,2,5,5,3,19,White,0,0,New,Native,United States,NA,Y,95 - 100,99,,7,,,,,,,,,,,,,,,,,,,,,,,,,,,,,1,1,1,0,1,0,0,1,1,1,1,1,1,1,0,1,0,0,1,0,1,1,1,0,16
Sp19_005,Sp19,pre,I consent.,1,4,1,4,4,3,19,White,1,0,New,Native,United States,NA,N,95 - 100,99,,8,,1260,680,580,540,8,1260,,,,,,,,,,,,,,,,,,,,,,1,1,1,1,1,0,0,1,1,1,1,1,1,1,0,1,0,1,1,0,1,1,1,0,18
Sp19_024,Sp19,pre,I consent.,1,4,2,4,4,2,20,Hispanic of any race,0,1,New,Native,United States,NA,Y,95 - 100,95,,5,,,,,,,,,,,,,,,,,,,,,,,,,,,,,1,1,1,1,1,1,0,1,1,1,1,0,0,1,1,1,1,0,1,0,1,1,1,0,18
Sp19_426,Sp19,pre,I consent.,1,4,1,5,4,3,19,White,0,0,New,Native,United States,NA,N,95 - 100,98,,,,,,,,,,,,,,,,,,,,,,,,,,,,,,,1,1,1,0,1,0,0,1,1,1,1,1,0,1,1,1,1,1,1,0,0,0,1,1,17
Sp19_356,Sp19,pre,I consent.,1,4,1,5,4,2,19,Asian,1,1,Transfer,Native,United States,"105,000-124,999",Y,85 - 89.9,85,3.19,,,,,,,,,,,,,,,,,,,,,,,,,,,,,,0,1,1,1,0,0,0,0,1,0,0,0,0,0,1,0,0,0,0,0,0,0,0,0,5
Sp19_621,Sp19,pre,I consent.,1,4,1,5,4,2,20,Asian,0,0,New,Native,United States,NA,N,95 - 100,99,,7,,,,,,,,,,,,,,,,,,,,,,,,,,,,,1,1,0,0,1,0,0,0,1,0,0,0,1,0,1,0,0,1,1,1,1,0,0,0,10
Sp19_240,Sp19,pre,I consent.,3,4,1,5,4,3,19,Asian,1,0,Other,Native,United States,NA,Y,90 - 94.9,93,,,,,,,,,,,,,,,,,,,,,,,,,,,,,,,1,1,1,1,1,1,0,1,1,1,0,1,0,0,1,1,0,1,1,0,1,1,1,0,17
Sp19_119,Sp19,pre,I consent.,1,4,1,5,5,3,19,Asian,0,0,New,Native,United States,NA,N,95 - 100,99,,7,,1480,730,740,710,10,1470,,,,,,,,,,,,,,,,,,,,,,1,0,1,0,1,0,0,1,1,0,1,0,0,0,0,1,0,0,1,0,1,0,0,1,10
Sp19_285,Sp19,pre,I consent.,1,4,1,4,5,3,19,Asian,0,1,New,Native,United States,NA,Y,95 - 100,99,,7,,1440,,,,,,,,,,,,,,,,,,,,,,,,,,,1,1,0,0,1,0,1,1,1,1,0,1,1,1,1,1,1,1,1,1,1,0,1,0,18
Sp19_500,Sp19,pre,I consent.,3,3,1,4,,2,19,Black/African American,0,1,Other,Native,United States,"$0-14,999",,95 - 100,95,,4,4,,,,,,,,,,,,,,,,,,,,,,,,,,,,0,0,0,0,0,1,1,1,0,1,0,0,0,0,1,1,0,1,0,0,0,1,0,1,9
Sp19_441,Sp19,pre,I consent.,1,3,1,5,4,3,20,Asian,0,0,New,Native,United States,NA,N,95 - 100,97,,4,,,,,,,,,,,,,,,,,,,,,,,,,,,,,1,1,1,1,1,0,1,1,1,1,1,0,1,1,1,1,1,1,1,1,1,0,1,1,21
Sp19_128,Sp19,pre,I consent.,1,5,1,4,4,3,19,Asian,1,0,New,Native,United States,NA,N,95 - 100,96,,6,,1440,,,,,,,,,,,,,,,,,,,,,,,,,,,1,1,0,0,1,1,0,1,0,0,0,0,0,0,1,1,1,0,0,1,0,0,0,0,9
Sp19_106,Sp19,pre,I consent.,1,4,1,3,3,3,19,White,0,0,New,Native,United States,NA,Y,95 - 100,99,,,,,,,,,,,,,,,,,,,,,,,,,,,,,,,0,1,0,0,1,0,0,1,1,1,1,1,1,1,0,1,0,1,1,1,1,0,0,0,14
Sp19_463,Sp19,pre,I consent.,1,3,1,2,3,0,20,Hispanic of any race,1,1,Transfer,Native,United States,"$30,000-44,999",,Unknown,,3.6,2,,820,,,,,,,,,,,,,,,,,,,,,,,,,,,0,0,0,1,0,0,0,0,1,0,0,0,0,1,0,1,0,1,0,0,0,0,0,0,5
Sp19_394,Sp19,pre,I consent.,1,5,1,4,4,3,19,White,1,0,New,Native,United States,NA,N,95 - 100,99,,,,1430,690,740,690,12,1430,,,,,,,,,,,,,,,,,,,,,,0,1,1,0,1,1,0,1,1,1,0,1,0,1,1,0,1,0,0,1,1,1,0,0,14
Sp19_066,Sp19,pre,I consent.,1,4,1,4,4,3,19,Asian,0,0,New,Native,United States,NA,N,95 - 100,99,4,7,,1380,760,590,660,9,1350,,,,,,,,,,,,,,,,,,,,,,0,1,0,0,0,0,0,0,0,0,0,1,1,0,0,1,0,1,0,1,0,0,0,0,6
Sp19_491,Sp19,pre,I consent.,2,4,3,5,4,1,20,White,1,0,New,Native,United States,NA,N,90 - 94.9,94,,8,,1520,,,,,,,,,,,,,,,,,,,,,,,,,,,1,0,1,0,1,0,0,1,1,1,1,0,1,0,1,1,0,1,1,1,1,0,0,1,15
Sp19_530,Sp19,pre,I consent.,2,3,1,5,5,0,19,Hispanic of any race,1,0,New,Native,United States,NA,N,90 - 94.9,92,,3,,1380,,,,,,,,,,,,,,,,,,,,,,,,,,,1,0,0,1,0,0,1,0,1,1,0,0,1,0,0,0,0,1,0,1,0,0,0,0,8
Sp19_349,Sp19,pre,I consent.,1,3,1,4,4,3,19,Asian,1,0,New,Native,United States,NA,N,95 - 100,95,,6,,1180,660,520,630,9,1180,,,,,,,,,,,,,,,,,,,,,,1,1,0,0,1,1,0,0,1,0,1,0,1,0,0,0,0,0,1,1,0,0,0,0,9
Sp19_532,Sp19,pre,I consent.,1,5,1,4,3,2,21,White,0,0,Transfer,Native,United States,NA,Y,90 - 94.9,93,3.68,,,,,,,,,,,,,,,,,,,,,,,,,,,,,,0,1,0,0,0,0,0,0,1,1,0,1,0,1,1,1,0,1,1,0,0,0,1,0,10
Sp19_144,Sp19,pre,I consent.,1,4,1,5,5,3,20,Asian,0,1,New,Native,United States,NA,Y,95 - 100,98,3.91,4,,1320,,,,,,,,,,,,,,,,,,,,,,,,,,,1,0,1,1,0,1,0,1,0,1,0,0,1,1,1,1,0,1,0,1,0,0,0,0,12
Sp19_492,Sp19,pre,I consent.,1,3,2,4,4,2,19,Asian,1,1,New,Native,United States,NA,Y,95 - 100,99,,,,,,,,,,,,,,,,,,,,,,,,,,,,,,,0,1,0,1,0,0,0,0,1,1,0,1,1,0,0,1,0,1,1,1,1,0,0,0,11
Sp19_428,Sp19,pre,I consent.,22,4,1,5,5,0,20,Black/African American,0,1,New,Native,United States,NA,N,95 - 100,95,,3,,1200,610,590,610,8,1200,,,,,,,,,,,,,,,,,,,,,,1,1,1,0,1,0,1,1,1,1,0,0,1,0,1,1,0,1,0,0,1,0,0,1,14
Sp19_378,Sp19,pre,I consent.,1,3,2,4,3,3,19,Asian,0,1,New,Naturalized,Unknown,NA,Y,90 - 94.9,94,,5,,1440,,,,,,,,,,,,,,,,,,,,,,,,,,,0,1,0,1,0,0,0,1,1,1,0,0,0,1,0,1,0,1,1,0,1,1,1,0,12
Sp19_348,Sp19,pre,I consent.,1,4,1,2,2,3,19,Asian,1,1,New,Naturalized,Unknown,NA,Y,95 - 100,95,,4,,,,,,,,,,,,,,,,,,,,,,,,,,,,,0,1,0,0,0,0,0,0,0,1,0,0,0,0,1,1,1,1,0,0,1,1,0,0,8
Sp19_049,Sp19,pre,I consent.,2,4,1,5,5,0,19,White,0,0,New,Native,United States,NA,N,95 - 100,97,,8,,1490,730,760,750,8,1490,,,,,,,,,,,,,,,,,,,,,,0,0,0,1,1,0,0,1,1,1,1,0,1,1,0,1,0,1,1,1,1,1,1,0,15
Sp19_599,Sp19,pre,I consent.,1,3,1,4,4,2,19,White,1,0,New,Native,United States,NA,Y,95 - 100,95,,6,,1250,630,620,550,7,1250,,,,,,,,,,,,,,,,,,,,,,1,0,0,0,0,0,0,0,0,1,0,0,0,0,1,1,0,0,0,1,0,0,0,0,5
Sp19_082,Sp19,pre,I consent.,1,4,1,5,5,3,20,White,0,1,New,Native,United States,NA,N,95 - 100,98,,2.5,,,,,,,,,,,,,,,,,,,,,,,,,,,,,1,0,0,0,0,0,0,0,1,1,0,1,1,0,1,1,0,0,0,1,1,0,0,0,9
Sp19_387,Sp19,pre,I consent.,3,4,1,5,5,3,19,Black/African American,1,0,New,Naturalized,Unknown,NA,N,90 - 94.9,94,,3,,1350,,,,,,,,,,,,,,,,,,,,,,,,,,,0,1,1,0,1,0,0,1,1,1,0,0,1,0,0,0,1,0,0,0,0,0,0,0,8
Sp19_572,Sp19,pre,I consent.,2,3,1,5,5,0,19,Asian,0,0,New,Alien Temporary,India,NA,N,85 - 89.9,85,,,4,,,,,,,,,,,,,,,,,,,,,,,,,,,,1,1,0,1,1,0,0,0,1,1,0,0,1,0,1,1,0,1,0,1,1,0,0,0,12
Sp19_181,Sp19,pre,I consent.,1,3,1,5,4,3,21,Asian,0,0,New,Alien Temporary,Guya,NA,Y,90 - 94.9,90,,,,1130,550,580,460,8,1130,,,,,,,,,,,,,,,,,,,,,,1,0,1,1,0,0,0,1,1,1,0,0,1,1,0,1,0,1,1,0,0,0,0,1,12
Sp19_292,Sp19,pre,I consent.,1,4,2,4,4,3,19,Asian,1,1,New,Native,United States,NA,Y,95 - 100,95,,,,,,,,,,,,,,,,,,,,,,,,,,,,,,,1,0,1,0,1,1,0,0,0,1,0,1,0,1,0,0,0,0,0,0,1,1,0,0,9
Sp19_210,Sp19,pre,I consent.,1,4,1,5,5,3,19,Asian,0,1,New,Naturalized,Unknown,NA,N,95 - 100,98,,,,1380,680,610,670,9,1290,,,,,,,,,,,,,,,,,,,,,,1,1,1,0,1,0,0,1,1,1,0,0,1,1,0,1,0,1,1,1,1,1,0,0,15
Sp19_357,Sp19,pre,I consent.,1,3,1,3,3,3,19,,0,0,New,Native,United States,NA,N,95 - 100,99,,4,,1350,,,,,,,,,,,,,,,,,,,,,,,,,,,1,1,0,0,1,0,0,1,0,1,0,0,1,0,0,0,0,0,0,1,0,0,1,1,9
Sp19_140,Sp19,pre,I consent.,1,4,1,4,3,3,20,Asian,0,0,New,Native,United States,"$0-14,999",,90 - 94.9,93,,,,1410,,,,,,,,,,,,,,,,,,,,,,,,,,,0,0,1,0,1,1,1,1,1,1,1,0,0,1,1,1,0,1,1,0,1,1,1,1,17
Sp19_301,Sp19,pre,I consent.,1,4,1,4,4,3,19,Asian,0,1,New,Native,United States,NA,Y,90 - 94.9,92,,6,,,,,,,,,,,,,,,,,,,,,,,,,,,,,0,0,0,1,0,0,0,1,1,1,0,0,1,1,0,0,0,1,0,0,0,0,0,0,7
Sp19_574,Sp19,pre,I consent.,2,3,2,4,3,2,19,Asian,0,0,New,Alien Temporary,India,NA,N,90 - 94.9,92,3.33,4,,,,,,,,,,,,,,,,,,,,,,,,,,,,,1,0,0,1,1,0,1,1,1,1,0,1,1,0,1,1,0,0,1,1,0,0,0,0,13
Sp19_352,Sp19,pre,I consent.,1,4,1,5,5,3,19,Asian,0,1,New,Native,United States,NA,Y,90 - 94.9,91,,,,1250,,,,,,,,,,,,,,,,,,,,,,,,,,,1,1,1,1,0,0,0,0,0,0,0,0,1,0,0,0,0,1,0,1,0,0,0,0,7
Sp19_265,Sp19,pre,I consent.,2,4,2,5,4,1,19,,0,0,New,Undocumented Alien,Brazil,NA,Y,95 - 100,97,,4,,1380,,,,,,,,,,,,,,,,,,,,,,,,,,,1,1,0,1,1,0,0,1,1,1,1,1,1,0,0,1,0,1,1,1,1,0,0,0,15
Sp19_165,Sp19,pre,I consent.,1,4,1,5,5,3,19,Asian,0,1,New,Native,United States,NA,N,95 - 100,95,4,,,1250,,,,,,,,,,,,,,,,,,,,,,,,,,,1,1,1,0,1,0,0,1,1,1,1,0,1,1,0,1,0,1,1,0,1,0,0,0,14
Sp19_078,Sp19,pre,I consent.,1,4,1,5,4,3,19,White,0,0,New,Native,United States,NA,N,95 - 100,96,3.72,3,,1410,630,720,580,8,1350,,,,,,,,,,,,,,,,,,,,,,1,0,1,1,1,0,1,1,1,1,1,1,1,1,1,1,1,1,1,1,1,1,1,1,22
Sp19_190,Sp19,pre,I consent.,1,4,2,5,5,3,19,Asian,0,1,New,Native,United States,NA,N,95 - 100,99,,6,,,,,,,,,,,,,,,,,,,,,,,,,,,,,1,1,1,1,0,0,0,0,0,1,0,1,1,1,0,1,0,0,0,1,0,0,0,0,10
Sp19_275,Sp19,pre,I consent.,1,4,1,2,2,3,19,Asian,1,1,New,Native,United States,NA,Y,90 - 94.9,93,,8,,1350,,,,,,,,,,,,,,,,,,,,,,,,,,,0,1,0,0,0,0,0,1,1,1,0,0,0,1,1,0,1,0,0,0,0,1,1,1,10
Sp19_045,Sp19,pre,I consent.,1,4,1,4,4,3,20,White,1,0,Other,Native,United States,NA,N,95 - 100,99,,,,,,,,,,,,,,,,,,,,,,,,,,,,,,,1,1,1,0,1,1,0,1,1,1,1,0,0,1,1,1,1,0,1,0,1,1,1,0,17
Sp19_540,Sp19,pre,I consent.,1,3,1,5,5,0,19,Asian,1,0,New,Native,United States,NA,N,90 - 94.9,94,,2,,,,,,,,,,,,,,,,,,,,,,,,,,,,,0,1,0,0,0,0,0,1,0,1,0,0,0,0,1,0,1,0,1,1,1,0,0,0,8
Sp19_653,Sp19,pre,I consent.,1,3,1,5,5,3,19,,0,1,New,Native,United States,NA,N,95 - 100,95,,3,,1350,,,,,,,,,,,,,,,,,,,,,,,,,,,1,1,1,1,1,0,0,0,1,1,0,0,1,0,1,1,0,1,1,1,1,0,0,1,15
Sp19_519,Sp19,pre,I consent.,1,3,2,3,2,1,19,Asian,1,1,New,Native,United States,NA,Y,90 - 94.9,93,,4,3,,,,,,,,,,,,,,,,,,,,,,,,,,,,0,0,1,1,0,0,0,1,1,1,0,0,0,0,0,1,0,0,0,0,1,0,1,0,8
Sp19_425,Sp19,pre,I consent.,1,4,1,4,3,0,19,Hispanic of any race,1,0,New,Native,United States,NA,Y,95 - 100,97,,4,,1270,650,620,430,5,1270,,,,,,,,,,,,,,,,,,,,,,0,1,1,1,1,1,0,1,1,1,0,0,1,0,1,1,1,0,0,0,1,0,0,0,13
Sp19_521,Sp19,pre,I consent.,1,4,1,3,3,3,19,Asian,1,1,New,Native,United States,NA,Y,90 - 94.9,92,,7,,,,,,,,,,,,,,,,,,,,,,,,,,,,,1,0,1,1,0,0,0,1,1,1,0,0,1,1,0,0,0,0,0,1,1,0,0,0,10
Sp19_335,Sp19,pre,I consent.,1,3,1,4,4,3,19,Asian,0,0,New,Native,United States,NA,Y,85 - 89.9,89,,4,,1290,,,,,,,,,,,,,,,,,,,,,,,,,,,1,0,1,1,1,0,0,0,0,1,0,0,1,1,0,1,0,0,0,1,0,0,0,0,9
Sp19_442,Sp19,pre,I consent.,1,4,1,3,3,3,19,Asian,1,0,New,Native,United States,NA,N,95 - 100,97,,,,1350,660,580,620,9,1240,,,,,,,,,,,,,,,,,,,,,,0,0,1,1,0,1,0,0,0,1,0,0,1,1,0,1,0,0,0,0,0,1,1,1,10
Sp19_322,Sp19,pre,I consent.,1,4,1,5,5,3,19,Asian,1,1,New,Native,United States,NA,N,90 - 94.9,94,,4,,1380,,,,,,,,,,,,,,,,,,,,,,,,,,,1,1,0,0,1,1,0,1,1,1,0,0,1,0,1,1,0,1,0,1,1,1,0,1,15
Sp19_151,Sp19,pre,I consent.,1,4,1,5,5,3,19,Asian,0,0,New,Naturalized,Unknown,NA,N,95 - 100,99,,5,,,,,,,,,,,,,,,,,,,,,,,,,,,,,1,1,0,1,1,0,1,1,1,1,1,0,1,0,1,1,0,1,1,1,1,0,1,0,17
Sp19_561,Sp19,pre,I consent.,22,4,2,3,1,0,21,Asian,0,0,New,Alien Temporary,Chi,NA,N,95 - 100,97,,,,,,,,,,,,,,,,,,,,,,,,,,,,,,,0,1,1,0,1,0,0,1,1,1,0,0,1,0,0,1,0,0,1,1,0,0,0,0,10
Sp19_342,Sp19,pre,I consent.,1,3,2,2,2,2,21,Asian,1,1,New,Alien Permanent,Chi,NA,Y,95 - 100,96,,,2,,,,,,,,,,,,,,,,,,,,,,,,,,,,1,1,0,1,0,0,0,1,0,1,0,0,0,0,0,0,0,1,0,1,0,0,0,0,7
Sp19_485,Sp19,pre,I consent.,1,4,2,5,5,3,19,Asian,0,1,New,Native,United States,NA,Y,95 - 100,97,3.85,4,,1320,,,,,,,,,,,,,,,,,,,,,,,,,,,0,1,0,0,0,0,0,0,0,1,0,0,1,1,0,1,0,1,0,0,1,0,0,1,8
Sp19_252,Sp19,pre,I consent.,1,4,1,5,5,3,19,Asian,0,1,New,Native,United States,NA,N,95 - 100,97,,5,,1380,,,,,,,,,,,,,,,,,,,,,,,,,,,0,1,1,0,1,0,0,1,1,1,0,0,0,0,1,1,0,1,1,1,1,0,0,1,13
Sp19_198,Sp19,pre,I consent.,1,4,1,5,,3,19,White,0,0,New,Native,United States,NA,N,95 - 100,95,,4,,1410,,,,,,,,,,,,,,,,,,,,,,,,,,,1,1,1,1,1,0,0,1,1,1,1,1,1,0,0,1,1,1,1,1,1,1,1,1,20
Sp19_351,Sp19,pre,I consent.,2,4,2,4,4,2,19,White,0,1,New,Naturalized,Unknown,NA,N,90 - 94.9,91,,3,,1380,,,,,,,,,,,,,,,,,,,,,,,,,,,1,1,0,0,0,0,0,1,1,1,0,0,0,0,0,1,0,0,0,1,0,0,0,1,8
Sp19_475,Sp19,pre,I consent.,1,5,2,5,5,3,20,Asian,1,0,New,Naturalized,Unknown,NA,N,95 - 100,99,,,,1600,,,,,,,,,,,,,,,,,,,,,,,,,,,1,1,1,1,1,0,0,1,1,1,1,1,1,1,1,1,0,1,1,1,1,1,1,1,21
Sp19_590,Sp19,pre,I consent.,22,3,2,5,5,0,19,Asian,1,1,New,Native,United States,NA,Y,90 - 94.9,94,,,,,,,,,,,,,,,,,,,,,,,,,,,,,,,0,0,1,1,0,1,0,1,0,0,0,1,1,1,0,1,0,1,0,1,0,0,0,0,10
Sp19_253,Sp19,pre,I consent.,3,3,1,4,4,0,19,Hispanic of any race,1,1,New,Native,United States,NA,N,90 - 94.9,90,,3,,,,,,,,,,,,,,,,,,,,,,,,,,,,,0,0,0,0,0,0,0,0,1,0,0,0,1,0,0,0,0,1,0,1,0,0,0,0,4
Sp19_147,Sp19,pre,I consent.,1,4,2,4,,3,19,Asian,0,1,New,Naturalized,Unknown,NA,N,95 - 100,96,,8,,1350,750,600,700,9,1350,,,,,,,,,,,,,,,,,,,,,,0,1,0,1,1,0,0,1,0,0,0,1,0,0,0,0,1,0,0,1,0,1,0,0,8
Sp19_417,Sp19,pre,I consent.,1,4,2,4,3,3,19,Asian,0,1,New,Naturalized,Unknown,NA,Y,90 - 94.9,93,,,,,,,,,,,,,,,,,,,,,,,,,,,,,,,1,0,0,0,0,0,0,0,1,1,0,1,0,0,1,0,0,0,0,0,1,0,0,0,6
Sp19_448,Sp19,pre,I consent.,1,4,1,3,3,3,19,Asian,0,1,New,Native,United States,NA,N,95 - 100,99,,5,,,,,,,,,,,,,,,,,,,,,,,,,,,,,0,1,0,1,0,0,0,0,1,1,0,0,1,0,0,1,0,1,0,1,0,0,0,1,9
Sp19_061,Sp19,pre,I consent.,1,4,1,5,5,3,19,Asian,1,0,New,Native,United States,NA,N,90 - 94.9,93,,4,,,,,,,,,,,,,,,,,,,,,,,,,,,,,1,1,1,0,1,1,0,1,1,1,1,1,0,0,1,1,1,1,1,0,1,0,0,0,16
Sp19_003,Sp19,pre,I consent.,1,4,1,2,4,3,19,Asian,1,1,New,Native,United States,NA,Y,90 - 94.9,94,,8,,1380,710,640,640,8,1350,,,,,,,,,,,,,,,,,,,,,,1,0,0,1,1,0,0,1,1,1,0,1,0,1,1,1,0,1,1,1,1,0,1,1,16
Sp19_037,Sp19,pre,I consent.,1,5,1,5,5,3,19,Black/African American,0,0,New,Native,United States,NA,N,95 - 100,96,,3,,,,,,,,,,,,,,,,,,,,,,,,,,,,,1,0,0,0,1,1,1,1,1,1,0,0,0,0,1,1,0,1,1,1,0,0,0,0,12
Sp19_388,Sp19,pre,I consent.,1,4,2,3,3,3,20,Asian,0,1,New,Naturalized,Unknown,NA,N,95 - 100,95,,5,,1320,690,630,710,10,1320,,,,,,,,,,,,,,,,,,,,,,0,0,0,1,1,0,0,0,0,1,0,0,0,0,1,1,0,0,1,1,0,0,0,0,7
Sp19_422,Sp19,pre,I consent.,1,4,1,5,5,3,20,Asian,0,0,New,Naturalized,Philippines,NA,N,95 - 100,97,,4,,1380,,,,,,,,,,,,,,,,,,,,,,,,,,,0,0,1,1,1,1,0,0,1,1,1,0,0,0,0,1,0,0,1,1,0,0,1,1,12
Sp19_333,Sp19,pre,I consent.,2,4,2,4,4,1,19,Asian,0,1,New,Native,United States,NA,Y,90 - 94.9,92,,,,1350,,,,,,,,,,,,,,,,,,,,,,,,,,,0,1,0,0,0,0,0,0,0,0,0,0,0,1,0,1,0,1,0,0,0,0,0,0,4
Sp19_689,Sp19,pre,I consent.,1,3,1,5,5,2,19,Asian,1,1,New,Native,United States,NA,N,90 - 94.9,90,,5,,1510,740,770,680,10,1510,,,,,,,,,,,,,,,,,,,,,,1,1,0,0,1,0,0,1,1,1,1,1,0,0,0,1,1,0,1,1,1,1,1,0,15
Sp19_373,Sp19,pre,I consent.,1,3,1,3,3,3,19,White,0,0,New,Naturalized,Unknown,NA,Y,90 - 94.9,91,,,,1230,680,550,530,8,1230,,,,,,,,,,,,,,,,,,,,,,1,1,0,1,1,1,0,1,1,1,0,1,0,0,0,1,1,0,1,1,1,0,0,0,14
Sp19_486,Sp19,pre,I consent.,2,4,2,4,5,0,19,Asian,1,1,New,Naturalized,Chi,NA,Y,90 - 94.9,92,,7,,1330,770,560,640,8,1330,,,,,,,,,,,,,,,,,,,,,,0,0,0,0,0,0,0,0,0,1,0,0,1,1,0,1,1,1,0,1,1,1,0,1,10
Sp19_454,Sp19,pre,I consent.,1,4,1,4,4,3,19,Asian,0,0,New,Native,United States,NA,Y,90 - 94.9,94,,7,,1380,650,640,740,10,1290,,,,,,,,,,,,,,,,,,,,,,0,1,0,0,1,0,0,0,1,1,0,1,1,0,1,1,0,0,1,1,0,0,0,1,11
Sp19_466,Sp19,pre,I consent.,1,3,1,5,5,3,19,,0,1,New,Alien Permanent,United Kingdom,NA,Y,90 - 94.9,92,,5,,1300,660,640,600,8,1300,,,,,,,,,,,,,,,,,,,,,,1,0,1,1,1,0,0,1,1,1,0,0,1,1,1,1,1,1,1,0,1,1,1,0,17
Sp19_098,Sp19,pre,I consent.,1,3,2,5,5,3,19,Asian,0,1,New,Naturalized,Unknown,NA,N,85 - 89.9,89,,3,,1320,,,,,,,,,,,,,,,,,,,,,,,,,,,0,1,1,1,1,0,0,1,1,1,0,0,0,1,1,1,0,0,1,0,1,0,1,1,14
Sp19_299,Sp19,pre,I consent.,2,4,1,4,3,0,19,Asian,0,0,New,Native,United States,NA,N,90 - 94.9,92,,7,,1520,800,720,780,8,1520,,,,,,,,,,,,,,,,,,,,,,1,1,0,0,1,0,0,1,1,1,0,0,0,0,0,1,0,1,0,0,1,0,1,0,10
Sp19_077,Sp19,pre,I consent.,1,4,1,2,3,0,19,White,0,1,New,Native,United States,NA,Y,95 - 100,99,,8,,,,,,,,,,,,,,,,,,,,,,,,,,,,,0,0,0,1,0,0,0,0,1,1,0,0,1,1,1,1,0,1,0,1,0,0,0,0,9
Sp19_271,Sp19,pre,I consent.,1,3,1,4,4,3,19,Asian,0,1,New,Native,United States,NA,Y,95 - 100,97,,5,,1350,,,,,,,,,,,,,,,,,,,,,,,,,,,1,1,0,1,0,1,0,0,0,1,0,0,1,1,0,1,0,1,1,1,0,1,1,0,13
Sp19_178,Sp19,pre,I consent.,1,4,1,5,5,3,19,Hispanic of any race,0,1,New,Native,United States,NA,Y,95 - 100,99,,6,,,,,,,,,,,,,,,,,,,,,,,,,,,,,1,1,1,0,1,0,1,1,1,1,0,0,1,1,1,1,1,0,1,0,1,0,0,0,15
Sp19_648,Sp19,pre,I consent.,1,3,1,5,4,3,19,White,1,1,New,Naturalized,Egypt,NA,N,85 - 89.9,85,,4,3,1120,670,450,410,6,1120,,,,,,,,,,,,,,,,,,,,,,0,0,1,0,1,1,0,1,0,0,0,1,0,0,1,0,0,1,0,1,1,0,1,0,10
Sp19_255,Sp19,pre,I consent.,1,4,2,5,5,3,19,Hispanic of any race,0,1,New,Native,United States,NA,N,95 - 100,97,,4,,,,,,,,,,,,,,,,,,,,,,,,,,,,,0,1,1,0,1,0,0,1,0,1,0,0,0,0,1,1,0,1,0,0,0,0,0,0,8
Sp19_372,Sp19,pre,I consent.,1,3,1,3,3,2,19,Asian,0,1,New,Native,United States,NA,Y,90 - 94.9,93,,4,,,,,,,,,,,,,,,,,,,,,,,,,,,,,1,0,1,1,1,0,1,1,1,1,1,0,1,1,1,1,1,1,1,1,1,1,1,1,21
Sp19_644,Sp19,pre,I consent.,1,3,1,3,3,2,19,Asian,0,1,New,Native,United States,NA,Y,90 - 94.9,90,,5,,,,,,,,,,,,,,,,,,,,,,,,,,,,,1,0,0,0,0,0,0,0,0,0,0,0,1,0,0,1,0,1,0,0,1,0,0,0,5
Sp19_578,Sp19,pre,I consent.,1,3,1,3,3,0,19,Asian,1,0,New,Native,United States,NA,N,90 - 94.9,90,,,,1350,770,580,580,10,1350,,,,,,,,,,,,,,,,,,,,,,1,1,1,0,1,0,0,1,1,1,0,0,0,1,0,1,0,0,1,0,1,0,0,0,11
Sp19_231,Sp19,pre,I consent.,1,3,2,4,4,3,20,Asian,0,1,New,Naturalized,Unknown,NA,Y,90 - 94.9,93,,5,,,,,,,,,,,,,,,,,,,,,,,,,,,,,0,1,0,1,1,0,1,1,1,1,1,0,1,0,0,1,0,1,1,1,1,0,0,0,14
Sp19_493,Sp19,pre,I consent.,2,4,2,2,2,0,19,Asian,1,1,New,Naturalized,Unknown,NA,Y,90 - 94.9,93,,,,1260,710,550,490,8,1260,,,,,,,,,,,,,,,,,,,,,,0,0,1,1,0,0,0,0,0,1,0,1,1,0,0,0,0,1,0,1,0,0,0,0,7
Sp19_079,Sp19,pre,I consent.,3,3,1,2,2,0,20,White,1,1,New,Native,United States,NA,Y,90 - 94.9,90,,4,,,,,,,,,,,,,,,,,,,,,,,,,,,,,1,0,0,1,0,0,0,1,1,1,1,1,1,1,1,1,0,0,0,1,0,0,1,0,13
Sp19_328,Sp19,pre,I consent.,1,4,1,2,2,3,19,Hispanic of any race,1,0,New,Native,United States,NA,Y,95 - 100,97,,4,,1250,,,,,,,,,,,,,,,,,,,,,,,,,,,1,0,0,1,0,0,0,0,1,0,0,0,1,0,0,1,0,0,0,1,1,0,1,1,9
Sp19_579,Sp19,pre,I consent.,3,3,1,3,5,0,19,Asian,1,0,New,Native,United States,NA,Y,90 - 94.9,92,,,,,,,,,,,,,,,,,,,,,,,,,,,,,,,1,1,1,1,1,0,0,1,1,1,0,0,1,1,0,1,1,1,1,1,1,1,1,0,18
Sp19_269,Sp19,pre,I consent.,2,4,1,4,4,1,19,Asian,1,1,New,Native,United States,NA,Y,95 - 100,99,,7,,1410,600,620,660,10,1220,,,,,,,,,,,,,,,,,,,,,,1,1,0,0,0,0,0,0,1,1,0,0,1,0,0,1,0,1,0,1,0,0,0,0,8
Sp19_401,Sp19,pre,I consent.,1,4,1,4,5,2,19,White,1,1,New,Native,United States,NA,N,95 - 100,96,,,,1520,780,660,760,10,1440,,,,,,,,,,,,,,,,,,,,,,1,1,1,1,1,1,0,0,1,1,1,1,1,1,0,0,1,1,1,0,1,1,1,1,19
Sp19_039,Sp19,pre,I consent.,1,4,3,2,2,3,19,Asian,1,0,New,Native,United States,NA,N,90 - 94.9,94,,,,1410,,,,,,,,,,,,,,,,,,,,,,,,,,,1,1,0,0,0,1,0,1,1,0,0,0,1,0,1,1,0,1,0,1,1,0,0,1,12
Sp19_241,Sp19,pre,I consent.,2,3,2,1,1,0,20,Asian,0,1,New,Alien Permanent,Chi,NA,Y,85 - 89.9,86,,4,2,,,,,,,,,,,,,,,,,,,,,,,,,,,,0,1,0,1,0,0,0,1,1,0,0,0,0,1,0,0,0,0,0,0,0,0,0,1,6
Sp19_289,Sp19,pre,I consent.,2,3,2,4,4,0,20,Asian,0,1,Transfer,Native,United States,NA,Y,85 - 89.9,89,3.69,,,1200,670,530,550,8,1200,,,,,,,,,,,,,,,,,,,,,,0,0,0,0,0,1,0,0,0,1,0,0,0,0,0,1,0,1,1,1,0,0,0,0,6
Sp19_559,Sp19,pre,I consent.,2,4,1,4,4,0,19,Asian,1,1,New,Native,United States,NA,N,90 - 94.9,94,,,,1270,660,610,530,8,1270,,,,,,,,,,,,,,,,,,,,,,1,1,1,1,1,0,1,1,1,1,1,1,1,0,1,1,1,0,1,0,1,1,1,1,20
Sp19_071,Sp19,pre,I consent.,3,3,1,5,5,2,18,Black/African American,0,0,New,Native,United States,NA,N,90 - 94.9,90,,4,,1040,480,560,590,7,1040,,,,,,,,,,,,,,,,,,,,,,1,0,0,0,1,1,1,1,1,1,0,0,0,0,1,1,0,1,1,1,0,0,0,0,12
Sp19_111,Sp19,pre,I consent.,2,4,1,5,4,0,20,Asian,1,1,New,Native,United States,NA,Y,95 - 100,99,,,,,,,,,,,,,,,,,,,,,,,,,,,,,,,1,1,0,0,1,0,1,1,1,1,1,0,1,0,0,1,1,1,1,0,1,1,1,0,16
Sp19_236,Sp19,pre,I consent.,1,4,1,3,3,3,19,Asian,0,1,New,Native,United States,NA,Y,95 - 100,99,,8,,1280,670,610,700,10,1280,,,,,,,,,,,,,,,,,,,,,,1,1,1,1,0,0,0,0,0,1,0,0,1,0,1,1,0,0,0,1,0,0,0,0,9
Sp19_159,Sp19,pre,I consent.,1,4,1,5,5,3,19,Asian,0,0,New,Native,United States,NA,N,90 - 94.9,93,,4,,1410,,,,,,,,,,,,,,,,,,,,,,,,,,,0,1,1,1,0,0,0,0,0,1,0,0,1,0,0,1,0,1,0,0,0,0,0,0,7
Sp19_059,Sp19,pre,I consent.,1,4,1,5,5,3,19,White,1,0,New,Native,United States,NA,,90 - 94.9,92,,,,1410,,,,,,,,,,,,,,,,,,,,,,,,,,,1,0,1,1,1,0,0,1,1,1,0,1,1,1,1,1,0,0,1,1,1,1,1,0,17
Sp19_435,Sp19,pre,I consent.,2,3,1,4,4,0,19,White,1,0,New,Native,United States,"$45,000-64,999",,90 - 94.9,93,,3,,1290,,,,,,,,,,,,,,,,,,,,,,,,,,,0,1,0,1,0,0,0,0,1,1,0,1,1,1,1,1,0,1,0,1,1,0,0,0,12
Sp19_488,Sp19,pre,I consent.,1,4,2,3,2,3,20,Asian,0,1,New,Alien Permanent,Chi,NA,Y,95 - 100,96,,,3,,,,,,,,,,,,,,,,,,,,,,,,,,,,0,1,0,1,0,1,0,0,1,1,1,0,0,0,0,1,0,1,0,0,0,1,1,1,11
Sp19_379,Sp19,pre,I consent.,1,5,1,5,5,3,19,Asian,0,0,New,Native,United States,NA,N,95 - 100,99,,,,1520,720,750,770,8,1470,,,,,,,,,,,,,,,,,,,,,,1,1,1,1,1,1,0,1,1,1,1,1,1,0,1,1,1,1,1,1,1,0,1,0,20
Sp19_290,Sp19,pre,I consent.,1,4,1,4,4,3,19,Asian,0,0,New,Native,United States,NA,Y,95 - 100,98,,,,1000,540,460,490,8,1000,,,,,,,,,,,,,,,,,,,,,,1,1,0,0,1,0,1,1,1,1,1,0,1,1,1,1,1,0,0,0,0,0,0,1,14
Sp19_261,Sp19,pre,I consent.,2,5,1,5,5,0,21,White,0,0,Transfer,Native,United States,NA,,NA,,3.7,1,,,,,,,,,,,,,,,,,,,,,,,,,,,,,1,0,0,1,0,0,0,0,0,0,0,0,0,0,0,0,0,1,0,1,0,0,0,0,4
Sp19_052,Sp19,pre,I consent.,2,4,1,5,5,0,19,White,0,1,New,Native,United States,NA,N,95 - 100,99,,7,,1430,780,650,580,9,1430,,,,,,,,,,,,,,,,,,,,,,1,1,0,1,1,0,0,1,0,0,0,1,1,1,0,1,0,0,0,1,0,0,0,0,10
Sp19_431,Sp19,pre,I consent.,1,3,1,5,5,1,19,,0,0,New,Native,United States,NA,N,95 - 100,96,,4,,,,,,,,,,,,,,,,,,,,,,,,,,,,,1,1,1,0,1,0,1,1,1,0,1,1,1,0,1,1,0,0,1,0,1,0,1,0,15
Sp19_208,Sp19,pre,I consent.,1,2,2,4,3,0,19,Asian,0,1,Transfer,Naturalized,Unknown,NA,N,NA,,3.6,,,,,,,,,,,,,,,,,,,,,,,,,,,,,,0,1,0,0,0,0,0,0,0,0,0,1,1,1,0,0,0,1,0,0,0,1,0,0,6
Sp19_251,Sp19,pre,I consent.,1,4,2,5,5,2,19,Asian,0,1,New,Native,United States,NA,Y,95 - 100,99,,,,,,,,,,,,,,,,,,,,,,,,,,,,,,,0,1,0,1,1,0,0,1,1,1,1,1,1,0,1,0,0,0,1,1,1,0,1,0,14
Sp19_065,Sp19,pre,I consent.,1,4,1,5,4,3,19,White,0,1,New,Native,United States,NA,N,90 - 94.9,92,,5,,,,,,,,,,,,,,,,,,,,,,,,,,,,,1,1,0,0,1,0,0,1,1,1,0,1,1,0,0,1,0,0,1,0,0,0,0,0,10
Sp19_473,Sp19,pre,I consent.,1,5,1,5,5,3,18,Asian,0,0,New,Native,United States,NA,N,95 - 100,99,,,,1560,,,,,,,,,,,,,,,,,,,,,,,,,,,1,0,1,1,1,0,0,1,1,1,1,1,1,0,1,1,1,1,1,1,1,1,1,1,20
Sp19_369,Sp19,pre,I consent.,2,3,1,2,2,2,19,Asian,0,1,New,Native,United States,NA,Y,90 - 94.9,94,,5,,,,,,,,,,,,,,,,,,,,,,,,,,,,,0,1,0,0,0,0,0,0,1,1,0,0,1,0,1,1,0,0,0,0,0,0,0,0,6
Sp19_453,Sp19,pre,I consent.,1,4,1,4,4,3,19,Black/African American,1,0,New,Native,United States,NA,N,95 - 100,97,,,,,,,,,,,,,,,,,,,,,,,,,,,,,,,1,1,1,0,1,0,1,1,1,1,0,0,0,1,1,1,0,0,1,1,0,0,0,0,13
Sp19_205,Sp19,pre,I consent.,1,4,1,5,5,3,20,Black/African American,0,0,New,Native,United States,NA,N,90 - 94.9,91,3.54,,,,,,,,,,,,,,,,,,,,,,,,,,,,,,1,0,1,1,0,0,0,0,1,0,0,1,0,0,0,0,0,0,0,0,0,0,0,1,6
Sp19_374,Sp19,pre,I consent.,2,4,1,4,4,2,19,Asian,1,0,New,Native,United States,NA,N,90 - 94.9,92,,,,1440,,,,,,,,,,,,,,,,,,,,,,,,,,,0,1,1,0,1,0,0,1,1,1,0,1,1,0,0,1,0,0,1,1,1,0,0,0,12
Sp19_319,Sp19,pre,I consent.,22,4,1,3,3,0,19,Asian,0,1,New,Native,United States,NA,Y,95 - 100,99,,8,,1290,750,540,590,10,1290,,,,,,,,,,,,,,,,,,,,,,1,1,0,1,0,0,0,0,0,0,0,0,1,0,0,0,0,1,0,1,0,0,0,0,6
Sp19_383,Sp19,pre,I consent.,1,4,1,4,4,3,19,Asian,1,0,New,Native,United States,NA,N,90 - 94.9,94,,5,,1290,,,,,,,,,,,,,,,,,,,,,,,,,,,0,0,0,1,1,0,0,0,1,1,0,1,1,1,1,1,0,1,1,1,1,0,0,1,14
Sp19_527,Sp19,pre,I consent.,2,4,1,5,4,1,19,White,0,0,Transfer,Native,United States,NA,Y,95 - 100,96,,2,,,,,,,,,,,,,,,,,,,,,,,,,,,,,1,1,0,0,1,0,0,1,1,1,0,0,1,1,0,1,0,1,0,1,0,0,0,0,11
Sp19_687,Sp19,pre,I consent.,2,3,2,2,2,0,20,Asian,1,0,New,Alien Temporary,Chi,NA,Y,85 - 89.9,87,,,,,,,,,,,,,,,,,,,,,,,,,,,,,,,0,1,0,0,0,0,0,0,1,1,1,0,1,0,0,1,0,1,0,1,1,0,1,1,11
Sp19_259,Sp19,pre,I consent.,1,4,1,5,5,3,19,Asian,0,0,New,Native,United States,NA,Y,95 - 100,99,,5,,,,,,,,,,,,,,,,,,,,,,,,,,,,,1,1,1,0,1,0,0,1,1,1,0,1,1,0,0,1,1,1,0,1,0,1,0,0,14
Sp19_031,Sp19,pre,I consent.,2,4,1,4,4,3,19,Hispanic of any race,0,0,New,Native,United States,NA,N,95 - 100,98,,7,,,,,,,,,,,,,,,,,,,,,,,,,,,,,1,1,1,1,1,0,0,1,1,1,0,0,0,1,0,1,0,1,1,1,1,1,0,1,16
Sp19_310,Sp19,pre,I consent.,1,3,1,3,3,0,19,tive Hawaiian/Other Pacific Island,1,0,New,Undocumented Alien,Philippines,NA,Y,90 - 94.9,92,,2.5,,,,,,,,,,,,,,,,,,,,,,,,,,,,,0,0,1,0,0,1,1,0,0,1,1,0,1,0,1,1,0,0,0,1,1,0,1,0,11
Sp19_248,Sp19,pre,I consent.,1,3,1,5,5,3,19,White,1,1,New,Native,United States,NA,N,90 - 94.9,94,,7,,1250,700,550,620,7,1250,,,,,,,,,,,,,,,,,,,,,,1,1,1,0,0,0,0,1,1,1,0,0,1,0,1,1,0,1,0,1,0,1,0,0,12
Sp19_075,Sp19,pre,I consent.,1,4,1,5,5,3,19,Black/African American,0,0,New,Native,United States,NA,Y,95 - 100,97,,2.5,,,,,,,,,,,,,,,,,,,,,,,,,,,,,1,1,1,0,1,0,0,1,1,1,0,0,1,0,1,1,0,1,1,1,1,1,0,1,16
Sp19_438,Sp19,pre,I consent.,1,4,1,4,4,3,19,Asian,1,0,New,Native,United States,NA,N,95 - 100,99,,8,,1410,,,,,,,,,,,,,,,,,,,,,,,,,,,1,0,0,1,0,0,0,0,0,1,0,1,0,0,1,1,0,1,0,1,0,0,0,1,9
Sp19_588,Sp19,pre,I consent.,3,3,2,2,1,0,20,Asian,0,0,New,Alien Temporary,Chi,NA,Y,90 - 94.9,93,,,1.5,,,,,,,,,,,,,,,,,,,,,,,,,,,,0,0,0,0,0,0,0,0,1,0,0,1,1,0,0,1,0,0,0,1,0,0,0,0,5
Sp19_516,Sp19,pre,I consent.,1,3,1,4,4,2,19,White,0,1,New,Native,United States,"$0-14,999",,95 - 100,96,,3,,1320,,,,,,,,,,,,,,,,,,,,,,,,,,,1,0,1,1,1,0,0,1,1,1,0,0,1,0,0,1,0,0,1,0,0,0,0,0,10
Sp19_177,Sp19,pre,I consent.,2,5,2,5,5,3,19,White,0,0,New,Native,United States,NA,N,95 - 100,99,,5,,1380,,,,,,,,,,,,,,,,,,,,,,,,,,,1,1,0,1,1,0,0,1,1,1,0,0,1,1,1,1,1,1,1,1,1,1,1,1,19
Sp19_018,Sp19,pre,I consent.,1,4,1,2,2,2,19,Asian,1,0,New,Native,United States,NA,N,95 - 100,96,,8,,1520,,,,,,,,,,,,,,,,,,,,,,,,,,,0,1,0,1,1,0,0,0,0,1,0,0,1,0,0,1,0,1,0,1,1,0,0,0,9
Sp19_101,Sp19,pre,I consent.,1,4,2,5,4,2,19,Asian,0,1,New,Native,United States,NA,Y,95 - 100,96,,,,,,,,,,,,,,,,,,,,,,,,,,,,,,,1,0,1,1,1,0,0,1,1,1,0,0,1,1,1,0,0,0,1,0,1,0,0,0,12
Sp19_296,Sp19,pre,I consent.,1,5,1,5,5,3,19,White,1,0,Other,Native,United States,NA,Y,95 - 100,99,,9,,1480,,,,,,,,,,,,,,,,,,,,,,,,,,,1,0,1,1,1,0,0,1,1,1,1,1,0,0,1,1,0,1,1,1,1,1,1,1,18
Sp19_041,Sp19,pre,I consent.,1,4,1,4,3,3,20,Asian,1,1,New,Native,United States,NA,Y,95 - 100,99,,6,,1220,640,580,520,8,1220,,,,,,,,,,,,,,,,,,,,,,0,1,0,1,1,0,0,0,1,1,0,0,1,1,0,1,0,0,0,1,1,0,0,0,10
Sp19_541,Sp19,pre,I consent.,1,3,1,5,4,2,19,White,1,0,Transfer,Native,United States,NA,N,85 - 89.9,86,3.35,,,,,,,,,,,,,,,,,,,,,,,,,,,,,,1,1,1,0,1,0,0,1,1,1,0,1,1,0,1,1,0,1,0,1,1,0,0,0,14
Sp19_538,Sp19,pre,I consent.,2,3,2,3,4,0,19,Asian,1,0,New,Alien Temporary,Chi,NA,N,90 - 94.9,93,,,,,,,,,,,,,,,,,,,,,,,,,,,,,,,0,1,0,1,1,0,0,0,0,0,1,0,0,0,0,1,1,0,1,1,1,0,1,0,10
Sp19_390,Sp19,pre,I consent.,1,4,1,5,5,2,19,Hispanic of any race,0,0,New,Native,United States,NA,N,90 - 94.9,93,,3,,1250,,,,,,,,,,,,,,,,,,,,,,,,,,,0,0,0,0,0,0,0,0,0,0,0,0,1,0,0,1,0,0,0,1,0,0,0,0,3
Sp19_320,Sp19,pre,I consent.,1,4,2,2,2,3,19,Hispanic of any race,1,1,New,Native,United States,NA,N,95 - 100,99,,5,,,,,,,,,,,,,,,,,,,,,,,,,,,,,0,1,1,0,0,0,0,1,0,1,1,0,0,0,0,0,0,1,0,0,0,1,0,0,7
Sp19_334,Sp19,pre,I consent.,2,4,2,4,4,0,19,Asian,1,1,New,Native,United States,NA,Y,90 - 94.9,94,,,,1330,750,580,580,9,1330,,,,,,,,,,,,,,,,,,,,,,1,0,0,0,0,0,0,0,1,0,0,0,0,0,0,1,0,1,0,1,0,0,0,0,5
Sp19_100,Sp19,pre,I consent.,2,4,1,5,4,2,19,White,0,1,Transfer,Native,United States,"$15,000-29,999",N,Unknown,,3.4,,,1150,550,570,510,8,1120,,,,,,,,,,,,,,,,,,,,,,1,1,0,0,1,1,0,1,1,1,0,1,0,0,1,1,0,0,1,1,0,0,0,1,13
Sp19_004,Sp19,pre,I consent.,1,3,1,5,5,3,19,Black/African American,0,0,New,Native,United States,NA,N,90 - 94.9,93,,5,,,,,,,,,,,,,,,,,,,,,,,,,,,,,1,1,1,1,1,0,0,1,1,1,0,0,1,0,0,1,0,1,1,1,0,0,0,0,13
Sp19_386,Sp19,pre,I consent.,1,4,1,5,5,3,19,White,0,0,New,Native,United States,NA,Y,95 - 100,99,,6,,,,,,,,,,,,,,,,,,,,,,,,,,,,,0,0,0,1,0,1,0,1,0,1,0,1,1,0,1,1,0,1,0,1,1,0,0,1,12
Sp19_377,Sp19,pre,I consent.,1,4,1,3,3,3,19,,1,0,New,Native,United States,NA,N,90 - 94.9,94,,,,1560,750,720,650,8,1470,,,,,,,,,,,,,,,,,,,,,,1,1,1,1,1,0,0,1,1,1,1,1,1,1,1,1,1,1,1,1,1,1,1,1,22
Sp19_434,Sp19,pre,I consent.,1,4,1,5,5,3,19,White,0,0,New,Native,United States,NA,N,95 - 100,98,,,,1350,,,,,,,,,,,,,,,,,,,,,,,,,,,1,1,1,1,1,0,1,1,1,1,1,1,1,1,1,1,1,1,1,1,1,1,1,1,23
Sp19_534,Sp19,pre,I consent.,1,4,1,5,4,3,20,Hispanic of any race,0,0,New,Native,United States,NA,Y,95 - 100,97,,,,1410,,,,,,,,,,,,,,,,,,,,,,,,,,,1,1,1,0,1,0,0,1,1,1,1,0,0,1,1,1,1,0,1,0,1,1,1,1,17
Sp19_172,Sp19,pre,I consent.,1,4,1,5,5,3,20,White,1,0,New,Native,United States,NA,N,95 - 100,97,,,,1380,,,,,,,,,,,,,,,,,,,,,,,,,,,1,0,0,0,1,0,1,1,1,1,1,1,0,1,1,1,1,1,1,1,1,0,1,0,17
Sp19_402,Sp19,pre,I consent.,1,4,1,4,4,3,19,White,1,0,New,Native,United States,NA,N,90 - 94.9,94,,,,,,,,,,,,,,,,,,,,,,,,,,,,,,,1,1,1,1,1,1,1,1,1,1,1,1,1,1,0,0,0,0,0,1,1,1,1,1,19
Sp19_308,Sp19,pre,I consent.,2,4,1,5,5,0,19,Hispanic of any race,0,1,New,Native,United States,NA,Y,95 - 100,99,,,,,,,,,,,,,,,,,,,,,,,,,,,,,,,1,0,0,1,0,0,0,1,0,0,0,1,1,0,0,1,0,0,0,0,0,0,0,0,6
Sp19_103,Sp19,pre,I consent.,1,4,1,5,5,3,19,Asian,0,0,New,Naturalized,Unknown,NA,N,95 - 100,99,,,,1520,,,,,,,,,,,,,,,,,,,,,,,,,,,1,0,1,1,1,1,1,1,1,1,1,0,1,1,1,1,1,1,1,1,1,1,1,1,22
Sp19_325,Sp19,pre,I consent.,1,4,1,4,4,3,19,Hispanic of any race,1,0,New,Native,United States,NA,N,95 - 100,99,,5,,1560,,,,,,,,,,,,,,,,,,,,,,,,,,,1,1,1,1,1,1,0,1,1,1,1,1,1,1,1,1,0,0,1,1,1,0,1,1,20
Sp19_249,Sp19,pre,I consent.,1,4,1,4,4,3,19,,0,0,New,Native,United States,NA,N,95 - 100,96,,4,,1290,,,,,,,,,,,,,,,,,,,,,,,,,,,0,1,1,1,1,0,0,1,1,0,0,0,1,1,0,1,0,1,1,1,1,0,0,0,13
Sp19_160,Sp19,pre,I consent.,1,4,1,5,5,3,19,White,0,0,New,Native,United States,NA,Y,95 - 100,99,,,,1480,,,,,,,,,,,,,,,,,,,,,,,,,,,1,0,1,1,1,1,1,1,1,1,0,0,1,1,1,1,1,1,1,0,1,1,1,0,19
Sp19_025,Sp19,pre,I consent.,1,4,1,5,5,3,19,White,1,0,New,Native,United States,NA,N,95 - 100,99,,,,,,,,,,,,,,,,,,,,,,,,,,,,,,,1,1,1,0,1,0,1,1,1,1,1,0,0,1,1,1,1,0,1,1,1,1,1,1,19
Sp19_495,Sp19,pre,I consent.,2,4,1,5,5,0,19,Asian,1,0,New,Naturalized,Unknown,NA,N,90 - 94.9,94,,,,,,,,,,,,,,,,,,,,,,,,,,,,,,,1,1,1,1,0,0,1,1,1,1,1,1,0,1,0,1,0,1,1,1,1,1,1,1,19
Sp19_173,Sp19,pre,I consent.,1,4,2,5,5,3,19,Black/African American,1,0,New,Naturalized,Unknown,NA,N,95 - 100,99,,,,,,,,,,,,,,,,,,,,,,,,,,,,,,,1,1,1,1,0,0,0,1,1,1,0,0,1,1,1,1,1,1,0,1,1,1,1,1,18
Sp19_026,Sp19,pre,I consent.,2,4,1,5,5,0,19,White,1,0,New,Native,United States,NA,N,90 - 94.9,94,4,,,1480,620,670,630,8,1290,,,,,,,,,,,,,,,,,,,,,,1,1,1,0,1,0,1,1,1,1,1,1,1,1,1,1,1,1,1,0,1,1,1,1,21
Sp19_487,Sp19,pre,I consent.,1,4,2,4,4,3,20,Asian,0,0,New,Native,United States,NA,N,90 - 94.9,93,,5,,1380,690,600,530,7,1290,,,,,,,,,,,,,,,,,,,,,,1,0,0,0,1,0,0,1,1,1,1,0,1,0,1,1,0,1,1,1,1,0,1,0,14
Sp19_227,Sp19,pre,I consent.,1,4,1,4,3,3,19,Asian,0,1,New,Native,United States,NA,Y,95 - 100,99,,7,,1330,710,620,600,8,1330,,,,,,,,,,,,,,,,,,,,,,0,1,0,1,1,0,0,1,1,1,1,0,1,0,0,1,0,1,1,0,1,0,1,0,13
Sp19_409,Sp19,pre,I consent.,1,4,1,5,5,2,19,Asian,1,0,New,Native,United States,NA,N,90 - 94.9,93,,5,,1480,800,660,760,9,1460,,,,,,,,,,,,,,,,,,,,,,0,1,0,1,1,0,0,0,1,1,0,1,0,1,0,1,1,0,1,0,1,1,1,1,14
Sp19_484,Sp19,pre,I consent.,1,4,1,3,3,3,19,Asian,1,0,New,Native,United States,NA,N,90 - 94.9,94,,,,1560,,,,,,,,,,,,,,,,,,,,,,,,,,,1,1,1,1,1,1,1,1,1,1,1,1,1,0,1,1,1,1,1,1,1,1,1,1,23
Sp19_316,Sp19,pre,I consent.,1,4,2,4,4,3,19,Hispanic of any race,1,1,New,Naturalized,Unknown,NA,Y,95 - 100,99,,,,1290,,,,,,,,,,,,,,,,,,,,,,,,,,,1,1,1,0,1,0,0,1,1,1,0,1,0,1,0,1,0,0,1,1,1,1,0,0,14
Sp19_524,Sp19,pre,I consent.,2,4,2,4,3,2,19,Asian,0,0,New,Native,United States,NA,N,90 - 94.9,93,,4,,,,,,,,,,,,,,,,,,,,,,,,,,,,,1,1,1,1,1,0,0,1,1,1,0,0,1,1,1,1,0,1,1,0,0,1,1,0,16
Sp19_411,Sp19,pre,I consent.,1,5,1,5,5,3,22,White,1,0,Transfer,Native,United States,NA,,NA,,3.56,4,,,,,,,,,,,,,,,,,,,,,,,,,,,,,0,0,0,1,0,1,0,0,0,1,0,0,1,0,0,1,0,0,0,1,0,0,0,0,6
Sp19_137,Sp19,pre,I consent.,1,4,2,5,5,3,19,Asian,0,1,Other,Naturalized,Unknown,NA,Y,95 - 100,96,,,,1380,710,670,760,10,1380,,,,,,,,,,,,,,,,,,,,,,1,0,1,0,1,0,0,1,1,1,0,0,0,0,0,1,0,1,0,1,0,0,0,0,9
Sp19_134,Sp19,pre,I consent.,2,4,1,2,2,0,20,Asian,1,0,New,Native,United States,NA,N,95 - 100,96,,,,,,,,,,,,,,,,,,,,,,,,,,,,,,,1,1,1,0,1,0,1,1,1,1,1,1,1,1,1,1,1,1,1,0,0,0,0,0,17
Sp19_080,Sp19,pre,I consent.,1,3,1,5,5,3,19,Asian,1,0,New,Native,United States,NA,Y,85 - 89.9,88,,4,,1430,750,680,590,8,1430,,,,,,,,,,,,,,,,,,,,,,1,0,1,0,1,0,0,0,1,1,0,1,1,0,0,1,0,0,1,1,0,0,1,1,12
Sp19_108,Sp19,pre,I consent.,1,4,1,5,5,3,19,Asian,0,1,New,Alien Permanent,India,NA,N,95 - 100,99,,,,1440,,,,,,,,,,,,,,,,,,,,,,,,,,,1,1,1,0,1,0,0,1,1,1,1,1,1,1,1,1,1,1,1,1,1,0,1,0,19
Sp19_398,Sp19,pre,I consent.,1,4,1,5,4,3,19,Asian,0,0,New,Native,United States,NA,N,95 - 100,99,,,,,,,,,,,,,,,,,,,,,,,,,,,,,,,1,0,0,1,1,0,0,1,1,1,0,0,1,0,0,1,1,0,1,1,1,0,0,0,12
Sp19_421,Sp19,pre,I consent.,1,4,1,4,,3,19,Asian,0,1,New,Native,United States,NA,N,95 - 100,97,,4,,1480,,,,,,,,,,,,,,,,,,,,,,,,,,,0,1,1,1,1,0,0,1,1,1,1,0,0,1,0,1,0,0,1,1,0,0,1,0,13
Sp19_194,Sp19,pre,I consent.,2,4,1,4,3,3,19,Asian,1,0,New,Native,United States,NA,N,95 - 100,95,3.65,8,,1250,,,,,,,,,,,,,,,,,,,,,,,,,,,0,1,1,0,0,0,0,0,0,1,0,1,1,0,0,0,0,1,0,1,0,0,0,0,7
Sp19_384,Sp19,pre,I consent.,2,4,1,4,3,3,19,Asian,0,1,New,Native,United States,NA,Y,95 - 100,97,,6,,1380,730,650,780,9,1380,,,,,,,,,,,,,,,,,,,,,,1,1,1,0,1,0,1,1,0,1,0,0,1,1,0,1,0,1,1,0,0,0,0,0,12
Sp19_043,Sp19,pre,I consent.,1,4,2,3,2,3,19,Asian,0,1,New,Naturalized,"Taiwan, Province of Chi",NA,N,90 - 94.9,94,,5,,,,,,,,,,,,,,,,,,,,,,,,,,,,,1,1,1,1,1,0,0,1,1,1,1,0,1,1,1,1,1,1,1,1,1,1,1,1,21
Sp19_243,Sp19,pre,I consent.,1,4,2,5,5,3,20,Asian,1,1,New,Naturalized,Unknown,NA,Y,85 - 89.9,88,,,,1470,800,670,620,8,1470,,,,,,,,,,,,,,,,,,,,,,1,1,1,1,1,0,0,1,1,1,1,1,1,0,1,1,0,1,1,1,0,1,1,1,19
Sp19_286,Sp19,pre,I consent.,1,4,2,3,3,3,20,Asian,0,1,New,Naturalized,Unknown,NA,N,95 - 100,98,,5,,1190,640,550,620,8,1190,,,,,,,,,,,,,,,,,,,,,,0,1,0,1,0,0,0,0,1,1,0,0,1,0,1,1,0,1,0,1,1,0,0,0,10
Sp19_288,Sp19,pre,I consent.,1,4,2,4,2,3,20,Asian,0,1,New,Native,United States,NA,Y,90 - 94.9,94,,6,,1520,750,620,620,9,1370,,,,,,,,,,,,,,,,,,,,,,1,0,0,1,1,0,0,1,1,1,1,0,1,1,1,1,1,1,1,0,1,0,1,1,17
Sp19_371,Sp19,pre,I consent.,1,3,2,4,4,3,19,Asian,1,1,New,Native,United States,NA,N,90 - 94.9,91,,5,,,,,,,,,,,,,,,,,,,,,,,,,,,,,1,0,1,0,1,0,1,0,1,1,0,0,1,0,1,1,0,0,1,0,1,1,0,0,12
Sp19_563,Sp19,pre,I consent.,1,3,1,4,4,2,20,Asian,0,1,New,Native,United States,NA,Y,95 - 100,98,,7,,1250,,,,,,,,,,,,,,,,,,,,,,,,,,,1,1,1,0,0,0,0,0,0,0,0,0,0,0,0,1,0,1,0,0,1,0,0,1,7
Sp19_682,Sp19,pre,I consent.,1,2,1,5,5,2,19,Asian,1,1,New,Native,United States,NA,Y,90 - 94.9,94,,4,,,,,,,,,,,,,,,,,,,,,,,,,,,,,1,1,0,1,1,1,0,1,1,1,1,0,1,1,1,1,0,0,1,1,1,1,0,1,18
Sp19_233,Sp19,pre,I consent.,1,5,2,5,4,3,22,Asian,0,1,Transfer,Alien Permanent,Chi,"$0-14,999",,90 - 94.9,91,3.7,,,,,,,,,,,,,,,,,,,,,,,,,,,,,,1,0,0,0,1,1,0,0,1,0,0,0,0,0,0,1,0,0,0,0,1,0,1,0,7
Sp19_518,Sp19,pre,I consent.,1,3,1,5,4,3,19,Asian,0,0,New,Native,United States,NA,N,90 - 94.9,91,,5,,1290,,,,,,,,,,,,,,,,,,,,,,,,,,,1,0,0,0,1,0,1,1,0,1,1,0,1,1,1,1,0,0,0,1,0,0,0,0,11
Sp19_370,Sp19,pre,I consent.,2,5,2,3,2,0,21,Asian,1,1,Transfer,Naturalized,Chi,"$15,000-29,999",,85 - 89.9,88,3.56,,,,,,,,,,,,,,,,,,,,,,,,,,,,,,0,1,0,1,0,0,0,0,0,0,0,0,1,0,0,1,0,1,0,1,0,0,0,0,6
Sp19_038,Sp19,pre,I consent.,1,4,1,5,5,3,19,White,0,0,New,Native,United States,NA,N,95 - 100,99,,4,,1520,,,,,,,,,,,,,,,,,,,,,,,,,,,1,0,1,0,1,0,0,1,1,1,1,0,0,1,0,1,0,1,1,0,0,0,0,0,11
Sp19_245,Sp19,pre,I consent.,2,5,1,4,4,0,22,White,0,0,Transfer,Native,United States,NA,,90 - 94.9,90,3.2,3,,,,,,,,,,,,,,,,,,,,,,,,,,,,,0,1,0,1,0,0,0,1,0,1,0,0,0,1,0,1,0,1,0,1,0,0,0,0,8
Sp19_667,Sp19,pre,I consent.,2,5,1,3,3,1,20,White,1,0,Transfer,Native,United States,NA,,95 - 100,96,3.8,,,990,510,480,470,6,990,,,,,,,,,,,,,,,,,,,,,,0,1,1,1,0,0,0,0,0,0,0,0,0,1,0,0,1,0,1,0,1,0,0,0,7
Sp19_118,Sp19,pre,I consent.,2,5,1,5,5,0,21,White,0,0,Transfer,Native,United States,"$85,000-104,999",,90 - 94.9,93,3.09,3,,,,,,,,,,,,,,,,,,,,,,,,,,,,,0,1,0,0,1,0,0,0,1,1,0,0,0,0,0,0,0,0,0,1,1,0,0,0,6
Sp19_164,Sp19,pre,I consent.,2,5,2,2,2,0,23,Asian,0,0,Transfer,Alien Temporary,Japan,NA,Y,NA,,3.76,4,,,,,,,,,,,,,,,,,,,,,,,,,,,,,0,0,1,1,1,0,0,1,1,1,0,1,1,0,0,1,1,1,1,1,1,0,0,1,15
Sp19_203,Sp19,pre,I consent.,2,5,1,5,5,2,32,White,0,1,Transfer,Native,United States,"$30,000-44,999",,Unknown,,3.2,,,,,,,,,,,,,,,,,,,,,,,,,,,,,,0,0,1,0,1,0,0,1,1,1,0,0,0,0,0,0,0,1,1,1,1,0,0,0,9
Sp19_222,Sp19,pre,I consent.,1,4,2,1,0,3,21,Asian,0,0,Transfer,Alien Temporary,Chi,NA,N,NA,,3.92,,,,,,,,,,,,,,,,,,,,,,,,,,,,,,1,0,1,0,1,1,0,0,1,0,0,1,1,0,0,0,1,0,1,1,1,0,0,0,11
Sp19_655,Sp19,pre,I consent.,2,2,1,3,3,0,19,Black/African American,1,1,New,Alien Permanent,Jamaica,NA,N,90 - 94.9,93,,4,,,,,,,,,,,,,,,,,,,,,,,,,,,,,1,1,1,1,1,0,0,1,0,1,0,0,1,0,0,0,0,0,0,0,1,1,1,1,12
Sp19_577,Sp19,pre,I consent.,1,3,2,5,3,2,21,Asian,0,1,Transfer,Alien Permanent,Bangladesh,"$0-14,999",,Unknown,,2.97,,,,,,,,,,,,,,,,,,,,,,,,,,,,,,0,0,0,1,0,0,0,0,0,0,0,0,0,0,0,1,0,1,0,0,0,0,0,0,3
Sp19_560,Sp19,pre,I consent.,3,3,2,0,0,0,21,Asian,1,0,New,Alien Temporary,Chi,NA,N,80 - 84.9,82,,5,3,,,,,,,,,,,,,,,,,,,,,,,,,,,,1,0,1,0,1,1,0,1,1,1,1,0,0,1,1,1,1,0,1,1,1,1,1,0,17
Sp19_510,Sp19,pre,I consent.,2,4,2,5,4,0,21,Hispanic of any race,0,1,Transfer,Alien Permanent,El Salvador,"$15,000-29,999",,Unknown,,2.9,,,,,,,,,,,,,,,,,,,,,,,,,,,,,,1,0,0,0,1,0,0,1,1,1,0,0,0,1,0,0,0,1,1,1,1,0,0,1,11
Sp19_358,Sp19,pre,I consent.,1,3,1,3,3,2,23,Asian,1,1,Transfer,Native,United States,"$15,000-29,999",,Unknown,,2.89,,,950,490,400,420,8,890,,,,,,,,,,,,,,,,,,,,,,0,0,0,1,0,0,0,0,1,1,0,0,1,1,0,0,0,0,0,0,0,0,0,0,5
Sp19_073,Sp19,pre,I consent.,2,4,2,2,3,0,24,Hispanic of any race,0,1,Transfer,Native,United States,"$30,000-44,999",,Unknown,,3.1,,,,,,,,,,,,,,,,,,,,,,,,,,,,,,1,1,1,1,0,1,0,0,0,1,0,0,0,1,0,0,0,1,0,1,0,0,0,0,9
Sp19_612,Sp19,pre,I consent.,1,3,2,4,4,0,20,Hispanic of any race,1,0,New,Alien Temporary,Mexico,NA,N,90 - 94.9,90,,,,,,,,,,,,,,,,,,,,,,,,,,,,,,,0,1,0,0,0,1,0,0,0,0,0,1,0,0,0,1,0,1,0,0,0,0,0,0,5
Sp19_211,Sp19,pre,I consent.,1,5,1,4,4,3,20,White,0,0,Transfer,Native,United States,NA,,NA,,3.5,,,,,,,,,,,,,,,,,,,,,,,,,,,,,,0,1,1,1,1,0,0,1,1,1,1,1,0,1,0,1,0,1,0,0,0,1,0,0,13
Sp19_670,Sp19,pre,I consent.,2,3,1,4,5,0,27,White,0,1,Transfer,Native,United States,NA,,NA,,3.2,1,,,,,,,,,,,,,,,,,,,,,,,,,,,,,0,1,0,1,0,0,0,0,0,1,0,1,1,0,0,0,0,1,1,0,0,0,0,0,7
Sp19_464,Sp19,pre,I consent.,1,5,1,4,4,3,21,Hispanic of any race,0,1,Transfer,Native,United States,"$45,000-64,999",,95 - 100,97,3.8,,,,,,,,,,,,,,,,,,,,,,,,,,,,,,1,1,1,0,1,1,0,1,1,1,1,0,1,1,1,1,0,1,1,1,0,0,1,0,17
Sp19_554,Sp19,pre,I consent.,2,4,2,3,2,0,21,Asian,1,1,Transfer,Alien Permanent,Chi,"$0-14,999",Y,Unknown,,3.8,,,,,,,,,,,,,,,,,,,,,,,,,,,,,,0,0,0,0,0,1,0,0,0,0,0,1,1,0,0,0,0,0,0,1,0,0,0,0,4
Sp19_573,Sp19,pre,I consent.,1,3,1,5,5,0,18,Asian,1,0,New,Native,United States,NA,N,90 - 94.9,91.1,,5,,1320,,,,,,,,,,,,,,,,,,,,,,,,,,,1,1,0,0,1,1,0,0,0,0,0,1,1,0,1,0,0,1,0,0,0,0,0,0,8
Sp19_109,Sp19,pre,I consent.,1,3,1,5,5,2,18,White,1,0,Transfer,Native,United States,"$185,000+",,95 - 100,95,,,,1380,,,,,,,,,,,,,,,,,,,,,,,,,,,1,0,1,1,1,0,0,0,1,1,1,1,0,0,0,0,0,0,1,0,1,1,1,0,12
Sp19_023,Sp19,pre,I consent.,3,2,1,5,3,0,18,White,0,0,New,Native,United States,NA,,90 - 94.9,93,,3,3,,,,,,,,,,,,,,,,,,,,,,,,,,,,0,1,1,1,0,1,0,0,0,1,0,0,0,0,0,1,0,0,0,0,0,0,0,0,6
Sp19_246,Sp19,pre,I consent.,3,3,1,5,5,0,19,White,0,0,New,Native,United States,NA,N,95 - 100,97,,4,4,,,,,,,,,,,,,,,,,,,,,,,,,,,,1,1,0,0,1,1,0,1,0,1,0,0,1,1,1,1,0,1,1,0,1,0,0,1,14
Sp19_513,Sp19,pre,I consent.,2,2,1,5,5,1,18,White,0,0,Other,Native,United States,NA,N,90 - 94.9,93,,2,,,,,,,,,,,,,,,,,,,,,,,,,,,,,1,1,1,0,1,0,0,1,0,0,0,0,0,0,0,0,0,1,1,0,0,0,0,0,7
Sp19_189,Sp19,pre,I consent.,2,3,1,5,4,0,18,White,1,0,New,Native,United States,NA,N,90 - 94.9,94,,,,,,,,,,,,,,,,,,,,,,,,,,,,,,,0,1,0,0,0,0,0,0,1,1,0,0,0,1,0,1,0,1,0,0,0,0,0,1,7
Sp19_634,Sp19,pre,I consent.,1,3,1,4,3,1,18,White,0,0,New,Native,United States,NA,N,90 - 94.9,92,4,2,,1250,,,,,,,,,,,,,,,,,,,,,,,,,,,1,0,1,1,1,0,0,0,1,0,0,0,1,1,1,1,0,1,1,0,0,0,0,0,11
Sp19_557,Sp19,pre,I consent.,1,3,1,5,5,2,18,White,0,0,New,Native,United States,NA,Y,95 - 100,99,3.92,3,,,,,,,,,,,,,,,,,,,,,,,,,,,,,1,1,1,0,1,0,1,1,1,1,0,0,1,1,1,1,0,1,1,1,1,1,1,0,18
Sp19_496,Sp19,pre,I consent.,1,3,1,2,1,0,19,Asian,1,1,New,Naturalized,Pakistan,NA,N,95 - 100,95,,4,,,,,,,,,,,,,,,,,,,,,,,,,,,,,1,0,0,0,0,0,0,0,1,1,0,0,0,0,0,1,1,0,1,0,1,1,0,0,8
Sp19_221,Sp19,pre,I consent.,2,5,2,2,1,2,24,Hispanic of any race,1,1,Other,Native,United States,NA,,NA,,2.84,1,,,,,,,,,,,,,,,,,,,,,,,,,,,,,0,1,0,1,0,0,0,0,0,0,0,0,1,0,0,1,0,0,0,0,0,0,0,0,4
Sp19_497,Sp19,pre,I consent.,1,2,2,4,4,1,18,Asian,1,1,New,Naturalized,Unknown,NA,Y,85 - 89.9,88,,5,,,,,,,,,,,,,,,,,,,,,,,,,,,,,1,0,1,1,1,0,0,1,1,1,1,1,1,1,0,1,1,1,1,1,1,0,1,1,19
Sp19_584,Sp19,pre,I consent.,2,2,2,4,3,0,18,Asian,0,0,New,Alien Permanent,Malaysia,NA,N,90 - 94.9,92,,2,3,,,,,,,,,,,,,,,,,,,,,,,,,,,,1,0,0,0,1,0,0,0,1,1,0,0,0,1,0,1,0,1,0,1,0,1,0,0,9
Sp19_304,Sp19,pre,I consent.,1,4,1,3,2,2,20,White,0,1,Transfer,Native,United States,"$45,000-64,999",,Unknown,,2.4,,,,,,,,,,,,,,,,,,,,,,,,,,,,,,0,0,0,0,0,0,0,1,0,1,0,0,1,0,0,1,0,0,0,0,0,0,0,0,4
Sp19_605,Sp19,pre,I consent.,1,3,1,5,3,2,18,White,0,0,New,Native,United States,NA,N,95 - 100,98,,4,,1290,,,,,,,,,,,,,,,,,,,,,,,,,,,0,0,0,0,1,0,0,0,0,1,0,0,1,0,0,1,0,1,0,0,1,0,0,0,6
Sp19_600,Sp19,pre,I consent.,1,2,1,5,5,1,19,White,0,0,New,Native,United States,NA,N,85 - 89.9,89,,4,,,,,,,,,,,,,,,,,,,,,,,,,,,,,1,0,1,1,1,0,0,1,1,1,0,1,1,1,0,1,1,1,1,1,1,0,1,0,17
Sp19_580,Sp19,pre,I consent.,2,3,1,3,2,0,18,Asian,1,0,New,Native,United States,NA,N,95 - 100,97,,8,,1380,,,,,,,,,,,,,,,,,,,,,,,,,,,1,1,1,0,0,1,0,0,0,0,0,1,0,0,1,1,0,0,0,0,0,0,0,0,7
Sp19_506,Sp19,pre,I consent.,1,3,1,4,4,2,18,Asian,0,0,New,Native,United States,NA,N,95 - 100,99,,,,1520,,,,,,,,,,,,,,,,,,,,,,,,,,,0,0,1,1,1,0,0,1,0,1,0,1,1,1,1,1,0,1,1,0,1,0,1,1,15
Sp19_284,Sp19,pre,I consent.,2,3,2,4,4,0,18,Asian,1,1,New,Native,United States,NA,N,90 - 94.9,93,,5,,1380,,,,,,,,,,,,,,,,,,,,,,,,,,,1,1,0,0,1,0,0,0,1,1,0,1,1,0,0,1,0,0,0,1,0,0,0,0,9
Sp19_107,Sp19,pre,I consent.,2,2,1,3,3,0,19,tive Hawaiian/Other Pacific Island,0,0,New,Native,United States,NA,Y,90 - 94.9,94,,3,4,,,,,,,,,,,,,,,,,,,,,,,,,,,,0,0,1,0,0,1,0,0,0,1,0,0,1,0,0,1,0,1,0,0,0,0,0,0,6
Sp19_593,Sp19,pre,I consent.,3,4,2,1,1,0,20,Asian,0,0,Transfer,Alien Permanent,"Taiwan, Province of Chi","$85,000-104,999",,Unknown,,,5,3,,,,,,,,,,,,,,,,,,,,,,,,,,,,0,0,1,0,1,1,1,1,1,1,0,1,0,0,0,1,0,0,0,1,1,1,1,1,14
Sp19_583,Sp19,pre,I consent.,2,3,2,4,4,1,18,Asian,1,1,New,Native,United States,NA,Y,95 - 100,98,,,,,,,,,,,,,,,,,,,,,,,,,,,,,,,1,0,0,1,0,1,0,0,1,1,0,1,0,0,0,1,0,0,0,1,1,0,0,0,9
Sp19_217,Sp19,pre,I consent.,1,2,2,2,2,0,18,Asian,0,0,New,Native,United States,NA,Y,90 - 94.9,90,,3,3,,,,,,,,,,,,,,,,,,,,,,,,,,,,0,1,1,1,0,1,0,0,0,1,0,1,0,0,1,0,0,0,1,1,0,0,0,0,9
Sp19_537,Sp19,pre,I consent.,2,3,1,5,5,1,18,,0,0,New,Native,United States,NA,N,85 - 89.9,87,,2,,,,,,,,,,,,,,,,,,,,,,,,,,,,,1,1,0,0,1,1,0,1,1,1,1,0,0,0,1,1,0,0,1,1,1,0,1,0,14
Sp19_311,Sp19,pre,I consent.,1,4,1,4,4,2,18,White,0,0,New,Native,United States,NA,N,95 - 100,97,,7,,,,,,,,,,,,,,,,,,,,,,,,,,,,,1,1,0,0,0,0,0,0,1,1,1,0,1,1,1,1,0,1,0,1,0,0,1,0,12
Sp19_062,Sp19,pre,I consent.,2,3,1,5,5,0,18,White,0,0,New,Native,United States,NA,N,95 - 100,95,,4,,1520,,,,,,,,,,,,,,,,,,,,,,,,,,,1,1,1,0,1,1,1,1,1,1,1,1,1,1,1,1,0,1,1,0,1,1,1,0,20
Sp19_543,Sp19,pre,I consent.,2,3,1,5,4,0,18,Hispanic of any race,1,0,New,Native,United States,NA,Y,95 - 100,95,,3,,1190,,,,,,,,,,,,,,,,,,,,,,,,,,,1,1,1,1,1,1,0,1,1,1,0,0,1,0,1,1,0,1,1,1,1,1,1,0,18
Sp19_427,Sp19,pre,I consent.,2,3,1,5,5,1,18,White,0,0,New,Native,United States,NA,N,95 - 100,99,,8,,1440,,,,,,,,,,,,,,,,,,,,,,,,,,,1,1,1,1,1,0,0,1,1,1,1,1,1,0,0,1,0,1,1,0,0,1,1,0,16
Sp19_656,Sp19,pre,I consent.,1,3,1,5,4,2,18,White,0,0,New,Native,United States,NA,N,95 - 100,99,,,,,,,,,,,,,,,,,,,,,,,,,,,,,,,1,1,1,1,1,0,0,1,1,1,1,0,1,1,1,1,1,1,1,0,0,0,0,0,16
Sp19_276,Sp19,pre,I consent.,1,3,2,3,3,2,18,Asian,0,0,New,Native,United States,NA,Y,90 - 94.9,93,,7,,1560,,,,,,,,,,,,,,,,,,,,,,,,,,,0,0,1,1,1,1,0,1,1,1,0,0,0,0,0,1,0,1,0,0,0,1,0,0,10
Sp19_016,Sp19,pre,I consent.,2,3,2,5,5,1,18,Hispanic of any race,0,1,New,Native,United States,NA,Y,95 - 100,97,,6,,1290,,,,,,,,,,,,,,,,,,,,,,,,,,,1,0,0,1,1,0,0,1,1,1,0,0,1,1,1,1,1,1,1,0,1,1,1,1,17
Sp19_125,Sp19,pre,I consent.,2,3,1,5,5,1,18,White,1,1,New,Native,United States,"$30,000-44,999",,95 - 100,99,,3,,1410,,,,,,,,,,,,,,,,,,,,,,,,,,,1,1,1,0,1,0,0,1,1,1,1,0,1,0,0,1,1,1,1,1,0,0,1,0,15
Sp19_545,Sp19,pre,I consent.,2,2,1,5,5,0,18,Black/African American,1,0,New,Native,United States,NA,N,90 - 94.9,93,,7,,1250,,,,,,,,,,,,,,,,,,,,,,,,,,,0,1,0,1,0,0,0,0,0,0,0,0,1,1,0,0,1,1,0,1,0,0,0,0,7
Sp19_263,Sp19,pre,I consent.,1,4,1,5,5,2,18,White,0,0,New,Native,United States,NA,N,95 - 100,99,,,,,,,,,,,,,,,,,,,,,,,,,,,,,,,1,1,1,0,1,1,0,1,1,1,1,0,1,1,1,1,1,0,1,1,1,1,1,1,20
Sp19_536,Sp19,pre,I consent.,1,2,1,3,4,2,19,Hispanic of any race,0,1,New,Native,United States,NA,Y,90 - 94.9,92,,3,,,,,,,,,,,,,,,,,,,,,,,,,,,,,1,1,0,0,0,0,0,0,1,1,0,0,0,0,1,1,0,0,0,1,0,0,0,0,7
Sp19_592,Sp19,pre,I consent.,1,2,2,3,3,0,19,Asian,1,0,New,Alien Temporary,Hong Kong,NA,N,85 - 89.9,85,,,3,,,,,,,,,,,,,,,,,,,,,,,,,,,,0,0,1,0,0,1,0,0,1,1,0,0,0,0,0,0,0,0,0,1,0,1,0,0,6
Sp19_095,Sp19,pre,I consent.,22,2,1,3,3,1,18,Asian,0,1,New,Native,United States,NA,Y,95 - 100,97,,3,,,,,,,,,,,,,,,,,,,,,,,,,,,,,0,0,0,1,0,0,0,0,0,0,0,0,1,0,0,0,0,1,0,0,0,0,0,0,3
Sp19_651,Sp19,pre,I consent.,1,3,2,5,5,0,18,White,0,0,New,Native,United States,NA,N,90 - 94.9,91,,4,,1380,,,,,,,,,,,,,,,,,,,,,,,,,,,0,0,0,1,0,0,0,0,0,0,0,0,1,0,0,1,0,1,0,0,1,0,0,0,5
Sp19_640,Sp19,pre,I consent.,3,3,1,5,5,1,18,White,1,1,New,Native,United States,NA,Y,95 - 100,99,,5,,,,,,,,,,,,,,,,,,,,,,,,,,,,,0,1,0,1,0,1,0,1,1,1,1,1,1,1,0,0,0,0,0,1,0,0,0,1,12
Sp19_353,Sp19,pre,I consent.,2,3,1,5,5,0,18,Hispanic of any race,0,1,New,Native,United States,NA,N,95 - 100,98,,4,,,,,,,,,,,,,,,,,,,,,,,,,,,,,1,1,1,1,1,1,0,1,1,1,1,1,0,1,1,1,0,1,1,1,1,1,1,1,21
Sp19_542,Sp19,pre,I consent.,2,2,2,5,5,1,18,Asian,0,1,New,Native,United States,NA,Y,90 - 94.9,94,,4,,,,,,,,,,,,,,,,,,,,,,,,,,,,,0,1,0,1,0,0,0,0,0,0,0,1,1,1,0,0,0,0,0,1,0,0,0,0,6
Sp19_547,Sp19,pre,I consent.,1,3,1,4,4,2,18,White,1,1,New,Native,United States,NA,N,95 - 100,98,,8,,,,,,,,,,,,,,,,,,,,,,,,,,,,,0,1,0,1,1,0,0,0,1,0,0,0,1,0,1,0,0,1,0,1,0,0,0,1,9
Sp19_672,Sp19,pre,I consent.,2,2,1,2,2,2,18,Asian,0,1,New,Native,United States,NA,Y,95 - 100,95,,5,,,,,,,,,,,,,,,,,,,,,,,,,,,,,1,0,0,0,1,1,0,1,1,1,0,0,0,0,1,1,0,0,0,0,0,1,0,1,10
Sp19_216,Sp19,pre,I consent.,1,4,1,4,4,3,18,White,0,0,New,Native,United States,NA,Y,95 - 100,99,,,,,,,,,,,,,,,,,,,,,,,,,,,,,,,1,1,0,0,0,0,0,0,1,1,0,0,0,1,0,1,0,1,1,1,1,0,0,0,10
Sp19_606,Sp19,pre,I consent.,1,3,1,3,3,1,18,White,1,0,New,Native,United States,NA,N,95 - 100,95,,4,,,,,,,,,,,,,,,,,,,,,,,,,,,,,1,1,1,1,0,0,0,1,0,1,0,1,0,1,1,0,0,1,0,1,1,0,1,0,13
Sp19_629,Sp19,pre,I consent.,1,2,1,4,4,0,18,Hispanic of any race,0,1,New,Native,United States,NA,Y,90 - 94.9,93,,4,,,,,,,,,,,,,,,,,,,,,,,,,,,,,1,0,0,1,0,0,0,0,0,1,0,1,1,0,0,1,0,1,0,1,1,0,0,0,9
Sp19_257,Sp19,pre,I consent.,3,4,1,5,4,0,19,White,1,0,New,Native,United States,NA,Y,95 - 100,95,3.5,,,1250,,,,,,,,,,,,,,,,,,,,,,,,,,,0,0,1,1,0,0,1,1,1,1,0,1,1,0,1,1,0,0,0,1,1,0,0,0,12
Sp19_258,Sp19,pre,I consent.,1,3,1,5,5,1,19,Hispanic of any race,0,1,New,Native,United States,NA,Y,90 - 94.9,93,,5,,,,,,,,,,,,,,,,,,,,,,,,,,,,,1,1,0,0,1,0,0,1,1,1,0,0,1,1,1,1,0,1,1,1,1,1,1,1,17
Sp19_609,Sp19,pre,I consent.,1,3,1,5,5,1,19,White,1,1,New,Native,United States,NA,N,95 - 100,99,,4,,1380,,,,,,,,,,,,,,,,,,,,,,,,,,,0,1,1,1,0,0,0,0,0,1,0,0,0,0,0,1,0,1,0,1,1,0,0,0,8
Sp19_063,Sp19,pre,I consent.,1,3,1,4,4,1,19,White,0,0,New,Native,United States,NA,N,95 - 100,96,,4,,1350,,,,,,,,,,,,,,,,,,,,,,,,,,,1,1,0,0,1,0,0,1,1,1,0,0,1,1,1,1,0,0,1,1,1,0,0,0,13
Sp19_535,Sp19,pre,I consent.,2,2,1,5,5,0,18,Hispanic of any race,0,1,New,Native,United States,NA,Y,90 - 94.9,93,,2.5,3,,,,,,,,,,,,,,,,,,,,,,,,,,,,0,1,0,1,0,1,0,0,0,1,0,0,1,0,0,0,0,0,0,0,1,0,0,0,6
Sp19_277,Sp19,pre,I consent.,1,3,1,4,4,2,18,Asian,0,0,New,Native,United States,NA,N,95 - 100,99,,9,,,,,,,,,,,,,,,,,,,,,,,,,,,,,1,1,1,0,1,0,0,1,1,1,1,0,0,1,1,1,0,1,1,1,1,0,0,1,16
Sp19_602,Sp19,pre,I consent.,1,2,1,2,2,0,19,Black/African American,1,0,New,Native,United States,NA,Y,90 - 94.9,93,,4,,,,,,,,,,,,,,,,,,,,,,,,,,,,,0,1,0,0,0,0,0,0,0,1,0,0,1,0,0,1,1,0,1,0,1,0,1,1,9
Sp19_576,Sp19,pre,I consent.,2,3,1,4,1,0,18,Asian,1,0,New,Native,United States,NA,N,90 - 94.9,91,,,,,,,,,,,,,,,,,,,,,,,,,,,,,,,1,0,1,1,0,0,0,1,1,1,0,1,1,0,1,0,0,0,0,0,1,0,0,0,10
Sp19_646,Sp19,pre,I consent.,2,2,2,5,5,0,19,Asian,1,1,New,Naturalized,Unknown,NA,N,90 - 94.9,93,,4,,,,,,,,,,,,,,,,,,,,,,,,,,,,,1,0,0,0,0,0,0,0,0,1,0,0,0,0,0,0,0,0,0,1,0,0,0,0,3
Sp19_582,Sp19,pre,I consent.,3,2,1,4,3,0,18,Asian,0,1,New,Native,United States,NA,Y,90 - 94.9,94,,3,,,,,,,,,,,,,,,,,,,,,,,,,,,,,0,1,1,0,0,0,0,0,0,0,0,0,0,1,0,1,0,1,0,0,0,0,0,0,5
Sp19_660,Sp19,pre,I consent.,1,2,1,4,4,0,19,Asian,0,0,New,Native,United States,NA,N,95 - 100,95,,4,,,,,,,,,,,,,,,,,,,,,,,,,,,,,0,0,0,0,0,1,0,0,0,0,0,0,1,0,0,1,0,1,0,1,0,0,0,0,5
Sp19_594,Sp19,pre,I consent.,1,3,2,3,3,3,18,Asian,1,1,New,Native,United States,NA,Y,95 - 100,99,,5,,,,,,,,,,,,,,,,,,,,,,,,,,,,,1,1,1,1,1,0,1,1,1,1,1,1,1,1,1,1,1,1,1,0,1,1,1,1,22
Sp19_400,Sp19,pre,I consent.,2,4,1,5,5,1,19,White,0,0,New,Native,United States,NA,N,95 - 100,97,,,,,,,,,,,,,,,,,,,,,,,,,,,,,,,0,1,1,0,1,0,0,1,1,0,0,0,0,1,1,1,0,0,1,0,1,1,0,0,11
Sp19_638,Sp19,pre,I consent.,2,2,1,5,5,1,18,Asian,1,0,New,Native,United States,NA,N,90 - 94.9,93,,4,,,,,,,,,,,,,,,,,,,,,,,,,,,,,0,1,1,1,0,0,0,1,1,1,1,0,1,1,0,1,0,1,0,1,0,0,1,1,14
Sp19_139,Sp19,pre,I consent.,2,3,1,3,3,0,18,Asian,0,1,New,Native,United States,NA,Y,90 - 94.9,93,,4,,,,,,,,,,,,,,,,,,,,,,,,,,,,,1,1,1,1,0,0,0,1,1,1,0,0,1,0,0,1,0,1,0,0,0,0,0,0,10
Sp19_274,Sp19,pre,I consent.,3,3,1,5,5,0,18,White,0,0,New,Native,United States,NA,Y,95 - 100,99,,,,1440,,,,,,,,,,,,,,,,,,,,,,,,,,,1,1,0,0,1,0,0,1,1,1,0,0,0,0,0,1,0,1,1,0,1,0,0,1,11
Sp19_127,Sp19,pre,I consent.,3,2,1,5,5,0,18,White,1,1,New,Native,United States,"$85,000-104,999",,90 - 94.9,94,,2,3,,,,,,,,,,,,,,,,,,,,,,,,,,,,1,1,0,0,0,0,0,0,0,0,0,0,1,0,0,1,0,1,0,1,0,0,0,0,6
Sp19_693,Sp19,pre,I consent.,1,2,3,5,5,0,18,White,0,1,New,Native,United States,NA,N,90 - 94.9,94,,2.5,,,,,,,,,,,,,,,,,,,,,,,,,,,,,0,0,0,0,0,0,0,0,0,1,0,0,1,0,0,1,0,1,0,0,0,0,0,0,4
Sp19_567,Sp19,pre,I consent.,1,2,2,3,3,0,20,Asian,1,0,New,Alien Temporary,"Korea, Republic of",NA,N,85 - 89.9,85,,3,,,,,,,,,,,,,,,,,,,,,,,,,,,,,0,0,0,1,1,0,0,0,0,0,0,0,1,0,0,1,0,1,0,1,1,0,0,0,7
Sp19_523,Sp19,pre,I consent.,2,3,1,5,5,0,18,Asian,1,0,New,Native,United States,NA,N,95 - 100,99,,9,,,,,,,,,,,,,,,,,,,,,,,,,,,,,1,1,1,1,1,0,0,0,1,1,0,0,1,0,0,0,0,0,0,0,1,0,1,1,11
Sp19_552,Sp19,pre,I consent.,1,3,2,2,2,1,18,Asian,1,0,New,Native,United States,NA,Y,90 - 94.9,94,,7,,,,,,,,,,,,,,,,,,,,,,,,,,,,,1,1,1,0,1,0,0,0,1,1,0,1,1,0,0,1,0,1,1,0,0,0,0,0,11
Sp19_619,Sp19,pre,I consent.,2,3,2,2,1,1,18,Asian,0,1,New,Native,United States,NA,Y,95 - 100,99,,5,,,,,,,,,,,,,,,,,,,,,,,,,,,,,1,1,0,0,1,0,0,1,1,1,1,0,1,1,0,1,0,1,1,0,1,1,1,0,15
Sp19_650,Sp19,pre,I consent.,3,2,2,2,1,0,25,Asian,1,0,New,Alien Temporary,Chi,NA,N,NA,,,5,2,,,,,,,,,,,,,,,,,,,,,,,,,,,,1,0,0,1,1,0,0,0,1,1,0,0,1,0,0,1,0,1,0,1,0,0,0,1,10
Sp19_669,Sp19,pre,I consent.,1,2,2,2,2,1,18,Asian,1,0,New,Undocumented Alien,Indonesia,"$30,000-44,999",,90 - 94.9,90,,7,,,,,,,,,,,,,,,,,,,,,,,,,,,,,1,0,0,0,1,0,0,1,1,1,0,1,1,1,0,0,0,0,0,0,1,0,1,1,11
Sp19_044,Sp19,pre,I consent.,2,4,1,4,3,0,20,Hispanic of any race,0,1,Transfer,Native,United States,"$30,000-44,999",,80 - 84.9,83,,,,,,,,,,,,,,,,,,,,,,,,,,,,,,,0,1,0,0,0,0,0,0,0,1,0,0,1,1,0,0,0,1,0,1,0,0,0,1,7
Sp19_072,Sp19,pre,I consent.,1,4,1,5,5,0,18,Black/African American,1,1,New,Native,United States,"$30,000-44,999",,90 - 94.9,92,,,,,,,,,,,,,,,,,,,,,,,,,,,,,,,1,1,0,1,1,0,0,0,1,1,1,1,1,0,1,1,0,0,0,1,0,0,0,0,12
Sp19_664,Sp19,pre,I consent.,1,3,2,3,3,2,18,Asian,1,1,New,Naturalized,Unknown,NA,Y,90 - 94.9,94,,,,,,,,,,,,,,,,,,,,,,,,,,,,,,,1,0,1,0,1,0,0,1,1,1,1,1,1,1,1,1,0,1,1,0,1,0,1,0,16
Sp19_571,Sp19,pre,I consent.,1,2,2,1,1,0,20,Asian,1,0,New,Alien Temporary,Chi,NA,Y,NA,,,,3,1190,,,,,,,,,,,,,,,,,,,,,,,,,,,0,0,0,1,0,0,0,1,1,0,1,1,1,0,0,1,0,1,0,1,0,0,0,0,9
Sp19_193,Sp19,pre,I consent.,1,3,1,5,5,1,18,White,0,1,New,Native,United States,NA,Y,95 - 100,97.3,,7,,1520,,,,,,,,,,,,,,,,,,,,,,,,,,,1,0,1,0,1,0,1,0,1,1,0,1,0,1,0,1,0,1,1,1,1,0,0,0,13
Sp19_501,Sp19,pre,I consent.,1,3,1,5,5,1,18,White,1,1,New,Native,United States,NA,Y,95 - 100,96,,,,,,,,,,,,,,,,,,,,,,,,,,,,,,,0,1,1,1,0,0,0,0,0,1,0,0,1,0,0,0,0,0,0,0,1,0,1,0,7
Sp19_158,Sp19,pre,I consent.,1,2,1,2,2,1,18,Hispanic of any race,0,0,New,Native,United States,NA,N,95 - 100,97,,6,,1290,,,,,,,,,,,,,,,,,,,,,,,,,,,0,1,0,0,1,0,0,0,1,0,1,0,0,0,1,1,0,1,0,1,0,1,1,0,10
Sp19_692,Sp19,pre,I consent.,1,2,2,2,3,0,19,Asian,0,0,New,Alien Temporary,Chi,NA,N,90 - 94.9,90,,4,3,1220,,,,,,,,,,,,,,,,,,,,,,,,,,,0,0,0,0,0,0,0,0,0,1,0,1,1,0,0,0,0,1,0,1,1,0,0,1,7
Sp19_517,Sp19,pre,I consent.,1,3,1,3,3,1,19,Asian,0,0,New,Native,United States,NA,Y,95 - 100,95,3.85,7,,1380,,,,,,,,,,,,,,,,,,,,,,,,,,,1,1,1,1,1,0,1,1,1,1,1,0,1,1,1,1,0,0,1,1,0,0,0,0,16
Sp19_663,Sp19,pre,I consent.,2,2,2,2,2,0,18,Asian,0,0,New,Alien Temporary,Chi,NA,N,90 - 94.9,90,,,1.5,,,,,,,,,,,,,,,,,,,,,,,,,,,,0,0,1,0,0,0,0,1,0,1,0,0,1,0,0,0,0,1,0,1,0,0,1,0,7
Sp19_228,Sp19,pre,I consent.,1,2,1,3,4,0,18,White,0,0,New,Native,United States,NA,N,80 - 84.9,82,,2.5,3,,,,,,,,,,,,,,,,,,,,,,,,,,,,0,1,0,0,0,0,0,1,0,1,0,0,0,0,0,0,0,0,0,0,1,1,0,0,5
Sp19_548,Sp19,pre,I consent.,2,3,1,4,3,0,19,White,1,0,New,Native,United States,NA,N,95 - 100,99,,,,,,,,,,,,,,,,,,,,,,,,,,,,,,,1,1,0,1,1,0,0,1,1,1,0,1,1,0,0,1,0,1,1,1,1,0,0,0,14
Sp19_048,Sp19,pre,I consent.,1,3,1,5,5,2,18,Hispanic of any race,0,0,New,Native,United States,NA,Y,95 - 100,99,,3,,,,,,,,,,,,,,,,,,,,,,,,,,,,,1,0,1,1,1,0,1,1,1,1,1,0,1,1,1,1,0,1,1,1,1,1,0,1,19
Sp19_661,Sp19,pre,I consent.,2,2,1,3,3,0,18,Black/African American,1,1,New,Native,United States,NA,N,85 - 89.9,88,,2,3,,,,,,,,,,,,,,,,,,,,,,,,,,,,0,1,0,0,0,0,0,0,0,1,0,0,0,0,0,0,0,1,0,0,0,0,0,0,3
Sp19_029,Sp19,pre,I consent.,1,4,1,5,4,2,18,Asian,0,0,New,Native,United States,NA,N,90 - 94.9,92,3.67,,,,,,,,,,,,,,,,,,,,,,,,,,,,,,1,1,0,0,1,0,0,1,1,1,0,1,1,0,0,1,0,0,0,0,0,0,1,0,10
Sp19_525,Sp19,pre,I consent.,1,3,1,5,5,2,18,Asian,0,1,New,Native,United States,NA,N,95 - 100,99,,,,,,,,,,,,,,,,,,,,,,,,,,,,,,,0,0,1,1,1,0,0,1,1,1,0,0,1,1,1,1,0,1,0,1,1,1,0,1,15
Sp19_615,Sp19,pre,I consent.,1,3,1,5,5,2,18,Black/African American,0,1,New,Native,United States,NA,N,95 - 100,95,,4,,,,,,,,,,,,,,,,,,,,,,,,,,,,,1,1,0,0,1,0,1,1,1,1,0,0,1,1,1,1,0,1,1,0,1,0,1,0,15
Sp19_293,Sp19,pre,I consent.,1,3,2,5,4,3,18,Asian,1,0,New,Naturalized,Unknown,NA,N,95 - 100,99,,9,,,,,,,,,,,,,,,,,,,,,,,,,,,,,1,1,1,1,1,0,0,1,1,1,1,1,0,0,1,1,1,1,1,1,1,1,1,1,20
Sp19_439,Sp19,pre,I consent.,1,3,1,4,4,1,18,Asian,0,0,New,Native,United States,NA,N,95 - 100,96,,6,,,,,,,,,,,,,,,,,,,,,,,,,,,,,0,1,0,1,0,1,0,1,0,0,0,1,0,0,0,1,0,0,0,0,0,0,0,1,7
Sp19_618,Sp19,pre,I consent.,2,3,2,4,3,0,19,Asian,0,0,New,Alien Temporary,India,NA,N,85 - 89.9,87,,,,,,,,,,,,,,,,,,,,,,,,,,,,,,,0,1,1,0,0,0,0,0,0,1,0,0,0,1,0,1,1,0,0,1,0,0,0,1,8
Sp19_675,Sp19,pre,I consent.,1,3,2,4,4,1,18,Asian,1,1,New,Native,United States,NA,N,90 - 94.9,91,,5,,,,,,,,,,,,,,,,,,,,,,,,,,,,,1,1,0,0,1,1,0,1,1,1,1,1,1,1,1,1,1,1,1,1,1,0,1,0,19
Sp19_315,Sp19,pre,I consent.,1,5,2,5,5,3,20,White,0,0,Transfer,Native,United States,"$185,000+",,Unknown,,2.96,4,,,,,,,,,,,,,,,,,,,,,,,,,,,,,0,0,0,0,0,0,0,0,0,1,1,0,0,0,0,0,1,1,0,1,0,0,0,0,5
Sp19_033,Sp19,pre,I consent.,2,2,1,2,2,0,18,White,0,0,New,Native,United States,NA,N,95 - 100,96,,3,,1290,,,,,,,,,,,,,,,,,,,,,,,,,,,0,1,0,0,1,0,0,1,0,0,0,0,0,0,0,1,0,1,1,1,1,0,0,0,8
Sp19_479,Sp19,pre,I consent.,2,3,1,4,4,0,18,Asian,1,1,New,Native,United States,NA,N,95 - 100,97,,,,,,,,,,,,,,,,,,,,,,,,,,,,,,,0,0,1,0,0,0,0,1,0,0,0,0,0,0,0,1,0,1,0,1,0,0,0,0,5
Sp19_581,Sp19,pre,I consent.,1,3,1,5,5,0,18,Hispanic of any race,0,1,New,Native,United States,NA,N,95 - 100,99,,4,,,,,,,,,,,,,,,,,,,,,,,,,,,,,1,1,1,1,1,0,0,1,0,0,0,0,1,0,1,1,0,0,0,1,1,0,0,0,11
Sp19_626,Sp19,pre,I consent.,2,3,1,5,4,1,18,Asian,0,0,New,Native,United States,NA,N,90 - 94.9,93,,5,,,,,,,,,,,,,,,,,,,,,,,,,,,,,0,1,1,1,1,0,0,0,1,1,0,0,1,1,0,1,0,1,0,1,0,0,0,0,11
Sp19_278,Sp19,pre,I consent.,2,3,1,4,4,0,18,,1,0,New,Native,United States,NA,N,95 - 100,99,,,,,,,,,,,,,,,,,,,,,,,,,,,,,,,1,1,1,1,1,0,0,1,1,1,0,1,1,1,1,1,0,0,1,0,1,1,0,0,16
Sp19_671,Sp19,pre,I consent.,2,3,1,5,5,1,19,Asian,1,0,New,Native,United States,NA,N,90 - 94.9,93,,,,,,,,,,,,,,,,,,,,,,,,,,,,,,,1,1,1,1,1,1,1,1,1,1,0,1,1,1,1,1,0,0,1,0,0,1,1,1,19
Sp19_601,Sp19,pre,I consent.,2,4,1,4,4,0,20,White,1,0,Transfer,Native,United States,NA,,NA,,3.82,2,,,,,,,,,,,,,,,,,,,,,,,,,,,,,1,1,1,0,1,0,1,1,1,1,1,0,1,1,1,1,1,1,1,1,1,0,1,0,19
Sp19_219,Sp19,pre,I consent.,1,3,1,3,3,1,18,Asian,1,1,New,Native,United States,NA,Y,95 - 100,99,,6,,,,,,,,,,,,,,,,,,,,,,,,,,,,,0,1,1,1,1,0,0,1,1,1,1,1,1,0,1,1,0,1,1,0,0,0,1,0,15
Sp19_509,Sp19,pre,I consent.,3,3,1,5,5,1,19,White,0,0,Transfer,Native,United States,"$165,000-184,999",,Unknown,,3.69,,,1410,,,,,,,,,,,,,,,,,,,,,,,,,,,1,1,1,0,1,0,1,1,1,1,1,1,1,1,1,1,1,1,1,1,1,1,1,0,21
Sp19_678,Sp19,pre,I consent.,1,4,2,5,3,2,30,Hispanic of any race,0,1,Transfer,Native,United States,"$15,000-29,999",,Unknown,,3.27,2,,,,,,,,,,,,,,,,,,,,,,,,,,,,,1,1,1,1,1,1,1,1,1,1,0,1,1,1,1,1,0,1,1,1,1,1,1,1,22
Sp19_149,Sp19,pre,I consent.,1,4,1,4,3,0,30,Asian,1,1,Transfer,Native,United States,"$15,000-29,999",,Unknown,,3.4,2,,,,,,,,,,,,,,,,,,,,,,,,,,,,,1,1,1,1,1,0,1,0,1,1,0,0,0,1,1,1,0,1,1,1,1,0,0,1,16
Sp19_305,Sp19,pre,I consent.,3,4,2,2,2,0,21,Asian,1,0,Transfer,Alien Temporary,Chi,NA,,NA,,3.7,,,,,,,,,,,,,,,,,,,,,,,,,,,,,,0,0,0,0,0,1,0,1,0,0,0,1,1,1,0,0,0,0,0,1,1,1,0,1,9
Sp19_087,Sp19,pre,I consent.,1,4,1,5,4,0,23,White,1,0,Transfer,Native,United States,"$125,000-144,999",,Unknown,,3.1,3,,,,,,,,,,,,,,,,,,,,,,,,,,,,,1,0,1,1,1,0,0,1,1,1,1,1,1,1,0,1,0,1,1,0,1,0,1,0,16
Sp19_566,Sp19,pre,I consent.,1,4,1,5,5,0,20,Asian,1,1,Transfer,Native,United States,"$45,000-64,999",,Unknown,,3.45,2,,,,,,,,,,,,,,,,,,,,,,,,,,,,,1,1,1,0,0,0,0,0,1,1,0,0,0,0,1,1,0,0,0,0,0,0,0,0,7
Sp19_155,Sp19,pre,I consent.,1,4,1,5,3,2,20,Black/African American,0,0,Transfer,Native,United States,"$165,000-184,999",,Unknown,,3.12,1,,,,,,,,,,,,,,,,,,,,,,,,,,,,,1,1,0,1,0,0,0,0,0,1,0,0,1,0,0,0,0,1,0,0,0,0,0,0,6
Sp19_614,Sp19,pre,I consent.,1,3,1,4,3,0,23,White,0,0,Transfer,Native,United States,NA,,NA,,2,2,,,,,,,,,,,,,,,,,,,,,,,,,,,,,1,1,0,0,0,0,0,1,1,1,0,0,1,1,0,1,0,1,1,1,1,0,1,0,13
Sp19_366,Sp19,pre,I consent.,2,4,1,4,5,2,21,Black/African American,0,1,Transfer,Native,United States,"$30,000-44,999",,Unknown,,2.98,,,,,,,,,,,,,,,,,,,,,,,,,,,,,,1,0,0,1,0,0,0,0,1,0,0,1,1,0,0,0,0,0,0,1,0,0,0,0,6
Sp19_129,Sp19,pre,I consent.,2,5,1,4,,0,21,White,0,0,Transfer,Native,United States,"$85,000-104,999",,Unknown,,,3,,,,,,,,,,,,,,,,,,,,,,,,,,,,,0,1,1,1,0,0,0,0,1,0,0,1,1,1,0,1,0,1,0,0,0,0,0,0,9
Sp19_623,Sp19,pre,I consent.,2,3,1,4,4,2,20,White,1,0,Transfer,Native,United States,"$185,000+",,95 - 100,97,3.61,3,,,,,,,,,,,,,,,,,,,,,,,,,,,,,1,1,1,0,0,1,0,0,0,0,0,0,1,1,0,1,0,0,1,0,0,0,0,0,8
Sp19_645,Sp19,pre,I consent.,1,4,1,3,5,0,19,White,0,1,Transfer,Native,United States,NA,,NA,,3.19,,,,,,,,,,,,,,,,,,,,,,,,,,,,,,1,1,1,0,0,0,0,0,0,0,0,0,1,0,0,1,0,0,1,1,1,0,0,0,8
Sp19_514,Sp19,pre,I consent.,3,3,1,5,5,0,19,White,0,0,Transfer,Native,United States,NA,N,85 - 89.9,87.1,2.8,,4,,,,,,,,,,,,,,,,,,,,,,,,,,,,0,1,1,0,0,0,0,0,0,1,0,0,1,0,0,1,0,0,0,1,0,0,0,0,6
Sp19_009,Sp19,pre,I consent.,1,4,1,5,4,2,20,White,0,0,Transfer,Native,United States,NA,,NA,,3.9,,,,,,,,,,,,,,,,,,,,,,,,,,,,,,1,1,1,1,0,0,0,0,0,0,0,0,1,1,0,0,0,0,0,1,1,0,0,0,8
Sp19_089,Sp19,pre,I consent.,1,4,1,4,3,0,25,White,0,0,Other,Native,United States,NA,,NA,,3.7,2,,,,,,,,,,,,,,,,,,,,,,,,,,,,,0,1,1,0,0,0,0,0,1,1,1,0,0,0,1,1,0,1,1,1,1,0,1,0,12
Sp19_558,Sp19,pre,I consent.,2,3,1,4,4,0,19,Hispanic of any race,1,1,Transfer,Native,United States,"$0-14,999",,75 - 79.9,78.1,3.29,,,,,,,,,,,,,,,,,,,,,,,,,,,,,,0,0,0,1,0,0,0,0,1,1,0,0,0,0,0,1,0,1,0,1,0,0,0,0,6
Sp19_585,Sp19,pre,I consent.,3,3,1,5,5,0,19,White,0,1,Transfer,Native,United States,NA,,95 - 100,98.4,3.83,,,,,,,,,,,,,,,,,,,,,,,,,,,,,,0,1,0,0,1,0,0,1,1,0,0,0,1,0,0,1,0,0,1,0,0,0,1,0,8
Sp19_589,Sp19,pre,I consent.,2,4,2,4,4,2,22,Hispanic of any race,0,1,Transfer,Alien Permanent,Peru,"$30,000-44,999",,Unknown,,3.66,2,,,,,,,,,,,,,,,,,,,,,,,,,,,,,0,1,0,0,0,0,0,0,0,1,0,1,0,0,1,1,0,0,0,1,0,0,0,0,6
Sp19_436,Sp19,pre,I consent.,1,4,1,4,3,2,19,White,0,0,Transfer,Native,United States,NA,N,95 - 100,95,3.33,,,1480,,,,,,,,,,,,,,,,,,,,,,,,,,,1,0,0,0,1,0,0,1,1,1,0,1,1,0,1,1,0,1,0,0,1,1,0,0,12
Sp19_086,Sp19,pre,I consent.,2,5,1,5,5,1,21,White,0,0,Transfer,Native,United States,NA,,NA,,3.07,2,,,,,,,,,,,,,,,,,,,,,,,,,,,,,0,1,1,0,1,0,1,1,1,1,1,1,0,1,1,1,0,1,1,0,1,0,1,0,16
Sp19_470,Sp19,pre,I consent.,1,4,1,4,4,0,23,White,1,1,Transfer,Native,United States,NA,,NA,,3.3,,,,,,,,,,,,,,,,,,,,,,,,,,,,,,1,1,0,0,1,0,0,1,1,1,0,0,0,1,0,1,0,0,0,1,1,1,0,0,11
Sp19_539,Sp19,pre,I consent.,1,3,1,4,5,2,19,White,0,0,Transfer,Native,United States,NA,,NA,,4,,,,,,,,,,,,,,,,,,,,,,,,,,,,,,1,1,1,0,1,0,1,1,1,1,1,1,1,1,1,1,0,1,1,0,1,0,1,1,19
Sp19_344,Sp19,pre,I consent.,1,3,1,5,5,0,31,White,1,0,Transfer,Native,United States,"$45,000-64,999",,Unknown,,3.2,,,,,,,,,,,,,,,,,,,,,,,,,,,,,,1,1,0,0,0,0,0,0,0,1,0,0,1,0,1,1,0,1,0,1,0,0,0,0,8
Sp19_391,Sp19,pre,I consent.,1,2,1,5,5,0,20,White,0,0,Transfer,Native,United States,"105,000-124,999",,95 - 100,98,,5,,1440,,,,,,,,,,,,,,,,,,,,,,,,,,,1,0,1,0,1,0,0,1,1,1,1,1,0,1,1,1,0,1,1,0,1,1,1,1,17
Sp19_112,Sp19,pre,I consent.,1,4,1,5,5,2,21,Asian,0,0,Transfer,Native,United States,"$30,000-44,999",,Unknown,,3.03,,,,,,,,,,,,,,,,,,,,,,,,,,,,,,0,1,0,0,0,0,0,0,0,0,0,0,1,0,0,1,0,0,0,1,0,0,0,0,4
Sp19_017,Sp19,pre,I consent.,1,4,2,4,3,2,22,Asian,1,1,Transfer,Native,United States,"$0-14,999",,Unknown,,3.7,,,,,,,,,,,,,,,,,,,,,,,,,,,,,,0,0,0,0,0,0,0,0,0,0,0,0,1,1,1,1,0,0,0,0,1,1,0,0,6
Sp19_690,Sp19,pre,I consent.,1,5,2,4,4,1,28,Black/African American,1,1,Transfer,Alien Permanent,Burki Faso,"105,000-124,999",,Unknown,,3.23,,,,,,,,,,,,,,,,,,,,,,,,,,,,,,0,0,0,1,0,1,0,1,0,1,0,0,1,0,0,0,0,1,0,1,0,1,0,0,8
Sp19_469,Sp19,pre,I consent.,2,4,1,4,4,3,20,White,0,0,Transfer,Native,United States,NA,,NA,,3.62,,,1360,650,710,730,8,1360,,,,,,,,,,,,,,,,,,,,,,1,1,1,1,1,1,1,1,1,1,1,1,1,1,1,1,1,0,1,1,1,1,1,1,23
Sp19_036,Sp19,pre,I consent.,1,3,1,3,4,0,21,White,0,0,Transfer,Native,United States,NA,,NA,,3.2,1,,,,,,,,,,,,,,,,,,,,,,,,,,,,,0,1,0,1,0,0,0,1,0,0,0,0,1,1,0,0,0,0,0,0,0,0,0,0,5
Sp19_058,Sp19,pre,I consent.,2,4,1,3,2,0,19,White,0,0,Transfer,Native,United States,"$45,000-64,999",,Unknown,,3.7,,,,,,,,,,,,,,,,,,,,,,,,,,,,,,1,0,0,1,1,0,0,1,0,1,0,0,1,0,0,0,0,0,0,0,0,0,1,0,7
Sp19_015,Sp19,pre,I consent.,1,2,1,5,5,0,19,White,0,0,Transfer,Native,United States,NA,,NA,,3.37,2,,,,,,,,,,,,,,,,,,,,,,,,,,,,,1,1,0,0,0,0,0,1,0,1,0,0,1,0,0,1,0,1,0,1,0,0,0,0,8
Sp19_192,Sp19,pre,I consent.,1,3,1,5,5,1,18,White,0,0,New,Native,United States,NA,Y,95 - 100,97,4,,,1250,,,,,,,,,,,,,,,,,,,,,,,,,,,0,1,0,1,0,0,0,0,0,0,0,0,0,1,0,0,0,0,0,1,0,0,0,1,5
Sp19_050,Sp19,pre,I consent.,2,4,1,5,5,2,19,White,1,0,New,Native,United States,NA,Y,95 - 100,98,,,,1250,,,,,,,,,,,,,,,,,,,,,,,,,,,1,0,0,0,1,0,0,1,1,1,0,1,1,0,1,0,0,0,0,1,1,0,0,0,10
Sp19_395,Sp19,pre,I consent.,1,4,1,4,4,3,20,White,0,0,New,Native,United States,NA,N,95 - 100,99,,9,,1520,800,670,780,9,1470,,,,,,,,,,,,,,,,,,,,,,1,1,1,1,1,0,0,1,1,1,1,1,1,1,1,1,0,0,0,1,1,1,1,0,18
Sp19_440,Sp19,pre,I consent.,1,4,2,3,2,3,20,Asian,1,0,New,Naturalized,Unknown,NA,N,95 - 100,99,,6,,1070,600,470,490,7,1070,,,,,,,,,,,,,,,,,,,,,,0,1,0,0,1,0,0,0,0,1,0,0,1,0,0,1,0,1,1,1,1,0,1,1,11
Sp19_382,Sp19,pre,I consent.,1,4,1,3,3,3,19,Asian,1,0,New,Native,United States,NA,N,95 - 100,99,,9,,1440,,,,,,,,,,,,,,,,,,,,,,,,,,,1,1,1,0,1,0,0,1,1,1,1,0,1,1,1,1,1,1,1,1,1,1,1,0,19
Sp19_152,Sp19,pre,I consent.,1,4,1,4,3,3,20,Asian,0,1,New,Alien Permanent,India,NA,N,95 - 100,95,,6,,1040,520,520,500,9,1040,,,,,,,,,,,,,,,,,,,,,,1,1,0,1,0,0,0,0,0,1,0,1,1,0,1,1,0,1,0,1,1,0,0,1,12
Sp19_575,Sp19,pre,I consent.,1,3,1,5,5,2,18,,1,0,New,Native,United States,NA,N,95 - 100,96,,,,,,,,,,,,,,,,,,,,,,,,,,,,,,,0,1,0,1,1,0,0,0,1,1,1,1,1,0,0,1,0,0,1,1,1,0,1,0,13
